{
    "3exp": {
        "a1": 3952243838925400.5,
        "b1": -0.02121067290195962,
        "a2": 639494845080822.0,
        "b2": -0.0022852666528701718,
        "a3": 1807500823881.0964,
        "b3": -0.0004985649424266901,
        "t_hot": 2005.7567528367515,
        "n_hot": 1807500823881.0964,
        "critical_energy": 371.28493349199226
    },
    "2exp": {
        "a1": 633619025028421.8,
        "b1": -0.0022634609024741363,
        "a2": 573630288140.7051,
        "b2": -0.0002471423230851573,
        "b1_stdev": 0.00022018216810538186,
        "b2_stdev": 0.0003133589687028201,
        "t_hot": 4046.25151822107,
        "n_hot": 0.0006934942915903439
    },
    "nlsq": {
        "a1": 631639544172872.4,
        "b1": -0.0022583757898948778,
        "a2": 268227378428561.84,
        "b2": -3.002303887552109e-07,
        "a0": -0.3237031734309985,
        "t_hot": 3330775.4226549584,
        "n_hot": 0.32427533837408423
    },
    "nlsq_std_errors": {
        "a1": 3120301601557.1167,
        "b1": 1.5899289779184384e-05,
        "a2": 3.2551293650112287e+18,
        "b2": 0.0037442824310136963,
        "a0": 3935.3129314230355
    },
    "histogram": {
        "i": 1e+19,
        "l": 1.0,
        "a": 10.0,
        "filename": "hist_1e19_100_10"
    }
}