{
    "3exp": {
        "a1": 5552259569367178.0,
        "b1": -0.02384896119622091,
        "a2": 752437846325587.6,
        "b2": -0.002906804936290466,
        "a3": 134350147733339.31,
        "b3": -0.0014774195447543627,
        "t_hot": 676.8558081897183,
        "n_hot": 134350147733339.31,
        "critical_energy": 166.3502174684095
    },
    "2exp": {
        "a1": 770555409818244.1,
        "b1": -0.0028652435507023266,
        "a2": 116740989756995.44,
        "b2": -0.0014366201317884209,
        "b1_stdev": 0.00010314508476231916,
        "b2_stdev": 0.00014242657680376954,
        "t_hot": 696.078231031831,
        "n_hot": 0.13571322117356918
    },
    "nlsq": {
        "a1": 813976367762785.4,
        "b1": -0.0027439772818063334,
        "a2": 62482055334572.38,
        "b2": -0.0011636684987567064,
        "a0": -0.0003621959720820314,
        "t_hot": 859.3512680530804,
        "n_hot": 0.0726363637369443
    },
    "nlsq_std_errors": {
        "a1": 13751234215122.516,
        "b1": 4.37088209257483e-05,
        "a2": 17495362924874.604,
        "b2": 0.00012842473272721533,
        "a0": 0.00023557911636226463
    },
    "histogram": {
        "i": 1e+19,
        "l": 1.0,
        "a": 3.0,
        "filename": "hist_1e19_100_3"
    }
}