{
    "3exp": {
        "a1": 8319262601549972.0,
        "b1": -0.039524556170812165,
        "a2": 2169215956901255.0,
        "b2": -0.012455563653932557,
        "a3": 665709789237343.0,
        "b3": -0.004171325022500401,
        "t_hot": 239.7319783536249,
        "n_hot": 665709789237343.0,
        "critical_energy": 71.43548113026037
    },
    "2exp": {
        "a1": 2558933003686944.5,
        "b1": -0.013414353610693732,
        "a2": 693458223645231.5,
        "b2": -0.004222478632305658,
        "b1_stdev": 0.00016992835549617375,
        "b2_stdev": 0.00037529890081116355,
        "t_hot": 236.82772302247417,
        "n_hot": 0.3353729494291908
    },
    "nlsq": {
        "a1": 2868969223389819.5,
        "b1": -0.014781786913676803,
        "a2": 780706431735718.4,
        "b2": -0.004431852520124525,
        "a0": 0.0003066280108428581,
        "t_hot": 225.63927735842216,
        "n_hot": 0.37756826542949246
    },
    "nlsq_std_errors": {
        "a1": 156782136523044.75,
        "b1": 0.000584335113362457,
        "a2": 37165850226170.234,
        "b2": 9.428732712607036e-05,
        "a0": 0.00023636465257087324
    },
    "histogram": {
        "i": 1e+19,
        "l": 0.01,
        "a": 4.0,
        "filename": "hist_1e19_001_4"
    }
}