{
    "3exp": {
        "a1": 1235494685977116.8,
        "b1": -0.2673229964218592,
        "a2": 120221204723319.69,
        "b2": -0.08462591589721098,
        "a3": 54971061791837.36,
        "b3": -0.024569664122228878,
        "t_hot": 40.70059708692849,
        "n_hot": 54971061791837.36,
        "critical_energy": 12.821326888886913
    },
    "2exp": {
        "a1": 204056753394801.8,
        "b1": -0.10449028779178075,
        "a2": 58486355191382.74,
        "b2": -0.02525273211500252,
        "b1_stdev": 0.00220656978758208,
        "b2_stdev": 0.006335851999261279,
        "t_hot": 39.599675609194975,
        "n_hot": 0.24253151725875285
    },
    "nlsq": {
        "a1": 245200483875978.84,
        "b1": -0.1130657091164118,
        "a2": 59441336165072.77,
        "b2": -0.025054002582099246,
        "a0": -0.0006356615581562886,
        "t_hot": 39.913782108192436,
        "n_hot": 0.24649163725160225
    },
    "nlsq_std_errors": {
        "a1": 40283553473532.234,
        "b1": 0.009888443075931817,
        "a2": 3896351518285.324,
        "b2": 0.0010872528522177468,
        "a0": 0.0007373578204848823
    },
    "histogram": {
        "i": 1e+17,
        "l": 0.1,
        "a": 40.0,
        "filename": "hist_1e17_010_40"
    }
}