{
    "3exp": {
        "a1": 1586255975958484.5,
        "b1": -0.013625795938809514,
        "a2": 639058595402833.8,
        "b2": -0.003042634299640581,
        "a3": 187330923808796.7,
        "b3": -0.0013828410648424492,
        "t_hot": 723.1489036767451,
        "n_hot": 187330923808796.7,
        "critical_energy": 174.48852090449373
    },
    "2exp": {
        "a1": 761823764207879.4,
        "b1": -0.003237734085727195,
        "a2": 182246125473349.4,
        "b2": -0.0013932184950605224,
        "b1_stdev": 5.1152461606943805e-05,
        "b2_stdev": 8.066547345386799e-05,
        "t_hot": 717.7625071339289,
        "n_hot": 0.18344252295804342
    },
    "nlsq": {
        "a1": 829483944336547.2,
        "b1": -0.0029018540462040017,
        "a2": 80247558974258.8,
        "b2": -0.0009639437002712456,
        "a0": -0.0014677127570479392,
        "t_hot": 1037.404985082229,
        "n_hot": 0.08077436291843196
    },
    "nlsq_std_errors": {
        "a1": 4960202588833.938,
        "b1": 2.781260566315539e-05,
        "a2": 7343636824742.855,
        "b2": 4.987287984471983e-05,
        "a0": 0.0002470694615868756
    },
    "histogram": {
        "i": 1e+19,
        "l": 2.0,
        "a": 2.0,
        "filename": "hist_1e19_200_2"
    }
}