{
    "3exp": {
        "a1": 1789324279152499.5,
        "b1": -0.03300159485357779,
        "a2": 223953320015155.06,
        "b2": -0.0056788030077147495,
        "a3": -347806923408.46735,
        "b3": 0.0016871634988157521,
        "t_hot": 176.093447622938,
        "n_hot": 223953320015155.06,
        "critical_energy": NaN
    },
    "2exp": {
        "a1": 1600732589586130.0,
        "b1": -0.031592134336964985,
        "a2": 233526252977391.7,
        "b2": -0.005966026186706461,
        "b1_stdev": 0.0002574326592063758,
        "b2_stdev": 0.0009378553415941502,
        "t_hot": 167.61575774310322,
        "n_hot": 0.3069850079845725
    },
    "nlsq": {
        "a1": 1293724909238695.2,
        "b1": -0.027309449444367324,
        "a2": 192415757066923.53,
        "b2": -0.0050903280984666704,
        "a0": -0.0031932722961683607,
        "t_hot": 196.4509911062951,
        "n_hot": 0.25294266476011884
    },
    "nlsq_std_errors": {
        "a1": 49372204644617.32,
        "b1": 0.0005956946676647753,
        "a2": 4638501811400.843,
        "b2": 9.792331531050118e-05,
        "a0": 0.0004216864757191999
    },
    "histogram": {
        "i": 1e+18,
        "l": 0.2,
        "a": 40.0,
        "filename": "hist_1e18_020_40"
    }
}