{
    "3exp": {
        "a1": 2936154550220479.0,
        "b1": -1.0705002527818013,
        "a2": 378217406428020.44,
        "b2": -0.38206828425215256,
        "a3": 75172052446472.31,
        "b3": -0.09601607572412271,
        "t_hot": 10.414922631010672,
        "n_hot": 75172052446472.31,
        "critical_energy": 3.7610426064132425
    },
    "2exp": {
        "a1": 542607670431145.2,
        "b1": -0.4220005200609872,
        "a2": 76280623432409.2,
        "b2": -0.09705351848991808,
        "b1_stdev": 0.004521695941975579,
        "b2_stdev": 0.013451053114520328,
        "t_hot": 10.303593476663908,
        "n_hot": 0.22699099584322657
    },
    "nlsq": {
        "a1": 555632764829143.1,
        "b1": -0.4245819469949419,
        "a2": 75637994158702.77,
        "b2": -0.09603453715893599,
        "a0": -0.00025629664006087376,
        "t_hot": 10.412920492811999,
        "n_hot": 0.22507870079065814
    },
    "nlsq_std_errors": {
        "a1": 56101214019526.61,
        "b1": 0.020554419891798452,
        "a2": 4224029483148.24,
        "b2": 0.0031275559498583558,
        "a0": 0.0003778517066941316
    },
    "histogram": {
        "i": 1e+17,
        "l": 0.02,
        "a": 40.0,
        "filename": "hist_1e17_002_40"
    }
}