{
    "3exp": {
        "a1": 6603279956963984.0,
        "b1": -3.8514369041301553,
        "a2": 51901738107239.27,
        "b2": -1.5147619790049816,
        "a3": 7461436226492.062,
        "b3": -0.5968201581366264,
        "t_hot": 1.6755466221552726,
        "n_hot": 7461436226492.062,
        "critical_energy": 2.084907188151992
    },
    "2exp": {
        "a1": 36539590917509.75,
        "b1": -1.3089460375307316,
        "a2": 6141105674833.463,
        "b2": -0.5787959405585207,
        "b1_stdev": 0.9549953429019508,
        "b2_stdev": 1.5600603682385312,
        "t_hot": 1.727724626117851,
        "n_hot": 0.13211996854504374
    },
    "nlsq": {
        "a1": 291393158107362.5,
        "b1": -2.0754348028891534,
        "a2": 5194579846845.551,
        "b2": -0.45392207734708084,
        "a0": -0.002623860090425495,
        "t_hot": 2.203021289126181,
        "n_hot": 0.11175637781034665
    },
    "nlsq_std_errors": {
        "a1": 743296087324891.2,
        "b1": 1.1445513317927518,
        "a2": 5414366701047.725,
        "b2": 0.26736290191036427,
        "a0": 0.0040191144808013534
    },
    "histogram": {
        "i": 1e+17,
        "l": 0.01,
        "a": 1.0,
        "filename": "hist_1e17_001_1"
    }
}