{
    "3exp": {
        "a1": 6427805775774706.0,
        "b1": -0.020445836731743203,
        "a2": 787679564457211.2,
        "b2": -0.005678028390354699,
        "a3": 465048597634165.6,
        "b3": -0.0021636691588794964,
        "t_hot": 462.17786850456935,
        "n_hot": 465048597634165.6,
        "critical_energy": 143.650723549231
    },
    "2exp": {
        "a1": 1139890092862111.8,
        "b1": -0.006969722376513889,
        "a2": 506940241499378.1,
        "b2": -0.0022143397376562213,
        "b1_stdev": 5.970533515505454e-05,
        "b2_stdev": 0.0001334710891619041,
        "t_hot": 451.60188520053157,
        "n_hot": 0.26860497515056675
    },
    "nlsq": {
        "a1": 1324269347539272.2,
        "b1": -0.008036351495568072,
        "a2": 566234664538490.1,
        "b2": -0.0023152962944831585,
        "a0": 0.000186708485008821,
        "t_hot": 431.9101630243956,
        "n_hot": 0.3000224396230679
    },
    "nlsq_std_errors": {
        "a1": 45406297707175.555,
        "b1": 0.00021179181723145614,
        "a2": 11396117932571.691,
        "b2": 2.1420431817724385e-05,
        "a0": 7.880432579484347e-05
    },
    "histogram": {
        "i": 1e+19,
        "l": 0.5,
        "a": 40.0,
        "filename": "hist_1e19_050_40"
    }
}