{
    "3exp": {
        "a1": 5548398481184499.0,
        "b1": -0.022659376388703963,
        "a2": 844252214512229.6,
        "b2": -0.002550871513497743,
        "a3": 27629492486.90844,
        "b3": 5.8361591698340476e-05,
        "t_hot": 392.02288108537647,
        "n_hot": 844252214512229.6,
        "critical_energy": 537.4714737043147
    },
    "2exp": {
        "a1": 869090269447222.0,
        "b1": -0.0025765339170926937,
        "a2": 56726506183.53673,
        "b2": 5.782818153889903e-05,
        "b1_stdev": 0.0005764090157258113,
        "b2_stdev": 0.0008166848893438463,
        "t_hot": 388.11831405207306,
        "n_hot": 0.6442614166731836
    },
    "histogram": {
        "i": 1e+19,
        "l": 0.8,
        "a": 30.0,
        "filename": "hist_1e19_080_30"
    }
}