{
    "3exp": {
        "a1": 3402043425845045.5,
        "b1": -0.024793473107132553,
        "a2": 581207816790139.2,
        "b2": -0.006348492436313643,
        "a3": 61974235948920.32,
        "b3": -0.002353931374430927,
        "t_hot": 424.82122072983304,
        "n_hot": 61974235948920.32,
        "critical_energy": 178.4979762918329
    },
    "2exp": {
        "a1": 723135593436316.9,
        "b1": -0.007414339734719929,
        "a2": 93081958152268.81,
        "b2": -0.0026399910309369426,
        "b1_stdev": 0.00024774341702002314,
        "b2_stdev": 0.0004545645265876011,
        "t_hot": 378.7891656757244,
        "n_hot": 0.11757992504281321
    },
    "nlsq": {
        "a1": 1693949540315991.0,
        "b1": -0.012389065534871943,
        "a2": 242620332948581.2,
        "b2": -0.0036806234134724855,
        "a0": 0.0008437925217514148,
        "t_hot": 271.6931040376526,
        "n_hot": 0.3064748650354991
    },
    "nlsq_std_errors": {
        "a1": 390815287797630.44,
        "b1": 0.0010732009451115195,
        "a2": 21781108380658.9,
        "b2": 0.00012489101992303763,
        "a0": 0.000190069600794939
    },
    "histogram": {
        "i": 1e+19,
        "l": 0.2,
        "a": 10.0,
        "filename": "hist_1e19_020_10"
    }
}