{
    "3exp": {
        "a1": 473706441842789.25,
        "b1": -0.2163938667875088,
        "a2": 29131404150525.33,
        "b2": -0.029673258966989538,
        "a3": -373722356498.4646,
        "b3": -0.009054534909759963,
        "t_hot": 110.4418956872198,
        "n_hot": -373722356498.4646,
        "critical_energy": NaN
    },
    "2exp": {
        "a1": 529547105887119.9,
        "b1": -0.22181705707463661,
        "a2": 30012060445970.402,
        "b2": -0.031219122486911038,
        "b1_stdev": 0.001624330550642435,
        "b2_stdev": 0.00802902313735908,
        "t_hot": 32.031649845996185,
        "n_hot": 0.2624468069199604
    },
    "nlsq": {
        "a1": 379574478076062.94,
        "b1": -0.19756652722292045,
        "a2": 27335871440835.92,
        "b2": -0.029017435677359423,
        "a0": -0.0010053847599077804,
        "t_hot": 34.462039000236004,
        "n_hot": 0.2390443064359874
    },
    "nlsq_std_errors": {
        "a1": 57450732186658.55,
        "b1": 0.010042129710203932,
        "a2": 975859668951.7313,
        "b2": 0.0008088752306530939,
        "a0": 0.0005119042006317937
    },
    "histogram": {
        "i": 1e+18,
        "l": 0.1,
        "a": 3.0,
        "filename": "hist_1e18_010_3"
    }
}