{
    "3exp": {
        "a1": 619678200556286.4,
        "b1": -0.009440965092706852,
        "a2": 948296802201557.1,
        "b2": -0.003554349895624066,
        "a3": 10687719032903.49,
        "b3": -0.0007998566793926749,
        "t_hot": 1250.2239785748773,
        "n_hot": 10687719032903.49,
        "critical_energy": 469.8592807051795
    },
    "2exp": {
        "a1": 3554254942726730.0,
        "b1": -0.006923746043716558,
        "a2": 279518565533281.75,
        "b2": -0.0023744592888870577,
        "b1_stdev": 9.977195825420833e-05,
        "b2_stdev": 0.00020341138374935211,
        "t_hot": 421.148513550095,
        "n_hot": 0.24990106463262282
    },
    "nlsq": {
        "a1": 2328323295657912.0,
        "b1": -0.005647667897899577,
        "a2": 134997400830089.05,
        "b2": -0.001826530338143763,
        "a0": -0.0007527353316741575,
        "t_hot": 547.4861156789019,
        "n_hot": 0.12069321451229074
    },
    "nlsq_std_errors": {
        "a1": 76539661896140.14,
        "b1": 9.165953026465327e-05,
        "a2": 9616247370920.084,
        "b2": 5.1498939966825926e-05,
        "a0": 8.825492732268019e-05
    },
    "histogram": {
        "i": 1e+19,
        "l": 2.0,
        "a": 40.0,
        "filename": "hist_1e19_200_40"
    }
}