{
    "3exp": {
        "a1": 1171402864622588.2,
        "b1": -0.34119452017215784,
        "a2": 91127535167168.23,
        "b2": -0.057195143596675,
        "a3": -11511928996.313839,
        "b3": 0.0425049635743813,
        "t_hot": 17.484001911975867,
        "n_hot": 91127535167168.23,
        "critical_energy": NaN
    },
    "2exp": {
        "a1": 852332894657502.0,
        "b1": -0.3023082471890574,
        "a2": 89435862640329.31,
        "b2": -0.0576737905990002,
        "b1_stdev": 0.002328841897965175,
        "b2_stdev": 0.008267949666339258,
        "t_hot": 17.338898477349872,
        "n_hot": 0.24396018644435594
    },
    "nlsq": {
        "a1": 666214651914017.1,
        "b1": -0.2614652130641931,
        "a2": 71781563143701.67,
        "b2": -0.048601864873905345,
        "a0": -0.00266043688622121,
        "t_hot": 20.57534217245451,
        "n_hot": 0.19580337250426602
    },
    "nlsq_std_errors": {
        "a1": 36269587492463.016,
        "b1": 0.007794101665209138,
        "a2": 3093229534282.5513,
        "b2": 0.0016726535222897198,
        "a0": 0.0005884395429390622
    },
    "histogram": {
        "i": 1e+17,
        "l": 0.05,
        "a": 45.0,
        "filename": "hist_1e17_005_45"
    }
}