{
    "3exp": {
        "a1": 1.473482742304895e+16,
        "b1": -4.557739526337514,
        "a2": 420024870691523.5,
        "b2": -2.000544587890398,
        "a3": 16876652771130.494,
        "b3": -0.9767348807106712,
        "t_hot": 1.023819277624652,
        "n_hot": 16876652771130.494,
        "critical_energy": 1.8911000345601205
    },
    "2exp": {
        "a1": 293241624418824.4,
        "b1": -1.6889194818891016,
        "a2": 169326656832.22757,
        "b2": -0.08583479196887799,
        "b1_stdev": 1.5020897273711027,
        "b2_stdev": 2.2714462613078203,
        "t_hot": 11.650287454096475,
        "n_hot": 0.001576243937991621
    },
    "nlsq": {
        "a1": 306205671463570.3,
        "b1": -1.709860609763284,
        "a2": 2620063913863.2505,
        "b2": -0.011269224796611752,
        "a0": -0.02204793388275668,
        "t_hot": 88.73724839535225,
        "n_hot": 0.0243898978379376
    },
    "nlsq_std_errors": {
        "a1": 560938406756726.06,
        "b1": 1.1324719431681138,
        "a2": 1.0886325546419858e+16,
        "b2": 50.30337836372748,
        "a0": 101.50368826296938
    },
    "histogram": {
        "i": 1e+17,
        "l": 5.0,
        "a": 60.0,
        "filename": "hist_1e17_500_60"
    }
}