{
    "3exp": {
        "a1": 5326360117343172.0,
        "b1": -0.11713857110322433,
        "a2": 895850811268556.2,
        "b2": -0.025859095200131087,
        "a3": -29764196050.676964,
        "b3": 0.005992622433833871,
        "t_hot": 38.671113287634704,
        "n_hot": 895850811268556.2,
        "critical_energy": NaN
    },
    "2exp": {
        "a1": 2938219271758093.5,
        "b1": -0.0937925630968321,
        "a2": 846408917564251.6,
        "b2": -0.025477445962957482,
        "b1_stdev": 0.0013048053550782672,
        "b2_stdev": 0.003448946940850477,
        "t_hot": 39.250402157811806,
        "n_hot": 0.5566683788942244
    },
    "nlsq": {
        "a1": 2118902022063729.2,
        "b1": -0.07798020592788954,
        "a2": 741200743649825.1,
        "b2": -0.024112670913334834,
        "a0": -0.0004332963786432582,
        "t_hot": 41.47197146239731,
        "n_hot": 0.4874747983399179
    },
    "nlsq_std_errors": {
        "a1": 138546026534199.17,
        "b1": 0.0030618900881663,
        "a2": 23595111412754.38,
        "b2": 0.0003119596543117592,
        "a0": 0.00014036530953747921
    },
    "histogram": {
        "i": 1e+18,
        "l": 0.05,
        "a": 40.0,
        "filename": "hist_1e18_005_40"
    }
}