{
    "3exp": {
        "a1": 4596015756410229.0,
        "b1": -0.024896873395673987,
        "a2": 554044347957972.94,
        "b2": -0.0022709076227991508,
        "a3": 139394555315.13254,
        "b3": 0.00031861853310362435,
        "t_hot": 440.35256650703684,
        "n_hot": 554044347957972.94,
        "critical_energy": 412.5793752527796
    },
    "2exp": {
        "a1": 579617046604937.6,
        "b1": -0.00232380364299928,
        "a2": 1080919550826.8032,
        "b2": -0.00030677742177914595,
        "b1_stdev": 0.00019689146889011582,
        "b2_stdev": 0.0002819989686256284,
        "t_hot": 3259.6923013451633,
        "n_hot": 0.0013026122490981788
    },
    "histogram": {
        "i": 1e+19,
        "l": 0.8,
        "a": 15.0,
        "filename": "hist_1e19_080_15"
    }
}