{
    "3exp": {
        "a1": 3729942707473532.0,
        "b1": -0.1536692977802555,
        "a2": 394959156418309.3,
        "b2": -0.026031386210082434,
        "a3": -39745766558.219475,
        "b3": 0.01263278808665311,
        "t_hot": 38.41516513679481,
        "n_hot": 394959156418309.3,
        "critical_energy": NaN
    },
    "2exp": {
        "a1": 1620745468076475.2,
        "b1": -0.11309873557935853,
        "a2": 371100440903481.5,
        "b2": -0.025701522140790505,
        "b1_stdev": 0.0013829764082476268,
        "b2_stdev": 0.004277513073261307,
        "t_hot": 38.90820141009916,
        "n_hot": 0.3598584040124269
    },
    "nlsq": {
        "a1": 1374713880281785.5,
        "b1": -0.09933178200424767,
        "a2": 318642009399439.75,
        "b2": -0.023306364628306656,
        "a0": -0.001492958843409147,
        "t_hot": 42.906734531453004,
        "n_hot": 0.30898913694262703
    },
    "nlsq_std_errors": {
        "a1": 73192453745187.02,
        "b1": 0.003105575121088861,
        "a2": 9023221395648.521,
        "b2": 0.00038751250798165876,
        "a0": 0.0002672932684470478
    },
    "histogram": {
        "i": 1e+18,
        "l": 0.05,
        "a": 30.0,
        "filename": "hist_1e18_005_30"
    }
}