{
    "3exp": {
        "a1": 2.0783597043926644e+16,
        "b1": -0.06485776300778358,
        "a2": 1695216936986814.2,
        "b2": -0.018041422106806333,
        "a3": 982403545657044.6,
        "b3": -0.009334489933116941,
        "t_hot": 107.12958149455987,
        "n_hot": 982403545657044.6,
        "critical_energy": 54.96644947878858
    },
    "2exp": {
        "a1": 2633245522365238.0,
        "b1": -0.024709276986284,
        "a2": 1262402323329199.5,
        "b2": -0.00982669006138992,
        "b1_stdev": 0.0006941075765122957,
        "b2_stdev": 0.0012914078535861428,
        "t_hot": 101.76366546138493,
        "n_hot": 0.4171550887864698
    },
    "nlsq": {
        "a1": 5638300221792415.0,
        "b1": -0.03513665820810238,
        "a2": 1526445452143329.5,
        "b2": -0.010376846992370153,
        "a0": 0.00010853789345726902,
        "t_hot": 96.36838634464554,
        "n_hot": 0.5044069361638074
    },
    "nlsq_std_errors": {
        "a1": 926144209115443.1,
        "b1": 0.0020144577609131267,
        "a2": 41174506270559.18,
        "b2": 0.0001009391120091063,
        "a0": 6.661760751251575e-05
    },
    "histogram": {
        "i": 1e+19,
        "l": 0.1,
        "a": 60.0,
        "filename": "hist_1e19_010_60"
    }
}