{
    "3exp": {
        "a1": 6003575995983830.0,
        "b1": -0.01564502441576879,
        "a2": 711172309937344.5,
        "b2": -0.0027104566937863656,
        "a3": 149043179200686.3,
        "b3": -0.0013895228495058416,
        "t_hot": 719.6715047583649,
        "n_hot": 149043179200686.3,
        "critical_energy": 259.25952135516076
    },
    "2exp": {
        "a1": 685317147248140.9,
        "b1": -0.0029082770975725953,
        "a2": 211742232387688.1,
        "b2": -0.0015081293720915292,
        "b1_stdev": 0.00023497232289034048,
        "b2_stdev": 0.0003307231835556339,
        "t_hot": 663.0730880953291,
        "n_hot": 0.11794555387362513
    },
    "nlsq": {
        "a1": 1203992494157256.8,
        "b1": -0.008614632015299849,
        "a2": 686461372226969.0,
        "b2": -0.002097859947470961,
        "a0": 0.0006644008202479586,
        "t_hot": 476.67624390538214,
        "n_hot": 0.3823756170281426
    },
    "nlsq_std_errors": {
        "a1": 422954491737632.1,
        "b1": 0.0010758113441191469,
        "a2": 15327778768798.281,
        "b2": 2.1428744478207505e-05,
        "a0": 0.00010675697945433466
    },
    "histogram": {
        "i": 1e+19,
        "l": 0.4,
        "a": 25.0,
        "filename": "hist_1e19_040_25"
    }
}