{
    "3exp": {
        "a1": 6897895389667284.0,
        "b1": -1.5571537118547267,
        "a2": 251783571307565.66,
        "b2": -0.5257063847945715,
        "a3": 5340587550172.149,
        "b3": -0.15530940741196333,
        "t_hot": 6.438759999563111,
        "n_hot": 5340587550172.149,
        "critical_energy": 5.110150913566859
    },
    "2exp": {
        "a1": 185744272027353.62,
        "b1": -0.47393063139136604,
        "a2": 3400785514458.8994,
        "b2": -0.13597806138341448,
        "b1_stdev": 0.017020408770185663,
        "b2_stdev": 0.03196311427145662,
        "t_hot": 7.354127495466501,
        "n_hot": 0.019586265192275333
    },
    "nlsq": {
        "a1": 177243132329614.34,
        "b1": -0.464139091595064,
        "a2": 2723641893254.833,
        "b2": -0.12195205882453687,
        "a0": -7.869624281533196e-05,
        "t_hot": 8.199943565026546,
        "n_hot": 0.015686367806282523
    },
    "nlsq_std_errors": {
        "a1": 25658431525538.73,
        "b1": 0.02851240042535868,
        "a2": 1857359950533.013,
        "b2": 0.04505516779279032,
        "a0": 0.00031569163624929733
    },
    "histogram": {
        "i": 1e+17,
        "l": 0.5,
        "a": 1.0,
        "filename": "hist_1e17_050_1"
    }
}