{
    "3exp": {
        "a1": 4996729897970565.0,
        "b1": -1.3709834104822245,
        "a2": 176012669329841.66,
        "b2": -0.4477229093450058,
        "a3": 2942550270887.89,
        "b3": -0.11310880249094035,
        "t_hot": 8.841044887555032,
        "n_hot": 2942550270887.89,
        "critical_energy": 5.912562560191999
    },
    "2exp": {
        "a1": 115694938423045.44,
        "b1": -0.39692117671614235,
        "a2": 2032705384548.5354,
        "b2": -0.09949833607547612,
        "b1_stdev": 0.017175590635819245,
        "b2_stdev": 0.033910403680972846,
        "t_hot": 10.050419328032113,
        "n_hot": 0.013313950592406065
    },
    "nlsq": {
        "a1": 115193902136198.08,
        "b1": -0.3959001724630691,
        "a2": 1964022526383.0518,
        "b2": -0.0974765566579079,
        "a0": -1.3865217929007968e-05,
        "t_hot": 10.258876947300065,
        "n_hot": 0.012864086983487856
    },
    "nlsq_std_errors": {
        "a1": 23060534257276.81,
        "b1": 0.03578884715431659,
        "a2": 1859868142821.8901,
        "b2": 0.05942428038909812,
        "a0": 0.0005937597899892007
    },
    "histogram": {
        "i": 1e+17,
        "l": 0.5,
        "a": 2.0,
        "filename": "hist_1e17_050_2"
    }
}