{
    "3exp": {
        "a1": 6035986344052198.0,
        "b1": -0.02361234584439198,
        "a2": 1483672523359997.8,
        "b2": -0.007186908003525334,
        "a3": 108636124293317.69,
        "b3": -0.002621515252613042,
        "t_hot": 381.45877618039117,
        "n_hot": 108636124293317.69,
        "critical_energy": 191.3926441116991
    },
    "2exp": {
        "a1": 1535173984960189.2,
        "b1": -0.007344307627917588,
        "a2": 120388661065975.66,
        "b2": -0.002706875464635785,
        "b1_stdev": 0.00023259395346836447,
        "b2_stdev": 0.00038994816824596294,
        "t_hot": 369.42962949887755,
        "n_hot": 0.06278868399036291
    },
    "nlsq": {
        "a1": 2729262469909573.0,
        "b1": -0.01182070728245928,
        "a2": 528485522430204.44,
        "b2": -0.004290802657723006,
        "a0": 0.0005898057574011821,
        "t_hot": 233.05662827445636,
        "n_hot": 0.27563152681934877
    },
    "nlsq_std_errors": {
        "a1": 501705298473191.2,
        "b1": 0.0010124397391301492,
        "a2": 62210155947980.79,
        "b2": 0.0001578427097384901,
        "a0": 0.00011177293646976969
    },
    "histogram": {
        "i": 1e+19,
        "l": 0.1,
        "a": 20.0,
        "filename": "hist_1e19_010_20"
    }
}