{
    "3exp": {
        "a1": 6254846510946801.0,
        "b1": -1.2515018845220731,
        "a2": 422072171303743.5,
        "b2": -0.49912076131443206,
        "a3": 3541947865206.778,
        "b3": -0.10631540552298831,
        "t_hot": 9.405974562959951,
        "n_hot": 3541947865206.778,
        "critical_energy": 6.528574342138088
    },
    "2exp": {
        "a1": 250264021216126.72,
        "b1": -0.44236312786536397,
        "a2": 2732576572662.7,
        "b2": -0.09709459697675889,
        "b1_stdev": 0.009877054799442037,
        "b2_stdev": 0.023664690347525653,
        "t_hot": 10.299234263667273,
        "n_hot": 0.01314497610987547
    },
    "nlsq": {
        "a1": 227921769644390.5,
        "b1": -0.4292468480620684,
        "a2": 2181125281926.4983,
        "b2": -0.08300416340953909,
        "a0": -0.00014600951330959942,
        "t_hot": 12.04758844524511,
        "n_hot": 0.010492236525189682
    },
    "nlsq_std_errors": {
        "a1": 47578027669927.68,
        "b1": 0.02789915806648338,
        "a2": 1047355145767.7562,
        "b2": 0.031401725844417853,
        "a0": 0.0003904128416431139
    },
    "histogram": {
        "i": 1e+17,
        "l": 1.0,
        "a": 0.0,
        "filename": "hist_1e17_100_0"
    }
}