{
    "3exp": {
        "a1": 839881362791505.2,
        "b1": -0.10156064089216321,
        "a2": 76701235728211.58,
        "b2": -0.013738967411174821,
        "a3": 4980693879666.553,
        "b3": -0.00444506909419626,
        "t_hot": 224.96838155016715,
        "n_hot": 4980693879666.553,
        "critical_energy": 52.7998892202492
    },
    "2exp": {
        "a1": 79188815476314.1,
        "b1": -0.014060110737848833,
        "a2": 5468654928342.249,
        "b2": -0.004616315964508308,
        "b1_stdev": 0.0002196465227317707,
        "b2_stdev": 0.00036799456402526195,
        "t_hot": 216.62295382038735,
        "n_hot": 0.04542536609292125
    },
    "nlsq": {
        "a1": 79421200557474.42,
        "b1": -0.014021026652684595,
        "a2": 5198020044461.869,
        "b2": -0.004452474348756422,
        "a0": -0.0001257206510432,
        "t_hot": 224.5942192298762,
        "n_hot": 0.04317733822521518
    },
    "nlsq_std_errors": {
        "a1": 717805330128.6046,
        "b1": 0.0002719310716561244,
        "a2": 1093079992937.1293,
        "b2": 0.0005018310155055646,
        "a0": 0.00024249714679326748
    },
    "histogram": {
        "i": 1e+18,
        "l": 1.0,
        "a": 3.0,
        "filename": "hist_1e18_100_3"
    }
}