{
    "3exp": {
        "a1": 7008577074196978.0,
        "b1": -0.02064453858585404,
        "a2": 866898234319750.8,
        "b2": -0.0026995411680161142,
        "a3": 63694564606212.29,
        "b3": -0.0011836045571172581,
        "t_hot": 844.8767740769448,
        "n_hot": 63694564606212.29,
        "critical_energy": 241.55010938388207
    },
    "2exp": {
        "a1": 863672262647691.4,
        "b1": -0.002703750640724899,
        "a2": 67337175261666.89,
        "b2": -0.001215527736680456,
        "b1_stdev": 0.00014034339135702485,
        "b2_stdev": 0.00019534077178137845,
        "t_hot": 822.6879320178647,
        "n_hot": 0.04433120536815682
    },
    "nlsq": {
        "a1": 885473699173272.8,
        "b1": -0.0026579645295979957,
        "a2": 42823602136052.94,
        "b2": -0.00095945582960271,
        "a0": -0.00048702573167640987,
        "t_hot": 1042.2574642274867,
        "n_hot": 0.028192776033750835
    },
    "nlsq_std_errors": {
        "a1": 14759740655794.3,
        "b1": 5.4537162931151436e-05,
        "a2": 20283228858540.773,
        "b2": 0.00025098140226024595,
        "a0": 0.0004700835376450924
    },
    "histogram": {
        "i": 1e+19,
        "l": 0.6,
        "a": 30.0,
        "filename": "hist_1e19_060_30"
    }
}