{
    "3exp": {
        "a1": 2917093315077415.0,
        "b1": -1.3570821277949658,
        "a2": 149572690513264.03,
        "b2": -0.30502945036771456,
        "a3": 19967295508854.605,
        "b3": -0.1083558914294962,
        "t_hot": 9.22884752095523,
        "n_hot": 19967295508854.605,
        "critical_energy": 3.991465145627293
    },
    "2exp": {
        "a1": 164518347170442.7,
        "b1": -0.32493617969567434,
        "a2": 22820965586764.64,
        "b2": -0.1128836976120572,
        "b1_stdev": 0.02194870863414091,
        "b2_stdev": 0.04065567689929493,
        "t_hot": 8.858675089087347,
        "n_hot": 0.172070156263095
    },
    "nlsq": {
        "a1": 258223613676451.72,
        "b1": -0.47680212592890436,
        "a2": 53725058270655.66,
        "b2": -0.1566801923459578,
        "a0": 0.0018974212736340105,
        "t_hot": 6.3824277021051214,
        "n_hot": 0.405087117665042
    },
    "nlsq_std_errors": {
        "a1": 96588342678869.33,
        "b1": 0.09279309129333412,
        "a2": 13553089492831.033,
        "b2": 0.01503295964788592,
        "a0": 0.0008470084584350838
    },
    "histogram": {
        "i": 1e+18,
        "l": 0.02,
        "a": 5.0,
        "filename": "hist_1e18_002_5"
    }
}