{
    "3exp": {
        "a1": 3.6014934385178276e+16,
        "b1": -0.05280431563040654,
        "a2": 3817605237315886.0,
        "b2": -0.014554874110339556,
        "a3": 1142799164710996.5,
        "b3": -0.007404595846917244,
        "t_hot": 135.0512601462685,
        "n_hot": 1142799164710996.5,
        "critical_energy": 76.00163728895734
    },
    "2exp": {
        "a1": 4352175222804382.5,
        "b1": -0.016773223632779718,
        "a2": 1499689680447641.8,
        "b2": -0.007819268974709474,
        "b1_stdev": 0.0005164107743701703,
        "b2_stdev": 0.000821269542125495,
        "t_hot": 127.88919312462393,
        "n_hot": 0.24651055557195142
    },
    "nlsq": {
        "a1": 6295094285117831.0,
        "b1": -0.023257533113778903,
        "a2": 2305719062383095.5,
        "b2": -0.008730635141525687,
        "a0": 0.00011108733722856006,
        "t_hot": 114.53920405443137,
        "n_hot": 0.37900113234841964
    },
    "nlsq_std_errors": {
        "a1": 581571828166672.6,
        "b1": 0.0011816132186116743,
        "a2": 105104992672974.36,
        "b2": 0.00012117623538161271,
        "a0": 4.70036866299547e-05
    },
    "histogram": {
        "i": 1e+19,
        "l": 0.05,
        "a": 50.0,
        "filename": "hist_1e19_005_50"
    }
}