{
    "3exp": {
        "a1": 7762741640841263.0,
        "b1": -0.033223818084096274,
        "a2": 1635968418867164.5,
        "b2": -0.011052676130336189,
        "a3": 694708326351160.1,
        "b3": -0.004407977658229058,
        "t_hot": 226.86140392139794,
        "n_hot": 694708326351160.1,
        "critical_energy": 83.75944397871928
    },
    "2exp": {
        "a1": 2572819808823446.0,
        "b1": -0.013988964479633315,
        "a2": 805022887721579.1,
        "b2": -0.004584884846259807,
        "b1_stdev": 0.00027354857321108497,
        "b2_stdev": 0.0005906782651369521,
        "t_hot": 218.1079860306123,
        "n_hot": 0.3672564403595109
    },
    "nlsq": {
        "a1": 4510117004693303.0,
        "b1": -0.01896031552286036,
        "a2": 1019484391832072.2,
        "b2": -0.005026689039338618,
        "a0": 0.0006541956526735442,
        "t_hot": 198.93810660935057,
        "n_hot": 0.4650951102843921
    },
    "nlsq_std_errors": {
        "a1": 601017772979768.5,
        "b1": 0.0010400247774514572,
        "a2": 36656605293651.99,
        "b2": 8.086409711315089e-05,
        "a0": 0.00021135673060532255
    },
    "histogram": {
        "i": 1e+19,
        "l": 0.01,
        "a": 10.0,
        "filename": "hist_1e19_001_10"
    }
}