{
    "3exp": {
        "a1": 5.401079136993549e+16,
        "b1": -5.9682029237790655,
        "a2": 1668459259736543.0,
        "b2": -2.3764734883828966,
        "a3": 130664374506039.64,
        "b3": -1.0724812394617478,
        "t_hot": 0.9324172425634929,
        "n_hot": 130664374506039.64,
        "critical_energy": 1.2305248388894467
    },
    "2exp": {
        "a1": 2862768768405496.0,
        "b1": -2.721177885813745,
        "a2": 165306600282991.9,
        "b2": -1.1193190615293813,
        "b1_stdev": 0.09530660161866455,
        "b2_stdev": 0.1643967370347806,
        "t_hot": 0.8934003130739596,
        "n_hot": 0.8923391786207864
    },
    "nlsq": {
        "a1": 3569937380380067.0,
        "b1": -2.9133951689655504,
        "a2": 202141282089118.84,
        "b2": -1.1718044614638776,
        "a0": 0.00012747805345321263,
        "t_hot": 0.8533847010197838,
        "n_hot": 1.091175944069765
    },
    "nlsq_std_errors": {
        "a1": 825769235769239.0,
        "b1": 0.2004435369375688,
        "a2": 41523911803995.35,
        "b2": 0.057808908142272464,
        "a0": 0.00024313276353969796
    },
    "histogram": {
        "i": 1e+17,
        "l": 2.0,
        "a": 50.0,
        "filename": "hist_1e17_200_50"
    }
}