{
    "3exp": {
        "a1": 3158472798430318.0,
        "b1": -1.3452064626370124,
        "a2": 178445270219826.88,
        "b2": -0.3043655797691884,
        "a3": 11819366825406.586,
        "b3": -0.08384558039818213,
        "t_hot": 11.926687074631797,
        "n_hot": 11819366825406.586,
        "critical_energy": 4.430218610974211
    },
    "2exp": {
        "a1": 151965460124770.6,
        "b1": -0.27260388842870054,
        "a2": 7599574074246.686,
        "b2": -0.06936062503883011,
        "b1_stdev": 0.019789002342303665,
        "b2_stdev": 0.036180651293008785,
        "t_hot": 14.417401795906116,
        "n_hot": 0.04546194408422306
    },
    "histogram": {
        "i": 1e+18,
        "l": 0.01,
        "a": 10.0,
        "filename": "hist_1e18_001_10"
    }
}