{
    "3exp": {
        "a1": 1214926837625296.2,
        "b1": -0.33865864021513725,
        "a2": 83548228814141.72,
        "b2": -0.049551201500363344,
        "a3": -15924709871.868757,
        "b3": 0.03571273169685412,
        "t_hot": 20.181145355126603,
        "n_hot": 83548228814141.72,
        "critical_energy": NaN
    },
    "2exp": {
        "a1": 665168645720869.8,
        "b1": -0.274383141759539,
        "a2": 81293425969854.81,
        "b2": -0.04999000598701694,
        "b1_stdev": 0.002390129324567028,
        "b2_stdev": 0.008977984007041298,
        "t_hot": 20.003998404395332,
        "n_hot": 0.241565819090955
    },
    "nlsq": {
        "a1": 564410307596766.2,
        "b1": -0.24548955687434326,
        "a2": 68293112896210.695,
        "b2": -0.04270800206361333,
        "a0": -0.0028995647107249987,
        "t_hot": 23.414815764748386,
        "n_hot": 0.2029350043773738
    },
    "nlsq_std_errors": {
        "a1": 34530606036064.047,
        "b1": 0.007744043591017086,
        "a2": 2395909124523.314,
        "b2": 0.001268432676855919,
        "a0": 0.0005660932079670204
    },
    "histogram": {
        "i": 1e+17,
        "l": 0.05,
        "a": 40.0,
        "filename": "hist_1e17_005_40"
    }
}