{
    "3exp": {
        "a1": 2161175745531657.2,
        "b1": -0.6346892606178376,
        "a2": 40198066271752.51,
        "b2": -0.20640616006788154,
        "a3": 1854486056510.639,
        "b3": -0.04199264773259758,
        "t_hot": 23.81369249131036,
        "n_hot": 1854486056510.639,
        "critical_energy": 11.91300899403249
    },
    "2exp": {
        "a1": 12680643506563.18,
        "b1": -0.12753620409616745,
        "a2": 841186095865.6207,
        "b2": -0.02933483104266727,
        "b1_stdev": 0.011738619673331528,
        "b2_stdev": 0.02610851774786191,
        "t_hot": 34.08916855684317,
        "n_hot": 0.007333172858635177
    },
    "nlsq": {
        "a1": 16361602039914.578,
        "b1": -0.16152648341133055,
        "a2": 2171096283844.584,
        "b2": -0.053175574161317504,
        "a0": 0.0004951662475982536,
        "t_hot": 18.805626751980586,
        "n_hot": 0.018926875301938154
    },
    "nlsq_std_errors": {
        "a1": 9678378289931.594,
        "b1": 0.06813410945802036,
        "a2": 2625060345061.9644,
        "b2": 0.028616318080065407,
        "a0": 0.0003896815983625475
    },
    "histogram": {
        "i": 1e+17,
        "l": 1.0,
        "a": 4.0,
        "filename": "hist_1e17_100_4"
    }
}