{
    "3exp": {
        "a1": 4725342030667046.0,
        "b1": -0.07230287258904493,
        "a2": 731491562393918.1,
        "b2": -0.013600627853436754,
        "a3": -3077111947336.8403,
        "b3": -0.002576453869272882,
        "t_hot": 388.13037249613814,
        "n_hot": -3077111947336.8403,
        "critical_energy": NaN
    },
    "2exp": {
        "a1": 1226469838600243.8,
        "b1": -0.04526488072534425,
        "a2": 711759808557448.6,
        "b2": -0.013980262083631725,
        "b1_stdev": 0.002036262823795986,
        "b2_stdev": 0.004796818670458569,
        "t_hot": 71.52941726112654,
        "n_hot": 0.4997348826924836
    },
    "nlsq": {
        "a1": 4804955805776580.0,
        "b1": -0.06964665804539165,
        "a2": 712810240760990.5,
        "b2": -0.013552325431655982,
        "a0": -0.0006704492962408529,
        "t_hot": 73.7880746033567,
        "n_hot": 0.5004724034230758
    },
    "nlsq_std_errors": {
        "a1": 597658591826102.0,
        "b1": 0.0026553640646363834,
        "a2": 10197659358208.066,
        "b2": 0.00010495629081726182,
        "a0": 0.0001462623029240397
    },
    "histogram": {
        "i": 1e+18,
        "l": 0.1,
        "a": 45.0,
        "filename": "hist_1e18_010_45"
    }
}