{
    "3exp": {
        "a1": 6.338364077192474e+16,
        "b1": -0.12165477212821213,
        "a2": 5264099923279116.0,
        "b2": -0.03754977277372404,
        "a3": 1028274754031059.5,
        "b3": -0.012253658984352432,
        "t_hot": 81.60827727268818,
        "n_hot": 1028274754031059.5,
        "critical_energy": 37.67167696875605
    },
    "2exp": {
        "a1": 5660898166679165.0,
        "b1": -0.038617152555335627,
        "a2": 1045387592774322.0,
        "b2": -0.012313599830978659,
        "b1_stdev": 0.00031361394318085457,
        "b2_stdev": 0.0006933490669323122,
        "t_hot": 81.21101982575327,
        "n_hot": 0.2020392147990612
    },
    "nlsq": {
        "a1": 6262773326930532.0,
        "b1": -0.04071563430644585,
        "a2": 1112591497389525.5,
        "b2": -0.012580276244357395,
        "a0": 4.024206488585215e-05,
        "t_hot": 79.48951045081604,
        "n_hot": 0.2150275305335659
    },
    "nlsq_std_errors": {
        "a1": 310420692174901.0,
        "b1": 0.0010174786469640644,
        "a2": 36314788538132.84,
        "b2": 0.00015727881198634926,
        "a0": 4.690418639120911e-05
    },
    "histogram": {
        "i": 1e+19,
        "l": 0.05,
        "a": 60.0,
        "filename": "hist_1e19_005_60"
    }
}