{
    "3exp": {
        "a1": 129221717160404.2,
        "b1": -0.020997444690425717,
        "a2": 182964743357328.84,
        "b2": -0.008018790868869667,
        "a3": 16052611536233.43,
        "b3": -0.00294491561182192,
        "t_hot": 339.568304091856,
        "n_hot": 16052611536233.43,
        "critical_energy": 115.53273830724021
    },
    "2exp": {
        "a1": 246513338155709.34,
        "b1": -0.009711223728697425,
        "a2": 27405643703153.953,
        "b2": -0.0034299376056689556,
        "b1_stdev": 0.00012827636382555598,
        "b2_stdev": 0.00023178603418707726,
        "t_hot": 291.5504930314806,
        "n_hot": 0.16777248711796922
    },
    "nlsq": {
        "a1": 282937763064203.1,
        "b1": -0.011542247011106399,
        "a2": 49659877869892.3,
        "b2": -0.004221149757498046,
        "a0": 0.000599891086075343,
        "t_hot": 236.90227958003524,
        "n_hot": 0.30400895926584637
    },
    "nlsq_std_errors": {
        "a1": 8350986411694.894,
        "b1": 0.00033095703650213714,
        "a2": 4020967978338.164,
        "b2": 0.0001224346971929973,
        "a0": 0.00015053732350847447
    },
    "histogram": {
        "i": 1e+18,
        "l": 5.0,
        "a": 4.0,
        "filename": "hist_1e18_500_4"
    }
}