{
    "3exp": {
        "a1": 2776657654294972.5,
        "b1": -0.7363102052295608,
        "a2": 34274708788083.086,
        "b2": -0.17777887502276413,
        "a3": 1943181726007.3616,
        "b3": -0.04710462994111766,
        "t_hot": 21.229335656601762,
        "n_hot": 1943181726007.3616,
        "critical_energy": 10.54065255218717
    },
    "2exp": {
        "a1": 25534732623634.74,
        "b1": -0.15055755641253876,
        "a2": 1033316424150.1918,
        "b2": -0.03557980196737054,
        "b1_stdev": 0.012680896483666278,
        "b2_stdev": 0.02422896529354031,
        "t_hot": 28.105833779431325,
        "n_hot": 0.009626118377267791
    },
    "histogram": {
        "i": 1e+17,
        "l": 2.0,
        "a": 3.0,
        "filename": "hist_1e17_200_3"
    }
}