{
    "3exp": {
        "a1": 157739374209147.9,
        "b1": -0.20837148833856717,
        "a2": 10250369414829.61,
        "b2": -0.055609627126708416,
        "a3": 2212959534451.63,
        "b3": -0.01086418006209496,
        "t_hot": 92.04560254749387,
        "n_hot": 2212959534451.63,
        "critical_energy": 21.602306276378165
    },
    "2exp": {
        "a1": 9762111438484.586,
        "b1": -0.05215916223463339,
        "a2": 2093610766857.2922,
        "b2": -0.0106677188088868,
        "b1_stdev": 0.001751218012703614,
        "b2_stdev": 0.005541113351291982,
        "t_hot": 93.74075356832097,
        "n_hot": 0.08375773145314201
    },
    "nlsq": {
        "a1": 9266257097152.234,
        "b1": -0.04727143109747613,
        "a2": 1756954260540.04,
        "b2": -0.00832464722120222,
        "a0": -0.0031274611562116983,
        "t_hot": 120.12521052580809,
        "n_hot": 0.07028933241046768
    },
    "nlsq_std_errors": {
        "a1": 1387572036615.0928,
        "b1": 0.007157426289829035,
        "a2": 373660443111.6013,
        "b2": 0.002714133065757356,
        "a0": 0.004289889538935869
    },
    "histogram": {
        "i": 1e+17,
        "l": 2.0,
        "a": 20.0,
        "filename": "hist_1e17_200_20"
    }
}