{
    "3exp": {
        "a1": 3698256545685512.5,
        "b1": -2.507151090571902,
        "a2": 802579706857998.1,
        "b2": -1.5594003091948967,
        "a3": 42358401783396.81,
        "b3": -0.4017506586093411,
        "t_hot": 2.489106062604844,
        "n_hot": 42358401783396.81,
        "critical_energy": 2.122850325866997
    },
    "2exp": {
        "a1": 1977239981875183.2,
        "b1": -1.7640847782984932,
        "a2": 42184763372642.25,
        "b2": -0.4022037703033763,
        "b1_stdev": 0.01514460073436045,
        "b2_stdev": 0.04643186538526794,
        "t_hot": 2.4863019042454897,
        "n_hot": 0.3339705426111388
    },
    "nlsq": {
        "a1": 1632461707082009.5,
        "b1": -1.6926232891640631,
        "a2": 40358011164200.164,
        "b2": -0.395590318678668,
        "a0": -5.342570911183734e-05,
        "t_hot": 2.5278677277546944,
        "n_hot": 0.31950841511547645
    },
    "nlsq_std_errors": {
        "a1": 305591773770051.0,
        "b1": 0.06892369641361584,
        "a2": 1938022701422.2483,
        "b2": 0.007589516354778295,
        "a0": 0.00012170965275716592
    },
    "histogram": {
        "i": 1e+17,
        "l": 0.2,
        "a": 0.0,
        "filename": "hist_1e17_020_0"
    }
}