{
    "3exp": {
        "a1": 1925101919564130.5,
        "b1": -0.17055380199104653,
        "a2": 187459712268373.84,
        "b2": -0.027447494662244536,
        "a3": -28005768842.77328,
        "b3": 0.011179423670614353,
        "t_hot": 36.43319772188725,
        "n_hot": 187459712268373.84,
        "critical_energy": NaN
    },
    "2exp": {
        "a1": 979936007181634.5,
        "b1": -0.13606405332513175,
        "a2": 181521281886702.44,
        "b2": -0.027372617140738544,
        "b1_stdev": 0.0018465052829524137,
        "b2_stdev": 0.006458606583739854,
        "t_hot": 36.53286037131263,
        "n_hot": 0.3728274246037816
    },
    "nlsq": {
        "a1": 732350164327774.6,
        "b1": -0.1158598699857709,
        "a2": 158425834674893.25,
        "b2": -0.025033385999283807,
        "a0": -0.0014714147598052529,
        "t_hot": 39.946653642004705,
        "n_hot": 0.3253915756798754
    },
    "nlsq_std_errors": {
        "a1": 79797441115874.73,
        "b1": 0.006275520206306504,
        "a2": 6235277519940.267,
        "b2": 0.0006121905572642512,
        "a0": 0.00045752713462139655
    },
    "histogram": {
        "i": 1e+18,
        "l": 0.05,
        "a": 20.0,
        "filename": "hist_1e18_005_20"
    }
}