{
    "3exp": {
        "a1": 6681161652263971.0,
        "b1": -0.03142324090256631,
        "a2": 1146009932028649.8,
        "b2": -0.0034769725294577134,
        "a3": 12570303939926.164,
        "b3": -0.0012436255674548083,
        "t_hot": 804.1005477610033,
        "n_hot": 12570303939926.164,
        "critical_energy": 207.94532599800775
    },
    "2exp": {
        "a1": 1181158079014914.0,
        "b1": -0.003633827352613213,
        "a2": 43507571677039.57,
        "b2": -0.0018229841541762366,
        "b1_stdev": 0.00034456659059547756,
        "b2_stdev": 0.00044844941497047217,
        "t_hot": 548.5511202657032,
        "n_hot": 0.03463915931237667
    },
    "nlsq": {
        "a1": 1205660225917279.0,
        "b1": -0.0035406139642604473,
        "a2": 13170156090165.363,
        "b2": -0.00021344170489727245,
        "a0": -0.005974136095721778,
        "t_hot": 4685.119997899618,
        "n_hot": 0.010485603249993834
    },
    "nlsq_std_errors": {
        "a1": 3916654192322.74,
        "b1": 1.9959315860167103e-05,
        "a2": 16257842111594.9,
        "b2": 0.0004928492811429872,
        "a0": 0.015094652765081856
    },
    "histogram": {
        "i": 1e+19,
        "l": 1.0,
        "a": 40.0,
        "filename": "hist_1e19_100_40"
    }
}