{
    "3exp": {
        "a1": 942753624923164.4,
        "b1": -0.6975627561138018,
        "a2": 176915833463348.03,
        "b2": -0.27915150659059623,
        "a3": 23751218945030.92,
        "b3": -0.09591212356722424,
        "t_hot": 10.426210606202519,
        "n_hot": 23751218945030.92,
        "critical_energy": 6.118453017222725
    },
    "2exp": {
        "a1": 301131778804545.1,
        "b1": -0.3460901161031005,
        "a2": 31959883706765.883,
        "b2": -0.105730280438179,
        "b1_stdev": 0.04573048855408736,
        "b2_stdev": 0.10264865059407131,
        "t_hot": 9.458028446114874,
        "n_hot": 0.3388664953782638
    },
    "nlsq": {
        "a1": 3.616520421383098e+18,
        "b1": -1.262157780525716,
        "a2": 64287208153930.625,
        "b2": -0.13922623545093551,
        "a0": 0.003027502398489023,
        "t_hot": 7.182554327933461,
        "n_hot": 0.681628917196704
    },
    "nlsq_std_errors": {
        "a1": 1.8449049987247243e+19,
        "b1": 0.4728457057646313,
        "a2": 8282910614328.016,
        "b2": 0.008680225420667638,
        "a0": 0.0015316385611463547
    },
    "histogram": {
        "i": 1e+18,
        "l": 0.01,
        "a": 3.0,
        "filename": "hist_1e18_001_3"
    }
}