{
    "3exp": {
        "a1": 292064609537840.2,
        "b1": -0.2602029089667176,
        "a2": 17475367102801.844,
        "b2": -0.06888041930100175,
        "a3": 1911600481623.92,
        "b3": -0.011796024280082215,
        "t_hot": 84.77432533675916,
        "n_hot": 1911600481623.92,
        "critical_energy": 20.24514823736643
    },
    "2exp": {
        "a1": 15176186961712.008,
        "b1": -0.06472250750894673,
        "a2": 1844582418184.318,
        "b2": -0.011609775262680566,
        "b1_stdev": 0.001993752862802808,
        "b2_stdev": 0.006724219372042292,
        "t_hot": 86.13431159296285,
        "n_hot": 0.06543681147833344
    },
    "nlsq": {
        "a1": 15688476326625.094,
        "b1": -0.06575515058942077,
        "a2": 1861613908738.5054,
        "b2": -0.011501956903686206,
        "a0": -0.0002764134198450419,
        "t_hot": 86.94172725334371,
        "n_hot": 0.06604100591584
    },
    "nlsq_std_errors": {
        "a1": 3991612260490.015,
        "b1": 0.011445078365912442,
        "a2": 537096862646.6643,
        "b2": 0.004501064275440525,
        "a0": 0.004419414492081683
    },
    "histogram": {
        "i": 1e+17,
        "l": 2.0,
        "a": 10.0,
        "filename": "hist_1e17_200_10"
    }
}