{
    "3exp": {
        "a1": 2111376330659808.0,
        "b1": -0.024080776796008792,
        "a2": 337598274724107.8,
        "b2": -0.008225552348624245,
        "a3": 83974029718219.42,
        "b3": -0.0031430912578245588,
        "t_hot": 318.1581182253468,
        "n_hot": 83974029718219.42,
        "critical_energy": 154.0087951141568
    },
    "2exp": {
        "a1": 752790136663809.5,
        "b1": -0.01174406494582781,
        "a2": 110494787966094.42,
        "b2": -0.003398115265453632,
        "b1_stdev": 0.00023670066752001732,
        "b2_stdev": 0.0005695599653449844,
        "t_hot": 294.2807768077593,
        "n_hot": 0.17015572649069247
    },
    "nlsq": {
        "a1": 1777740480803708.8,
        "b1": -0.015869754180055984,
        "a2": 138058667155330.66,
        "b2": -0.0036737835039367234,
        "a0": 0.00017872462327483995,
        "t_hot": 272.1989466522532,
        "n_hot": 0.212602542079726
    },
    "nlsq_std_errors": {
        "a1": 350667592376365.4,
        "b1": 0.0009433789494173901,
        "a2": 7147542733350.82,
        "b2": 8.626193153053364e-05,
        "a0": 0.0001304514663840719
    },
    "histogram": {
        "i": 1e+19,
        "l": 0.2,
        "a": 4.0,
        "filename": "hist_1e19_020_4"
    }
}