{
    "3exp": {
        "a1": 3995168335496418.0,
        "b1": -0.014474756080262309,
        "a2": 671417234057857.4,
        "b2": -0.0024311784872320897,
        "a3": 49251649042475.836,
        "b3": -0.0011979040501040677,
        "t_hot": 834.7914007913448,
        "n_hot": 49251649042475.836,
        "critical_energy": 331.0949111821608
    },
    "2exp": {
        "a1": 673104296967612.1,
        "b1": -0.0023234050752624705,
        "a2": 22446579684359.44,
        "b2": -0.0009936896021865357,
        "b1_stdev": 0.0002987629434432285,
        "b2_stdev": 0.0004053453966262664,
        "t_hot": 1006.3504718169323,
        "n_hot": 0.016247238713716233
    },
    "nlsq": {
        "a1": 3332483803858163.0,
        "b1": -0.011807155824222546,
        "a2": 633348075496607.0,
        "b2": -0.0021469003495335993,
        "a0": 0.0004583208716685905,
        "t_hot": 465.7878043651368,
        "n_hot": 0.4584287457672772
    },
    "nlsq_std_errors": {
        "a1": 4573544554771670.0,
        "b1": 0.0030821952236111103,
        "a2": 10230875710643.178,
        "b2": 1.639818467667549e-05,
        "a0": 9.650721771532751e-05
    },
    "histogram": {
        "i": 1e+19,
        "l": 0.4,
        "a": 20.0,
        "filename": "hist_1e19_040_20"
    }
}