{
    "3exp": {
        "a1": 2.6607095404118584e+16,
        "b1": -0.04199594946847655,
        "a2": 4113108994095666.0,
        "b2": -0.01114971447687886,
        "a3": 931094343600090.5,
        "b3": -0.004274780575729899,
        "t_hot": 233.9301356606484,
        "n_hot": 931094343600090.5,
        "critical_energy": 88.87774939681579
    },
    "2exp": {
        "a1": 4573468102802138.0,
        "b1": -0.01187200111210169,
        "a2": 1007025363292118.6,
        "b2": -0.0043625207293722015,
        "b1_stdev": 0.0001390788281577886,
        "b2_stdev": 0.0002606723900814124,
        "t_hot": 229.22527181754097,
        "n_hot": 0.19985767288199777
    },
    "nlsq": {
        "a1": 4941550197377295.0,
        "b1": -0.013188017733060045,
        "a2": 1260106729925429.5,
        "b2": -0.0047182181109594054,
        "a0": 0.00019741461621243528,
        "t_hot": 211.9444197963666,
        "n_hot": 0.2500850602238366
    },
    "nlsq_std_errors": {
        "a1": 134760960235423.22,
        "b1": 0.0003682381579490754,
        "a2": 68964024898694.75,
        "b2": 9.636202061137941e-05,
        "a0": 9.785513090210952e-05
    },
    "histogram": {
        "i": 1e+19,
        "l": 0.1,
        "a": 45.0,
        "filename": "hist_1e19_010_45"
    }
}