{
    "3exp": {
        "a1": 7959698477123904.0,
        "b1": -0.02466235220105162,
        "a2": 2273266030663417.5,
        "b2": -0.007483024537241341,
        "a3": 163432400146539.28,
        "b3": -0.0025924749112808208,
        "t_hot": 385.7317946062385,
        "n_hot": 163432400146539.28,
        "critical_energy": 176.065634496463
    },
    "2exp": {
        "a1": 2367127449966117.0,
        "b1": -0.007604170901697592,
        "a2": 170258038503015.5,
        "b2": -0.0026244498862715644,
        "b1_stdev": 0.00014459744296697676,
        "b2_stdev": 0.00025392452450201034,
        "t_hot": 381.0322327856121,
        "n_hot": 0.07488337627971196
    },
    "nlsq": {
        "a1": 2443117965834082.5,
        "b1": -0.007902190455379028,
        "a2": 215856071220252.8,
        "b2": -0.0028750227243118836,
        "a0": 0.00016352040418108693,
        "t_hot": 347.8233377231281,
        "n_hot": 0.0949384331310748
    },
    "nlsq_std_errors": {
        "a1": 79007908025060.83,
        "b1": 0.00027827215240738503,
        "a2": 46156105122178.93,
        "b2": 0.0002380619716019747,
        "a0": 0.00019718513839234538
    },
    "histogram": {
        "i": 1e+19,
        "l": 0.1,
        "a": 30.0,
        "filename": "hist_1e19_010_30"
    }
}