{
    "3exp": {
        "a1": 2003288073614314.0,
        "b1": -1.105651104335205,
        "a2": 127766201257987.36,
        "b2": -0.26927910985823883,
        "a3": 9266236913053.764,
        "b3": -0.08278923826652573,
        "t_hot": 12.078864607748555,
        "n_hot": 9266236913053.764,
        "critical_energy": 5.256005693514845
    },
    "2exp": {
        "a1": 107897389228510.83,
        "b1": -0.23636866660889572,
        "a2": 4822579515849.719,
        "b2": -0.06346832883507242,
        "b1_stdev": 0.03363154238915743,
        "b2_stdev": 0.05704754585035556,
        "t_hot": 15.755889880109823,
        "n_hot": 0.04158545959590507
    },
    "histogram": {
        "i": 1e+18,
        "l": 0.01,
        "a": 4.0,
        "filename": "hist_1e18_001_4"
    }
}