{
    "3exp": {
        "a1": 688625793040073.0,
        "b1": -0.06192156389086612,
        "a2": 101230573155504.67,
        "b2": -0.013408784157909349,
        "a3": 30936900290752.61,
        "b3": -0.005603151356941266,
        "t_hot": 178.4709953910464,
        "n_hot": 30936900290752.61,
        "critical_energy": 55.092965377031014
    },
    "2exp": {
        "a1": 118691798653209.52,
        "b1": -0.017671144771619393,
        "a2": 48027088468919.74,
        "b2": -0.00640445889119974,
        "b1_stdev": 0.0007614671055494827,
        "b2_stdev": 0.0014574914964517493,
        "t_hot": 156.14121614147345,
        "n_hot": 0.1951562648292187
    },
    "nlsq": {
        "a1": 788480245610576.1,
        "b1": -0.04771102859866367,
        "a2": 88341835474421.47,
        "b2": -0.00832004336031724,
        "a0": 0.0017545814237376253,
        "t_hot": 120.19168130415493,
        "n_hot": 0.35897372064314204
    },
    "nlsq_std_errors": {
        "a1": 285041315145604.7,
        "b1": 0.004494562383946382,
        "a2": 2432263436126.263,
        "b2": 0.00013641841315322045,
        "a0": 0.00029181179561933273
    },
    "histogram": {
        "i": 1e+18,
        "l": 0.5,
        "a": 40.0,
        "filename": "hist_1e18_050_40"
    }
}