{
    "3exp": {
        "a1": 184846568203519.7,
        "b1": -0.01598148454503265,
        "a2": 155598651043692.16,
        "b2": -0.006181295748255262,
        "a3": 4282473834459.9355,
        "b3": -0.0020581732800600606,
        "t_hot": 485.8677399459867,
        "n_hot": 4282473834459.9355,
        "critical_energy": 270.40947422151424
    },
    "2exp": {
        "a1": 142859975406015.44,
        "b1": -0.005753814012452115,
        "a2": 1570085479677.4832,
        "b2": -0.0014466965241778412,
        "b1_stdev": 0.00027632308962769484,
        "b2_stdev": 0.00042874556584689046,
        "t_hot": 691.2299734516199,
        "n_hot": 0.009263197471704293
    },
    "histogram": {
        "i": 1e+18,
        "l": 5.0,
        "a": 5.0,
        "filename": "hist_1e18_500_5"
    }
}