{
    "3exp": {
        "a1": 878761353159127.0,
        "b1": -0.342085461737588,
        "a2": 39894851858078.11,
        "b2": -0.10862518484283089,
        "a3": 3360970172818.1914,
        "b3": -0.013594862038998975,
        "t_hot": 73.55720103163567,
        "n_hot": 3360970172818.1914,
        "critical_energy": 16.945031893181906
    },
    "2exp": {
        "a1": 53514564770029.93,
        "b1": -0.11551858766935763,
        "a2": 3356731908418.633,
        "b2": -0.01369058164632863,
        "b1_stdev": 0.0022365052524788583,
        "b2_stdev": 0.012809354102338596,
        "t_hot": 73.04291562135109,
        "n_hot": 0.08940676801322096
    },
    "nlsq": {
        "a1": 81734305772128.31,
        "b1": -0.12893678335773176,
        "a2": 3413577460714.61,
        "b2": -0.01347600132814074,
        "a0": -0.0006290708895324981,
        "t_hot": 74.20598853101836,
        "n_hot": 0.09092085291644583
    },
    "nlsq_std_errors": {
        "a1": 56370441642318.84,
        "b1": 0.02413104651080569,
        "a2": 328426164135.6046,
        "b2": 0.002094127188265991,
        "a0": 0.0026258316984636995
    },
    "histogram": {
        "i": 1e+17,
        "l": 1.0,
        "a": 10.0,
        "filename": "hist_1e17_100_10"
    }
}