{
    "3exp": {
        "a1": 5185839992939639.0,
        "b1": -2.432324905901018,
        "a2": 49825923332265.14,
        "b2": -0.32873735358565254,
        "a3": 7398030421.326688,
        "b3": 0.0851550655016332,
        "t_hot": 3.041942113035384,
        "n_hot": 49825923332265.14,
        "critical_energy": 5.346707317772959
    },
    "2exp": {
        "a1": 54141325112522.72,
        "b1": -0.338348208367648,
        "a2": 34606602948.2025,
        "b2": 0.018514788723592464,
        "b1_stdev": 0.09947028578777514,
        "b2_stdev": 0.14606823768903532,
        "t_hot": 2.9555350827021476,
        "n_hot": 0.8937854605027684
    },
    "histogram": {
        "i": 1e+17,
        "l": 0.05,
        "a": 5.0,
        "filename": "hist_1e17_005_5"
    }
}