{
    "3exp": {
        "a1": 609326067021756.2,
        "b1": -0.07098175815640587,
        "a2": 63428222083459.51,
        "b2": -0.01700826420718877,
        "a3": 5663039975769.177,
        "b3": -0.0038619448069678315,
        "t_hot": 258.9368957826045,
        "n_hot": 5663039975769.177,
        "critical_energy": 69.7021111736023
    },
    "2exp": {
        "a1": 58696132416420.766,
        "b1": -0.01633385486883825,
        "a2": 5446551919908.698,
        "b2": -0.003821524078488524,
        "b1_stdev": 0.00024871815717073296,
        "b2_stdev": 0.0005713629359112124,
        "t_hot": 261.6757030602085,
        "n_hot": 0.030831012746483276
    },
    "nlsq": {
        "a1": 59775360040187.99,
        "b1": -0.016475891323019458,
        "a2": 5420115697882.752,
        "b2": -0.0036411885571554573,
        "a0": -0.0003789321338255942,
        "t_hot": 274.63559887192787,
        "n_hot": 0.030681366601502714
    },
    "nlsq_std_errors": {
        "a1": 2109342845808.0737,
        "b1": 0.0007354250812738179,
        "a2": 1028566177794.5238,
        "b2": 0.0007082422356444747,
        "a0": 0.000805242764962229
    },
    "histogram": {
        "i": 1e+18,
        "l": 2.0,
        "a": 20.0,
        "filename": "hist_1e18_200_20"
    }
}