{
    "3exp": {
        "a1": 9310704748827418.0,
        "b1": -2.577733480398507,
        "a2": 162043878032763.47,
        "b2": -0.44457097692624714,
        "a3": 7984652704453.365,
        "b3": -0.1669678973064018,
        "t_hot": 5.9891752614270874,
        "n_hot": 7984652704453.365,
        "critical_energy": 2.929110498238333
    },
    "2exp": {
        "a1": 164443480842313.84,
        "b1": -0.4635190284593867,
        "a2": 12197251376562.188,
        "b2": -0.19081596837847395,
        "b1_stdev": 0.12225337786371394,
        "b2_stdev": 0.18234530812973296,
        "t_hot": 5.24065154765533,
        "n_hot": 0.10232860739395716
    },
    "nlsq": {
        "a1": 3587753094208786.5,
        "b1": -1.555732712266818,
        "a2": 112457335341988.7,
        "b2": -0.3558121835866948,
        "a0": 0.002188514801704856,
        "t_hot": 2.8104714962812585,
        "n_hot": 0.9434586663429396
    },
    "nlsq_std_errors": {
        "a1": 1.1074183715977352e+16,
        "b1": 0.7595856419287742,
        "a2": 15688533035307.822,
        "b2": 0.01796409270165985,
        "a0": 0.0007916961871050798
    },
    "histogram": {
        "i": 1e+17,
        "l": 0.01,
        "a": 60.0,
        "filename": "hist_1e17_001_60"
    }
}