{
    "3exp": {
        "a1": 620357213095294.4,
        "b1": -0.06639845196573911,
        "a2": 112620409611246.75,
        "b2": -0.013130389300980866,
        "a3": 10285778593514.148,
        "b3": -0.0035195866539245437,
        "t_hot": 284.1242731969511,
        "n_hot": 10285778593514.148,
        "critical_energy": 65.1973158208912
    },
    "2exp": {
        "a1": 124521496322100.25,
        "b1": -0.013581253946661053,
        "a2": 10294207417168.02,
        "b2": -0.003612491828279208,
        "b1_stdev": 0.00010554755606203441,
        "b2_stdev": 0.00022004475084598803,
        "t_hot": 276.8172351759602,
        "n_hot": 0.06497241511382368
    },
    "nlsq": {
        "a1": 120400316732691.53,
        "b1": -0.012528445973514537,
        "a2": 6084207958813.126,
        "b2": -0.0021462624710489164,
        "a0": -0.0029839006597902644,
        "t_hot": 465.92623851419364,
        "n_hot": 0.03840078882416637
    },
    "nlsq_std_errors": {
        "a1": 1153888807482.3916,
        "b1": 0.0001474678515019798,
        "a2": 416646080740.59686,
        "b2": 0.00022553590686219183,
        "a0": 0.000743984482582231
    },
    "histogram": {
        "i": 1e+18,
        "l": 2.0,
        "a": 0.0,
        "filename": "hist_1e18_200_0"
    }
}