{
    "3exp": {
        "a1": 2200977878442617.2,
        "b1": -0.7433917603046607,
        "a2": 105611196981974.28,
        "b2": -0.16807210260669833,
        "a3": 71925013236593.72,
        "b3": -0.11292830883356338,
        "t_hot": 8.855175556324195,
        "n_hot": 71925013236593.72,
        "critical_energy": 5.426219282557488
    },
    "2exp": {
        "a1": 931260898727118.2,
        "b1": -0.5371992234461507,
        "a2": 141429605028052.4,
        "b2": -0.12741934541529165,
        "b1_stdev": 0.021311186565088652,
        "b2_stdev": 0.0643832379093892,
        "t_hot": 7.848101846236526,
        "n_hot": 0.3334990151323374
    },
    "nlsq": {
        "a1": 2156921628961656.0,
        "b1": -0.6279122004461369,
        "a2": 135125655755418.73,
        "b2": -0.12269026472932151,
        "a0": -0.0006317182642709706,
        "t_hot": 8.150605936063418,
        "n_hot": 0.3186339458743801
    },
    "nlsq_std_errors": {
        "a1": 1206068693344168.0,
        "b1": 0.0777447986079835,
        "a2": 6471634834733.857,
        "b2": 0.0030169972422568318,
        "a0": 0.00031182272915393256
    },
    "histogram": {
        "i": 1e+17,
        "l": 0.02,
        "a": 50.0,
        "filename": "hist_1e17_002_50"
    }
}