{
    "3exp": {
        "a1": 4674665197210589.0,
        "b1": -0.8199464337548248,
        "a2": 269563420964422.75,
        "b2": -0.2231580420843995,
        "a3": 28112308612070.72,
        "b3": -0.07166525317997786,
        "t_hot": 13.953763583150002,
        "n_hot": 28112308612070.72,
        "critical_energy": 6.833935487095259
    },
    "2exp": {
        "a1": 511011779484048.0,
        "b1": -0.2788720835738019,
        "a2": 36251978862119.02,
        "b2": -0.07759505575573657,
        "b1_stdev": 0.0135450147290547,
        "b2_stdev": 0.03207634835458505,
        "t_hot": 12.88741905345007,
        "n_hot": 0.23554353864727148
    },
    "nlsq": {
        "a1": 997594607642341.5,
        "b1": -0.35029357423544694,
        "a2": 53734454541916.63,
        "b2": -0.09201752678738659,
        "a0": 0.0014781028288843297,
        "t_hot": 10.867494866609219,
        "n_hot": 0.3491341429449396
    },
    "nlsq_std_errors": {
        "a1": 627847433557489.4,
        "b1": 0.06302455382475719,
        "a2": 14175237457612.996,
        "b2": 0.010489808258530204,
        "a0": 0.0012185102489681002
    },
    "histogram": {
        "i": 1e+18,
        "l": 0.02,
        "a": 10.0,
        "filename": "hist_1e18_002_10"
    }
}