{
    "3exp": {
        "a1": 1586139160142466.8,
        "b1": -0.02461938162455898,
        "a2": 1160699933055570.5,
        "b2": -0.006258163872642832,
        "a3": 178174381484976.88,
        "b3": -0.0027978041491568285,
        "t_hot": 357.4231599811477,
        "n_hot": 178174381484976.88,
        "critical_energy": 100.18961285716645
    },
    "2exp": {
        "a1": 1215227890080789.5,
        "b1": -0.00626498234887974,
        "a2": 163870269864805.5,
        "b2": -0.0027507175804736203,
        "b1_stdev": 7.983176086058936e-05,
        "b2_stdev": 0.00011995556453097505,
        "t_hot": 363.5415017152795,
        "n_hot": 0.14736227392471948
    },
    "nlsq": {
        "a1": 1242582738697180.5,
        "b1": -0.006023055978222477,
        "a2": 110763417118667.22,
        "b2": -0.0023938925443485774,
        "a0": -0.00026634490385065633,
        "t_hot": 417.7296939918072,
        "n_hot": 0.09960530990609275
    },
    "nlsq_std_errors": {
        "a1": 7481334282762.958,
        "b1": 5.6770322747981613e-05,
        "a2": 11993995637339.611,
        "b2": 0.00010228262881793202,
        "a0": 0.00011072064758473251
    },
    "histogram": {
        "i": 1e+19,
        "l": 1.0,
        "a": 50.0,
        "filename": "hist_1e19_100_50"
    }
}