{
    "3exp": {
        "a1": 1222325124518458.0,
        "b1": -0.027377568882293615,
        "a2": 177330545913968.84,
        "b2": -0.004861130093465711,
        "a3": -26866735580.701847,
        "b3": 0.003954135838681717,
        "t_hot": 205.71348241516748,
        "n_hot": 177330545913968.84,
        "critical_energy": NaN
    },
    "2exp": {
        "a1": 1049651341431477.6,
        "b1": -0.025707324716649396,
        "a2": 179764555570300.84,
        "b2": -0.004968185201531623,
        "b1_stdev": 0.00017430719919503366,
        "b2_stdev": 0.0006150186984271438,
        "t_hot": 201.28074124364645,
        "n_hot": 0.30848423218010923
    },
    "nlsq": {
        "a1": 871970983163317.8,
        "b1": -0.02231763162764599,
        "a2": 150665377819783.8,
        "b2": -0.004283543163960671,
        "a0": -0.0034639209996546573,
        "t_hot": 233.4515987637148,
        "n_hot": 0.2585487069206247
    },
    "nlsq_std_errors": {
        "a1": 31839258381613.848,
        "b1": 0.0005490527147896594,
        "a2": 4401160616163.613,
        "b2": 0.00010451307832782835,
        "a0": 0.0005954009360234328
    },
    "histogram": {
        "i": 1e+18,
        "l": 0.2,
        "a": 30.0,
        "filename": "hist_1e18_020_30"
    }
}