{
    "3exp": {
        "a1": 1.4244434736201942e+16,
        "b1": -0.052541426372142264,
        "a2": 2153423766687805.5,
        "b2": -0.01613282731634235,
        "a3": 798757260224540.1,
        "b3": -0.005154322068435553,
        "t_hot": 194.01193536660807,
        "n_hot": 798757260224540.1,
        "critical_energy": 60.79849173707749
    },
    "2exp": {
        "a1": 2573626781487383.0,
        "b1": -0.017352399999640722,
        "a2": 818153986511289.1,
        "b2": -0.0051915890513681276,
        "b1_stdev": 0.00020704219208451808,
        "b2_stdev": 0.0004885725778890566,
        "t_hot": 192.61925204508864,
        "n_hot": 0.3477417609114483
    },
    "nlsq": {
        "a1": 2726187095077551.0,
        "b1": -0.018071844043637507,
        "a2": 847061326304367.4,
        "b2": -0.00526556878019232,
        "a0": 9.957561235566969e-05,
        "t_hot": 189.91300688384058,
        "n_hot": 0.36002831015357184
    },
    "nlsq_std_errors": {
        "a1": 163953240187042.03,
        "b1": 0.0007323326925837264,
        "a2": 32812364969695.58,
        "b2": 9.181629134030563e-05,
        "a0": 0.00018004350708949364
    },
    "histogram": {
        "i": 1e+19,
        "l": 0.02,
        "a": 2.0,
        "filename": "hist_1e19_002_2"
    }
}