{
    "3exp": {
        "a1": 359646731773024.4,
        "b1": -0.030395856394006958,
        "a2": 31437444768714.066,
        "b2": -0.006028884245929007,
        "a3": 3184528098638.0474,
        "b3": -0.0033096749189608647,
        "t_hot": 302.1444777766781,
        "n_hot": 3184528098638.0474,
        "critical_energy": 174.5103177068286
    },
    "2exp": {
        "a1": 29466919270525.516,
        "b1": -0.005178559540568188,
        "a2": -10276372483.738428,
        "b2": 0.0009131940031330151,
        "b1_stdev": 0.0011012357734512686,
        "b2_stdev": 0.0015392654234943192,
        "t_hot": 193.10389156793988,
        "n_hot": 0.1793177293228402
    },
    "histogram": {
        "i": 1e+18,
        "l": 2.0,
        "a": 10.0,
        "filename": "hist_1e18_200_10"
    }
}