{
    "3exp": {
        "a1": 3404818252266778.0,
        "b1": -0.018092558608408964,
        "a2": 565955889046519.6,
        "b2": -0.002938217453115101,
        "a3": 46107512103975.7,
        "b3": -0.0012186084149146078,
        "t_hot": 820.6081525131053,
        "n_hot": 46107512103975.7,
        "critical_energy": 254.94747240666504
    },
    "2exp": {
        "a1": 577900465867987.6,
        "b1": -0.0028823130159051813,
        "a2": 34584099414886.35,
        "b2": -0.0011301972156170892,
        "b1_stdev": 0.0001292602439655558,
        "b2_stdev": 0.00019008032028033456,
        "t_hot": 884.8013304067456,
        "n_hot": 0.045150128449362496
    },
    "nlsq": {
        "a1": 585291402381657.2,
        "b1": -0.002749519185807392,
        "a2": 12640615203499.607,
        "b2": -0.0005207348496726797,
        "a0": -0.001847182693772262,
        "t_hot": 1920.3631188282748,
        "n_hot": 0.016502537575730804
    },
    "nlsq_std_errors": {
        "a1": 4593392525115.049,
        "b1": 4.436742247457537e-05,
        "a2": 3817688403931.14,
        "b2": 0.0002738639519274097,
        "a0": 0.0017910173485626115
    },
    "histogram": {
        "i": 1e+19,
        "l": 0.4,
        "a": 10.0,
        "filename": "hist_1e19_040_10"
    }
}