{
    "3exp": {
        "a1": 4789428120935180.0,
        "b1": -0.5196997743141551,
        "a2": 162154630556519.8,
        "b2": -0.12012849688019245,
        "a3": 35416767993357.65,
        "b3": -0.044582525202485575,
        "t_hot": 22.430313120627087,
        "n_hot": 35416767993357.65,
        "critical_energy": 10.32793678219289
    },
    "2exp": {
        "a1": 157393897598983.38,
        "b1": -0.11706886248716303,
        "a2": 33689964812636.164,
        "b2": -0.04405913621475149,
        "b1_stdev": 0.006756760494357071,
        "b2_stdev": 0.012549484890212586,
        "t_hot": 22.696768160089093,
        "n_hot": 0.21158385631072454
    },
    "nlsq": {
        "a1": 152980138795456.38,
        "b1": -0.11218428060258719,
        "a2": 29971242935121.168,
        "b2": -0.04233809336120732,
        "a0": -5.849478999588006e-05,
        "t_hot": 23.619391441851263,
        "n_hot": 0.18822908227734336
    },
    "nlsq_std_errors": {
        "a1": 15317572879480.53,
        "b1": 0.013054885925009446,
        "a2": 10140505105258.508,
        "b2": 0.005143708750534949,
        "a0": 0.00043602799576149346
    },
    "histogram": {
        "i": 1e+18,
        "l": 0.05,
        "a": 5.0,
        "filename": "hist_1e18_005_5"
    }
}