{
    "3exp": {
        "a1": 3438042140072289.5,
        "b1": -0.5252381454624696,
        "a2": 106722188231414.23,
        "b2": -0.18739420256280676,
        "a3": 30968387635226.273,
        "b3": -0.08172845182425177,
        "t_hot": 12.235641048852758,
        "n_hot": 30968387635226.273,
        "critical_energy": 10.619137710159144
    },
    "2exp": {
        "a1": 107273953375445.84,
        "b1": -0.17656187784938826,
        "a2": 27163289902417.53,
        "b2": -0.07952023789710604,
        "b1_stdev": 0.04191570139494412,
        "b2_stdev": 0.06891337198945038,
        "t_hot": 12.575415094883573,
        "n_hot": 0.22903432947524094
    },
    "nlsq": {
        "a1": 97405932469645.23,
        "b1": -0.1546486185841717,
        "a2": 17672530265249.305,
        "b2": -0.07093371126567308,
        "a0": -0.00014169434663261886,
        "t_hot": 14.097669248611973,
        "n_hot": 0.1490105261171637
    },
    "nlsq_std_errors": {
        "a1": 26437868416351.06,
        "b1": 0.0505124822512385,
        "a2": 23090202820000.83,
        "b2": 0.025011281255439596,
        "a0": 0.0005220798500239589
    },
    "histogram": {
        "i": 1e+18,
        "l": 0.02,
        "a": 2.0,
        "filename": "hist_1e18_002_2"
    }
}