{
    "3exp": {
        "a1": 1643686303429554.5,
        "b1": -0.37974427201944144,
        "a2": 105254833652897.31,
        "b2": -0.0933279455657288,
        "a3": 17988147110705.57,
        "b3": -0.04160323251515702,
        "t_hot": 24.03659378236239,
        "n_hot": 17988147110705.57,
        "critical_energy": 13.352368301359563
    },
    "2exp": {
        "a1": 108902771971450.94,
        "b1": -0.09484190937151855,
        "a2": 18561884470319.324,
        "b2": -0.04192468410562948,
        "b1_stdev": 0.013774402105184814,
        "b2_stdev": 0.02161788342890868,
        "t_hot": 23.852296596451254,
        "n_hot": 0.12312005359021667
    },
    "nlsq": {
        "a1": 2.038651109719669e+16,
        "b1": -0.39504924085714277,
        "a2": 73539186054345.94,
        "b2": -0.06281546071567484,
        "a0": 0.0007968820386115204,
        "t_hot": 15.919647625070464,
        "n_hot": 0.4877817520343733
    },
    "nlsq_std_errors": {
        "a1": 5.978576791759842e+16,
        "b1": 0.13543093838471965,
        "a2": 5051934836668.32,
        "b2": 0.0017876145723898411,
        "a0": 0.0002720978621895228
    },
    "histogram": {
        "i": 1e+18,
        "l": 0.05,
        "a": 4.0,
        "filename": "hist_1e18_005_4"
    }
}