{
    "3exp": {
        "a1": 1368353044528966.5,
        "b1": -1.6315072532486043,
        "a2": -135930023248201.52,
        "b2": -0.5951631694123077,
        "a3": 133281842851162.81,
        "b3": -0.43176350024207405,
        "t_hot": 2.3160827616029063,
        "n_hot": 133281842851162.81,
        "critical_energy": NaN
    },
    "2exp": {
        "a1": 62520880616342.66,
        "b1": -0.38802328875497627,
        "a2": 350742207860.72644,
        "b2": -0.14894870798709156,
        "b1_stdev": 0.2544334150248853,
        "b2_stdev": 0.3408666525721055,
        "t_hot": 6.713720538527019,
        "n_hot": 0.004625765611731009
    },
    "nlsq": {
        "a1": 2.1688101637945236e+16,
        "b1": -2.632587651752793,
        "a2": 51231215953915.58,
        "b2": -0.3502595261460219,
        "a0": -0.0009905041751605678,
        "t_hot": 2.855025846129603,
        "n_hot": 0.6756631842292837
    },
    "nlsq_std_errors": {
        "a1": 2.5167515651591676e+16,
        "b1": 0.3518257473055445,
        "a2": 1412779817872.3447,
        "b2": 0.0048948811790118455,
        "a0": 0.0003344367978138535
    },
    "histogram": {
        "i": 1e+17,
        "l": 0.1,
        "a": 2.0,
        "filename": "hist_1e17_010_2"
    }
}