{
    "3exp": {
        "a1": 4758007258774883.0,
        "b1": -0.26112473094361244,
        "a2": 957485039156851.0,
        "b2": -0.10823864433470777,
        "a3": 254012917066280.97,
        "b3": -0.032738951079542285,
        "t_hot": 30.54465604503969,
        "n_hot": 254012917066280.97,
        "critical_energy": 12.830041773539026
    },
    "2exp": {
        "a1": 1269250650282317.0,
        "b1": -0.11547124261529576,
        "a2": 254278877714294.66,
        "b2": -0.032869544905612426,
        "b1_stdev": 0.0017632517640086057,
        "b2_stdev": 0.0043276638919046186,
        "t_hot": 30.42329922338692,
        "n_hot": 0.27007217811858586
    },
    "nlsq": {
        "a1": 1082544115884419.6,
        "b1": -0.10341296344441193,
        "a2": 216917043738116.22,
        "b2": -0.030495576913341094,
        "a0": -0.0005996266169603055,
        "t_hot": 32.79164066453597,
        "n_hot": 0.23038979485830985
    },
    "nlsq_std_errors": {
        "a1": 77454273433215.02,
        "b1": 0.004948597991227137,
        "a2": 15906927817884.225,
        "b2": 0.0010512510711424867,
        "a0": 0.0002877664671380012
    },
    "histogram": {
        "i": 1e+18,
        "l": 0.01,
        "a": 40.0,
        "filename": "hist_1e18_001_40"
    }
}