{
    "3exp": {
        "a1": 525092334428855.7,
        "b1": -0.07990977277845648,
        "a2": 57162335521675.87,
        "b2": -0.011350245970919368,
        "a3": -4150793747.7309523,
        "b3": 0.008434778359822542,
        "t_hot": 88.10381753506617,
        "n_hot": 57162335521675.87,
        "critical_energy": NaN
    },
    "2exp": {
        "a1": 324308489386678.2,
        "b1": -0.06535292463334808,
        "a2": 55200923477958.81,
        "b2": -0.011284874032601148,
        "b1_stdev": 0.0004889809445883911,
        "b2_stdev": 0.0019640130734774166,
        "t_hot": 88.61419251212513,
        "n_hot": 0.2854649668012898
    },
    "nlsq": {
        "a1": 264341120899377.6,
        "b1": -0.05758580713616255,
        "a2": 49249473090720.71,
        "b2": -0.01026104051669676,
        "a0": -0.0018524945837137506,
        "t_hot": 97.45600345041036,
        "n_hot": 0.25468775366479557
    },
    "nlsq_std_errors": {
        "a1": 18036062443473.695,
        "b1": 0.002153674716760623,
        "a2": 1456626646835.6082,
        "b2": 0.0002399966574372809,
        "a0": 0.0004911344330097161
    },
    "histogram": {
        "i": 1e+18,
        "l": 0.5,
        "a": 45.0,
        "filename": "hist_1e18_050_45"
    }
}