{
    "3exp": {
        "a1": 5380063344331608.0,
        "b1": -0.03257889879545674,
        "a2": 1127236880582400.8,
        "b2": -0.008944360300454774,
        "a3": 150560876225898.6,
        "b3": -0.0047575329070275695,
        "t_hot": 210.19297596930002,
        "n_hot": 150560876225898.6,
        "critical_energy": 128.53746814113765
    },
    "2exp": {
        "a1": 1178219612073184.5,
        "b1": -0.010022120823000042,
        "a2": 268332797444649.84,
        "b2": -0.00530086815993756,
        "b1_stdev": 0.0011565778547050726,
        "b2_stdev": 0.0016228427708191253,
        "t_hot": 188.64834397461777,
        "n_hot": 0.16268111189066825
    },
    "nlsq": {
        "a1": 1313991719936281.2,
        "b1": -0.014175439463137122,
        "a2": 636514467196701.2,
        "b2": -0.006402698475728699,
        "a0": 0.0001674865808883977,
        "t_hot": 156.18414701095054,
        "n_hot": 0.3858972225689821
    },
    "nlsq_std_errors": {
        "a1": 197097706792970.0,
        "b1": 0.0020130580012242974,
        "a2": 117056165807900.33,
        "b2": 0.000304618199313932,
        "a0": 0.00011908238423349801
    },
    "histogram": {
        "i": 1e+19,
        "l": 0.1,
        "a": 3.0,
        "filename": "hist_1e19_010_3"
    }
}