{
    "3exp": {
        "a1": 1.2008290853882492e+16,
        "b1": -4.443527341038874,
        "a2": 256474290507464.16,
        "b2": -1.9754309704336006,
        "a3": 15664543862420.074,
        "b3": -0.494181521301122,
        "t_hot": 2.0235479411838737,
        "n_hot": 15664543862420.074,
        "critical_energy": 1.6817855645315238
    },
    "2exp": {
        "a1": 657827185906434.5,
        "b1": -2.2853488910250337,
        "a2": 15630783670064.4,
        "b2": -0.49593292342659756,
        "b1_stdev": 0.05370924309932234,
        "b2_stdev": 0.17260211666276087,
        "t_hot": 2.016401720399208,
        "n_hot": 0.3421390012255371
    },
    "nlsq": {
        "a1": 431470149899229.06,
        "b1": -2.070593202986513,
        "a2": 13815483337220.445,
        "b2": -0.4684080267674593,
        "a0": -0.0005120049540662127,
        "t_hot": 2.134890827770654,
        "n_hot": 0.3024042664922365
    },
    "nlsq_std_errors": {
        "a1": 208439868185377.88,
        "b1": 0.23452661402952765,
        "a2": 1808377876853.338,
        "b2": 0.028194276550205385,
        "a0": 0.0006011400477397043
    },
    "histogram": {
        "i": 1e+17,
        "l": 0.02,
        "a": 2.0,
        "filename": "hist_1e17_002_2"
    }
}