{
    "3exp": {
        "a1": 2.9224606145051757e+17,
        "b1": -7.1523688359976365,
        "a2": 1813673874985618.5,
        "b2": -2.4057629132986267,
        "a3": 38836740714146.58,
        "b3": -0.8107431364640368,
        "t_hot": 1.2334362821267724,
        "n_hot": 38836740714146.58,
        "critical_energy": 1.407523102326067
    },
    "2exp": {
        "a1": 1463050797825512.0,
        "b1": -2.2872421197863377,
        "a2": 34613765841579.41,
        "b2": -0.7915115441645822,
        "b1_stdev": 0.0924007566089773,
        "b2_stdev": 0.1737123455206494,
        "t_hot": 1.2634054517239812,
        "n_hot": 0.15537625917637038
    },
    "nlsq": {
        "a1": 3349601303265592.0,
        "b1": -2.8248315929122128,
        "a2": 74921113124538.3,
        "b2": -0.9735104931377756,
        "a0": 0.0002819594426011775,
        "t_hot": 1.0272102941354484,
        "n_hot": 0.3363101935772862
    },
    "nlsq_std_errors": {
        "a1": 1590695876832074.5,
        "b1": 0.29719000623426045,
        "a2": 23313064539026.25,
        "b2": 0.08035834760312537,
        "a0": 0.00017928391268080913
    },
    "histogram": {
        "i": 1e+17,
        "l": 5.0,
        "a": 30.0,
        "filename": "hist_1e17_500_30"
    }
}