{
    "3exp": {
        "a1": 2157087835105379.5,
        "b1": -0.023241413849284503,
        "a2": 323855698916519.44,
        "b2": -0.007444961791796197,
        "a3": 61639143493123.92,
        "b3": -0.0029624279695652203,
        "t_hot": 337.56095009687766,
        "n_hot": 61639143493123.92,
        "critical_energy": 175.31533739205503
    },
    "2exp": {
        "a1": 350365775632976.75,
        "b1": -0.00817932061877684,
        "a2": 75666075688779.6,
        "b2": -0.0031437614952746907,
        "b1_stdev": 0.000379056461892692,
        "b2_stdev": 0.0006897752884240439,
        "t_hot": 318.0902881796456,
        "n_hot": 0.12326164639202512
    },
    "nlsq": {
        "a1": 2682456983989014.0,
        "b1": -0.017867922850753448,
        "a2": 152511668366785.1,
        "b2": -0.003932773409838848,
        "a0": 0.0003295027436671651,
        "t_hot": 254.2734848385218,
        "n_hot": 0.24844475104279948
    },
    "nlsq_std_errors": {
        "a1": 1041008175003622.8,
        "b1": 0.001598580597011115,
        "a2": 7429786877626.435,
        "b2": 8.174759280933163e-05,
        "a0": 0.00011181965666244562
    },
    "histogram": {
        "i": 1e+19,
        "l": 0.2,
        "a": 2.0,
        "filename": "hist_1e19_020_2"
    }
}