{
    "3exp": {
        "a1": 9392570956505872.0,
        "b1": -0.042262649722164855,
        "a2": 1775878131252639.8,
        "b2": -0.015052880965724033,
        "a3": 855412275026296.8,
        "b3": -0.0058197262546556185,
        "t_hot": 171.82938788573225,
        "n_hot": 855412275026296.8,
        "critical_energy": 65.74913750856466
    },
    "2exp": {
        "a1": 3323222241531464.0,
        "b1": -0.01957625345027118,
        "a2": 953723616929538.1,
        "b2": -0.005988142289279425,
        "b1_stdev": 0.0004146359364998852,
        "b2_stdev": 0.0009688570217149353,
        "t_hot": 166.9966997595065,
        "n_hot": 0.4775605385967126
    },
    "nlsq": {
        "a1": 9440700479780372.0,
        "b1": -0.02865460206170319,
        "a2": 1158786429656331.8,
        "b2": -0.006452114208959002,
        "a0": 0.0005203820508435949,
        "t_hot": 154.98795706552474,
        "n_hot": 0.5802421809023152
    },
    "nlsq_std_errors": {
        "a1": 2324021316270031.5,
        "b1": 0.001966964494193913,
        "a2": 35325854225691.75,
        "b2": 8.989658309734413e-05,
        "a0": 0.0002198769566643964
    },
    "histogram": {
        "i": 1e+19,
        "l": 0.05,
        "a": 1.0,
        "filename": "hist_1e19_005_1"
    }
}