{
    "3exp": {
        "a1": 1.2922847049663602e+16,
        "b1": -0.05900350208181097,
        "a2": 1893846822092453.0,
        "b2": -0.018599394893844396,
        "a3": 731994975489137.4,
        "b3": -0.0059895382403920925,
        "t_hot": 166.95777869088906,
        "n_hot": 731994975489137.4,
        "critical_energy": 54.15513678015307
    },
    "2exp": {
        "a1": 2296769497117072.5,
        "b1": -0.020027613613038932,
        "a2": 748256678108605.9,
        "b2": -0.006026307146501786,
        "b1_stdev": 0.00021848844151345915,
        "b2_stdev": 0.0005132296530627843,
        "t_hot": 165.9391026195023,
        "n_hot": 0.3327499416292927
    },
    "nlsq": {
        "a1": 2439681676903894.5,
        "b1": -0.020926998358333473,
        "a2": 777578906539347.1,
        "b2": -0.006123476616908969,
        "a0": 0.00011638396610707344,
        "t_hot": 163.30592285412916,
        "n_hot": 0.3457895443274377
    },
    "nlsq_std_errors": {
        "a1": 133841742936905.77,
        "b1": 0.0007732650112641501,
        "a2": 26887922950958.402,
        "b2": 9.482844087024237e-05,
        "a0": 0.0001519242979362854
    },
    "histogram": {
        "i": 1e+19,
        "l": 0.05,
        "a": 3.0,
        "filename": "hist_1e19_005_3"
    }
}