{
    "3exp": {
        "a1": 1.3118317097641914e+16,
        "b1": -3.929190810295717,
        "a2": 708193292275537.5,
        "b2": -1.6695257399529753,
        "a3": 79492269602779.88,
        "b3": -0.9161961596943229,
        "t_hot": 1.0914693206459598,
        "n_hot": 79492269602779.88,
        "critical_energy": 1.6946943480378511
    },
    "2exp": {
        "a1": 1645224288062926.5,
        "b1": -2.1211876727185253,
        "a2": 140766526082989.56,
        "b2": -0.9987595842293279,
        "b1_stdev": 0.13542792596709152,
        "b2_stdev": 0.2123447490851068,
        "t_hot": 1.0012419563128692,
        "n_hot": 0.9953966064602845
    },
    "nlsq": {
        "a1": 2418729831985767.0,
        "b1": -2.398474742711874,
        "a2": 198098303653636.8,
        "b2": -1.0682838367017684,
        "a0": 0.00013068125965833553,
        "t_hot": 0.9360808107772287,
        "n_hot": 1.400804471697461
    },
    "nlsq_std_errors": {
        "a1": 915857711459646.8,
        "b1": 0.25641875134682846,
        "a2": 50119744847131.336,
        "b2": 0.05531879272540097,
        "a0": 0.0001770551033058582
    },
    "histogram": {
        "i": 1e+17,
        "l": 2.0,
        "a": 45.0,
        "filename": "hist_1e17_200_45"
    }
}