{
    "3exp": {
        "a1": 8220265611307618.0,
        "b1": -0.22317088486036019,
        "a2": 1082012419358888.6,
        "b2": -0.10003650930124862,
        "a3": 461051958299204.75,
        "b3": -0.03524932453547554,
        "t_hot": 28.369337942733697,
        "n_hot": 461051958299204.75,
        "critical_energy": 15.330050745139829
    },
    "2exp": {
        "a1": 3182876633422759.5,
        "b1": -0.13219827293864447,
        "a2": 485337463455672.06,
        "b2": -0.035877386753036346,
        "b1_stdev": 0.0029343875292615635,
        "b2_stdev": 0.0076911615281353455,
        "t_hot": 27.87271009685143,
        "n_hot": 0.3337575141648921
    },
    "nlsq": {
        "a1": 2359458930460002.0,
        "b1": -0.1153922849746895,
        "a2": 416131933877651.3,
        "b2": -0.03344764760561954,
        "a0": -0.0006196759766784585,
        "t_hot": 29.897468778401922,
        "n_hot": 0.2861661632851042
    },
    "nlsq_std_errors": {
        "a1": 385575596247704.4,
        "b1": 0.008126912957420766,
        "a2": 30518331573636.367,
        "b2": 0.001054609209482972,
        "a0": 0.0002659213954762867
    },
    "histogram": {
        "i": 1e+18,
        "l": 0.01,
        "a": 50.0,
        "filename": "hist_1e18_001_50"
    }
}