{
    "3exp": {
        "a1": 720597165642247.0,
        "b1": -0.09778304480137294,
        "a2": 68268181113649.15,
        "b2": -0.012907350399323562,
        "a3": 3186204580576.328,
        "b3": -0.0034166163482774806,
        "t_hot": 292.68723733180036,
        "n_hot": 3186204580576.328,
        "critical_energy": 57.44892470827327
    },
    "2exp": {
        "a1": 68278960597793.664,
        "b1": -0.0127191811302508,
        "a2": 2827122343063.0195,
        "b2": -0.0033376217349038533,
        "b1_stdev": 0.0002505163523370622,
        "b2_stdev": 0.0004200905700793948,
        "t_hot": 299.6145397611413,
        "n_hot": 0.024091925289406218
    },
    "histogram": {
        "i": 1e+18,
        "l": 1.0,
        "a": 1.0,
        "filename": "hist_1e18_100_1"
    }
}