{
    "3exp": {
        "a1": 152066635212221.0,
        "b1": -0.16098077544496864,
        "a2": 4200640495995.176,
        "b2": -0.01546864735077151,
        "a3": 498281462829.8081,
        "b3": -0.006776387248380717,
        "t_hot": 147.5712593371873,
        "n_hot": 498281462829.8081,
        "critical_energy": 37.099521333026836
    },
    "2exp": {
        "a1": 4010844023748.3657,
        "b1": -0.01209816041789603,
        "a2": -20376940436.19226,
        "b2": 0.005600662141052714,
        "b1_stdev": 0.009377503156058002,
        "b2_stdev": 0.011851280702300586,
        "t_hot": 82.65719460297157,
        "n_hot": 0.13545496662454254
    },
    "histogram": {
        "i": 1e+17,
        "l": 1.0,
        "a": 30.0,
        "filename": "hist_1e17_100_30"
    }
}