{
    "3exp": {
        "a1": 2814822509498105.5,
        "b1": -2.0548397275118444,
        "a2": 60195873936262.46,
        "b2": -0.3583263902752292,
        "a3": 61901688500.66907,
        "b3": 0.014693120768655322,
        "t_hot": 2.7907517479577866,
        "n_hot": 60195873936262.46,
        "critical_energy": 5.182262421006786
    },
    "2exp": {
        "a1": 72780942425972.06,
        "b1": -0.39155163869122434,
        "a2": 690567366601.2002,
        "b2": -0.09587772685768116,
        "b1_stdev": 0.05560771302794618,
        "b2_stdev": 0.08497926305458778,
        "t_hot": 10.42995107178937,
        "n_hot": 0.008275571712664498
    },
    "histogram": {
        "i": 1e+17,
        "l": 0.1,
        "a": 4.0,
        "filename": "hist_1e17_010_4"
    }
}