{
    "3exp": {
        "a1": 9995476533395014.0,
        "b1": -0.05158260753003132,
        "a2": 2363933879709258.5,
        "b2": -0.017362469684397173,
        "a3": 614946582475119.2,
        "b3": -0.006619312760486038,
        "t_hot": 151.0730851047704,
        "n_hot": 614946582475119.2,
        "critical_energy": 62.01397230779801
    },
    "2exp": {
        "a1": 2605382001929368.5,
        "b1": -0.01791967835755894,
        "a2": 623500782101707.1,
        "b2": -0.006640315394419544,
        "b1_stdev": 0.0005059023558915647,
        "b2_stdev": 0.0009613248739675545,
        "t_hot": 150.5952564904357,
        "n_hot": 0.3377802974071611
    },
    "nlsq": {
        "a1": 2615496907212045.0,
        "b1": -0.017993586247293067,
        "a2": 628762554794494.9,
        "b2": -0.0066610357163077475,
        "a0": 2.7363528107399376e-05,
        "t_hot": 150.12680348669653,
        "n_hot": 0.3406308522036887
    },
    "nlsq_std_errors": {
        "a1": 182091292862642.88,
        "b1": 0.0011744003519449761,
        "a2": 84874105794680.1,
        "b2": 0.00032328470230282794,
        "a0": 0.00031743420918142713
    },
    "histogram": {
        "i": 1e+19,
        "l": 0.01,
        "a": 30.0,
        "filename": "hist_1e19_001_30"
    }
}