{
    "3exp": {
        "a1": 143492778501200.56,
        "b1": -0.036534556493663106,
        "a2": 175674492524134.34,
        "b2": -0.015106239398402384,
        "a3": 16535379625048.463,
        "b3": -0.003994854244016904,
        "t_hot": 250.32202401319165,
        "n_hot": 16535379625048.463,
        "critical_energy": 66.40449221919901
    },
    "2exp": {
        "a1": 222535191377015.84,
        "b1": -0.016588805415659602,
        "a2": 18330245363252.902,
        "b2": -0.004189265247155517,
        "b1_stdev": 0.00011425845785468804,
        "b2_stdev": 0.0002605916903787569,
        "t_hot": 238.7053435394174,
        "n_hot": 0.10872607596408249
    },
    "nlsq": {
        "a1": 214296173482070.66,
        "b1": -0.015723598765969515,
        "a2": 13912534099541.549,
        "b2": -0.003343226191388684,
        "a0": -0.001992346105330561,
        "t_hot": 299.11227740909374,
        "n_hot": 0.08252236723421608
    },
    "nlsq_std_errors": {
        "a1": 3547213487044.712,
        "b1": 0.00025672558932764335,
        "a2": 1110579275381.6326,
        "b2": 0.00024131112828647378,
        "a0": 0.0006657146736994834
    },
    "histogram": {
        "i": 1e+18,
        "l": 5.0,
        "a": 20.0,
        "filename": "hist_1e18_500_20"
    }
}