{
    "3exp": {
        "a1": 3676577038042270.5,
        "b1": -1.9255650106262727,
        "a2": 72593573711909.39,
        "b2": -0.2966076836210772,
        "a3": 91493641060.64043,
        "b3": 0.01425567071576435,
        "t_hot": 3.3714568273879304,
        "n_hot": 72593573711909.39,
        "critical_energy": 5.465053215116248
    },
    "2exp": {
        "a1": 83933046287916.64,
        "b1": -0.3164098028789454,
        "a2": 455694709557.66046,
        "b2": -0.04616159822527378,
        "b1_stdev": 0.034603733621656564,
        "b2_stdev": 0.05449898855588921,
        "t_hot": 21.663028110939482,
        "n_hot": 0.0064297051790474045
    },
    "histogram": {
        "i": 1e+17,
        "l": 0.1,
        "a": 5.0,
        "filename": "hist_1e17_010_5"
    }
}