{
    "3exp": {
        "a1": 2179565043089552.0,
        "b1": -0.5820606870693036,
        "a2": 30725236108016.156,
        "b2": -0.15652492570939347,
        "a3": 990044900595.4415,
        "b3": -0.01906773930739736,
        "t_hot": 52.44460205159446,
        "n_hot": 990044900595.4415,
        "critical_energy": 13.67137124488057
    },
    "2exp": {
        "a1": 12159507965101.715,
        "b1": -0.11180643846981293,
        "a2": 704894880574.0123,
        "b2": -0.014822207558964393,
        "b1_stdev": 0.005087068045647062,
        "b2_stdev": 0.016827846157513197,
        "t_hot": 67.46633360934183,
        "n_hot": 0.009058882551045205
    },
    "histogram": {
        "i": 1e+17,
        "l": 1.0,
        "a": 5.0,
        "filename": "hist_1e17_100_5"
    }
}