{
    "3exp": {
        "a1": 2690644608671780.5,
        "b1": -2.8505784123484434,
        "a2": 24135075867274.72,
        "b2": -0.41501006073503516,
        "a3": -2022546308469.571,
        "b3": -0.26791625877871694,
        "t_hot": 3.7325095705592886,
        "n_hot": -2022546308469.571,
        "critical_energy": NaN
    },
    "2exp": {
        "a1": 1696172901248747.2,
        "b1": -2.677929359623737,
        "a2": 24300139143605.195,
        "b2": -0.45949296711202237,
        "b1_stdev": 0.0727409234593502,
        "b2_stdev": 0.3005417727100368,
        "t_hot": 2.176311873248333,
        "n_hot": 0.6180034292531386
    },
    "nlsq": {
        "a1": 3693865525480979.5,
        "b1": -2.9630261461114453,
        "a2": 23064698953366.42,
        "b2": -0.44334010968276705,
        "a0": -0.0006066829355703672,
        "t_hot": 2.2556046208306126,
        "n_hot": 0.5865835978812826
    },
    "nlsq_std_errors": {
        "a1": 3450133945467737.0,
        "b1": 0.40560114039095857,
        "a2": 1342355020016.5386,
        "b2": 0.013343754882745702,
        "a0": 0.0006445438269787706
    },
    "histogram": {
        "i": 1e+17,
        "l": 0.02,
        "a": 5.0,
        "filename": "hist_1e17_002_5"
    }
}