{
    "3exp": {
        "a1": 1.1835301188192852e+16,
        "b1": -0.049075684428870996,
        "a2": 2542895461948826.0,
        "b2": -0.016879935742855175,
        "a3": 855049134839236.9,
        "b3": -0.005467524058454791,
        "t_hot": 182.89814353055007,
        "n_hot": 855049134839236.9,
        "critical_energy": 60.256681623563296
    },
    "2exp": {
        "a1": 3339981280324120.0,
        "b1": -0.01834680414923685,
        "a2": 862559428617426.6,
        "b2": -0.00548436819589281,
        "b1_stdev": 0.00019098530305963803,
        "b2_stdev": 0.0004485264746291084,
        "t_hot": 182.33640854909967,
        "n_hot": 0.33430555806354456
    },
    "nlsq": {
        "a1": 3198001697745953.5,
        "b1": -0.01773184636306967,
        "a2": 828403686109449.6,
        "b2": -0.005398461901542159,
        "a0": -2.6133111180227428e-05,
        "t_hot": 185.237947074209,
        "n_hot": 0.3210676822936323
    },
    "nlsq_std_errors": {
        "a1": 142387647394373.75,
        "b1": 0.0005916174525353717,
        "a2": 36349324334825.12,
        "b2": 0.0001030226527675095,
        "a0": 0.00016263190898234802
    },
    "histogram": {
        "i": 1e+19,
        "l": 0.02,
        "a": 20.0,
        "filename": "hist_1e19_002_20"
    }
}