{
    "3exp": {
        "a1": 4362643254433838.5,
        "b1": -0.01902880284586883,
        "a2": 737054349769261.5,
        "b2": -0.0023098960501925303,
        "a3": 1631614946237.6577,
        "b3": -0.0002508155717586387,
        "t_hot": 3986.993283504367,
        "n_hot": 1631614946237.6577,
        "critical_energy": 420.2400928051357
    },
    "2exp": {
        "a1": 734585020982107.5,
        "b1": -0.0022925960248076282,
        "a2": 747393321309.1873,
        "b2": -9.491080753971291e-05,
        "b1_stdev": 0.00012267807050825395,
        "b2_stdev": 0.00017795098145046106,
        "t_hot": 10536.20789794225,
        "n_hot": 0.0006967369042113761
    },
    "nlsq": {
        "a1": 725322982987785.1,
        "b1": -0.002271511888629962,
        "a2": 378515328051244.75,
        "b2": 1.7905360293714303e-07,
        "a0": -0.3526484192190656,
        "t_hot": 440.23542425883545,
        "n_hot": 0.676162437249301
    },
    "nlsq_std_errors": {
        "a1": 5275654239957.883,
        "b1": 1.6354542731615552e-05,
        "a2": 7.274816283907155e+18,
        "b2": 0.0035244349171527104,
        "a0": 6781.7490202910385
    },
    "histogram": {
        "i": 1e+19,
        "l": 0.6,
        "a": 20.0,
        "filename": "hist_1e19_060_20"
    }
}