{
    "3exp": {
        "a1": 5341865631582603.0,
        "b1": -2.701409122677089,
        "a2": 414228125401741.06,
        "b2": -1.248042219476306,
        "a3": 14334579717493.17,
        "b3": -0.6762252950127846,
        "t_hot": 1.4787970922931746,
        "n_hot": 14334579717493.17,
        "critical_energy": 2.923515079961101
    },
    "2exp": {
        "a1": 2330471387328046.0,
        "b1": -1.9206572652450231,
        "a2": 97997510579134.22,
        "b2": -0.8906523671345384,
        "b1_stdev": 0.2817117615146506,
        "b2_stdev": 0.45299750111145687,
        "t_hot": 1.1227725169779332,
        "n_hot": 0.5577427429849602
    },
    "nlsq": {
        "a1": 2497206472015938.5,
        "b1": -1.9465506262770154,
        "a2": 100881498157062.73,
        "b2": -0.8948379870799338,
        "a0": 3.6687371735858404e-06,
        "t_hot": 1.1175207293816778,
        "n_hot": 0.5741566613890353
    },
    "nlsq_std_errors": {
        "a1": 2882977920927122.5,
        "b1": 0.4722099705065119,
        "a2": 73581827224327.77,
        "b2": 0.11622480952958404,
        "a0": 0.00010145242389861734
    },
    "histogram": {
        "i": 1e+17,
        "l": 1.0,
        "a": 50.0,
        "filename": "hist_1e17_100_50"
    }
}