{
    "3exp": {
        "a1": 897361187639894.4,
        "b1": -0.8614125883152974,
        "a2": 37336217422415.66,
        "b2": -0.3447339752039362,
        "a3": 994795385051.4994,
        "b3": -0.04536808161177706,
        "t_hot": 22.041928256018895,
        "n_hot": 994795385051.4994,
        "critical_energy": 8.338609711915797
    },
    "2exp": {
        "a1": 26417463957796.527,
        "b1": -0.30266590102829094,
        "a2": 878745805689.957,
        "b2": -0.04230659363636883,
        "b1_stdev": 0.008321662028321079,
        "b2_stdev": 0.035399249192511514,
        "t_hot": 23.636977455456275,
        "n_hot": 0.017017492670359284
    },
    "nlsq": {
        "a1": 32755707370230.07,
        "b1": -0.3221099998888555,
        "a2": 928029902891.544,
        "b2": -0.04415961754974013,
        "a0": 5.9453222495329894e-05,
        "t_hot": 22.645123655648256,
        "n_hot": 0.017971911749759352
    },
    "nlsq_std_errors": {
        "a1": 21800592920912.06,
        "b1": 0.06667445875340972,
        "a2": 311842971583.24884,
        "b2": 0.02303515708979193,
        "a0": 0.0017691314704062755
    },
    "histogram": {
        "i": 1e+17,
        "l": 5.0,
        "a": 1.0,
        "filename": "hist_1e17_500_1"
    }
}