{
    "3exp": {
        "a1": 6706574124672532.0,
        "b1": -0.3300603118304517,
        "a2": 542422647315332.56,
        "b2": -0.09372184974522936,
        "a3": 97031225305306.84,
        "b3": -0.04739971487295855,
        "t_hot": 21.09717332013949,
        "n_hot": 97031225305306.84,
        "critical_energy": 14.985501146853993
    },
    "2exp": {
        "a1": 558679081877600.7,
        "b1": -0.09215599290081582,
        "a2": 83834227288021.56,
        "b2": -0.04585016743732058,
        "b1_stdev": 0.019308773126823615,
        "b2_stdev": 0.027419817794552576,
        "t_hot": 21.81017117041173,
        "n_hot": 0.09455974399779145
    },
    "nlsq": {
        "a1": 1295829521025227.5,
        "b1": -0.18536007530359122,
        "a2": 353035133320659.9,
        "b2": -0.06487559161505421,
        "a0": 0.0004588957651350803,
        "t_hot": 15.414117622750936,
        "n_hot": 0.3982014614906292
    },
    "nlsq_std_errors": {
        "a1": 1142580069892469.5,
        "b1": 0.05327790926747527,
        "a2": 57549178675384.65,
        "b2": 0.0031896735420836246,
        "a0": 0.0002062577550853506
    },
    "histogram": {
        "i": 1e+18,
        "l": 0.01,
        "a": 60.0,
        "filename": "hist_1e18_001_60"
    }
}