{
    "3exp": {
        "a1": 1518163638093943.0,
        "b1": -0.5968307088880217,
        "a2": 45185016201612.84,
        "b2": -0.20137936075069587,
        "a3": 1855807667746.2625,
        "b3": -0.03309602224075121,
        "t_hot": 30.215111433201105,
        "n_hot": 1855807667746.2625,
        "critical_energy": 11.897328491196228
    },
    "2exp": {
        "a1": 22646748566810.63,
        "b1": -0.14969216463019686,
        "a2": 1131349179572.3833,
        "b2": -0.024337517938347927,
        "b1_stdev": 0.008701769863281547,
        "b2_stdev": 0.02518536632313492,
        "t_hot": 41.08882436299425,
        "n_hot": 0.0106269097520276
    },
    "nlsq": {
        "a1": 41698036949179.38,
        "b1": -0.20985515540174957,
        "a2": 3335495465990.569,
        "b2": -0.05918779289141593,
        "a0": 0.0015513026558945083,
        "t_hot": 16.895375737942597,
        "n_hot": 0.031330742033840134
    },
    "nlsq_std_errors": {
        "a1": 43342604926346.12,
        "b1": 0.09136451249087033,
        "a2": 3279768491064.236,
        "b2": 0.028112954680395718,
        "a0": 0.0006454040788787875
    },
    "histogram": {
        "i": 1e+17,
        "l": 0.5,
        "a": 5.0,
        "filename": "hist_1e17_050_5"
    }
}