{
    "3exp": {
        "a1": 2490851982140242.0,
        "b1": -2.2280822873282964,
        "a2": 47080079003568.89,
        "b2": -0.4156946778850542,
        "a3": -18595111742.374657,
        "b3": 0.025159494626154945,
        "t_hot": 2.405611746312795,
        "n_hot": 47080079003568.89,
        "critical_energy": NaN
    },
    "2exp": {
        "a1": 2341544753259341.5,
        "b1": -2.194222780219456,
        "a2": 48014835716797.48,
        "b2": -0.421888401701131,
        "b1_stdev": 0.02064012649873339,
        "b2_stdev": 0.07537688401651507,
        "t_hot": 2.370295073217983,
        "n_hot": 0.5238255687639047
    },
    "nlsq": {
        "a1": 1191537490108750.2,
        "b1": -1.8862874856380194,
        "a2": 42100249730626.74,
        "b2": -0.3971599471094751,
        "a0": -0.0006103668083647138,
        "t_hot": 2.5178772614861766,
        "n_hot": 0.4592994421624754
    },
    "nlsq_std_errors": {
        "a1": 230090758520975.22,
        "b1": 0.08600656996074019,
        "a2": 1749561834898.171,
        "b2": 0.007786328630325589,
        "a0": 0.00028213027941489634
    },
    "histogram": {
        "i": 1e+17,
        "l": 0.1,
        "a": 1.0,
        "filename": "hist_1e17_010_1"
    }
}