{
    "3exp": {
        "a1": 732309766688282.0,
        "b1": -0.2213397497354116,
        "a2": 39731063936841.24,
        "b2": -0.06070504293785184,
        "a3": 10356665568261.242,
        "b3": -0.010935675447752174,
        "t_hot": 91.4438257405993,
        "n_hot": 10356665568261.242,
        "critical_energy": 20.239975336604868
    },
    "2exp": {
        "a1": 44230398886972.586,
        "b1": -0.06281413560817879,
        "a2": 10393522370645.652,
        "b2": -0.01100981964876939,
        "b1_stdev": 0.0004995311425255003,
        "b2_stdev": 0.0019717461060457003,
        "t_hot": 90.8280091683222,
        "n_hot": 0.14405260193730882
    },
    "nlsq": {
        "a1": 45747303369161.74,
        "b1": -0.06320554372312313,
        "a2": 10262952730960.707,
        "b2": -0.01077863277800231,
        "a0": -0.00044902422648608994,
        "t_hot": 92.77614523066978,
        "n_hot": 0.14224292705906397
    },
    "nlsq_std_errors": {
        "a1": 4427454176338.99,
        "b1": 0.003169136720772526,
        "a2": 303896007534.8713,
        "b2": 0.00027438171949125735,
        "a0": 0.00034465631050694577
    },
    "histogram": {
        "i": 1e+18,
        "l": 2.0,
        "a": 60.0,
        "filename": "hist_1e18_200_60"
    }
}