{
    "3exp": {
        "a1": 3948110029659986.5,
        "b1": -0.02089545925527272,
        "a2": 591155079967856.1,
        "b2": -0.002794558740045032,
        "a3": 131432071247061.2,
        "b3": -0.0014881910160756899,
        "t_hot": 671.9567509801038,
        "n_hot": 131432071247061.2,
        "critical_energy": 175.32102294167177
    },
    "2exp": {
        "a1": 575358835265955.4,
        "b1": -0.0029515336535190554,
        "a2": 171123006864832.53,
        "b2": -0.001573198648852548,
        "b1_stdev": 0.00011659151983865672,
        "b2_stdev": 0.00016114403820625592,
        "t_hot": 635.6476346641762,
        "n_hot": 0.19969695304644686
    },
    "nlsq": {
        "a1": 492328120823106.3,
        "b1": -0.003243049653944429,
        "a2": 269504502986813.84,
        "b2": -0.001759940443274831,
        "a0": 0.00013582511538079886,
        "t_hot": 568.2010455644951,
        "n_hot": 0.31450609164011917
    },
    "nlsq_std_errors": {
        "a1": 38714626577452.21,
        "b1": 0.00014441642366305765,
        "a2": 44566241167453.82,
        "b2": 7.413870074031025e-05,
        "a0": 0.00011718760241844984
    },
    "histogram": {
        "i": 1e+19,
        "l": 1.0,
        "a": 5.0,
        "filename": "hist_1e19_100_5"
    }
}