{
    "3exp": {
        "a1": 3907308947348275.0,
        "b1": -0.9794734946270005,
        "a2": 188459484739648.4,
        "b2": -0.2626033238227095,
        "a3": 13895075095279.725,
        "b3": -0.07856826353283698,
        "t_hot": 12.727785431862802,
        "n_hot": 13895075095279.725,
        "critical_energy": 6.2593372809665055
    },
    "2exp": {
        "a1": 154461795918537.3,
        "b1": -0.23900839948369146,
        "a2": 10806562939976.912,
        "b2": -0.07197505811352577,
        "b1_stdev": 0.032049718534119795,
        "b2_stdev": 0.06238041432145972,
        "t_hot": 13.893701876873887,
        "n_hot": 0.11702019995364664
    },
    "nlsq": {
        "a1": 192457216488303.25,
        "b1": -0.2830231007348454,
        "a2": 22471892124387.26,
        "b2": -0.10107884485009123,
        "a0": 0.0024860519554064436,
        "t_hot": 9.893266998481112,
        "n_hot": 0.24333965612735262
    },
    "nlsq_std_errors": {
        "a1": 133366810316497.5,
        "b1": 0.12108065960044571,
        "a2": 30619617635020.973,
        "b2": 0.05289993514392651,
        "a0": 0.003544982492691159
    },
    "histogram": {
        "i": 1e+18,
        "l": 0.01,
        "a": 0.0,
        "filename": "hist_1e18_001_0"
    }
}