{
    "3exp": {
        "a1": 2991646017083537.5,
        "b1": -0.018309756562007534,
        "a2": 698152213525519.9,
        "b2": -0.0029993410984970946,
        "a3": 168632141167841.94,
        "b3": -0.001357246190523976,
        "t_hot": 736.7860060921901,
        "n_hot": 168632141167841.94,
        "critical_energy": 169.64209407603283
    },
    "2exp": {
        "a1": 738077997156263.2,
        "b1": -0.0029925124111748608,
        "a2": 154070983679694.1,
        "b2": -0.0013380157825192,
        "b1_stdev": 4.695826731774624e-05,
        "b2_stdev": 7.11395955553082e-05,
        "t_hot": 747.3753397117723,
        "n_hot": 0.15399718164237838
    },
    "nlsq": {
        "a1": 783433865990808.8,
        "b1": -0.002812769652567519,
        "a2": 91923540561478.97,
        "b2": -0.0010940789265454533,
        "a0": -0.0005615820638649443,
        "t_hot": 914.0108412082236,
        "n_hot": 0.09187950797072966
    },
    "nlsq_std_errors": {
        "a1": 7580550963302.997,
        "b1": 3.1929481202324575e-05,
        "a2": 10260239871325.352,
        "b2": 5.356921662777129e-05,
        "a0": 0.00015885831343702116
    },
    "histogram": {
        "i": 1e+19,
        "l": 2.0,
        "a": 5.0,
        "filename": "hist_1e19_200_5"
    }
}