{
    "3exp": {
        "a1": 1569828503626142.2,
        "b1": -0.2594822095952846,
        "a2": 39881278804823.195,
        "b2": -0.08266986007921033,
        "a3": 85626913290884.89,
        "b3": -0.03680943786723635,
        "t_hot": 27.16694570579379,
        "n_hot": 85626913290884.89,
        "critical_energy": 20.772387551944426
    },
    "2exp": {
        "a1": 62994033607072.35,
        "b1": -0.0460695771000956,
        "a2": 41255237678765.09,
        "b2": -0.03324920028237279,
        "b1_stdev": 0.12168483154698517,
        "b2_stdev": 0.1440866550024834,
        "t_hot": 30.075911345457364,
        "n_hot": 0.17225212101325
    },
    "nlsq": {
        "a1": 400312314207194.4,
        "b1": -0.15067717785068524,
        "a2": 83149994404838.84,
        "b2": -0.036005587413889706,
        "a0": -0.00025061893559925706,
        "t_hot": 27.773467170660147,
        "n_hot": 0.34717441237396085
    },
    "nlsq_std_errors": {
        "a1": 698518615728618.5,
        "b1": 0.06440658582974587,
        "a2": 7515593375778.165,
        "b2": 0.0013751932861177669,
        "a0": 0.00033144034099203
    },
    "histogram": {
        "i": 1e+18,
        "l": 0.05,
        "a": 10.0,
        "filename": "hist_1e18_005_10"
    }
}