{
    "3exp": {
        "a1": 5626092644291528.0,
        "b1": -0.21062051834855838,
        "a2": 868087267243741.1,
        "b2": -0.0957549170510812,
        "a3": 367271880898982.44,
        "b3": -0.03252250601182031,
        "t_hot": 30.747938047472413,
        "n_hot": 367271880898982.44,
        "critical_energy": 15.323405503548345
    },
    "2exp": {
        "a1": 3508905439512308.0,
        "b1": -0.13620353800055368,
        "a2": 388443772151136.94,
        "b2": -0.033144198816818016,
        "b1_stdev": 0.001813167599103004,
        "b2_stdev": 0.005257003753048403,
        "t_hot": 30.171192416712767,
        "n_hot": 0.3416136464693168
    },
    "nlsq": {
        "a1": 2494829577044637.0,
        "b1": -0.11970418287750027,
        "a2": 343574790180394.7,
        "b2": -0.03128593361094537,
        "a0": -0.0005367009538497472,
        "t_hot": 31.96324624463661,
        "n_hot": 0.30215399324973197
    },
    "nlsq_std_errors": {
        "a1": 331532309621153.4,
        "b1": 0.006137937361072688,
        "a2": 17179472308209.543,
        "b2": 0.0007231802162538771,
        "a0": 0.00022978360195482665
    },
    "histogram": {
        "i": 1e+18,
        "l": 0.01,
        "a": 45.0,
        "filename": "hist_1e18_001_45"
    }
}