{
    "3exp": {
        "a1": 1270420475198052.5,
        "b1": -0.21296105546759403,
        "a2": 130830570150917.45,
        "b2": -0.0719531832690497,
        "a3": 29293998967273.453,
        "b3": -0.017214027443504497,
        "t_hot": 58.09215788007459,
        "n_hot": 29293998967273.453,
        "critical_energy": 19.25812393628652
    },
    "2exp": {
        "a1": 171059431428340.44,
        "b1": -0.0775165377307887,
        "a2": 29620037378863.88,
        "b2": -0.017402074308135566,
        "b1_stdev": 0.0009607491710608106,
        "b2_stdev": 0.0029253390737303685,
        "t_hot": 57.46441385625474,
        "n_hot": 0.1266729965583699
    },
    "nlsq": {
        "a1": 160944603581516.97,
        "b1": -0.07340011352473066,
        "a2": 26940731793772.43,
        "b2": -0.01615487251576981,
        "a0": -0.0007112167753986148,
        "t_hot": 61.90082893095168,
        "n_hot": 0.11521468329502153
    },
    "nlsq_std_errors": {
        "a1": 14498108555069.629,
        "b1": 0.0038730374855495066,
        "a2": 1704559685398.685,
        "b2": 0.0006874032915997392,
        "a0": 0.00034040731866454726
    },
    "histogram": {
        "i": 1e+18,
        "l": 0.5,
        "a": 50.0,
        "filename": "hist_1e18_050_50"
    }
}