{
    "3exp": {
        "a1": 9053896768219508.0,
        "b1": -0.05381152423895634,
        "a2": 1737991354582798.0,
        "b2": -0.016590978907649222,
        "a3": 533872956956307.0,
        "b3": -0.006287449832617105,
        "t_hot": 159.04699466743216,
        "n_hot": 533872956956307.0,
        "critical_energy": 59.56544465455588
    },
    "2exp": {
        "a1": 1806935887283249.8,
        "b1": -0.016311823647175445,
        "a2": 506164031843239.3,
        "b2": -0.0062119565508850045,
        "b1_stdev": 0.00033316946154958227,
        "b2_stdev": 0.0006201618132486731,
        "t_hot": 160.97987676000923,
        "n_hot": 0.29657510883047306
    },
    "nlsq": {
        "a1": 1751770616953382.0,
        "b1": -0.015365985310352716,
        "a2": 442204792967016.6,
        "b2": -0.005940240559211977,
        "a0": -9.16863890238076e-05,
        "t_hot": 168.34335075020235,
        "n_hot": 0.25909967194224975
    },
    "nlsq_std_errors": {
        "a1": 47904329337119.26,
        "b1": 0.0006348367467213995,
        "a2": 47579273339171.78,
        "b2": 0.00022463178944654157,
        "a0": 0.00016253555643254143
    },
    "histogram": {
        "i": 1e+19,
        "l": 0.1,
        "a": 0.0,
        "filename": "hist_1e19_010_0"
    }
}