{
    "3exp": {
        "a1": 184163947124537.94,
        "b1": -0.3685633071487096,
        "a2": 37975359455969.91,
        "b2": -0.1821582785647149,
        "a3": 5017750064647.65,
        "b3": -0.041508721161201745,
        "t_hot": 24.091322787720603,
        "n_hot": 5017750064647.65,
        "critical_energy": 11.016034916772377
    },
    "2exp": {
        "a1": 44319691905545.24,
        "b1": -0.1798407861215544,
        "a2": 4706265906732.449,
        "b2": -0.0403732113889298,
        "b1_stdev": 0.014905049028679132,
        "b2_stdev": 0.0396293296179737,
        "t_hot": 24.76889911893897,
        "n_hot": 0.06626397340500124
    },
    "nlsq": {
        "a1": 127339047588475.12,
        "b1": -0.27851720588894185,
        "a2": 8856493736585.889,
        "b2": -0.062356149457508815,
        "a0": 0.003277912990778312,
        "t_hot": 16.036910692848785,
        "n_hot": 0.12469896029103626
    },
    "nlsq_std_errors": {
        "a1": 154647008073293.84,
        "b1": 0.1043738397503881,
        "a2": 3860425905283.5835,
        "b2": 0.01646427680991809,
        "a0": 0.0021628268154376953
    },
    "histogram": {
        "i": 1e+17,
        "l": 0.1,
        "a": 10.0,
        "filename": "hist_1e17_010_10"
    }
}