{
    "3exp": {
        "a1": 954363338677272.0,
        "b1": -0.03564554357320247,
        "a2": 161356811446090.44,
        "b2": -0.009395784220608204,
        "a3": 46163599641014.875,
        "b3": -0.003369846516364298,
        "t_hot": 296.74942023142717,
        "n_hot": 46163599641014.875,
        "critical_energy": 93.84314305512291
    },
    "2exp": {
        "a1": 194812146874616.9,
        "b1": -0.010774215542788651,
        "a2": 54227389678143.266,
        "b2": -0.0035699866941899805,
        "b1_stdev": 0.0002796229907879338,
        "b2_stdev": 0.0005672988733095511,
        "t_hot": 280.11308883236524,
        "n_hot": 0.1524218335637461
    },
    "nlsq": {
        "a1": 325389945779931.5,
        "b1": -0.017301328058635518,
        "a2": 93383244590419.94,
        "b2": -0.00451433883635035,
        "a0": 0.0010840273411493238,
        "t_hot": 221.5163806375813,
        "n_hot": 0.26248073988227677
    },
    "nlsq_std_errors": {
        "a1": 45074346275352.09,
        "b1": 0.001301843773525387,
        "a2": 5251268627587.014,
        "b2": 0.00012863520020036062,
        "a0": 0.0002953293134146743
    },
    "histogram": {
        "i": 1e+18,
        "l": 0.5,
        "a": 30.0,
        "filename": "hist_1e18_050_30"
    }
}