{
    "3exp": {
        "a1": 2274449390519144.0,
        "b1": -2.368531212748168,
        "a2": 35659999538305.55,
        "b2": -0.378990995476328,
        "a3": -2880539631608.6406,
        "b3": -0.25792884537474675,
        "t_hot": 3.877038252728548,
        "n_hot": -2880539631608.6406,
        "critical_energy": NaN
    },
    "2exp": {
        "a1": 2113267082468637.2,
        "b1": -2.370895857418816,
        "a2": 35441692057805.68,
        "b2": -0.41143776149698413,
        "b1_stdev": 0.035729815663379336,
        "b2_stdev": 0.1461182954349177,
        "t_hot": 2.4305012655172393,
        "n_hot": 0.63439168935521
    },
    "nlsq": {
        "a1": 1632813382536208.5,
        "b1": -2.234058618613949,
        "a2": 32933964555373.332,
        "b2": -0.395624431327894,
        "a0": -0.00048104653612628134,
        "t_hot": 2.5276497627903036,
        "n_hot": 0.589504399997923
    },
    "nlsq_std_errors": {
        "a1": 658356799820331.1,
        "b1": 0.16105762045710423,
        "a2": 1056643280571.8271,
        "b2": 0.0061340900684231205,
        "a0": 0.0002845574515545803
    },
    "histogram": {
        "i": 1e+17,
        "l": 0.05,
        "a": 2.0,
        "filename": "hist_1e17_005_2"
    }
}