{
    "3exp": {
        "a1": 3026557345298613.5,
        "b1": -0.9001933934634434,
        "a2": 123330168455980.16,
        "b2": -0.3835980046806134,
        "a3": 5656056195104.65,
        "b3": -0.09563706451847444,
        "t_hot": 10.456197134813017,
        "n_hot": 5656056195104.65,
        "critical_energy": 7.808594591615863
    },
    "2exp": {
        "a1": 29296523754900.48,
        "b1": -0.22185778144063184,
        "a2": 2231252631905.597,
        "b2": -0.07041480271357281,
        "b1_stdev": 0.018568024729822764,
        "b2_stdev": 0.03433617209770254,
        "t_hot": 14.201559352054321,
        "n_hot": 0.014933960314744673
    },
    "nlsq": {
        "a1": 31860185737301.848,
        "b1": -0.24646343822766814,
        "a2": 3990641403142.5405,
        "b2": -0.09268738969810165,
        "a0": 0.0002580433400263451,
        "t_hot": 10.78895417442618,
        "n_hot": 0.02670969637983565
    },
    "nlsq_std_errors": {
        "a1": 7585755810844.843,
        "b1": 0.05566819430964767,
        "a2": 3816101553627.397,
        "b2": 0.03409559670389583,
        "a0": 0.00028702335371239316
    },
    "histogram": {
        "i": 1e+17,
        "l": 2.0,
        "a": 1.0,
        "filename": "hist_1e17_200_1"
    }
}