{
    "3exp": {
        "a1": 7182230844533416.0,
        "b1": -0.01697956376562722,
        "a2": 992107350787735.0,
        "b2": -0.0027448343979038165,
        "a3": 129790212355357.45,
        "b3": -0.0013258917404691008,
        "t_hot": 754.2093894077655,
        "n_hot": 129790212355357.45,
        "critical_energy": 256.39006068806725
    },
    "2exp": {
        "a1": 993398996059058.1,
        "b1": -0.002671195281280783,
        "a2": 106536699689546.5,
        "b2": -0.0012759132879742816,
        "b1_stdev": 0.0001705566185271661,
        "b2_stdev": 0.00023594605252323105,
        "t_hot": 783.7523203380548,
        "n_hot": 0.06339509693194903
    },
    "nlsq": {
        "a1": 1027142083216147.9,
        "b1": -0.002616603962840999,
        "a2": 68822583799427.13,
        "b2": -0.00104944015821093,
        "a0": -0.0004450920957964427,
        "t_hot": 952.8890162777695,
        "n_hot": 0.040953158712311526
    },
    "nlsq_std_errors": {
        "a1": 27708358153172.434,
        "b1": 7.470702985580907e-05,
        "a2": 37167628189993.086,
        "b2": 0.0002604745123065694,
        "a0": 0.00047218073459574745
    },
    "histogram": {
        "i": 1e+19,
        "l": 0.5,
        "a": 30.0,
        "filename": "hist_1e19_050_30"
    }
}