{
    "3exp": {
        "a1": 563618724986316.8,
        "b1": -0.043474735042432794,
        "a2": 165462190131524.28,
        "b2": -0.018201547462122644,
        "a3": 64421613513673.78,
        "b3": -0.004977797212626534,
        "t_hot": 200.89207279545846,
        "n_hot": 64421613513673.78,
        "critical_energy": 56.34029445624344
    },
    "2exp": {
        "a1": 459561938938084.2,
        "b1": -0.02532080380319443,
        "a2": 68053841441224.61,
        "b2": -0.005130850166700034,
        "b1_stdev": 0.00020287554497935156,
        "b2_stdev": 0.0006675545399242472,
        "t_hot": 194.89947426064901,
        "n_hot": 0.1900831496304286
    },
    "nlsq": {
        "a1": 372987983450761.06,
        "b1": -0.021706024919870497,
        "a2": 54437077211552.305,
        "b2": -0.004252277720018889,
        "a0": -0.0029332058273058284,
        "t_hot": 235.16808304692714,
        "n_hot": 0.15204977226720517
    },
    "nlsq_std_errors": {
        "a1": 18172825636119.74,
        "b1": 0.0007649264630195517,
        "a2": 3014689447756.425,
        "b2": 0.00022007227772442335,
        "a0": 0.0009040578325160083
    },
    "histogram": {
        "i": 1e+18,
        "l": 0.2,
        "a": 20.0,
        "filename": "hist_1e18_020_20"
    }
}