{
    "3exp": {
        "a1": 7.388507546099096e+16,
        "b1": -0.11630796606047672,
        "a2": 4670055751458610.0,
        "b2": -0.04332133682096989,
        "a3": 833242949533711.1,
        "b3": -0.012239653635456324,
        "t_hot": 81.70165837889068,
        "n_hot": 833242949533711.1,
        "critical_energy": 43.09612379034688
    },
    "2exp": {
        "a1": 4405578715569563.5,
        "b1": -0.0419934872477073,
        "a2": 812789813119987.0,
        "b2": -0.012169623952872959,
        "b1_stdev": 0.001047895206821392,
        "b2_stdev": 0.002601470347296629,
        "t_hot": 82.1718077627143,
        "n_hot": 0.3641593162188029
    },
    "nlsq": {
        "a1": 4441660990687745.5,
        "b1": -0.04196540844256366,
        "a2": 808375475706170.4,
        "b2": -0.012148094575498175,
        "a0": 4.627001642568837e-05,
        "t_hot": 82.31743618599475,
        "n_hot": 0.3621815329490989
    },
    "nlsq_std_errors": {
        "a1": 1137293689568847.0,
        "b1": 0.0036081988029896543,
        "a2": 45127035778682.77,
        "b2": 0.0002553373504494104,
        "a0": 0.00013754471387771467
    },
    "histogram": {
        "i": 1e+19,
        "l": 0.01,
        "a": 60.0,
        "filename": "hist_1e19_001_60"
    }
}