{
    "3exp": {
        "a1": 2454538874555350.5,
        "b1": -0.30672931041026175,
        "a2": 330936099150383.3,
        "b2": -0.10989330173782332,
        "a3": 87836650087546.45,
        "b3": -0.029485246227200057,
        "t_hot": 33.915267055748814,
        "n_hot": 87836650087546.45,
        "critical_energy": 12.011854467481003
    },
    "2exp": {
        "a1": 483705477270009.3,
        "b1": -0.12456904693574394,
        "a2": 90864721488351.11,
        "b2": -0.02981635944886157,
        "b1_stdev": 0.0012100938250475522,
        "b2_stdev": 0.003511689159447395,
        "t_hot": 33.5386351145623,
        "n_hot": 0.2027076634828243
    },
    "nlsq": {
        "a1": 907060408959886.0,
        "b1": -0.1612634232714412,
        "a2": 107394526108366.17,
        "b2": -0.03235348705570827,
        "a0": 0.0004536874993808745,
        "t_hot": 30.90856940020521,
        "n_hot": 0.23958356006255918
    },
    "nlsq_std_errors": {
        "a1": 118559760320810.12,
        "b1": 0.007176747230433961,
        "a2": 2986536364346.402,
        "b2": 0.000504445355673279,
        "a0": 0.00016119617539538054
    },
    "histogram": {
        "i": 1e+18,
        "l": 0.2,
        "a": 60.0,
        "filename": "hist_1e18_020_60"
    }
}