{
    "3exp": {
        "a1": 3399833761342444.5,
        "b1": -2.377284716131091,
        "a2": 62446188446914.92,
        "b2": -0.4853385992094095,
        "a3": 8061641871452.812,
        "b3": -0.2693070380159373,
        "t_hot": 3.7132338143380457,
        "n_hot": 8061641871452.812,
        "critical_energy": 2.867375986249449
    },
    "2exp": {
        "a1": 64055024977800.8,
        "b1": -0.49372782577228547,
        "a2": 8586762582291.78,
        "b2": -0.2708769889384794,
        "b1_stdev": 0.2004443082635653,
        "b2_stdev": 0.26554687358284235,
        "t_hot": 3.691712625420229,
        "n_hot": 0.0929629882431886
    },
    "nlsq": {
        "a1": 931848528855103.2,
        "b1": -1.7388454998020269,
        "a2": 55073675415117.34,
        "b2": -0.4025264586751364,
        "a0": 0.0005238608113095952,
        "t_hot": 2.4843087415703557,
        "n_hot": 0.5962449049986749
    },
    "nlsq_std_errors": {
        "a1": 2399692813552594.0,
        "b1": 0.7259623279337521,
        "a2": 3773542707907.5425,
        "b2": 0.009787872397822613,
        "a0": 0.00021715474854268175
    },
    "histogram": {
        "i": 1e+17,
        "l": 0.1,
        "a": 3.0,
        "filename": "hist_1e17_010_3"
    }
}