{
    "3exp": {
        "a1": 2042350833601545.5,
        "b1": -0.9108602452730095,
        "a2": 133688673554857.44,
        "b2": -0.36753943795035415,
        "a3": 831612575935.2611,
        "b3": -0.03449313210126632,
        "t_hot": 28.991278526524063,
        "n_hot": 831612575935.2611,
        "critical_energy": 8.907506085053603
    },
    "2exp": {
        "a1": 49319655096022.15,
        "b1": -0.293218853089437,
        "a2": 720005332617.1364,
        "b2": -0.031535464291243355,
        "b1_stdev": 0.00479699286276266,
        "b2_stdev": 0.024453507156940585,
        "t_hot": 31.710330653913225,
        "n_hot": 0.01050058174295801
    },
    "nlsq": {
        "a1": 42553420701346.26,
        "b1": -0.27891330982822116,
        "a2": 721503762168.5164,
        "b2": -0.0183197822975842,
        "a0": -0.002029490274735562,
        "t_hot": 54.58580149895495,
        "n_hot": 0.01052243488942449
    },
    "nlsq_std_errors": {
        "a1": 19222681161961.934,
        "b1": 0.03823806280075544,
        "a2": 204926927396.57495,
        "b2": 0.024120187735094355,
        "a0": 0.006130472168478984
    },
    "histogram": {
        "i": 1e+17,
        "l": 5.0,
        "a": 0.0,
        "filename": "hist_1e17_500_0"
    }
}