{
    "3exp": {
        "a1": 877570750863587.8,
        "b1": -0.6892683543538917,
        "a2": 8229490239234.803,
        "b2": -0.21132111677613122,
        "a3": 1167807086592.5908,
        "b3": -0.03917139408658915,
        "t_hot": 25.52883356128403,
        "n_hot": 1167807086592.5908,
        "critical_energy": 10.186218794125088
    },
    "2exp": {
        "a1": 3203915763220.583,
        "b1": -0.1392108153290775,
        "a2": 965644385472.0856,
        "b2": -0.0361166409462629,
        "b1_stdev": 0.020426324528087098,
        "b2_stdev": 0.05190678771073301,
        "t_hot": 27.688067710612305,
        "n_hot": 0.01984792122182601
    },
    "nlsq": {
        "a1": 13376950068428.9,
        "b1": -0.26977867834970165,
        "a2": 1482672913785.0688,
        "b2": -0.047905780434383,
        "a0": 0.0005122351416645076,
        "t_hot": 20.874307670860503,
        "n_hot": 0.03047496121064742
    },
    "nlsq_std_errors": {
        "a1": 26083377604009.953,
        "b1": 0.15340640646034318,
        "a2": 389958685818.0192,
        "b2": 0.009560565617225411,
        "a0": 0.0005338544267216635
    },
    "histogram": {
        "i": 1e+17,
        "l": 5.0,
        "a": 20.0,
        "filename": "hist_1e17_500_20"
    }
}