{
    "3exp": {
        "a1": 5054357703004903.0,
        "b1": -0.08967652885904559,
        "a2": 631932915369668.0,
        "b2": -0.015932519026021223,
        "a3": -9578320464399.848,
        "b3": -0.005552554711903399,
        "t_hot": 180.09727988023786,
        "n_hot": -9578320464399.848,
        "critical_energy": NaN
    },
    "2exp": {
        "a1": 967431221565394.8,
        "b1": -0.04722267122651684,
        "a2": 579900568474788.2,
        "b2": -0.01654964568000568,
        "b1_stdev": 0.002592836651061105,
        "b2_stdev": 0.005406120926279219,
        "t_hot": 60.424254351749774,
        "n_hot": 0.4059310017339481
    },
    "nlsq": {
        "a1": 2798560247219645.5,
        "b1": -0.0706133664877144,
        "a2": 573399212183341.6,
        "b2": -0.015646229317177397,
        "a0": -0.0009145639798969771,
        "t_hot": 63.913162700621946,
        "n_hot": 0.401380045560621
    },
    "nlsq_std_errors": {
        "a1": 193509587113397.53,
        "b1": 0.002013327450812647,
        "a2": 9386777014894.479,
        "b2": 0.00013524368290970362,
        "a0": 0.00012828310379888909
    },
    "histogram": {
        "i": 1e+18,
        "l": 0.1,
        "a": 50.0,
        "filename": "hist_1e18_010_50"
    }
}