{
    "3exp": {
        "a1": 5279066761231703.0,
        "b1": -0.023067506002933388,
        "a2": 788912567870212.2,
        "b2": -0.0027933301517970585,
        "a3": 93089288508009.86,
        "b3": -0.0013806336020577516,
        "t_hot": 724.3051295503456,
        "n_hot": 93089288508009.86,
        "critical_energy": 186.193076282603
    },
    "2exp": {
        "a1": 811159394743851.0,
        "b1": -0.0027200537742208914,
        "a2": 65600121834224.09,
        "b2": -0.001282386186134206,
        "b1_stdev": 8.70043491789873e-05,
        "b2_stdev": 0.00011969317069959132,
        "t_hot": 779.7962975681544,
        "n_hot": 0.07608497417395263
    },
    "nlsq": {
        "a1": 839665109446548.8,
        "b1": -0.0026109945067780225,
        "a2": 24032456249085.26,
        "b2": -0.0008397786566508502,
        "a0": -0.0005434629296422045,
        "t_hot": 1190.7899683806372,
        "n_hot": 0.027873558187423236
    },
    "nlsq_std_errors": {
        "a1": 4181332371779.4316,
        "b1": 2.2396506124769835e-05,
        "a2": 6295734259514.029,
        "b2": 0.00012895363706872493,
        "a0": 0.0002657948175143166
    },
    "histogram": {
        "i": 1e+19,
        "l": 1.0,
        "a": 0.0,
        "filename": "hist_1e19_100_0"
    }
}