{
    "3exp": {
        "a1": 7165747451908927.0,
        "b1": -1.2729019610589012,
        "a2": 509526026623373.1,
        "b2": -0.5059554008301709,
        "a3": 3869179312868.262,
        "b3": -0.11150261048244163,
        "t_hot": 8.968399893717919,
        "n_hot": 3869179312868.262,
        "critical_energy": 6.478413502011848
    },
    "2exp": {
        "a1": 382958227989582.56,
        "b1": -0.4719436576232807,
        "a2": 3139373307127.322,
        "b2": -0.10374742704553781,
        "b1_stdev": 0.009078307635674854,
        "b2_stdev": 0.021961873153729966,
        "t_hot": 9.63879325470954,
        "n_hot": 0.014301907168168279
    },
    "nlsq": {
        "a1": 620564502789151.5,
        "b1": -0.5355498283067439,
        "a2": 6538815203480.8125,
        "b2": -0.144176061795881,
        "a0": 0.00021751894986753872,
        "t_hot": 6.935964178406829,
        "n_hot": 0.029788597557887438
    },
    "nlsq_std_errors": {
        "a1": 192858508525960.03,
        "b1": 0.040725480457905146,
        "a2": 2654022591505.0156,
        "b2": 0.02284608654244405,
        "a0": 0.00011141074172786747
    },
    "histogram": {
        "i": 1e+17,
        "l": 1.0,
        "a": 1.0,
        "filename": "hist_1e17_100_1"
    }
}