{
    "3exp": {
        "a1": 378861459620139.3,
        "b1": -0.1270315915087014,
        "a2": 58184888165314.89,
        "b2": -0.03754811542260562,
        "a3": 18581204364742.09,
        "b3": -0.009921451671402015,
        "t_hot": 100.79170197264979,
        "n_hot": 18581204364742.09,
        "critical_energy": 25.745166462683006
    },
    "2exp": {
        "a1": 77039249078732.98,
        "b1": -0.04217242191022648,
        "a2": 19267393372713.21,
        "b2": -0.010061721990787625,
        "b1_stdev": 0.00032139860038811463,
        "b2_stdev": 0.0009254121901623299,
        "t_hot": 99.3865663268759,
        "n_hot": 0.22731499077548578
    },
    "nlsq": {
        "a1": 88284646934452.89,
        "b1": -0.046172105591345776,
        "a2": 20720620009691.863,
        "b2": -0.01044294636202761,
        "a0": 0.0002372371853801975,
        "t_hot": 95.75841580841359,
        "n_hot": 0.24446002919294632
    },
    "nlsq_std_errors": {
        "a1": 4944174866331.224,
        "b1": 0.0015771291726684592,
        "a2": 630895582824.254,
        "b2": 0.00019177951072708898,
        "a0": 0.00023611908131165974
    },
    "histogram": {
        "i": 1e+18,
        "l": 2.0,
        "a": 45.0,
        "filename": "hist_1e18_200_45"
    }
}