{
    "3exp": {
        "a1": 3375013924419139.5,
        "b1": -0.22070053182309524,
        "a2": 202801685158806.62,
        "b2": -0.06192127661215221,
        "a3": 209552611746604.38,
        "b3": -0.027642780376926777,
        "t_hot": 36.17581105678836,
        "n_hot": 209552611746604.38,
        "critical_energy": 17.70965699626273
    },
    "2exp": {
        "a1": 595974719569416.5,
        "b1": -0.09585604904589207,
        "a2": 227717660913941.56,
        "b2": -0.028411502025619602,
        "b1_stdev": 0.0019125178588103831,
        "b2_stdev": 0.00463458591260358,
        "t_hot": 35.197012783705226,
        "n_hot": 0.2623805236787698
    },
    "nlsq": {
        "a1": 598584448717615.0,
        "b1": -0.09089830811071077,
        "a2": 206800122529464.06,
        "b2": -0.026974758000836728,
        "a0": -0.00039882377279405013,
        "t_hot": 37.07169495159071,
        "n_hot": 0.23827894695712887
    },
    "nlsq_std_errors": {
        "a1": 45518440775955.11,
        "b1": 0.004374781752367014,
        "a2": 8290577660254.946,
        "b2": 0.0004770529648263302,
        "a0": 0.00012063201415633293
    },
    "histogram": {
        "i": 1e+18,
        "l": 0.1,
        "a": 60.0,
        "filename": "hist_1e18_010_60"
    }
}