{
    "3exp": {
        "a1": 1051954399962446.6,
        "b1": -0.27775964742915066,
        "a2": 85046578402702.78,
        "b2": -0.04484236775794097,
        "a3": -3680818807.7127233,
        "b3": 0.038075710072509136,
        "t_hot": 22.300338942805126,
        "n_hot": 85046578402702.78,
        "critical_energy": NaN
    },
    "2exp": {
        "a1": 688029917949793.5,
        "b1": -0.23946244308236705,
        "a2": 83119283792404.58,
        "b2": -0.04491251602755834,
        "b1_stdev": 0.0021677939814005033,
        "b2_stdev": 0.007999873980376477,
        "t_hot": 22.265508335948038,
        "n_hot": 0.2917162023510556
    },
    "nlsq": {
        "a1": 601410050309674.0,
        "b1": -0.22188480239300695,
        "a2": 75056833627444.6,
        "b2": -0.041406940639288424,
        "a0": -0.0015497778296224218,
        "t_hot": 24.150540575102603,
        "n_hot": 0.26342015314975475
    },
    "nlsq_std_errors": {
        "a1": 54867910192821.016,
        "b1": 0.0088834938758796,
        "a2": 2695006464241.0503,
        "b2": 0.001049562430574689,
        "a0": 0.0004685821874617925
    },
    "histogram": {
        "i": 1e+17,
        "l": 0.1,
        "a": 50.0,
        "filename": "hist_1e17_010_50"
    }
}