{
    "3exp": {
        "a1": 375507160073933.0,
        "b1": -0.06503123353501879,
        "a2": 37631321268751.37,
        "b2": -0.017120005444759556,
        "a3": 24643021799995.35,
        "b3": -0.008998804372564582,
        "t_hot": 111.12587390484727,
        "n_hot": 24643021799995.35,
        "critical_energy": 48.61084573183477
    },
    "2exp": {
        "a1": 492924150622867.94,
        "b1": -0.05586812927396664,
        "a2": 42328209317385.29,
        "b2": -0.010428537445400543,
        "b1_stdev": 0.001206378414255923,
        "b2_stdev": 0.004528717270242125,
        "t_hot": 95.89072343419022,
        "n_hot": 0.23658561079869078
    },
    "nlsq": {
        "a1": 481843475844086.44,
        "b1": -0.05363279783471276,
        "a2": 37914270775252.81,
        "b2": -0.009575842872485057,
        "a0": -0.0011155673980761285,
        "t_hot": 104.42944953424103,
        "n_hot": 0.21191472670368644
    },
    "nlsq_std_errors": {
        "a1": 154720330579632.75,
        "b1": 0.005190290566819964,
        "a2": 2440768529892.901,
        "b2": 0.0004248628476352882,
        "a0": 0.0006708508362733247
    },
    "histogram": {
        "i": 1e+18,
        "l": 0.2,
        "a": 10.0,
        "filename": "hist_1e18_020_10"
    }
}