{
    "3exp": {
        "a1": 269921525595782.34,
        "b1": -0.1626610998125339,
        "a2": 22666407915308.387,
        "b2": -0.048883156166457616,
        "a3": 8200002471723.281,
        "b3": -0.010480139661980338,
        "t_hot": 95.41857573022448,
        "n_hot": 8200002471723.281,
        "critical_energy": 22.959487255532146
    },
    "2exp": {
        "a1": 41146337847456.97,
        "b1": -0.059987125608826616,
        "a2": 8508032169418.851,
        "b2": -0.01077435252277443,
        "b1_stdev": 0.0013476737197442058,
        "b2_stdev": 0.005103553988919691,
        "t_hot": 92.81300179163776,
        "n_hot": 0.14170286945947155
    },
    "nlsq": {
        "a1": 42510006654291.29,
        "b1": -0.05859016376893327,
        "a2": 7882847195463.8,
        "b2": -0.00947770661976659,
        "a0": -0.0029512625695172195,
        "t_hot": 105.51075699203562,
        "n_hot": 0.13129029661203873
    },
    "nlsq_std_errors": {
        "a1": 9548991029698.285,
        "b1": 0.007432545152076896,
        "a2": 784576878667.0721,
        "b2": 0.0011008705459191102,
        "a0": 0.0021933024047541064
    },
    "histogram": {
        "i": 1e+17,
        "l": 0.5,
        "a": 30.0,
        "filename": "hist_1e17_050_30"
    }
}