{
    "3exp": {
        "a1": 1842660840497818.2,
        "b1": -2.338160260704397,
        "a2": 27778358099216.293,
        "b2": -0.3830918373751157,
        "a3": -1230934689645.196,
        "b3": -0.20833589889274706,
        "t_hot": 4.799940890239026,
        "n_hot": -1230934689645.196,
        "critical_energy": NaN
    },
    "2exp": {
        "a1": 1915460876208681.0,
        "b1": -2.3543629143173352,
        "a2": 29147235713872.195,
        "b2": -0.4186075672237162,
        "b1_stdev": 0.02941702898271939,
        "b2_stdev": 0.1164480502968473,
        "t_hot": 2.388872247657125,
        "n_hot": 0.5442944179077649
    },
    "nlsq": {
        "a1": 1014585818869636.1,
        "b1": -2.044597107921861,
        "a2": 24748682960706.336,
        "b2": -0.3844055272915582,
        "a0": -0.00096867430387453,
        "t_hot": 2.6014194099803745,
        "n_hot": 0.4621560040312967
    },
    "nlsq_std_errors": {
        "a1": 249862904321576.94,
        "b1": 0.10818313271381079,
        "a2": 1073113064852.668,
        "b2": 0.00841243256272247,
        "a0": 0.0003593561565130828
    },
    "histogram": {
        "i": 1e+17,
        "l": 0.05,
        "a": 0.0,
        "filename": "hist_1e17_005_0"
    }
}