{
    "3exp": {
        "a1": 1.0454457836391978e+16,
        "b1": -0.0436101342646156,
        "a2": 1967482628319313.5,
        "b2": -0.01316070631096825,
        "a3": 619383479513641.1,
        "b3": -0.004560916596770324,
        "t_hot": 219.25417375711714,
        "n_hot": 619383479513641.1,
        "critical_energy": 72.3717228410916
    },
    "2exp": {
        "a1": 2368709232670297.0,
        "b1": -0.014443320498916362,
        "a2": 659095377752834.9,
        "b2": -0.004644534992816946,
        "b1_stdev": 0.00017975812528031054,
        "b2_stdev": 0.0003883586123468331,
        "t_hot": 215.3068071500291,
        "n_hot": 0.2852627132590222
    },
    "nlsq": {
        "a1": 2930946225201611.0,
        "b1": -0.01715733875003423,
        "a2": 805816746605758.6,
        "b2": -0.005044311431207725,
        "a0": 0.0005091346240205808,
        "t_hot": 198.24311278904855,
        "n_hot": 0.3487651093989605
    },
    "nlsq_std_errors": {
        "a1": 172764911435031.12,
        "b1": 0.0006443371128890162,
        "a2": 31626929680315.535,
        "b2": 8.892153580070292e-05,
        "a0": 0.00018543670994385618
    },
    "histogram": {
        "i": 1e+19,
        "l": 0.01,
        "a": 2.0,
        "filename": "hist_1e19_001_2"
    }
}