{
    "3exp": {
        "a1": 346942446020024.1,
        "b1": -0.03628374770195351,
        "a2": 49558456692641.05,
        "b2": -0.01275183379417644,
        "a3": 19702113356756.35,
        "b3": -0.004410279337574796,
        "t_hot": 226.74300729211816,
        "n_hot": 19702113356756.35,
        "critical_energy": 89.99437917460428
    },
    "2exp": {
        "a1": 153717710567730.34,
        "b1": -0.018998422866587747,
        "a2": 21718227935310.816,
        "b2": -0.00461451527244179,
        "b1_stdev": 0.0001929640257060869,
        "b2_stdev": 0.0005405739240210162,
        "t_hot": 216.70748517662742,
        "n_hot": 0.13222408179356623
    },
    "nlsq": {
        "a1": 130435883082946.08,
        "b1": -0.01671091500946051,
        "a2": 16774777344127.393,
        "b2": -0.0039248693971375625,
        "a0": -0.0009450836926023356,
        "t_hot": 254.7855479546167,
        "n_hot": 0.10212755562863188
    },
    "nlsq_std_errors": {
        "a1": 5807761142547.254,
        "b1": 0.000482884739231143,
        "a2": 895407523914.1511,
        "b2": 0.00013139044187817565,
        "a0": 0.00020997998646021796
    },
    "histogram": {
        "i": 1e+18,
        "l": 2.0,
        "a": 5.0,
        "filename": "hist_1e18_200_5"
    }
}