{
    "3exp": {
        "a1": 318539008605891.94,
        "b1": -0.12088869065143043,
        "a2": 70539690510711.34,
        "b2": -0.03878479868826298,
        "a3": 20565107772254.516,
        "b3": -0.01408911703049604,
        "t_hot": 70.97676865310223,
        "n_hot": 20565107772254.516,
        "critical_energy": 25.656929221483537
    },
    "2exp": {
        "a1": 91330640591890.06,
        "b1": -0.04395665877627868,
        "a2": 22697803940225.207,
        "b2": -0.014510898574502223,
        "b1_stdev": 0.0016425537968188144,
        "b2_stdev": 0.0033921841883666243,
        "t_hot": 68.91371990960964,
        "n_hot": 0.2069350682307554
    },
    "nlsq": {
        "a1": 94210318787760.6,
        "b1": -0.04527044809876123,
        "a2": 23646286501188.977,
        "b2": -0.014700831396297569,
        "a0": -2.4585261645486716e-05,
        "t_hot": 68.02336364811666,
        "n_hot": 0.2155823498790421
    },
    "nlsq_std_errors": {
        "a1": 8308213245508.505,
        "b1": 0.004521065669093437,
        "a2": 4608211147775.842,
        "b2": 0.0013053908229683285,
        "a0": 0.0006685846302592392
    },
    "histogram": {
        "i": 1e+18,
        "l": 0.2,
        "a": 5.0,
        "filename": "hist_1e18_020_5"
    }
}