{
    "3exp": {
        "a1": 1.1175841901671704e+16,
        "b1": -0.020089864461734427,
        "a2": 565695634923919.5,
        "b2": -0.0058504065023227015,
        "a3": 874455343793859.2,
        "b3": -0.004030389179760304,
        "t_hot": 248.11499718731184,
        "n_hot": 874455343793859.2,
        "critical_energy": 209.52016411188973
    },
    "2exp": {
        "a1": 1.3624340056463554e+16,
        "b1": -0.018917797712038907,
        "a2": 1220595355478153.2,
        "b2": -0.004274752345007992,
        "b1_stdev": 0.0005775698152117358,
        "b2_stdev": 0.0018424639077925585,
        "t_hot": 233.93168054935128,
        "n_hot": 0.31014695128386066
    },
    "nlsq": {
        "a1": 3.081028570458038e+16,
        "b1": -0.021114981102942326,
        "a2": 1170409508922208.2,
        "b2": -0.004178020236578179,
        "a0": -0.00010123325106310173,
        "t_hot": 239.34781149337022,
        "n_hot": 0.2973949878775862
    },
    "nlsq_std_errors": {
        "a1": 1.5539973964368054e+16,
        "b1": 0.0018143212330974609,
        "a2": 23209331729389.74,
        "b2": 3.464600988946421e-05,
        "a0": 5.273607211603608e-05
    },
    "histogram": {
        "i": 1e+19,
        "l": 0.2,
        "a": 50.0,
        "filename": "hist_1e19_020_50"
    }
}