{
    "3exp": {
        "a1": 7615266994943624.0,
        "b1": -1.1400101928957072,
        "a2": 196158177798534.6,
        "b2": -0.24734121278379673,
        "a3": 15232833924756.406,
        "b3": -0.08517098752463945,
        "t_hot": 11.741087300540059,
        "n_hot": 15232833924756.406,
        "critical_energy": 5.891378581704872
    },
    "2exp": {
        "a1": 211915140554936.0,
        "b1": -0.2576272068452578,
        "a2": 16971728116454.822,
        "b2": -0.08812266506936235,
        "b1_stdev": 0.02277110817261763,
        "b2_stdev": 0.04220141393875847,
        "t_hot": 11.347818398511764,
        "n_hot": 0.16021762486835855
    },
    "nlsq": {
        "a1": 226916715685334.72,
        "b1": -0.2708528505983075,
        "a2": 21140695064498.93,
        "b2": -0.0960265236977652,
        "a0": 0.00041611714872886513,
        "t_hot": 10.413789456207013,
        "n_hot": 0.19957378105864762
    },
    "nlsq_std_errors": {
        "a1": 66261137943478.23,
        "b1": 0.05395030548347443,
        "a2": 17766170290276.82,
        "b2": 0.03102624926545372,
        "a0": 0.0016999537562459293
    },
    "histogram": {
        "i": 1e+18,
        "l": 0.02,
        "a": 0.0,
        "filename": "hist_1e18_002_0"
    }
}