{
    "3exp": {
        "a1": 583631171651633.8,
        "b1": -0.3631561733445841,
        "a2": 128829600615760.95,
        "b2": -0.14319501405625462,
        "a3": 23054022579785.125,
        "b3": -0.03383577858593782,
        "t_hot": 29.55451423883004,
        "n_hot": 23054022579785.125,
        "critical_energy": 9.812416752025763
    },
    "2exp": {
        "a1": 180407470925607.03,
        "b1": -0.15343691827776748,
        "a2": 22670650624123.28,
        "b2": -0.033823821705036644,
        "b1_stdev": 0.00207945718983115,
        "b2_stdev": 0.006470801797053491,
        "t_hot": 29.564961899355442,
        "n_hot": 0.22642910188211005
    },
    "nlsq": {
        "a1": 147216519517057.4,
        "b1": -0.13804049537651034,
        "a2": 20028067444288.5,
        "b2": -0.03157888137827567,
        "a0": -0.0005511719104702342,
        "t_hot": 31.66673284025629,
        "n_hot": 0.20003560546334992
    },
    "nlsq_std_errors": {
        "a1": 17589358585259.166,
        "b1": 0.008719564893126605,
        "a2": 1678814637408.8013,
        "b2": 0.0015587250340887175,
        "a0": 0.0005155407390425629
    },
    "histogram": {
        "i": 1e+18,
        "l": 0.1,
        "a": 0.0,
        "filename": "hist_1e18_010_0"
    }
}