{
    "3exp": {
        "a1": 185261268906666.8,
        "b1": -0.03537444209319699,
        "a2": 154401394514399.8,
        "b2": -0.012326628570052895,
        "a3": 45216120181743.56,
        "b3": -0.004637934520148619,
        "t_hot": 215.61322085417362,
        "n_hot": 45216120181743.56,
        "critical_energy": 45.88398422734581
    },
    "2exp": {
        "a1": 180827342276849.66,
        "b1": -0.012915498228550672,
        "a2": 44742830783563.19,
        "b2": -0.004632190870931228,
        "b1_stdev": 0.0001949806243012591,
        "b2_stdev": 0.0003605913375262771,
        "t_hot": 215.88056879853184,
        "n_hot": 0.2718256284097318
    },
    "nlsq": {
        "a1": 182722881058616.9,
        "b1": -0.01212002489189626,
        "a2": 35427029428254.3,
        "b2": -0.004167593118142826,
        "a0": -0.0007941527401149895,
        "t_hot": 239.94664825764534,
        "n_hot": 0.21522944275941905
    },
    "nlsq_std_errors": {
        "a1": 2359379366326.548,
        "b1": 0.000323202321309463,
        "a2": 3995575886867.6704,
        "b2": 0.00023226343116825005,
        "a0": 0.0005305322906543886
    },
    "histogram": {
        "i": 1e+18,
        "l": 5.0,
        "a": 10.0,
        "filename": "hist_1e18_500_10"
    }
}