{
    "3exp": {
        "a1": 829569210728736.8,
        "b1": -0.50195483066099,
        "a2": 8968554483677.223,
        "b2": -0.11985961999157464,
        "a3": 2354011986243.108,
        "b3": -0.020442411657413836,
        "t_hot": 48.917907376027756,
        "n_hot": 2354011986243.108,
        "critical_energy": 12.179925606659001
    },
    "2exp": {
        "a1": 16390839379265.957,
        "b1": -0.13224695604777684,
        "a2": 2219993849154.007,
        "b2": -0.020356670868057116,
        "b1_stdev": 0.0033337347758258177,
        "b2_stdev": 0.014692621587793178,
        "t_hot": 49.123945977294376,
        "n_hot": 0.0899621958698357
    },
    "nlsq": {
        "a1": 13792445550137.336,
        "b1": -0.11448677730432835,
        "a2": 1856871729488.9333,
        "b2": -0.013754535825739966,
        "a0": -0.006631480542848782,
        "t_hot": 72.70328949440953,
        "n_hot": 0.0752471716518956
    },
    "nlsq_std_errors": {
        "a1": 3857166047166.1694,
        "b1": 0.016423547366704618,
        "a2": 165111348133.38382,
        "b2": 0.0033271481070586226,
        "a0": 0.004595291726811128
    },
    "histogram": {
        "i": 1e+17,
        "l": 5.0,
        "a": 10.0,
        "filename": "hist_1e17_500_10"
    }
}