{
    "3exp": {
        "a1": 4958161912867526.0,
        "b1": -0.031848723176246166,
        "a2": 1082115535562078.8,
        "b2": -0.008837146349880264,
        "a3": 148953171911420.16,
        "b3": -0.0046865857441275,
        "t_hot": 213.3749502509464,
        "n_hot": 148953171911420.16,
        "critical_energy": 129.04574993917245
    },
    "2exp": {
        "a1": 1117134069252818.4,
        "b1": -0.009569964372401886,
        "a2": 228631987013687.56,
        "b2": -0.0050870027022979925,
        "b1_stdev": 0.0011326669470786638,
        "b2_stdev": 0.001572746741995722,
        "t_hot": 196.57941198817568,
        "n_hot": 0.14834159832297875
    },
    "nlsq": {
        "a1": 1122279005216052.4,
        "b1": -0.013170511258696787,
        "a2": 589019358826984.6,
        "b2": -0.0062455711753555045,
        "a0": 0.00016481969752456027,
        "t_hot": 160.11345830881174,
        "n_hot": 0.38216906686088536
    },
    "nlsq_std_errors": {
        "a1": 125802609687162.34,
        "b1": 0.001975650410244236,
        "a2": 131371967434902.75,
        "b2": 0.000346931893391466,
        "a0": 0.00012684646023043144
    },
    "histogram": {
        "i": 1e+19,
        "l": 0.1,
        "a": 2.0,
        "filename": "hist_1e19_010_2"
    }
}