{
    "3exp": {
        "a1": 2934353128254907.5,
        "b1": -0.01825976585976998,
        "a2": 660317269478526.0,
        "b2": -0.002962532954090814,
        "a3": 167140785823511.34,
        "b3": -0.0013727700397792486,
        "t_hot": 728.454126345012,
        "n_hot": 167140785823511.34,
        "critical_energy": 169.68120636331022
    },
    "2exp": {
        "a1": 731441032081012.8,
        "b1": -0.002935110459535753,
        "a2": 136145574564003.6,
        "b2": -0.0013225315411794585,
        "b1_stdev": 6.01103958728155e-05,
        "b2_stdev": 8.950833519441632e-05,
        "t_hot": 756.1256339551503,
        "n_hot": 0.13808983834905403
    },
    "nlsq": {
        "a1": 793953614941313.1,
        "b1": -0.0026773302210532537,
        "a2": 49371054120151.85,
        "b2": -0.0008221691656116625,
        "a0": -0.0014429377927589054,
        "t_hot": 1216.2947016579467,
        "n_hot": 0.05007611084243591
    },
    "nlsq_std_errors": {
        "a1": 4421360329586.571,
        "b1": 2.447544680681956e-05,
        "a2": 6350707357636.066,
        "b2": 6.961133919849422e-05,
        "a0": 0.00032481993731710035
    },
    "histogram": {
        "i": 1e+19,
        "l": 2.0,
        "a": 0.0,
        "filename": "hist_1e19_200_0"
    }
}