{
    "3exp": {
        "a1": 752607179513811.2,
        "b1": -0.0977418888869783,
        "a2": 75259268089178.48,
        "b2": -0.01471345911909635,
        "a3": 6568050154050.935,
        "b3": -0.005258202530283379,
        "t_hot": 190.1790572426101,
        "n_hot": 6568050154050.935,
        "critical_energy": 51.26662437739005
    },
    "2exp": {
        "a1": 76582405566532.73,
        "b1": -0.014522128563825268,
        "a2": 5695337447270.077,
        "b2": -0.005076305222794028,
        "b1_stdev": 0.0002621675580429934,
        "b2_stdev": 0.00042754730801537424,
        "t_hot": 196.99367081193637,
        "n_hot": 0.04575623026514573
    },
    "nlsq": {
        "a1": 76732220006865.7,
        "b1": -0.01393646386270895,
        "a2": 3469789312818.256,
        "b2": -0.003911446086176083,
        "a0": -0.00038738034811888685,
        "t_hot": 255.6599216679022,
        "n_hot": 0.02787621984452454
    },
    "nlsq_std_errors": {
        "a1": 590673070890.6545,
        "b1": 0.00022271965171750117,
        "a2": 750419912164.4633,
        "b2": 0.0005467582910282536,
        "a0": 0.00027041237911338986
    },
    "histogram": {
        "i": 1e+18,
        "l": 1.0,
        "a": 5.0,
        "filename": "hist_1e18_100_5"
    }
}