{
    "3exp": {
        "a1": 1059894231940542.8,
        "b1": -0.6122160203061039,
        "a2": 135010702521907.0,
        "b2": -0.2273548902229856,
        "a3": 2757036365886.5947,
        "b3": -0.034457333705206615,
        "t_hot": 29.02139813124591,
        "n_hot": 2757036365886.5947,
        "critical_energy": 10.301477444878145
    },
    "2exp": {
        "a1": 125092590252974.02,
        "b1": -0.22229122543367602,
        "a2": 2637118529183.157,
        "b2": -0.033565189291610634,
        "b1_stdev": 0.006433933625139328,
        "b2_stdev": 0.021197701069763715,
        "t_hot": 29.792771055515615,
        "n_hot": 0.025764715308259068
    },
    "nlsq": {
        "a1": 651042619780192.9,
        "b1": -0.35213528163304925,
        "a2": 8875452756635.889,
        "b2": -0.07768320533221212,
        "a0": 0.0028184414933405044,
        "t_hot": 12.872795293699602,
        "n_hot": 0.08671339986278813
    },
    "nlsq_std_errors": {
        "a1": 661103851313647.4,
        "b1": 0.07659066717537102,
        "a2": 3992803120128.3257,
        "b2": 0.016598753399168397,
        "a0": 0.000700743040153292
    },
    "histogram": {
        "i": 1e+17,
        "l": 0.5,
        "a": 45.0,
        "filename": "hist_1e17_050_45"
    }
}