{
    "3exp": {
        "a1": 4034025187744011.5,
        "b1": -0.020920630359671413,
        "a2": 596565169069100.4,
        "b2": -0.002342691743667566,
        "a3": 1210449487720.993,
        "b3": -0.0001261641263325186,
        "t_hot": 7926.183369782918,
        "n_hot": 1210449487720.993,
        "critical_energy": 390.0810967328225
    },
    "2exp": {
        "a1": 617422791025945.2,
        "b1": -0.0023793580485787693,
        "a2": 1947993544367.5344,
        "b2": -0.00030703555730397287,
        "b1_stdev": 0.00011941533969786124,
        "b2_stdev": 0.0001744380750746213,
        "t_hot": 3256.9517640915283,
        "n_hot": 0.0022768924163954637
    },
    "histogram": {
        "i": 1e+19,
        "l": 0.6,
        "a": 15.0,
        "filename": "hist_1e19_060_15"
    }
}