{
    "3exp": {
        "a1": 625598956490248.9,
        "b1": -0.09305301429975972,
        "a2": 83175432065689.38,
        "b2": -0.013093473845477556,
        "a3": 5610945118132.38,
        "b3": -0.0036709519427710626,
        "t_hot": 272.4089052620879,
        "n_hot": 5610945118132.38,
        "critical_energy": 52.73978045827011
    },
    "2exp": {
        "a1": 83095484716604.55,
        "b1": -0.012883363846134494,
        "a2": 5073767173099.408,
        "b2": -0.0035843850485757604,
        "b1_stdev": 0.0004103318586235656,
        "b2_stdev": 0.0006899492678728701,
        "t_hot": 278.98788395999634,
        "n_hot": 0.036923192925163925
    },
    "histogram": {
        "i": 1e+18,
        "l": 0.5,
        "a": 10.0,
        "filename": "hist_1e18_050_10"
    }
}