{
    "3exp": {
        "a1": 5473690082495026.0,
        "b1": -0.03022946894708757,
        "a2": 1131584599795438.2,
        "b2": -0.008063473774456565,
        "a3": 105014535013546.84,
        "b3": -0.003839350535325843,
        "t_hot": 260.46071875933325,
        "n_hot": 105014535013546.84,
        "critical_energy": 149.8140114703061
    },
    "2exp": {
        "a1": 1188743001097953.0,
        "b1": -0.00823626361700388,
        "a2": 110094668820420.22,
        "b2": -0.003860534678640483,
        "b1_stdev": 0.0008051865051391436,
        "b2_stdev": 0.001146364257542339,
        "t_hot": 259.03147704715286,
        "n_hot": 0.06906912054267447
    },
    "nlsq": {
        "a1": 1184169402921918.8,
        "b1": -0.008413532262866634,
        "a2": 136499556468021.66,
        "b2": -0.00409443750800354,
        "a0": 5.993363612869667e-05,
        "t_hot": 244.23379232074373,
        "n_hot": 0.0856345218231195
    },
    "nlsq_std_errors": {
        "a1": 65199546546629.23,
        "b1": 0.0007072844273751351,
        "a2": 123341678064191.75,
        "b2": 0.0010431355405857226,
        "a0": 0.000279466779738215
    },
    "histogram": {
        "i": 1e+19,
        "l": 0.1,
        "a": 5.0,
        "filename": "hist_1e19_010_5"
    }
}