{
    "3exp": {
        "a1": 1472190276039540.8,
        "b1": -0.4420798024042753,
        "a2": 131386983063456.23,
        "b2": -0.13218602101170185,
        "a3": 23662281190267.254,
        "b3": -0.049675236478343786,
        "t_hot": 20.130754695771927,
        "n_hot": 23662281190267.254,
        "critical_energy": 10.526442971984906
    },
    "2exp": {
        "a1": 97360139328189.78,
        "b1": -0.108777671732911,
        "a2": 16345509580221.625,
        "b2": -0.045416646523035425,
        "b1_stdev": 0.012489349800502963,
        "b2_stdev": 0.020458774019423996,
        "t_hot": 22.018358389644593,
        "n_hot": 0.14653859372888783
    },
    "nlsq": {
        "a1": 95978654958561.14,
        "b1": -0.09998541070520656,
        "a2": 9949190252524.143,
        "b2": -0.03791221335170952,
        "a0": -0.00041415113208480894,
        "t_hot": 26.37672432160726,
        "n_hot": 0.0891951603705388
    },
    "nlsq_std_errors": {
        "a1": 6648088926882.747,
        "b1": 0.013495854137529635,
        "a2": 9479294489093.38,
        "b2": 0.014746880786402424,
        "a0": 0.0011081065669815728
    },
    "histogram": {
        "i": 1e+18,
        "l": 0.05,
        "a": 2.0,
        "filename": "hist_1e18_005_2"
    }
}