{
    "3exp": {
        "a1": 467283027525073.8,
        "b1": -0.10033196965497891,
        "a2": 68177333834177.56,
        "b2": -0.017882330739570764,
        "a3": 10322790022112.053,
        "b3": -0.0069956215453347,
        "t_hot": 142.94655500151927,
        "n_hot": 10322790022112.053,
        "critical_energy": 40.84776329341427
    },
    "2exp": {
        "a1": 68949900912485.84,
        "b1": -0.017369550478095765,
        "a2": 8814636704737.268,
        "b2": -0.006704883185081309,
        "b1_stdev": 0.0010958776191191846,
        "b2_stdev": 0.0017140798884041932,
        "t_hot": 149.14502943541933,
        "n_hot": 0.07150487178225028
    },
    "nlsq": {
        "a1": 72380168342114.55,
        "b1": -0.01568575498578557,
        "a2": 7455667782290.229,
        "b2": -0.0005313970534564311,
        "a0": -0.044178127460810616,
        "t_hot": 1881.8320378247813,
        "n_hot": 0.06048083281040989
    },
    "nlsq_std_errors": {
        "a1": 896532789925.2635,
        "b1": 0.00043381191902866435,
        "a2": 26316570816499.195,
        "b2": 0.0024659611192727983,
        "a0": 0.22084857988223675
    },
    "histogram": {
        "i": 1e+18,
        "l": 0.5,
        "a": 5.0,
        "filename": "hist_1e18_050_5"
    }
}