{
    "3exp": {
        "a1": 4473478410789965.5,
        "b1": -0.02308055166373315,
        "a2": 626626593395503.0,
        "b2": -0.00339276612835888,
        "a3": 237462911589569.7,
        "b3": -0.0016963810717424263,
        "t_hot": 589.4901898267804,
        "n_hot": 237462911589569.7,
        "critical_energy": 137.2936158908793
    },
    "2exp": {
        "a1": 626484243437245.2,
        "b1": -0.003479246992728482,
        "a2": 252263750337202.78,
        "b2": -0.0017193311637684543,
        "b1_stdev": 6.900313898639655e-05,
        "b2_stdev": 0.00010230863972994714,
        "t_hot": 581.6215171765897,
        "n_hot": 0.28901342056783114
    },
    "nlsq": {
        "a1": 607711170394981.2,
        "b1": -0.003573042846317886,
        "a2": 277434397672718.3,
        "b2": -0.0017647498216519994,
        "a0": 4.1124124311877776e-05,
        "t_hot": 566.6525576208248,
        "n_hot": 0.3178509165402799
    },
    "nlsq_std_errors": {
        "a1": 20134629152334.645,
        "b1": 9.024767491256153e-05,
        "a2": 24907163755631.445,
        "b2": 4.620071271108167e-05,
        "a0": 9.737790619665408e-05
    },
    "histogram": {
        "i": 1e+19,
        "l": 1.0,
        "a": 2.0,
        "filename": "hist_1e19_100_2"
    }
}