{
    "3exp": {
        "a1": 717762548391304.2,
        "b1": -0.06626297610590147,
        "a2": 120174237412851.06,
        "b2": -0.01501462879615403,
        "a3": 16650441389481.947,
        "b3": -0.0038808224893643593,
        "t_hot": 257.67733585871645,
        "n_hot": 16650441389481.947,
        "critical_energy": 60.332993615216246
    },
    "2exp": {
        "a1": 130544641348162.88,
        "b1": -0.01561057525654208,
        "a2": 17396498306116.473,
        "b2": -0.003976039274239617,
        "b1_stdev": 0.00013993567947139307,
        "b2_stdev": 0.00033233234314817244,
        "t_hot": 251.5065699876019,
        "n_hot": 0.10238088870018076
    },
    "nlsq": {
        "a1": 125995901715207.58,
        "b1": -0.014429911874286357,
        "a2": 12928766138385.445,
        "b2": -0.003032473748572991,
        "a0": -0.0026221231556625415,
        "t_hot": 329.7637779949706,
        "n_hot": 0.07608764383228309
    },
    "nlsq_std_errors": {
        "a1": 2320277190503.9404,
        "b1": 0.00033504806800617324,
        "a2": 1073459838887.021,
        "b2": 0.00026269203833384226,
        "a0": 0.0008823105745082693
    },
    "histogram": {
        "i": 1e+18,
        "l": 2.0,
        "a": 4.0,
        "filename": "hist_1e18_200_4"
    }
}