{
    "3exp": {
        "a1": 409183050498626.7,
        "b1": -0.11098125058158938,
        "a2": 53059447346117.88,
        "b2": -0.02990818356772403,
        "a3": 3949647009434.3247,
        "b3": -0.006302985144303767,
        "t_hot": 158.65498285423308,
        "n_hot": 3949647009434.3247,
        "critical_energy": 44.33142240698827
    },
    "2exp": {
        "a1": 53415635062625.3,
        "b1": -0.03011819839365673,
        "a2": 4081368336480.509,
        "b2": -0.006436181095018174,
        "b1_stdev": 0.000423347172894844,
        "b2_stdev": 0.0010715843557367228,
        "t_hot": 155.37163812466906,
        "n_hot": 0.033880877121914676
    },
    "nlsq": {
        "a1": 101801886469027.47,
        "b1": -0.046543805651709666,
        "a2": 11544614529488.518,
        "b2": -0.012006214271662605,
        "a0": 0.0018902430299565333,
        "t_hot": 83.29020100534332,
        "n_hot": 0.09583591434209168
    },
    "nlsq_std_errors": {
        "a1": 16132577708548.574,
        "b1": 0.003444938605890067,
        "a2": 1335054853067.5188,
        "b2": 0.0007007989619131617,
        "a0": 0.00022728916815367898
    },
    "histogram": {
        "i": 1e+18,
        "l": 2.0,
        "a": 30.0,
        "filename": "hist_1e18_200_30"
    }
}