{
    "3exp": {
        "a1": 2907087486515175.0,
        "b1": -0.6207070371949185,
        "a2": 39281934268667.87,
        "b2": -0.13567793388413035,
        "a3": 2180553958537.2458,
        "b3": -0.03168400774004906,
        "t_hot": 31.561663795959284,
        "n_hot": 2180553958537.2458,
        "critical_energy": 12.215699015952255
    },
    "2exp": {
        "a1": 32314831016474.465,
        "b1": -0.12322468396912328,
        "a2": 1687940641274.9092,
        "b2": -0.0280661671447045,
        "b1_stdev": 0.007051468508677724,
        "b2_stdev": 0.01529568999633669,
        "t_hot": 35.630087815132214,
        "n_hot": 0.02108901068765778
    },
    "nlsq": {
        "a1": 63171336847339.79,
        "b1": -0.190249812100578,
        "a2": 7610776788102.6,
        "b2": -0.06209070741471808,
        "a0": 0.001687659890750044,
        "t_hot": 16.105469588561306,
        "n_hot": 0.09508850554391787
    },
    "nlsq_std_errors": {
        "a1": 44331264940205.19,
        "b1": 0.056994654189260904,
        "a2": 4122600079474.4634,
        "b2": 0.012830042711852096,
        "a0": 0.00047984504207739675
    },
    "histogram": {
        "i": 1e+17,
        "l": 2.0,
        "a": 5.0,
        "filename": "hist_1e17_200_5"
    }
}