{
    "3exp": {
        "a1": 883300317091944.1,
        "b1": -0.2917106030667299,
        "a2": 67315807041247.22,
        "b2": -0.1148985859005983,
        "a3": 31272106012923.777,
        "b3": -0.02790675940205271,
        "t_hot": 35.83361240884329,
        "n_hot": 31272106012923.777,
        "critical_energy": 12.664480880238353
    },
    "2exp": {
        "a1": 239413854765340.6,
        "b1": -0.1587394672519934,
        "a2": 31962189053026.49,
        "b2": -0.02827264469146662,
        "b1_stdev": 0.002547495510945415,
        "b2_stdev": 0.0099903106530489,
        "t_hot": 35.36987823080536,
        "n_hot": 0.1855997924730973
    },
    "nlsq": {
        "a1": 205367043308670.2,
        "b1": -0.1473419642005641,
        "a2": 29773031072252.234,
        "b2": -0.026579279788186118,
        "a0": -0.0009557259432728404,
        "t_hot": 37.623291826156894,
        "n_hot": 0.17288766983817866
    },
    "nlsq_std_errors": {
        "a1": 51288740031371.734,
        "b1": 0.014161895197505936,
        "a2": 1740363409188.0466,
        "b2": 0.001159648339534231,
        "a0": 0.0006037904105630587
    },
    "histogram": {
        "i": 1e+17,
        "l": 0.2,
        "a": 45.0,
        "filename": "hist_1e17_020_45"
    }
}