{
    "3exp": {
        "a1": 5460705775035655.0,
        "b1": -0.23135609247144853,
        "a2": 484712031753835.2,
        "b2": -0.041413955449966684,
        "a3": -31863012663.30292,
        "b3": 0.009542977015488148,
        "t_hot": 24.14644988953366,
        "n_hot": 484712031753835.2,
        "critical_energy": NaN
    },
    "2exp": {
        "a1": 3519664321965896.0,
        "b1": -0.19794436595600193,
        "a2": 467983809897441.75,
        "b2": -0.04116521552942058,
        "b1_stdev": 0.0013070841608719278,
        "b2_stdev": 0.004421956816446297,
        "t_hot": 24.292354288423557,
        "n_hot": 0.35374711840928497
    },
    "nlsq": {
        "a1": 2833659400079362.5,
        "b1": -0.1796036767054782,
        "a2": 430458314441328.0,
        "b2": -0.03935953836992166,
        "a0": -0.0003165451063045911,
        "t_hot": 25.406802046341944,
        "n_hot": 0.32538174421527155
    },
    "nlsq_std_errors": {
        "a1": 147177285090644.66,
        "b1": 0.003934890636484082,
        "a2": 7430882130680.337,
        "b2": 0.00035980829851049094,
        "a0": 0.00010620994121275243
    },
    "histogram": {
        "i": 1e+18,
        "l": 0.05,
        "a": 60.0,
        "filename": "hist_1e18_005_60"
    }
}