{
    "3exp": {
        "a1": 1.3271019880717518e+16,
        "b1": -3.795456920290462,
        "a2": 275802425892264.34,
        "b2": -1.3744798759089498,
        "a3": 1087068931612.3627,
        "b3": -0.3874888253192286,
        "t_hot": 2.5807195837871206,
        "n_hot": 1087068931612.3627,
        "critical_energy": 2.7611329383344887
    },
    "2exp": {
        "a1": 143246319861747.88,
        "b1": -1.2287790981894147,
        "a2": 3527362271072.418,
        "b2": -0.6154019935389727,
        "b1_stdev": 2.7805363705403097,
        "b2_stdev": 3.721573105941286,
        "t_hot": 1.6249541121070012,
        "n_hot": 0.02764861028989176
    },
    "nlsq": {
        "a1": 1.4183489920030617e+22,
        "b1": -7.186380713649554,
        "a2": 75499073212061.64,
        "b2": -1.012048081758543,
        "a0": 4.8035852064052036e-05,
        "t_hot": 0.9880953464803686,
        "n_hot": 0.5917862391417076
    },
    "nlsq_std_errors": {
        "a1": 3.02496418471306e+23,
        "b1": 6.264627967331066,
        "a2": 27204836666425.1,
        "b2": 0.08865010690194586,
        "a0": 0.0002335948336702489
    },
    "histogram": {
        "i": 1e+17,
        "l": 5.0,
        "a": 40.0,
        "filename": "hist_1e17_500_40"
    }
}