{
    "3exp": {
        "a1": 6231024159530119.0,
        "b1": -0.017581951588093628,
        "a2": 782858462095294.8,
        "b2": -0.004105777307838667,
        "a3": 328264226410115.6,
        "b3": -0.002134561857106279,
        "t_hot": 468.4802160550414,
        "n_hot": 328264226410115.6,
        "critical_energy": 190.54851264173803
    },
    "2exp": {
        "a1": 912240149702829.6,
        "b1": -0.005740697159176306,
        "a2": 531103259279729.75,
        "b2": -0.002379896993086988,
        "b1_stdev": 0.0002836501436932522,
        "b2_stdev": 0.0005000702427147016,
        "t_hot": 420.1862529784914,
        "n_hot": 0.27740888519439205
    },
    "nlsq": {
        "a1": 2830724860900834.5,
        "b1": -0.011594886779011816,
        "a2": 792463734514307.8,
        "b2": -0.002740665230696294,
        "a0": 0.0007017813097431458,
        "t_hot": 364.8749175199117,
        "n_hot": 0.41392418010527
    },
    "nlsq_std_errors": {
        "a1": 788535497983441.2,
        "b1": 0.0010648182351067168,
        "a2": 22252948037191.46,
        "b2": 3.6040933881058375e-05,
        "a0": 0.0001639877673518225
    },
    "histogram": {
        "i": 1e+19,
        "l": 0.2,
        "a": 25.0,
        "filename": "hist_1e19_020_25"
    }
}