{
    "3exp": {
        "a1": 689803919853770.2,
        "b1": -1.344061047457038,
        "a2": 87248397303363.52,
        "b2": -0.2938350167921807,
        "a3": 3594649180631.123,
        "b3": -0.06360139518022975,
        "t_hot": 15.722925529640678,
        "n_hot": 3594649180631.123,
        "critical_energy": 4.105526458941819
    },
    "2exp": {
        "a1": 106017925442756.75,
        "b1": -0.31732332568819666,
        "a2": 4050938010665.7827,
        "b2": -0.06780733052286414,
        "b1_stdev": 0.00467755052335117,
        "b2_stdev": 0.010769839950835075,
        "t_hot": 14.747668021863909,
        "n_hot": 0.0709234176607125
    },
    "nlsq": {
        "a1": 104671590867675.81,
        "b1": -0.3141284656316307,
        "a2": 3801906806408.891,
        "b2": -0.06471513166343972,
        "a0": -0.0002255553014889307,
        "t_hot": 15.452336637444281,
        "n_hot": 0.06656340423578258
    },
    "nlsq_std_errors": {
        "a1": 5673113866330.251,
        "b1": 0.012731857296742309,
        "a2": 1059466773021.7311,
        "b2": 0.016453537222830023,
        "a0": 0.0019291980685347447
    },
    "histogram": {
        "i": 1e+17,
        "l": 0.05,
        "a": 10.0,
        "filename": "hist_1e17_005_10"
    }
}