{
    "3exp": {
        "a1": 1018172266642867.5,
        "b1": -0.012904002787283129,
        "a2": 555555451454773.0,
        "b2": -0.003000505511519488,
        "a3": 35132531356322.152,
        "b3": -0.0009464338757116022,
        "t_hot": 1056.5978518553372,
        "n_hot": 35132531356322.152,
        "critical_energy": 281.5486080702106
    },
    "2exp": {
        "a1": 574977782744739.0,
        "b1": -0.0029424288080667155,
        "a2": 26070639605723.25,
        "b2": -0.0008809517208563437,
        "b1_stdev": 4.8430984919402176e-05,
        "b2_stdev": 8.086397273519905e-05,
        "t_hot": 1135.135985690491,
        "n_hot": 0.04056462184544496
    },
    "nlsq": {
        "a1": 562828320419047.94,
        "b1": -0.002763261123740435,
        "a2": 12557243384898.129,
        "b2": -0.00023574633735974065,
        "a0": -0.006436816633377381,
        "t_hot": 4241.84745010072,
        "n_hot": 0.019538447734047323
    },
    "nlsq_std_errors": {
        "a1": 4730109492195.163,
        "b1": 2.6764120803725672e-05,
        "a2": 1607556260498.9375,
        "b2": 0.00012824785954543294,
        "a0": 0.004768281677765165
    },
    "histogram": {
        "i": 1e+19,
        "l": 0.5,
        "a": 3.0,
        "filename": "hist_1e19_050_3"
    }
}