{
    "3exp": {
        "a1": 1.5735311669129852e+16,
        "b1": -4.523498363136864,
        "a2": 76981082216509.33,
        "b2": -1.8196460143898203,
        "a3": 13113898526426.479,
        "b3": -0.6533586144718856,
        "t_hot": 1.5305530191995818,
        "n_hot": 13113898526426.479,
        "critical_energy": 1.8319726038631639
    },
    "2exp": {
        "a1": 318741009809441.75,
        "b1": -2.350281394826413,
        "a2": 13949115281644.713,
        "b2": -0.6659030261896648,
        "b1_stdev": 0.4268613968462289,
        "b2_stdev": 1.076956099385106,
        "t_hot": 1.5017201614506202,
        "n_hot": 0.3337761291650763
    },
    "histogram": {
        "i": 1e+17,
        "l": 0.01,
        "a": 2.0,
        "filename": "hist_1e17_001_2"
    }
}