{
    "3exp": {
        "a1": 1383991211310049.8,
        "b1": -2.005911314250481,
        "a2": -123258850374327.9,
        "b2": -0.4873212522999118,
        "a3": 152937147371443.75,
        "b3": -0.4393337054535052,
        "t_hot": 2.276174096334683,
        "n_hot": 152937147371443.75,
        "critical_energy": NaN
    },
    "2exp": {
        "a1": 44267495254987.54,
        "b1": -0.38754919241736663,
        "a2": 4408721870.762857,
        "b2": 0.053113919561013086,
        "b1_stdev": 0.16522086724701388,
        "b2_stdev": 0.23167305269269106,
        "t_hot": 2.5803175946837262,
        "n_hot": 0.8176193754534916
    },
    "nlsq": {
        "a1": 44105325386999.76,
        "b1": -0.3863332699913094,
        "a2": 21980668.83819072,
        "b2": 0.36319523981635476,
        "a0": -0.00011215511381905279,
        "t_hot": 2.588438733279417,
        "n_hot": 0.8146241026146335
    },
    "nlsq_std_errors": {
        "a1": 866700687310.9288,
        "b1": 0.005646852565632951,
        "a2": 575113262.5580032,
        "b2": 1.2385580138634482,
        "a0": 0.0010132778290020661
    },
    "histogram": {
        "i": 1e+17,
        "l": 0.05,
        "a": 4.0,
        "filename": "hist_1e17_005_4"
    }
}