{
    "3exp": {
        "a1": 8407794528959629.0,
        "b1": -0.04181636412509538,
        "a2": 1938096336709986.5,
        "b2": -0.014514360156753017,
        "a3": 674602612885512.2,
        "b3": -0.004879049233893548,
        "t_hot": 204.95796456679457,
        "n_hot": 674602612885512.2,
        "critical_energy": 68.29924390194438
    },
    "2exp": {
        "a1": 2649655853178869.5,
        "b1": -0.016573640539877157,
        "a2": 717043037142390.2,
        "b2": -0.004965336915799741,
        "b1_stdev": 0.0002124939683618432,
        "b2_stdev": 0.0004954523140111775,
        "t_hot": 201.39620270640492,
        "n_hot": 0.30412739022644747
    },
    "nlsq": {
        "a1": 3301499647426728.0,
        "b1": -0.019160417139877893,
        "a2": 823845992367635.8,
        "b2": -0.005263398714911722,
        "a0": 0.0003636885376056439,
        "t_hot": 189.99130678945193,
        "n_hot": 0.34942690832870027
    },
    "nlsq_std_errors": {
        "a1": 255978741497160.22,
        "b1": 0.0008308233764859068,
        "a2": 33100304156867.824,
        "b2": 9.845288993474967e-05,
        "a0": 0.00020302897294317363
    },
    "histogram": {
        "i": 1e+19,
        "l": 0.02,
        "a": 1.0,
        "filename": "hist_1e19_002_1"
    }
}