{
    "3exp": {
        "a1": 6691446247906946.0,
        "b1": -0.12068458566743516,
        "a2": 1045104489597482.6,
        "b2": -0.02673719420810861,
        "a3": -35055414048.15474,
        "b3": 0.0025425704222646413,
        "t_hot": 37.40108226078297,
        "n_hot": 1045104489597482.6,
        "critical_energy": NaN
    },
    "2exp": {
        "a1": 3347694283474829.0,
        "b1": -0.09356210919430352,
        "a2": 974084685929346.1,
        "b2": -0.026224576010227315,
        "b1_stdev": 0.0012334072700575425,
        "b2_stdev": 0.003164777647249005,
        "t_hot": 38.13217035844585,
        "n_hot": 0.5432168861884541
    },
    "nlsq": {
        "a1": 2613457994745590.5,
        "b1": -0.08148683706395106,
        "a2": 879944342553169.0,
        "b2": -0.025168529293028322,
        "a0": -0.0002705613496552062,
        "t_hot": 39.73215869538312,
        "n_hot": 0.49071772987051143
    },
    "nlsq_std_errors": {
        "a1": 169897711991439.06,
        "b1": 0.002969103693307339,
        "a2": 24990928224582.73,
        "b2": 0.0002834473071841005,
        "a0": 0.00011067670197058766
    },
    "histogram": {
        "i": 1e+18,
        "l": 0.05,
        "a": 45.0,
        "filename": "hist_1e18_005_45"
    }
}