{
    "3exp": {
        "a1": 2119659491673931.8,
        "b1": -1.7094376087983623,
        "a2": 87901243737578.53,
        "b2": -0.34012567544521166,
        "a3": 5242690032001.977,
        "b3": -0.0818906232658929,
        "t_hot": 12.211410294840139,
        "n_hot": 5242690032001.977,
        "critical_energy": 3.6878665006251596
    },
    "2exp": {
        "a1": 94381963869088.88,
        "b1": -0.3555902341349626,
        "a2": 6082423825726.166,
        "b2": -0.08809603202782303,
        "b1_stdev": 0.017654363301141014,
        "b2_stdev": 0.03574842270195371,
        "t_hot": 11.351249051537009,
        "n_hot": 0.06822227042604442
    },
    "nlsq": {
        "a1": 108089603980638.73,
        "b1": -0.4361054790336805,
        "a2": 16642983306783.178,
        "b2": -0.15510476863264833,
        "a0": 0.0036010108779476013,
        "t_hot": 6.447255031651605,
        "n_hot": 0.1866726391293441
    },
    "nlsq_std_errors": {
        "a1": 19254838705740.508,
        "b1": 0.08633227251213421,
        "a2": 11557691568143.338,
        "b2": 0.04561446662892541,
        "a0": 0.0018883097110554909
    },
    "histogram": {
        "i": 1e+17,
        "l": 0.01,
        "a": 20.0,
        "filename": "hist_1e17_001_20"
    }
}