{
    "3exp": {
        "a1": 3.678833270531153e+16,
        "b1": -5.10159194124731,
        "a2": 636449412158872.0,
        "b2": -1.9705704325433335,
        "a3": 37581848890478.82,
        "b3": -1.0103440123068759,
        "t_hot": 0.9897618908204763,
        "n_hot": 37581848890478.82,
        "critical_energy": 1.683206433802134
    },
    "2exp": {
        "a1": 935726870440700.9,
        "b1": -2.1097350670778123,
        "a2": 36828709297116.7,
        "b2": -0.9957028246691754,
        "b1_stdev": 1.0978002632990913,
        "b2_stdev": 1.6044193588401836,
        "t_hot": 1.0043157207395212,
        "n_hot": 0.3327045752186397
    },
    "nlsq": {
        "a1": 764600299122496.5,
        "b1": -1.9077724225462434,
        "a2": 5368821275383.918,
        "b2": -0.4692902141484504,
        "a0": -0.002656264866016403,
        "t_hot": 2.130877588859482,
        "n_hot": 0.04850105898202751
    },
    "nlsq_std_errors": {
        "a1": 555805736606412.56,
        "b1": 0.5134575098083118,
        "a2": 30538816198093.312,
        "b2": 1.9020636823812391,
        "a0": 0.018630730006467814
    },
    "histogram": {
        "i": 1e+17,
        "l": 5.0,
        "a": 50.0,
        "filename": "hist_1e17_500_50"
    }
}