{
    "3exp": {
        "a1": 1.3351197128502096e+16,
        "b1": -0.030097766810167577,
        "a2": 3109856738591816.0,
        "b2": -0.009178274770202737,
        "a3": 717999857253066.6,
        "b3": -0.00347779454755861,
        "t_hot": 287.53854959660964,
        "n_hot": 717999857253066.6,
        "critical_energy": 109.80071403846912
    },
    "2exp": {
        "a1": 3835339076414977.0,
        "b1": -0.01036318443706273,
        "a2": 823653866735455.8,
        "b2": -0.0036067403463598967,
        "b1_stdev": 0.00011224283516214911,
        "b2_stdev": 0.00022218768906646626,
        "t_hot": 277.25866127547835,
        "n_hot": 0.21196897991945157
    },
    "nlsq": {
        "a1": 4809584555204110.0,
        "b1": -0.012607491951489923,
        "a2": 1129226035523187.5,
        "b2": -0.004041093875053864,
        "a0": 0.00033457430386293126,
        "t_hot": 247.45775052965598,
        "n_hot": 0.2906085924139967
    },
    "nlsq_std_errors": {
        "a1": 196114021726813.3,
        "b1": 0.00034417454474498744,
        "a2": 42830335752186.73,
        "b2": 6.062331678860364e-05,
        "a0": 8.938186404407135e-05
    },
    "histogram": {
        "i": 1e+19,
        "l": 0.1,
        "a": 40.0,
        "filename": "hist_1e19_010_40"
    }
}