{
    "3exp": {
        "a1": 1530321380674356.8,
        "b1": -0.010913695640007225,
        "a2": 588149838029106.8,
        "b2": -0.002996973743154889,
        "a3": 219215414322710.25,
        "b3": -0.00139386587684529,
        "t_hot": 717.429141936727,
        "n_hot": 219215414322710.25,
        "critical_energy": 204.11900422415437
    },
    "2exp": {
        "a1": 790259312828788.5,
        "b1": -0.0033686124120607076,
        "a2": 221312708990443.66,
        "b2": -0.001411221718415183,
        "b1_stdev": 4.3670259393864854e-05,
        "b2_stdev": 7.224248300445625e-05,
        "t_hot": 708.6058745772497,
        "n_hot": 0.2139114332317503
    },
    "nlsq": {
        "a1": 844704652496941.2,
        "b1": -0.0029774926698596595,
        "a2": 115335559189840.6,
        "b2": -0.0010957333480964883,
        "a0": -0.0007414346742309476,
        "t_hot": 912.6307981200019,
        "n_hot": 0.11147843646859655
    },
    "nlsq_std_errors": {
        "a1": 5172787587287.658,
        "b1": 3.0503062583759887e-05,
        "a2": 8176328242364.555,
        "b2": 3.455857881892791e-05,
        "a0": 0.00011938833401651799
    },
    "histogram": {
        "i": 1e+19,
        "l": 2.0,
        "a": 1.0,
        "filename": "hist_1e19_200_1"
    }
}