{
    "3exp": {
        "a1": 4499422090408740.0,
        "b1": -0.017509009023204732,
        "a2": 882211046924089.2,
        "b2": -0.0025044118092778763,
        "a3": 22476511175221.78,
        "b3": -0.0008638290138037275,
        "t_hot": 1157.6365044705622,
        "n_hot": 22476511175221.78,
        "critical_energy": 318.3644408780977
    },
    "2exp": {
        "a1": 868860877589364.5,
        "b1": -0.002439351298125882,
        "a2": 12651969698085.94,
        "b2": -0.0007102194623899254,
        "b1_stdev": 0.00011952838333184532,
        "b2_stdev": 0.00017179891729846166,
        "t_hot": 1408.0154838828946,
        "n_hot": 0.009652145526203386
    },
    "histogram": {
        "i": 1e+19,
        "l": 0.6,
        "a": 25.0,
        "filename": "hist_1e19_060_25"
    }
}