{
    "3exp": {
        "a1": 827424954831687.2,
        "b1": -0.08505391113703331,
        "a2": 118088698047445.75,
        "b2": -0.02398599381004538,
        "a3": 37989279948837.016,
        "b3": -0.007353419875872331,
        "t_hot": 135.99114655225242,
        "n_hot": 37989279948837.016,
        "critical_energy": 39.65244428687868
    },
    "2exp": {
        "a1": 154080140969264.0,
        "b1": -0.027166035977592436,
        "a2": 40256174121024.86,
        "b2": -0.007503958155998185,
        "b1_stdev": 0.0003115193781686229,
        "b2_stdev": 0.0007706785957879958,
        "t_hot": 133.26300323258917,
        "n_hot": 0.1784004188840237
    },
    "nlsq": {
        "a1": 158948655215150.34,
        "b1": -0.0277549257738732,
        "a2": 40906406896308.47,
        "b2": -0.007538338255614425,
        "a0": -2.0849602208114613e-05,
        "t_hot": 132.65523064784432,
        "n_hot": 0.1812820091497547
    },
    "nlsq_std_errors": {
        "a1": 7257420019790.529,
        "b1": 0.0011022605125447919,
        "a2": 2194326757424.4075,
        "b2": 0.00021765750088178243,
        "a0": 0.00023748702219796247
    },
    "histogram": {
        "i": 1e+18,
        "l": 1.0,
        "a": 30.0,
        "filename": "hist_1e18_100_30"
    }
}