{
    "3exp": {
        "a1": 801301862303451.9,
        "b1": -0.0709413624535055,
        "a2": 114699691066840.39,
        "b2": -0.013329573433554643,
        "a3": 11092225718125.3,
        "b3": -0.0035205698779795704,
        "t_hot": 284.0449230264655,
        "n_hot": 11092225718125.3,
        "critical_energy": 63.48179978617611
    },
    "2exp": {
        "a1": 114736569564753.08,
        "b1": -0.013128712099800693,
        "a2": 10516017844185.035,
        "b2": -0.00348047960879973,
        "b1_stdev": 0.00011444917403699009,
        "b2_stdev": 0.00023908850944793974,
        "t_hot": 287.3167242444663,
        "n_hot": 0.06451187535841386
    },
    "nlsq": {
        "a1": 111153058617032.14,
        "b1": -0.012050100442349092,
        "a2": 6314478432256.301,
        "b2": -0.0020432349345321605,
        "a0": -0.003304103335390967,
        "t_hot": 489.4199796113852,
        "n_hot": 0.03873698690996091
    },
    "nlsq_std_errors": {
        "a1": 1169259025930.931,
        "b1": 0.00017406535826443664,
        "a2": 486509270398.2464,
        "b2": 0.0002769136987016687,
        "a0": 0.001069193550468442
    },
    "histogram": {
        "i": 1e+18,
        "l": 2.0,
        "a": 1.0,
        "filename": "hist_1e18_200_1"
    }
}