{
    "3exp": {
        "a1": 2887776543777389.0,
        "b1": -2.680681013694147,
        "a2": 30506577045647.336,
        "b2": -0.3727895271230941,
        "a3": 13612873929.463717,
        "b3": 0.20220008370418385,
        "t_hot": 2.6824787909607846,
        "n_hot": 30506577045647.336,
        "critical_energy": 4.254418073497402
    },
    "2exp": {
        "a1": 35004068928313.523,
        "b1": -0.3941577753818788,
        "a2": 42875105872.81209,
        "b2": 0.12585882980801807,
        "b1_stdev": 0.15903848221550268,
        "b2_stdev": 0.23217165441526136,
        "t_hot": 2.537055114620414,
        "n_hot": 0.8160977625748814
    },
    "histogram": {
        "i": 1e+17,
        "l": 0.01,
        "a": 10.0,
        "filename": "hist_1e17_001_10"
    }
}