{
    "3exp": {
        "a1": 8016154432660872.0,
        "b1": -2.7304761469142855,
        "a2": 550378182827113.75,
        "b2": -1.271282377777695,
        "a3": 37626656005986.43,
        "b3": -0.3466547196380266,
        "t_hot": 2.8847147993374795,
        "n_hot": 37626656005986.43,
        "critical_energy": 2.2491203794857966
    },
    "2exp": {
        "a1": 672937886481587.6,
        "b1": -1.3071231480240824,
        "a2": 37356501786841.3,
        "b2": -0.3460476613821374,
        "b1_stdev": 0.01946529074214142,
        "b2_stdev": 0.05141420585580181,
        "t_hot": 2.889775344835256,
        "n_hot": 0.28527039838227164
    },
    "nlsq": {
        "a1": 690505347253423.9,
        "b1": -1.3161037536732425,
        "a2": 37614260655893.72,
        "b2": -0.34703432743801177,
        "a0": 3.339615764397306e-05,
        "t_hot": 2.88155931830295,
        "n_hot": 0.2872387565460183
    },
    "nlsq_std_errors": {
        "a1": 149789133133833.9,
        "b1": 0.07814575947463066,
        "a2": 2755925645791.0,
        "b2": 0.009938294296038343,
        "a0": 0.00016405328015578198
    },
    "histogram": {
        "i": 1e+17,
        "l": 0.2,
        "a": 1.0,
        "filename": "hist_1e17_020_1"
    }
}