{
    "3exp": {
        "a1": 3644664435305197.0,
        "b1": -3.215738756084541,
        "a2": 25120746661786.14,
        "b2": -0.5236307089118466,
        "a3": -1374354893.6911066,
        "b3": 0.14614852322306376,
        "t_hot": 1.9097428454455874,
        "n_hot": 25120746661786.14,
        "critical_energy": NaN
    },
    "2exp": {
        "a1": 2121927433602119.0,
        "b1": -2.8661980574212285,
        "a2": 24103720615725.99,
        "b2": -0.5191341298108239,
        "b1_stdev": 0.044633371003778136,
        "b2_stdev": 0.17314431060879426,
        "t_hot": 1.9262844466889646,
        "n_hot": 0.4909838938047976
    },
    "nlsq": {
        "a1": 1223385732081798.5,
        "b1": -2.574143659192112,
        "a2": 21642977166423.45,
        "b2": -0.4926674918370097,
        "a0": -0.0005624647353462857,
        "t_hot": 2.0297665597364647,
        "n_hot": 0.44085945784510794
    },
    "nlsq_std_errors": {
        "a1": 554596504875775.8,
        "b1": 0.22617985189873654,
        "a2": 1544000636230.2861,
        "b2": 0.016767491667897358,
        "a0": 0.00048184500859864074
    },
    "histogram": {
        "i": 1e+17,
        "l": 0.02,
        "a": 4.0,
        "filename": "hist_1e17_002_4"
    }
}