{
    "3exp": {
        "a1": 612107431091416.9,
        "b1": -0.2148330186502141,
        "a2": 37879603346288.96,
        "b2": -0.028019193453223533,
        "a3": -8707055365.139807,
        "b3": 0.00945956564184202,
        "t_hot": 35.68982103890477,
        "n_hot": 37879603346288.96,
        "critical_energy": NaN
    },
    "2exp": {
        "a1": 336838535096942.0,
        "b1": -0.17886179206621394,
        "a2": 36986944860296.07,
        "b2": -0.027964976400370174,
        "b1_stdev": 0.001389800490766321,
        "b2_stdev": 0.0061846354889825055,
        "t_hot": 35.75901462183115,
        "n_hot": 0.2414372571218993
    },
    "nlsq": {
        "a1": 241944069087753.25,
        "b1": -0.15438232797937917,
        "a2": 33245930671576.188,
        "b2": -0.02580704619114261,
        "a0": -0.0010325073193206533,
        "t_hot": 38.7491072241819,
        "n_hot": 0.21701728385862487
    },
    "nlsq_std_errors": {
        "a1": 26945945044560.973,
        "b1": 0.00759395382186634,
        "a2": 1184318089159.5378,
        "b2": 0.0007046457331216612,
        "a0": 0.0004525310548784488
    },
    "histogram": {
        "i": 1e+18,
        "l": 0.1,
        "a": 5.0,
        "filename": "hist_1e18_010_5"
    }
}