{
    "3exp": {
        "a1": 452986290250157.0,
        "b1": -0.10584088688886299,
        "a2": 56384288088890.87,
        "b2": -0.016516113960905514,
        "a3": 2098319182321.2354,
        "b3": -0.004386479504488615,
        "t_hot": 227.97325257685935,
        "n_hot": 2098319182321.2354,
        "critical_energy": 52.976754429581035
    },
    "2exp": {
        "a1": 58539880599354.98,
        "b1": -0.016805141290519608,
        "a2": 2314009538244.148,
        "b2": -0.004722509051694992,
        "b1_stdev": 0.0007687736461076082,
        "b2_stdev": 0.001231232907903022,
        "t_hot": 211.75184399934233,
        "n_hot": 0.01979345383959984
    },
    "histogram": {
        "i": 1e+18,
        "l": 0.5,
        "a": 0.0,
        "filename": "hist_1e18_050_0"
    }
}