{
    "3exp": {
        "a1": 971871281294070.9,
        "b1": -0.17125649531856046,
        "a2": 78161212683226.89,
        "b2": -0.02086464796316677,
        "a3": -12079522688.798925,
        "b3": 0.010932691286543977,
        "t_hot": 47.927959377284566,
        "n_hot": 78161212683226.89,
        "critical_energy": NaN
    },
    "2exp": {
        "a1": 295541182907001.75,
        "b1": -0.11516487840795775,
        "a2": 75532927926567.81,
        "b2": -0.020877713849453132,
        "b1_stdev": 0.0014987145364789348,
        "b2_stdev": 0.005808849283005994,
        "t_hot": 47.897964653165026,
        "n_hot": 0.28797399683798247
    },
    "nlsq": {
        "a1": 412393150591256.94,
        "b1": -0.1278886331810258,
        "a2": 73962474032382.12,
        "b2": -0.020115595036339865,
        "a0": -0.0009421007185382523,
        "t_hot": 49.71267308739554,
        "n_hot": 0.2819865434560866
    },
    "nlsq_std_errors": {
        "a1": 56225628670338.055,
        "b1": 0.0071229107994174165,
        "a2": 1859623158623.2168,
        "b2": 0.0003926775527648306,
        "a0": 0.00041822984451333925
    },
    "histogram": {
        "i": 1e+18,
        "l": 0.1,
        "a": 10.0,
        "filename": "hist_1e18_010_10"
    }
}