{
    "3exp": {
        "a1": 6805511288060972.0,
        "b1": -2.389352423480873,
        "a2": 518396473762856.25,
        "b2": -1.1115605518405576,
        "a3": 15146440938318.021,
        "b3": -0.4026885517434624,
        "t_hot": 2.483308739894503,
        "n_hot": 15146440938318.021,
        "critical_energy": 3.0743612699328464
    },
    "2exp": {
        "a1": 656495639245002.5,
        "b1": -1.160964303637638,
        "a2": 16037136338184.572,
        "b2": -0.40763630755309377,
        "b1_stdev": 0.04944071401356763,
        "b2_stdev": 0.09040502754197191,
        "t_hot": 2.453167152854146,
        "n_hot": 0.07212739747865261
    },
    "nlsq": {
        "a1": 617857875890898.5,
        "b1": -1.137969711537263,
        "a2": 14082886856830.719,
        "b2": -0.3915917889014904,
        "a0": -3.0287208183089684e-05,
        "t_hot": 2.55367969488135,
        "n_hot": 0.06333811452054462
    },
    "nlsq_std_errors": {
        "a1": 151765783483079.62,
        "b1": 0.09040758917834639,
        "a2": 7640964258032.041,
        "b2": 0.06890183045640207,
        "a0": 0.00017501818075881407
    },
    "histogram": {
        "i": 1e+17,
        "l": 1.0,
        "a": 45.0,
        "filename": "hist_1e17_100_45"
    }
}