{
    "3exp": {
        "a1": 2.29801743476663e+16,
        "b1": -0.059526910621462356,
        "a2": 2835068864365415.0,
        "b2": -0.015463575163183484,
        "a3": 796655592890851.2,
        "b3": -0.004471447528793439,
        "t_hot": 223.64122435980744,
        "n_hot": 796655592890851.2,
        "critical_energy": 61.06505137595428
    },
    "2exp": {
        "a1": 2907255482875454.5,
        "b1": -0.01555275191091442,
        "a2": 795224343026645.4,
        "b2": -0.004470705050059653,
        "b1_stdev": 0.00016739775120476122,
        "b2_stdev": 0.0004083516470698071,
        "t_hot": 223.6783658959244,
        "n_hot": 0.37644113438959964
    },
    "nlsq": {
        "a1": 3067912950312766.5,
        "b1": -0.016151504744754283,
        "a2": 824938749700744.8,
        "b2": -0.004542251535369604,
        "a0": 0.00012419354877310734,
        "t_hot": 220.1551350058886,
        "n_hot": 0.3905072593192499
    },
    "nlsq_std_errors": {
        "a1": 186894490855665.94,
        "b1": 0.0006310543494525386,
        "a2": 32713109357202.41,
        "b2": 8.364591179296908e-05,
        "a0": 0.0002195817270406825
    },
    "histogram": {
        "i": 1e+19,
        "l": 0.01,
        "a": 3.0,
        "filename": "hist_1e19_001_3"
    }
}