{
    "3exp": {
        "a1": 4683852741416189.0,
        "b1": -0.016855731983907357,
        "a2": 746446231055064.9,
        "b2": -0.002300702386686886,
        "a3": 8555230864618.483,
        "b3": -0.0005794371670858396,
        "t_hot": 1725.8126623621592,
        "n_hot": 8555230864618.483,
        "critical_energy": 387.39365830112405
    },
    "2exp": {
        "a1": 745708054983771.6,
        "b1": -0.0022718208211292283,
        "a2": 4971836947143.343,
        "b2": -0.0004513686883682307,
        "b1_stdev": 0.00011599728028832103,
        "b2_stdev": 0.00016959787853503393,
        "t_hot": 2215.4837625426753,
        "n_hot": 0.004198975418038666
    },
    "histogram": {
        "i": 1e+19,
        "l": 0.5,
        "a": 20.0,
        "filename": "hist_1e19_050_20"
    }
}