{
    "3exp": {
        "a1": 2234554236367623.0,
        "b1": -0.02246630740960309,
        "a2": 820485529829940.8,
        "b2": -0.002934084367576326,
        "a3": 30927931356426.914,
        "b3": -0.0013052967695759649,
        "t_hot": 766.1093042656171,
        "n_hot": 30927931356426.914,
        "critical_energy": 202.26526086822201
    },
    "2exp": {
        "a1": 870831796896118.4,
        "b1": -0.0030727719519493346,
        "a2": 45453667280625.12,
        "b2": -0.0015115430119930695,
        "b1_stdev": 0.00022388386887511687,
        "b2_stdev": 0.0002958339690503557,
        "t_hot": 661.5756164830757,
        "n_hot": 0.048986288086185416
    },
    "nlsq": {
        "a1": 898328240958908.4,
        "b1": -0.002967298937096501,
        "a2": 14075699309297.834,
        "b2": -0.0001966214036182553,
        "a0": -0.008174220737926872,
        "t_hot": 5085.916291908493,
        "n_hot": 0.015169650825373445
    },
    "nlsq_std_errors": {
        "a1": 2483620413480.074,
        "b1": 1.7121039565688695e-05,
        "a2": 10873741384670.83,
        "b2": 0.0003057615696954741,
        "a0": 0.014169616904069208
    },
    "histogram": {
        "i": 1e+19,
        "l": 2.0,
        "a": 30.0,
        "filename": "hist_1e19_200_30"
    }
}