{
    "3exp": {
        "a1": 1538125817133771.2,
        "b1": -1.2286828350325107,
        "a2": 257193693521949.75,
        "b2": -0.3567094792189844,
        "a3": 18294431201799.914,
        "b3": -0.10260436861952217,
        "t_hot": 9.746173710285213,
        "n_hot": 18294431201799.914,
        "critical_energy": 3.9355368004600915
    },
    "2exp": {
        "a1": 274648747947005.6,
        "b1": -0.3645932493064201,
        "a2": 18752164519283.92,
        "b2": -0.10382545685559208,
        "b1_stdev": 0.004737820540189839,
        "b2_stdev": 0.010287470882546675,
        "t_hot": 9.631549239324533,
        "n_hot": 0.12190068971646734
    },
    "nlsq": {
        "a1": 274825351196111.56,
        "b1": -0.3639491886783593,
        "a2": 18385326754492.73,
        "b2": -0.1024294169891353,
        "a0": -0.00010920805173667346,
        "t_hot": 9.762820382996715,
        "n_hot": 0.11951601692330217
    },
    "nlsq_std_errors": {
        "a1": 14453357572472.723,
        "b1": 0.012660893642245081,
        "a2": 2741789234451.676,
        "b2": 0.0074511555811329604,
        "a0": 0.0003256804728577837
    },
    "histogram": {
        "i": 1e+17,
        "l": 0.1,
        "a": 60.0,
        "filename": "hist_1e17_010_60"
    }
}