{
    "3exp": {
        "a1": 1646385081933435.8,
        "b1": -2.356886540828417,
        "a2": 26550553954413.344,
        "b2": -0.39427895332120133,
        "a3": -461760907677.70715,
        "b3": -0.14819216114337413,
        "t_hot": 6.747995253490581,
        "n_hot": -461760907677.70715,
        "critical_energy": NaN
    },
    "2exp": {
        "a1": 1596429776551743.5,
        "b1": -2.3388303961831847,
        "a2": 28482435132187.13,
        "b2": -0.4250439159801678,
        "b1_stdev": 0.032779687116396936,
        "b2_stdev": 0.1270080426672037,
        "t_hot": 2.352698068137174,
        "n_hot": 0.551804586415212
    },
    "nlsq": {
        "a1": 1000617848209002.8,
        "b1": -2.088263896819266,
        "a2": 24074326557360.605,
        "b2": -0.3875235463902878,
        "a0": -0.0012492551964440508,
        "t_hot": 2.580488358229636,
        "n_hot": 0.4664040749169272
    },
    "nlsq_std_errors": {
        "a1": 247172424846920.97,
        "b1": 0.110430010686588,
        "a2": 1031314534249.4559,
        "b2": 0.008570654983928642,
        "a0": 0.0003923622477759309
    },
    "histogram": {
        "i": 1e+17,
        "l": 0.05,
        "a": 1.0,
        "filename": "hist_1e17_005_1"
    }
}