{
    "3exp": {
        "a1": 2131727319478296.8,
        "b1": -0.02179079283019076,
        "a2": 292882988414989.44,
        "b2": -0.007202516302994839,
        "a3": 69266301974532.05,
        "b3": -0.002925631431621919,
        "t_hot": 341.80655471206006,
        "n_hot": 69266301974532.05,
        "critical_energy": 181.6432566273537
    },
    "2exp": {
        "a1": 368230016916274.56,
        "b1": -0.00858817167495478,
        "a2": 90331628170900.89,
        "b2": -0.003157519928997444,
        "b1_stdev": 0.0004733803161335806,
        "b2_stdev": 0.0009096004914934354,
        "t_hot": 316.7042560258721,
        "n_hot": 0.1424007639258748
    },
    "nlsq": {
        "a1": 8694769851774183.0,
        "b1": -0.02161758526351585,
        "a2": 157259665620370.47,
        "b2": -0.0037915267180157345,
        "a0": 0.00034509880698153385,
        "t_hot": 263.7459984782442,
        "n_hot": 0.24790759308246668
    },
    "nlsq_std_errors": {
        "a1": 4839098058646432.0,
        "b1": 0.0021044097004377367,
        "a2": 6667286563539.88,
        "b2": 7.598476361302556e-05,
        "a0": 0.00013913681452251117
    },
    "histogram": {
        "i": 1e+19,
        "l": 0.2,
        "a": 3.0,
        "filename": "hist_1e19_020_3"
    }
}