{
    "3exp": {
        "a1": 1569636765374271.2,
        "b1": -0.44939518961257496,
        "a2": 100877168657597.4,
        "b2": -0.12077141021353943,
        "a3": 17226994052630.674,
        "b3": -0.04822300919223675,
        "t_hot": 20.736988768444306,
        "n_hot": 17226994052630.674,
        "critical_energy": 11.247345047664693
    },
    "2exp": {
        "a1": 105186206720989.95,
        "b1": -0.12186269492795553,
        "a2": 17073504090971.125,
        "b2": -0.04810794604531999,
        "b1_stdev": 0.011999551859609908,
        "b2_stdev": 0.020740575844972787,
        "t_hot": 20.786586878141755,
        "n_hot": 0.14036331258218473
    },
    "nlsq": {
        "a1": 104084694442446.38,
        "b1": -0.1191438715951631,
        "a2": 15497561961856.533,
        "b2": -0.04648656481144188,
        "a0": -7.636078716452099e-05,
        "t_hot": 21.511591662154114,
        "n_hot": 0.12740730445979095
    },
    "nlsq_std_errors": {
        "a1": 13015683232217.443,
        "b1": 0.020046201276504427,
        "a2": 11188194891641.002,
        "b2": 0.01211715163610147,
        "a0": 0.0007374021993122124
    },
    "histogram": {
        "i": 1e+18,
        "l": 0.05,
        "a": 0.0,
        "filename": "hist_1e18_005_0"
    }
}