{
    "3exp": {
        "a1": 7622147893159271.0,
        "b1": -1.767545389509286,
        "a2": 271066621227524.1,
        "b2": -0.605903623925734,
        "a3": 22643144211312.97,
        "b3": -0.23881925749194077,
        "t_hot": 4.187267017333165,
        "n_hot": 22643144211312.97,
        "critical_energy": 3.8064086434770554
    },
    "2exp": {
        "a1": 231857033680351.75,
        "b1": -0.5614619128775732,
        "a2": 17984091227417.67,
        "b2": -0.22676825999542674,
        "b1_stdev": 0.03522029611565727,
        "b2_stdev": 0.058456611809618454,
        "t_hot": 4.409788212954349,
        "n_hot": 0.08591791997505362
    },
    "nlsq": {
        "a1": 206613404305453.78,
        "b1": -0.5134872274711927,
        "a2": 9431547696187.889,
        "b2": -0.18277982538303372,
        "a0": -0.0002078275768998292,
        "t_hot": 5.471063329360328,
        "n_hot": 0.045058654894197206
    },
    "nlsq_std_errors": {
        "a1": 20851821065517.85,
        "b1": 0.03714712768582573,
        "a2": 6131678301323.945,
        "b2": 0.04581171174204832,
        "a0": 0.00030092743535057925
    },
    "histogram": {
        "i": 1e+17,
        "l": 0.5,
        "a": 50.0,
        "filename": "hist_1e17_050_50"
    }
}