{
    "3exp": {
        "a1": 5680884529014098.0,
        "b1": -3.878121839352248,
        "a2": 368823981375824.06,
        "b2": -1.8173099128296926,
        "a3": 68111805126953.0,
        "b3": -1.0390505820462952,
        "t_hot": 0.9624170538749044,
        "n_hot": 68111805126953.0,
        "critical_energy": 1.5581545081450023
    },
    "2exp": {
        "a1": 4796028467676202.0,
        "b1": -3.248660898162745,
        "a2": 146299557241880.0,
        "b2": -1.1731201296250562,
        "b1_stdev": 0.20260850135986813,
        "b2_stdev": 0.407580405211562,
        "t_hot": 0.8524276199400077,
        "n_hot": 1.291300050807414
    },
    "histogram": {
        "i": 1e+17,
        "l": 2.0,
        "a": 60.0,
        "filename": "hist_1e17_200_60"
    }
}