{
    "3exp": {
        "a1": 2208253614658175.8,
        "b1": -2.831974059478918,
        "a2": 19343491165466.895,
        "b2": -0.48668782191847615,
        "a3": -875598038.3607366,
        "b3": 0.20514143533129045,
        "t_hot": 2.0547052031384245,
        "n_hot": 19343491165466.895,
        "critical_energy": NaN
    },
    "2exp": {
        "a1": 693924370118488.8,
        "b1": -2.307073846612642,
        "a2": 18527212926251.215,
        "b2": -0.4828129916550063,
        "b1_stdev": 0.0491162285193302,
        "b2_stdev": 0.16410806783375215,
        "t_hot": 2.0711953018748703,
        "n_hot": 0.4675427625617757
    },
    "nlsq": {
        "a1": 346543426023595.2,
        "b1": -1.9368545804417072,
        "a2": 15143419920493.566,
        "b2": -0.4393156062721351,
        "a0": -0.0010346185612531437,
        "t_hot": 2.276267871486786,
        "n_hot": 0.3821511855260569
    },
    "nlsq_std_errors": {
        "a1": 130946247143454.0,
        "b1": 0.19521314434587628,
        "a2": 1816412840918.994,
        "b2": 0.02513906865767676,
        "a0": 0.0007630541960978565
    },
    "histogram": {
        "i": 1e+17,
        "l": 0.02,
        "a": 3.0,
        "filename": "hist_1e17_002_3"
    }
}