{
    "3exp": {
        "a1": 428241152741101.25,
        "b1": -0.10151441394521445,
        "a2": 61384748139140.516,
        "b2": -0.01914037021231884,
        "a3": 6459594523834.16,
        "b3": -0.006953185006384873,
        "t_hot": 143.818983542324,
        "n_hot": 6459594523834.16,
        "critical_energy": 44.35348373051809
    },
    "2exp": {
        "a1": 61825974458627.34,
        "b1": -0.018879169945585444,
        "a2": 5957850355452.077,
        "b2": -0.006842860391718804,
        "b1_stdev": 0.0008180891199729332,
        "b2_stdev": 0.0013117866856810578,
        "t_hot": 146.1377176728894,
        "n_hot": 0.04990797126378229
    },
    "nlsq": {
        "a1": 62929686735644.96,
        "b1": -0.017298057952452418,
        "a2": 2726790355874.6426,
        "b2": -0.0015214903130145872,
        "a0": -0.009141216122162999,
        "t_hot": 657.2503232167555,
        "n_hot": 0.02284189205907372
    },
    "nlsq_std_errors": {
        "a1": 835924737396.9375,
        "b1": 0.00040255279186520457,
        "a2": 1058559906571.1569,
        "b2": 0.0018403919946381202,
        "a0": 0.013830029203783496
    },
    "histogram": {
        "i": 1e+18,
        "l": 0.5,
        "a": 1.0,
        "filename": "hist_1e18_050_1"
    }
}