{
    "3exp": {
        "a1": 897228131589997.4,
        "b1": -0.350249160397774,
        "a2": -3753757382.4001455,
        "b2": 0.04686741214252776,
        "a3": 51436655713969.695,
        "b3": -0.04383478395161136,
        "t_hot": 22.8129332427847,
        "n_hot": 51436655713969.695,
        "critical_energy": NaN
    },
    "2exp": {
        "a1": 634794133911601.4,
        "b1": -0.3110019768447858,
        "a2": 50592662947873.83,
        "b2": -0.04393522381048576,
        "b1_stdev": 0.0014911523160859189,
        "b2_stdev": 0.0071657040196053045,
        "t_hot": 22.76078083301663,
        "n_hot": 0.21069751124586794
    },
    "nlsq": {
        "a1": 494667413108655.7,
        "b1": -0.27681057026289657,
        "a2": 44945624411781.09,
        "b2": -0.03864097404259565,
        "a0": -0.002850641714834398,
        "t_hot": 25.879264816090192,
        "n_hot": 0.18717993189468554
    },
    "nlsq_std_errors": {
        "a1": 35158822119778.65,
        "b1": 0.008778976764960195,
        "a2": 1363571962551.7495,
        "b2": 0.0012699428856810754,
        "a0": 0.0007753336630007952
    },
    "histogram": {
        "i": 1e+17,
        "l": 0.05,
        "a": 30.0,
        "filename": "hist_1e17_005_30"
    }
}