{
    "3exp": {
        "a1": 5165087519707411.0,
        "b1": -0.04359049884355699,
        "a2": 626250257226527.0,
        "b2": -0.010556915043674224,
        "a3": 226988945341448.5,
        "b3": -0.006834834910355039,
        "t_hot": 146.30931297037787,
        "n_hot": 226988945341448.5,
        "critical_energy": 85.01481607009038
    },
    "2exp": {
        "a1": 1408525767441266.5,
        "b1": -0.02388468564408632,
        "a2": 595191217193794.0,
        "b2": -0.008080941723468493,
        "b1_stdev": 0.0010245150593261542,
        "b2_stdev": 0.0022156001353747902,
        "t_hot": 123.74795342179266,
        "n_hot": 0.2873880913359277
    },
    "nlsq": {
        "a1": 2052596024655634.5,
        "b1": -0.025122602407315384,
        "a2": 520911224320558.7,
        "b2": -0.007507989801994404,
        "a0": -0.00045247096930078277,
        "t_hot": 133.1914435651421,
        "n_hot": 0.25152199526526814
    },
    "nlsq_std_errors": {
        "a1": 242406455668940.12,
        "b1": 0.001340489551568155,
        "a2": 21721946365230.016,
        "b2": 0.00012602452569045435,
        "a0": 9.647114377969698e-05
    },
    "histogram": {
        "i": 1e+19,
        "l": 0.2,
        "a": 60.0,
        "filename": "hist_1e19_020_60"
    }
}