{
    "3exp": {
        "a1": 9603022704746706.0,
        "b1": -0.032293946073047294,
        "a2": 3309030870557106.0,
        "b2": -0.011713675199521543,
        "a3": 143579178766708.6,
        "b3": -0.004100041222316696,
        "t_hot": 243.89998679939075,
        "n_hot": 143579178766708.6,
        "critical_energy": 149.07287811977605
    },
    "2exp": {
        "a1": 3365844259261473.5,
        "b1": -0.011706934807688096,
        "a2": 140299323925098.25,
        "b2": -0.004079548874552242,
        "b1_stdev": 0.00032632772348702415,
        "b2_stdev": 0.0005671318054243686,
        "t_hot": 245.12514269356726,
        "n_hot": 0.06628422140760518
    },
    "nlsq": {
        "a1": 4001520319148004.0,
        "b1": -0.013010010374104262,
        "a2": 271758302876546.62,
        "b2": -0.00504116598852112,
        "a0": 0.00022204923914660764,
        "t_hot": 198.36680686115648,
        "n_hot": 0.1283918340678592
    },
    "nlsq_std_errors": {
        "a1": 419465527107411.7,
        "b1": 0.0007699895542735399,
        "a2": 85761602857403.61,
        "b2": 0.0004875554118013434,
        "a0": 0.0001501763644570492
    },
    "histogram": {
        "i": 1e+19,
        "l": 0.05,
        "a": 30.0,
        "filename": "hist_1e19_005_30"
    }
}