{
    "3exp": {
        "a1": 787085893803134.8,
        "b1": -0.39888483022628296,
        "a2": 100867384665247.86,
        "b2": -0.17154445680416724,
        "a3": 20891685748930.906,
        "b3": -0.04028384137681888,
        "t_hot": 24.823849112250862,
        "n_hot": 20891685748930.906,
        "critical_energy": 10.119844136877568
    },
    "2exp": {
        "a1": 117114758995656.62,
        "b1": -0.1722142629486572,
        "a2": 20557777732028.76,
        "b2": -0.040341417507945926,
        "b1_stdev": 0.0037494140616149687,
        "b2_stdev": 0.010991693612188902,
        "t_hot": 24.788419985565284,
        "n_hot": 0.11251334113654105
    },
    "nlsq": {
        "a1": 108580164001593.8,
        "b1": -0.16110214325311858,
        "a2": 18254374028204.137,
        "b2": -0.03689996381633285,
        "a0": -0.0007207889030133951,
        "t_hot": 27.10029757691456,
        "n_hot": 0.09990674279299447
    },
    "nlsq_std_errors": {
        "a1": 17132011820103.88,
        "b1": 0.014464041805719589,
        "a2": 1994752972660.41,
        "b2": 0.0026430670059233337,
        "a0": 0.000492732834465345
    },
    "histogram": {
        "i": 1e+17,
        "l": 0.2,
        "a": 50.0,
        "filename": "hist_1e17_020_50"
    }
}