{
    "3exp": {
        "a1": 7063980419206133.0,
        "b1": -0.014959455956479493,
        "a2": 747250286144369.1,
        "b2": -0.002882906697227551,
        "a3": 237667972435778.22,
        "b3": -0.0015323379973652411,
        "t_hot": 652.5975350865391,
        "n_hot": 237667972435778.22,
        "critical_energy": 252.61484667405634
    },
    "2exp": {
        "a1": 717319895496468.9,
        "b1": -0.0037289485537708323,
        "a2": 432848766128379.1,
        "b2": -0.0017479247899019178,
        "b1_stdev": 0.0001968592481674764,
        "b2_stdev": 0.0003114318530524263,
        "t_hot": 572.1069955510577,
        "n_hot": 0.2007307027884027
    },
    "nlsq": {
        "a1": 2120653138510580.5,
        "b1": -0.00911024351725545,
        "a2": 756226532128725.9,
        "b2": -0.0020951926016348097,
        "a0": 0.000538983213395887,
        "t_hot": 477.28309045179566,
        "n_hot": 0.350694965863467
    },
    "nlsq_std_errors": {
        "a1": 517710451504827.56,
        "b1": 0.0007400277928052056,
        "a2": 14375303834526.918,
        "b2": 1.902959740841799e-05,
        "a0": 9.695359034666351e-05
    },
    "histogram": {
        "i": 1e+19,
        "l": 0.4,
        "a": 30.0,
        "filename": "hist_1e19_040_30"
    }
}