{
    "3exp": {
        "a1": 6257559528437574.0,
        "b1": -0.03061980225071089,
        "a2": 1620877382421049.0,
        "b2": -0.011061667083630579,
        "a3": 595098873251792.2,
        "b3": -0.004247236562414681,
        "t_hot": 235.44721027534902,
        "n_hot": 595098873251792.2,
        "critical_energy": 89.21460274023767
    },
    "2exp": {
        "a1": 2054212051949562.8,
        "b1": -0.012239791026078825,
        "a2": 632628513914120.6,
        "b2": -0.004318144746163691,
        "b1_stdev": 0.00022809854427018137,
        "b2_stdev": 0.00045566103407836876,
        "t_hot": 231.58093551366383,
        "n_hot": 0.3110354879349958
    },
    "nlsq": {
        "a1": 2394723710873365.5,
        "b1": -0.014102858846445463,
        "a2": 756030563494363.0,
        "b2": -0.0046099881434272915,
        "a0": 0.0003099457692492625,
        "t_hot": 216.92029759897622,
        "n_hot": 0.3717068232592516
    },
    "nlsq_std_errors": {
        "a1": 162670974981053.4,
        "b1": 0.0006998399095652439,
        "a2": 43157247923866.914,
        "b2": 0.00010598582316925216,
        "a0": 0.0002021907472802532
    },
    "histogram": {
        "i": 1e+19,
        "l": 0.01,
        "a": 1.0,
        "filename": "hist_1e19_001_1"
    }
}