{
    "3exp": {
        "a1": 7100772726523638.0,
        "b1": -0.027089796541693995,
        "a2": 674797303017347.5,
        "b2": -0.003268436359393196,
        "a3": 185859826836369.28,
        "b3": -0.0016296403271589559,
        "t_hot": 613.6323355125585,
        "n_hot": 185859826836369.28,
        "critical_energy": 143.0849870162621
    },
    "2exp": {
        "a1": 684446072065523.6,
        "b1": -0.0032211006535173706,
        "a2": 173327534680291.4,
        "b2": -0.0016086527932498004,
        "b1_stdev": 7.323179397492245e-05,
        "b2_stdev": 0.00010470460995629883,
        "t_hot": 621.6381833271803,
        "n_hot": 0.19929406511061898
    },
    "nlsq": {
        "a1": 711911115628200.0,
        "b1": -0.00312906517618789,
        "a2": 139464271135202.33,
        "b2": -0.0015078047767564118,
        "a0": -0.0001267866413198025,
        "t_hot": 663.2158323249241,
        "n_hot": 0.16035768110065007
    },
    "nlsq_std_errors": {
        "a1": 17965071554009.816,
        "b1": 5.756372441510217e-05,
        "a2": 21517120806176.023,
        "b2": 7.296469840877992e-05,
        "a0": 0.00012078061516600146
    },
    "histogram": {
        "i": 1e+19,
        "l": 1.0,
        "a": 1.0,
        "filename": "hist_1e19_100_1"
    }
}