{
    "3exp": {
        "a1": 1.036746458625589e+16,
        "b1": -0.042253084403570895,
        "a2": 2221272740140012.2,
        "b2": -0.012919786233727946,
        "a3": 751749037900968.1,
        "b3": -0.0046457351018967955,
        "t_hot": 215.25118803948,
        "n_hot": 751749037900968.1,
        "critical_energy": 69.7742670765776
    },
    "2exp": {
        "a1": 2612778162278254.0,
        "b1": -0.01401609446373115,
        "a2": 790607767577009.5,
        "b2": -0.004709550856272386,
        "b1_stdev": 0.00021774929107943694,
        "b2_stdev": 0.00045640773851461457,
        "t_hot": 212.33447318403117,
        "n_hot": 0.3585146750660621
    },
    "nlsq": {
        "a1": 3238917972736959.0,
        "b1": -0.016622212342635195,
        "a2": 954003537198483.9,
        "b2": -0.005060347292340944,
        "a0": 0.0004220086455738846,
        "t_hot": 197.61489522933408,
        "n_hot": 0.4326092939850522
    },
    "nlsq_std_errors": {
        "a1": 234835542372765.8,
        "b1": 0.0007526314251232072,
        "a2": 42513725875446.72,
        "b2": 9.450438402862913e-05,
        "a0": 0.0001956141243722344
    },
    "histogram": {
        "i": 1e+19,
        "l": 0.01,
        "a": 5.0,
        "filename": "hist_1e19_001_5"
    }
}