{
    "3exp": {
        "a1": 9047227525375894.0,
        "b1": -0.038260161687478936,
        "a2": 1600308922331303.8,
        "b2": -0.01139651801147505,
        "a3": 605055845212582.5,
        "b3": -0.004556793196799532,
        "t_hot": 219.45257482879646,
        "n_hot": 605055845212582.5,
        "critical_energy": 80.25586166001268
    },
    "2exp": {
        "a1": 2101486923278893.2,
        "b1": -0.013315539706966768,
        "a2": 679732814953318.0,
        "b2": -0.004692266789730985,
        "b1_stdev": 0.0002324446029783116,
        "b2_stdev": 0.00046779372359564834,
        "t_hot": 213.11661182362812,
        "n_hot": 0.3019658724392607
    },
    "nlsq": {
        "a1": 3030418680268073.0,
        "b1": -0.01743992123010752,
        "a2": 889826256806347.6,
        "b2": -0.005173596347265278,
        "a0": 0.00038878508854166483,
        "t_hot": 193.28914218995692,
        "n_hot": 0.39529820547849187
    },
    "nlsq_std_errors": {
        "a1": 269603616069905.47,
        "b1": 0.0008319044782578273,
        "a2": 34433619123849.16,
        "b2": 8.243053569997996e-05,
        "a0": 0.00013767557765607803
    },
    "histogram": {
        "i": 1e+19,
        "l": 0.02,
        "a": 5.0,
        "filename": "hist_1e19_002_5"
    }
}