{
    "3exp": {
        "a1": 6231385237794202.0,
        "b1": -1.3666709833950783,
        "a2": 313119313777921.75,
        "b2": -0.4504865232034594,
        "a3": 1154886492363.902,
        "b3": -0.08023533785042052,
        "t_hot": 12.463336315281172,
        "n_hot": 1154886492363.902,
        "critical_energy": 6.679970274656094
    },
    "2exp": {
        "a1": 463518888745132.6,
        "b1": -0.4895224207855946,
        "a2": 1483521804610.4546,
        "b2": -0.08902563898224547,
        "b1_stdev": 0.008482996541104331,
        "b2_stdev": 0.020444047762314815,
        "t_hot": 11.23271915183256,
        "n_hot": 0.009776462433213574
    },
    "nlsq": {
        "a1": 529314573397507.8,
        "b1": -0.505994701430664,
        "a2": 2085663709601.6646,
        "b2": -0.10951844046485858,
        "a0": 0.0001517652051739902,
        "t_hot": 9.130882395288236,
        "n_hot": 0.01374459939979897
    },
    "nlsq_std_errors": {
        "a1": 124401459095886.36,
        "b1": 0.029312534643162587,
        "a2": 1322528983239.8616,
        "b2": 0.0376556701145374,
        "a0": 0.00024362841637944947
    },
    "histogram": {
        "i": 1e+17,
        "l": 1.0,
        "a": 40.0,
        "filename": "hist_1e17_100_40"
    }
}