{
    "3exp": {
        "a1": 4.805157356950959e+16,
        "b1": -0.07784480203616524,
        "a2": 3690102981270733.5,
        "b2": -0.02390379893203653,
        "a3": 1101160584112731.5,
        "b3": -0.00943288079706263,
        "t_hot": 106.01215275734184,
        "n_hot": 1101160584112731.5,
        "critical_energy": 55.19374569528105
    },
    "2exp": {
        "a1": 4647478306535332.0,
        "b1": -0.02665333836274393,
        "a2": 1194761867609223.5,
        "b2": -0.009625322656203457,
        "b1_stdev": 0.0005124744287982045,
        "b2_stdev": 0.0010184503221140396,
        "t_hot": 103.89262113260241,
        "n_hot": 0.24176619742669317
    },
    "nlsq": {
        "a1": 7978205382855708.0,
        "b1": -0.03452667340728811,
        "a2": 1517087698252530.2,
        "b2": -0.010390228424690142,
        "a0": 0.0001639601313250154,
        "t_hot": 96.24427482496104,
        "n_hot": 0.30699048397257134
    },
    "nlsq_std_errors": {
        "a1": 993229714110058.0,
        "b1": 0.0016426306145294054,
        "a2": 58300693548038.8,
        "b2": 0.00014687928613781075,
        "a0": 6.829397908695121e-05
    },
    "histogram": {
        "i": 1e+19,
        "l": 0.01,
        "a": 50.0,
        "filename": "hist_1e19_001_50"
    }
}