{
    "3exp": {
        "a1": 1582247514426763.2,
        "b1": -0.012854747591638493,
        "a2": 580201895893520.4,
        "b2": -0.0024447567716115058,
        "a3": 20349408048981.324,
        "b3": -0.0007017407912450592,
        "t_hot": 1425.0276063128042,
        "n_hot": 20349408048981.324,
        "critical_energy": 358.2282015706023
    },
    "2exp": {
        "a1": 615273205987185.6,
        "b1": -0.0024459551909271245,
        "a2": 14351483452206.264,
        "b2": -0.0006504807759428016,
        "b1_stdev": 5.5388100665431495e-05,
        "b2_stdev": 8.744914486804365e-05,
        "t_hot": 1537.32444829074,
        "n_hot": 0.019277758581846046
    },
    "histogram": {
        "i": 1e+19,
        "l": 0.6,
        "a": 5.0,
        "filename": "hist_1e19_060_5"
    }
}