{
    "3exp": {
        "a1": 233609902148630.66,
        "b1": -0.03225857908975107,
        "a2": 183439288532775.72,
        "b2": -0.00870123244470356,
        "a3": 16115261803178.164,
        "b3": -0.002878778705829634,
        "t_hot": 347.3695279095134,
        "n_hot": 16115261803178.164,
        "critical_energy": 91.01102946184224
    },
    "2exp": {
        "a1": 211109917020641.66,
        "b1": -0.009430560934089133,
        "a2": 19234208109720.74,
        "b2": -0.0030571482925586357,
        "b1_stdev": 0.00010648314408649293,
        "b2_stdev": 0.00019401814796976178,
        "t_hot": 327.1022221702777,
        "n_hot": 0.12138670934090934
    },
    "nlsq": {
        "a1": 210994595959106.5,
        "b1": -0.00941050889824096,
        "a2": 18969435274131.977,
        "b2": -0.0030436949128756006,
        "a0": 4.3485247624459635e-05,
        "t_hot": 328.5480406625995,
        "n_hot": 0.11971573317949731
    },
    "nlsq_std_errors": {
        "a1": 2374454496986.6147,
        "b1": 0.00018196378309512858,
        "a2": 2465349950526.6504,
        "b2": 0.0001940849078667256,
        "a0": 0.00031650172438379206
    },
    "histogram": {
        "i": 1e+18,
        "l": 5.0,
        "a": 0.0,
        "filename": "hist_1e18_500_0"
    }
}