{
    "3exp": {
        "a1": 1.0273225696479838e+16,
        "b1": -0.03568605040157308,
        "a2": 2354258435890463.5,
        "b2": -0.010754279809117933,
        "a3": 363917633423015.4,
        "b3": -0.004010089020505973,
        "t_hot": 249.3710226596977,
        "n_hot": 363917633423015.4,
        "critical_energy": 105.45437729368358
    },
    "2exp": {
        "a1": 2542545492259922.5,
        "b1": -0.011085261505740527,
        "a2": 373755393595879.75,
        "b2": -0.0040331414891602215,
        "b1_stdev": 0.00025490986943018463,
        "b2_stdev": 0.00046725314738766896,
        "t_hot": 247.94567775211362,
        "n_hot": 0.1749416881313348
    },
    "nlsq": {
        "a1": 2574990194418212.0,
        "b1": -0.01130804874056227,
        "a2": 402997934147391.5,
        "b2": -0.004156261136582415,
        "a0": 0.00015448021972342598,
        "t_hot": 240.60085907457534,
        "n_hot": 0.18862908768993977
    },
    "nlsq_std_errors": {
        "a1": 110276985367630.05,
        "b1": 0.000539908598906421,
        "a2": 67176188919625.73,
        "b2": 0.0002620456520617369,
        "a0": 0.00027308628036723276
    },
    "histogram": {
        "i": 1e+19,
        "l": 0.05,
        "a": 20.0,
        "filename": "hist_1e19_005_20"
    }
}