{
    "3exp": {
        "a1": 7518828232837162.0,
        "b1": -0.03236299108955901,
        "a2": 1184135967739517.0,
        "b2": -0.00972713346314111,
        "a3": 582032554329454.2,
        "b3": -0.005094065624213752,
        "t_hot": 196.30685463624076,
        "n_hot": 582032554329454.2,
        "critical_energy": 93.82985063022691
    },
    "2exp": {
        "a1": 1543813533772765.2,
        "b1": -0.012222946211146467,
        "a2": 752041519253820.9,
        "b2": -0.00536298437010866,
        "b1_stdev": 0.0006567277268254508,
        "b2_stdev": 0.0011067268480121784,
        "t_hot": 186.46334409878932,
        "n_hot": 0.36885322329670334
    },
    "nlsq": {
        "a1": 2442067426370842.0,
        "b1": -0.018026538120772644,
        "a2": 1063526878894866.1,
        "b2": -0.00595362875751576,
        "a0": 0.00036870667423979936,
        "t_hot": 167.96478932913257,
        "n_hot": 0.5216272071418097
    },
    "nlsq_std_errors": {
        "a1": 540432799755313.3,
        "b1": 0.001940984691192107,
        "a2": 64391751980855.4,
        "b2": 0.0001281956620068928,
        "a0": 0.00017509256924532114
    },
    "histogram": {
        "i": 1e+19,
        "l": 0.05,
        "a": 5.0,
        "filename": "hist_1e19_005_5"
    }
}