{
    "3exp": {
        "a1": 6940541120544262.0,
        "b1": -0.029224922149256104,
        "a2": 1124328457208893.4,
        "b2": -0.010749970524772197,
        "a3": 662791633982216.5,
        "b3": -0.004774466839701961,
        "t_hot": 209.44746996345742,
        "n_hot": 662791633982216.5,
        "critical_energy": 96.05851215238386
    },
    "2exp": {
        "a1": 2405929965571037.5,
        "b1": -0.014975708818006667,
        "a2": 775379898873131.2,
        "b2": -0.004955443926299125,
        "b1_stdev": 0.0003865480654450775,
        "b2_stdev": 0.0008376693314976159,
        "t_hot": 201.79826769764907,
        "n_hot": 0.37860248010750003
    },
    "nlsq": {
        "a1": 2.039114402049243e+16,
        "b1": -0.029509575248164235,
        "a2": 1067862713127958.5,
        "b2": -0.005598515554118073,
        "a0": 0.0007430475914115677,
        "t_hot": 178.61877676921605,
        "n_hot": 0.5214159822715759
    },
    "nlsq_std_errors": {
        "a1": 7222502182040530.0,
        "b1": 0.002141239353513744,
        "a2": 24718553190841.67,
        "b2": 6.145155711161782e-05,
        "a0": 0.00016425564613370405
    },
    "histogram": {
        "i": 1e+19,
        "l": 0.05,
        "a": 10.0,
        "filename": "hist_1e19_005_10"
    }
}