{
    "3exp": {
        "a1": 425738954026338.56,
        "b1": -0.10235815752129014,
        "a2": 59115778578457.61,
        "b2": -0.019833446914362333,
        "a3": 7586422916139.841,
        "b3": -0.007318484552787108,
        "t_hot": 136.64031027013218,
        "n_hot": 7586422916139.841,
        "critical_energy": 42.37668394050265
    },
    "2exp": {
        "a1": 59563133437989.07,
        "b1": -0.019746271117793642,
        "a2": 7479880918147.06,
        "b2": -0.00736062672729693,
        "b1_stdev": 0.0008235459340493418,
        "b2_stdev": 0.0013429137210496389,
        "t_hot": 135.85799647895388,
        "n_hot": 0.05918243684385338
    },
    "nlsq": {
        "a1": 61495292735472.64,
        "b1": -0.018153955932918703,
        "a2": 3211227940801.2817,
        "b2": -0.0035555545230461978,
        "a0": -0.0029443401246512873,
        "t_hot": 281.2500816731272,
        "n_hot": 0.02540793053758516
    },
    "nlsq_std_errors": {
        "a1": 817326454908.0885,
        "b1": 0.0005523228872104126,
        "a2": 817925649214.4941,
        "b2": 0.0015822365017929797,
        "a0": 0.002354672366691357
    },
    "histogram": {
        "i": 1e+18,
        "l": 0.5,
        "a": 2.0,
        "filename": "hist_1e18_050_2"
    }
}