{
    "3exp": {
        "a1": 398800242419646.75,
        "b1": -0.14285720033347518,
        "a2": 59886873647467.82,
        "b2": -0.0351313536360644,
        "a3": 13263626740675.41,
        "b3": -0.013858426830795726,
        "t_hot": 72.15826242108764,
        "n_hot": 13263626740675.41,
        "critical_energy": 26.38346936433444
    },
    "2exp": {
        "a1": 61804145645063.41,
        "b1": -0.03595972007319189,
        "a2": 13981158935934.732,
        "b2": -0.014115372708014476,
        "b1_stdev": 0.0029171399474118157,
        "b2_stdev": 0.004967949537926071,
        "t_hot": 70.84474641128084,
        "n_hot": 0.12784036224345371
    },
    "nlsq": {
        "a1": 61933023149822.91,
        "b1": -0.03886787481470419,
        "a2": 17799919048036.76,
        "b2": -0.015373894247232742,
        "a0": 0.00018066414559010652,
        "t_hot": 65.04532839361745,
        "n_hot": 0.162758188318459
    },
    "nlsq_std_errors": {
        "a1": 4377803718807.2197,
        "b1": 0.00607161516172205,
        "a2": 8504941536952.684,
        "b2": 0.0028815716743165985,
        "a0": 0.0008672681435464578
    },
    "histogram": {
        "i": 1e+18,
        "l": 0.2,
        "a": 4.0,
        "filename": "hist_1e18_020_4"
    }
}