{
    "3exp": {
        "a1": 1187002649775174.5,
        "b1": -0.013924674852425824,
        "a2": 495342203372145.1,
        "b2": -0.0029432480334614696,
        "a3": 36675239379088.89,
        "b3": -0.0009461853898916982,
        "t_hot": 1056.8753340341277,
        "n_hot": 36675239379088.89,
        "critical_energy": 267.9113610200421
    },
    "2exp": {
        "a1": 500717241054606.2,
        "b1": -0.002841449161769795,
        "a2": 26504932113358.516,
        "b2": -0.0008681012580055922,
        "b1_stdev": 4.871417931213842e-05,
        "b2_stdev": 8.092657346218094e-05,
        "t_hot": 1151.9393512888541,
        "n_hot": 0.04156800238887719
    },
    "nlsq": {
        "a1": 496224839143783.9,
        "b1": -0.0026760065143366265,
        "a2": 12949269483574.402,
        "b2": -0.0002725499309155941,
        "a0": -0.0056155614111215914,
        "t_hot": 3669.052480184593,
        "n_hot": 0.02030849437852904
    },
    "nlsq_std_errors": {
        "a1": 3704129739559.6255,
        "b1": 2.7766952953189675e-05,
        "a2": 897589046463.5522,
        "b2": 0.00012734529547949686,
        "a0": 0.00377590241557178
    },
    "histogram": {
        "i": 1e+19,
        "l": 0.5,
        "a": 2.0,
        "filename": "hist_1e19_050_2"
    }
}