{
    "3exp": {
        "a1": 1750799343294337.2,
        "b1": -0.4006536414679034,
        "a2": 117004946584127.44,
        "b2": -0.09411365702541628,
        "a3": 12625360426576.3,
        "b3": -0.03851237711506366,
        "t_hot": 25.96567843663075,
        "n_hot": 12625360426576.3,
        "critical_energy": 13.619326744352158
    },
    "2exp": {
        "a1": 116929709983015.42,
        "b1": -0.09361592462722657,
        "a2": 12270870421866.951,
        "b2": -0.03832029674139248,
        "b1_stdev": 0.009788385434950574,
        "b2_stdev": 0.015708990945766995,
        "t_hot": 26.095831322721175,
        "n_hot": 0.10572148633327595
    },
    "nlsq": {
        "a1": 3222143757091737.0,
        "b1": -0.2953580227000534,
        "a2": 66861452488546.02,
        "b2": -0.06285776885961997,
        "a0": 0.0008982760512487274,
        "t_hot": 15.908932469959225,
        "n_hot": 0.5760546638072421
    },
    "nlsq_std_errors": {
        "a1": 6025346504511922.0,
        "b1": 0.08662821948075862,
        "a2": 6483704894864.286,
        "b2": 0.0022451659685881684,
        "a0": 0.00029520786436069036
    },
    "histogram": {
        "i": 1e+18,
        "l": 0.05,
        "a": 3.0,
        "filename": "hist_1e18_005_3"
    }
}