{
    "3exp": {
        "a1": 880291893304080.4,
        "b1": -0.6994180178460432,
        "a2": 19734534405887.547,
        "b2": -0.2569925289178133,
        "a3": 892092252512.8267,
        "b3": -0.03159466972411987,
        "t_hot": 31.650908483356744,
        "n_hot": 892092252512.8267,
        "critical_energy": 10.323746988553891
    },
    "2exp": {
        "a1": 32721076633862.02,
        "b1": -0.2805275407719202,
        "a2": 889648005747.821,
        "b2": -0.031676227827738615,
        "b1_stdev": 0.006265058089308411,
        "b2_stdev": 0.03689157056470343,
        "t_hot": 31.56941557050894,
        "n_hot": 0.020044025440064846
    },
    "nlsq": {
        "a1": 28306139968970.55,
        "b1": -0.26750983908288156,
        "a2": 837278218421.6624,
        "b2": -0.02754504202310585,
        "a0": -0.0005841409471370951,
        "t_hot": 36.304174056483966,
        "n_hot": 0.018864119069596504
    },
    "nlsq_std_errors": {
        "a1": 23532905807641.59,
        "b1": 0.06035476088161242,
        "a2": 133904902132.26253,
        "b2": 0.00961291313262569,
        "a0": 0.0014935434949420573
    },
    "histogram": {
        "i": 1e+17,
        "l": 5.0,
        "a": 3.0,
        "filename": "hist_1e17_500_3"
    }
}