{
    "3exp": {
        "a1": 1070378478134938.5,
        "b1": -0.15778946216593306,
        "a2": 54773475906173.664,
        "b2": -0.02912532760950338,
        "a3": 3971130160689.5366,
        "b3": -0.007185704565890905,
        "t_hot": 139.16519818345984,
        "n_hot": 3971130160689.5366,
        "critical_energy": 37.16186729042564
    },
    "2exp": {
        "a1": 52839776199051.02,
        "b1": -0.02827527374924809,
        "a2": 3665301012813.4688,
        "b2": -0.00699457695388784,
        "b1_stdev": 0.0002360648248191229,
        "b2_stdev": 0.0005347448737342698,
        "t_hot": 142.96790307584845,
        "n_hot": 0.048199744753345035
    },
    "nlsq": {
        "a1": 50226036457530.63,
        "b1": -0.026695230319253544,
        "a2": 2716079325743.589,
        "b2": -0.005625276072597567,
        "a0": -0.000677380321945907,
        "t_hot": 177.7690529485841,
        "n_hot": 0.035717211157560345
    },
    "nlsq_std_errors": {
        "a1": 1037477860912.7206,
        "b1": 0.0005305165219327937,
        "a2": 308046937435.1045,
        "b2": 0.0005689757734518415,
        "a0": 0.0003931639667186412
    },
    "histogram": {
        "i": 1e+18,
        "l": 5.0,
        "a": 40.0,
        "filename": "hist_1e18_500_40"
    }
}