{
    "3exp": {
        "a1": 6687504205733642.0,
        "b1": -3.451874618834359,
        "a2": 19323174704862.254,
        "b2": -0.5297660251801848,
        "a3": -86001835962.30312,
        "b3": 0.049670559491928334,
        "t_hot": 1.8876257677337436,
        "n_hot": 19323174704862.254,
        "critical_energy": NaN
    },
    "2exp": {
        "a1": 29030578807749.895,
        "b1": -0.6496971673197618,
        "a2": 119772703708.15677,
        "b2": -0.16137049755961244,
        "b1_stdev": 0.6834467158897433,
        "b2_stdev": 0.9701226289015464,
        "t_hot": 6.196919605026231,
        "n_hot": 0.0037152462203465914
    },
    "nlsq": {
        "a1": 2784457605148279.5,
        "b1": -2.9313017774992396,
        "a2": 15794890066956.354,
        "b2": -0.4736444708257535,
        "a0": -0.006599761761972528,
        "t_hot": 2.111288237476089,
        "n_hot": 0.48994390044860575
    },
    "nlsq_std_errors": {
        "a1": 7844617321829125.0,
        "b1": 1.2066484327843603,
        "a2": 4212362580301.0767,
        "b2": 0.07363651415505629,
        "a0": 0.0044552056717818075
    },
    "histogram": {
        "i": 1e+17,
        "l": 0.01,
        "a": 4.0,
        "filename": "hist_1e17_001_4"
    }
}