{
    "3exp": {
        "a1": 7814780746019807.0,
        "b1": -0.016468920475879063,
        "a2": 1060965310600472.1,
        "b2": -0.003978569538137851,
        "a3": 361520868663573.4,
        "b3": -0.0019602752441202306,
        "t_hot": 510.1324433900092,
        "n_hot": 361520868663573.4,
        "critical_energy": 211.83593436369532
    },
    "2exp": {
        "a1": 1215523211001525.2,
        "b1": -0.00503687048697589,
        "a2": 541300491591408.25,
        "b2": -0.0021514858063080696,
        "b1_stdev": 0.00018211107920480414,
        "b2_stdev": 0.0003087332809644005,
        "t_hot": 464.79507188383036,
        "n_hot": 0.21267961027222065
    },
    "nlsq": {
        "a1": 1911647599774451.5,
        "b1": -0.00823392599462447,
        "a2": 867819409586614.6,
        "b2": -0.0025116746718459545,
        "a0": 0.00046897936104247034,
        "t_hot": 398.1407350280163,
        "n_hot": 0.3409704899305127
    },
    "nlsq_std_errors": {
        "a1": 242020424443911.66,
        "b1": 0.0005625449806122392,
        "a2": 32624122610708.566,
        "b2": 3.81422170733713e-05,
        "a0": 0.00011375194905106005
    },
    "histogram": {
        "i": 1e+19,
        "l": 0.2,
        "a": 30.0,
        "filename": "hist_1e19_020_30"
    }
}