{
    "3exp": {
        "a1": 9167888120524164.0,
        "b1": -0.03764571310028014,
        "a2": 1381981441046231.2,
        "b2": -0.010292292117143933,
        "a3": 544646234582521.6,
        "b3": -0.004498965427239418,
        "t_hot": 222.27332398364388,
        "n_hot": 544646234582521.6,
        "critical_energy": 85.17655458776213
    },
    "2exp": {
        "a1": 1528730575349250.5,
        "b1": -0.011109977745771049,
        "a2": 593170493407636.6,
        "b2": -0.004593341945128726,
        "b1_stdev": 0.0003871925096350259,
        "b2_stdev": 0.0006708849805116024,
        "t_hot": 217.7064133142771,
        "n_hot": 0.2661396074202452
    },
    "nlsq": {
        "a1": 1641195311008834.5,
        "b1": -0.013409677657546575,
        "a2": 793127356811429.2,
        "b2": -0.005060523638674318,
        "a0": 0.0003794049781310551,
        "t_hot": 197.6080088545867,
        "n_hot": 0.3558548608232794
    },
    "nlsq_std_errors": {
        "a1": 101490117084387.94,
        "b1": 0.0010008191714457892,
        "a2": 71000188197242.31,
        "b2": 0.00016281576339900148,
        "a0": 0.00021464771541850148
    },
    "histogram": {
        "i": 1e+19,
        "l": 0.02,
        "a": 0.0,
        "filename": "hist_1e19_002_0"
    }
}