{
    "3exp": {
        "a1": 4649665638285033.0,
        "b1": -2.3761097708987124,
        "a2": 521614120404197.25,
        "b2": -1.2736654576384385,
        "a3": 39188090045186.5,
        "b3": -0.3402796411379249,
        "t_hot": 2.9387594175658363,
        "n_hot": 39188090045186.5,
        "critical_energy": 2.3460590572740325
    },
    "2exp": {
        "a1": 2275703551836434.5,
        "b1": -1.6368226977964344,
        "a2": 40926588253858.66,
        "b2": -0.34444126894517335,
        "b1_stdev": 0.017672335889999193,
        "b2_stdev": 0.058923867027712885,
        "t_hot": 2.903252572092851,
        "n_hot": 0.332295423717588
    },
    "nlsq": {
        "a1": 2999275584404731.5,
        "b1": -1.7208168981011092,
        "a2": 42125461109768.516,
        "b2": -0.3481176824561334,
        "a0": 5.991619237612138e-05,
        "t_hot": 2.8725917998319743,
        "n_hot": 0.3420294372436366
    },
    "nlsq_std_errors": {
        "a1": 974235206051712.0,
        "b1": 0.10034141036036516,
        "a2": 2000198378595.8804,
        "b2": 0.007001183335140913,
        "a0": 0.0001567982911135556
    },
    "histogram": {
        "i": 1e+17,
        "l": 0.2,
        "a": 2.0,
        "filename": "hist_1e17_020_2"
    }
}