{
    "3exp": {
        "a1": 331389618185255.6,
        "b1": -0.16697293554659115,
        "a2": 52193701762521.266,
        "b2": -0.04607422413398575,
        "a3": 10428007267451.064,
        "b3": -0.017084873188843438,
        "t_hot": 58.5313094774978,
        "n_hot": 10428007267451.064,
        "critical_energy": 23.075884296353696
    },
    "2exp": {
        "a1": 54339561289103.63,
        "b1": -0.0446415383134843,
        "a2": 9120421895614.877,
        "b2": -0.016536658183977513,
        "b1_stdev": 0.002977016591108641,
        "b2_stdev": 0.005214239446121906,
        "t_hot": 60.47171011667322,
        "n_hot": 0.09762597440990961
    },
    "nlsq": {
        "a1": 54844768400764.91,
        "b1": -0.03981170231135697,
        "a2": 4299037541154.0283,
        "b2": -0.010619087064250698,
        "a0": -0.00178712928323865,
        "t_hot": 94.17005378612194,
        "n_hot": 0.04601735904144255
    },
    "nlsq_std_errors": {
        "a1": 2061938337198.0793,
        "b1": 0.002989612030370405,
        "a2": 2321716693836.942,
        "b2": 0.004503519533158531,
        "a0": 0.0019656475664714367
    },
    "histogram": {
        "i": 1e+18,
        "l": 0.2,
        "a": 1.0,
        "filename": "hist_1e18_020_1"
    }
}