{
    "3exp": {
        "a1": 1258615407457830.5,
        "b1": -1.0419793363494625,
        "a2": 140033964616777.61,
        "b2": -0.2737351982965989,
        "a3": 14398151063267.605,
        "b3": -0.09565727098744525,
        "t_hot": 10.453988386635524,
        "n_hot": 14398151063267.605,
        "critical_energy": 4.724256018585734
    },
    "2exp": {
        "a1": 133697656275472.72,
        "b1": -0.2609617895686148,
        "a2": 11864738719479.13,
        "b2": -0.08987095542398658,
        "b1_stdev": 0.03049867234229491,
        "b2_stdev": 0.051831191912717595,
        "t_hot": 11.127065415987552,
        "n_hot": 0.09934329907089455
    },
    "nlsq": {
        "a1": 131434595807821.52,
        "b1": -0.24433828485429337,
        "a2": 6472763058391.342,
        "b2": -0.056881518315134307,
        "a0": -0.0032551929236160388,
        "t_hot": 17.580402732216324,
        "n_hot": 0.054196358767607006
    },
    "nlsq_std_errors": {
        "a1": 10851986744507.654,
        "b1": 0.03241545860168323,
        "a2": 7844107964014.383,
        "b2": 0.08050891548340433,
        "a0": 0.01231916544041037
    },
    "histogram": {
        "i": 1e+18,
        "l": 0.02,
        "a": 4.0,
        "filename": "hist_1e18_002_4"
    }
}