{
    "3exp": {
        "a1": 1887070507371353.8,
        "b1": -0.014480732187221223,
        "a2": 709593158513100.8,
        "b2": -0.0023580912391182804,
        "a3": 6401336734249.055,
        "b3": -0.00047513271632566883,
        "t_hot": 2104.675105796278,
        "n_hot": 6401336734249.055,
        "critical_energy": 406.0000493374639
    },
    "2exp": {
        "a1": 727845356665829.9,
        "b1": -0.0023623870887367884,
        "a2": 4836612576353.8955,
        "b2": -0.00045513275022560166,
        "b1_stdev": 8.933351713213096e-05,
        "b2_stdev": 0.00013323810660895207,
        "t_hot": 2197.161156836806,
        "n_hot": 0.006222616559271951
    },
    "histogram": {
        "i": 1e+19,
        "l": 0.6,
        "a": 10.0,
        "filename": "hist_1e19_060_10"
    }
}