{
    "3exp": {
        "a1": 2747797621501652.5,
        "b1": -0.887283550925573,
        "a2": 151069837337818.03,
        "b2": -0.32563310352597796,
        "a3": 2230933085163.6655,
        "b3": -0.05144108352508832,
        "t_hot": 19.439714941313206,
        "n_hot": 2230933085163.6655,
        "critical_energy": 8.513727598960934
    },
    "2exp": {
        "a1": 46174958310265.78,
        "b1": -0.2318960079656514,
        "a2": 1446931424223.5405,
        "b2": -0.04185956923094443,
        "b1_stdev": 0.007097022856568349,
        "b2_stdev": 0.020074218470628888,
        "t_hot": 23.88940016278897,
        "n_hot": 0.01044197738418685
    },
    "nlsq": {
        "a1": 1.1698942039431265e+18,
        "b1": -1.1133761653358738,
        "a2": 11635483738562.688,
        "b2": -0.12329156019643203,
        "a0": 0.0011005762257534537,
        "t_hot": 8.11085526378909,
        "n_hot": 0.08396905065307017
    },
    "nlsq_std_errors": {
        "a1": 3.201794896292554e+18,
        "b1": 0.2253375263582027,
        "a2": 1339171162988.9194,
        "b2": 0.006289266681863582,
        "a0": 0.00010744775984513122
    },
    "histogram": {
        "i": 1e+17,
        "l": 0.5,
        "a": 4.0,
        "filename": "hist_1e17_050_4"
    }
}