{
    "3exp": {
        "a1": 2186828954723961.8,
        "b1": -0.017923216257231825,
        "a2": 579062208367835.1,
        "b2": -0.0030038124394837305,
        "a3": 37908924025977.7,
        "b3": -0.0009265109817376072,
        "t_hot": 1079.3180218161788,
        "n_hot": 37908924025977.7,
        "critical_energy": 238.57690035160238
    },
    "2exp": {
        "a1": 559730146865073.75,
        "b1": -0.0028654072853011537,
        "a2": 28346929543894.957,
        "b2": -0.0008504081923248518,
        "b1_stdev": 3.893198584508568e-05,
        "b2_stdev": 6.485296797169466e-05,
        "t_hot": 1175.9058873435745,
        "n_hot": 0.04238708534085399
    },
    "nlsq": {
        "a1": 556775024644550.75,
        "b1": -0.0027269170603466853,
        "a2": 14625006616867.844,
        "b2": -0.00036336556177902373,
        "a0": -0.0037988723340858454,
        "t_hot": 2752.049465293405,
        "n_hot": 0.021868731942195168
    },
    "nlsq_std_errors": {
        "a1": 3292456855512.416,
        "b1": 2.5395871519202e-05,
        "a2": 983077487907.7461,
        "b2": 0.00011053411995354743,
        "a0": 0.002010257931032351
    },
    "histogram": {
        "i": 1e+19,
        "l": 0.5,
        "a": 1.0,
        "filename": "hist_1e19_050_1"
    }
}