{
    "3exp": {
        "a1": 4181608965259498.0,
        "b1": -1.9816452589889717,
        "a2": 177908343073584.03,
        "b2": -0.43430245192337663,
        "a3": 21455066027280.7,
        "b3": -0.17354581777323191,
        "t_hot": 5.762167091267366,
        "n_hot": 21455066027280.7,
        "critical_energy": 2.9160401553540845
    },
    "2exp": {
        "a1": 172889217243215.28,
        "b1": -0.41365172320823584,
        "a2": 17035328644429.082,
        "b2": -0.1637507361442342,
        "b1_stdev": 0.030589899285466085,
        "b2_stdev": 0.0487018967385635,
        "t_hot": 6.1068427754681025,
        "n_hot": 0.12012257133749991
    },
    "nlsq": {
        "a1": 169530442582022.7,
        "b1": -0.3754770619108975,
        "a2": 5836917168200.827,
        "b2": -0.08676793142224719,
        "a0": -0.0027336972124107294,
        "t_hot": 11.524995278884813,
        "n_hot": 0.041158319487870375
    },
    "nlsq_std_errors": {
        "a1": 6150653151666.18,
        "b1": 0.018965641344404597,
        "a2": 3607748547441.643,
        "b2": 0.055213385739122635,
        "a0": 0.0036335804035035205
    },
    "histogram": {
        "i": 1e+17,
        "l": 0.02,
        "a": 60.0,
        "filename": "hist_1e17_002_60"
    }
}