{
    "3exp": {
        "a1": 785741283773680.9,
        "b1": -0.5928979551227446,
        "a2": 6948925382375.844,
        "b2": -0.15112614948234102,
        "a3": 986523765589.3296,
        "b3": -0.025516562734044033,
        "t_hot": 39.19023147525299,
        "n_hot": 986523765589.3296,
        "critical_energy": 11.773730219829405
    },
    "2exp": {
        "a1": 2178335031178.5198,
        "b1": -0.0800639429748605,
        "a2": 705281416569.7437,
        "b2": -0.02229898232302166,
        "b1_stdev": 0.01115190809151589,
        "b2_stdev": 0.024907923972848574,
        "t_hot": 44.845095866441916,
        "n_hot": 0.015158437574097095
    },
    "histogram": {
        "i": 1e+17,
        "l": 5.0,
        "a": 5.0,
        "filename": "hist_1e17_500_5"
    }
}