{
    "3exp": {
        "a1": 3871059519461326.5,
        "b1": -0.020563876188779844,
        "a2": 652219820013751.6,
        "b2": -0.0023595812088704708,
        "a3": 4781819541525.189,
        "b3": -0.00043730871322249476,
        "t_hot": 2286.714098676598,
        "n_hot": 4781819541525.189,
        "critical_energy": 332.7175586711458
    },
    "2exp": {
        "a1": 672513625071224.5,
        "b1": -0.0023653223192827196,
        "a2": 2822336068314.079,
        "b2": -0.000397268771769538,
        "b1_stdev": 8.207983796400684e-05,
        "b2_stdev": 0.0001201753748982045,
        "t_hot": 2517.1875341365017,
        "n_hot": 0.0032991469280138595
    },
    "histogram": {
        "i": 1e+19,
        "l": 0.8,
        "a": 5.0,
        "filename": "hist_1e19_080_5"
    }
}