{
    "3exp": {
        "a1": 1591099452815518.0,
        "b1": -0.03988549926786365,
        "a2": 262890826690327.6,
        "b2": -0.007764806457970821,
        "a3": -260715288863.85815,
        "b3": 0.002584103809116194,
        "t_hot": 128.786210630333,
        "n_hot": 262890826690327.6,
        "critical_energy": NaN
    },
    "2exp": {
        "a1": 1163286892749858.5,
        "b1": -0.03491239044149155,
        "a2": 266111293583173.25,
        "b2": -0.008048633980166062,
        "b1_stdev": 0.0004092229967796574,
        "b2_stdev": 0.0012276422957874726,
        "t_hot": 124.24468580187164,
        "n_hot": 0.344774508132992
    },
    "nlsq": {
        "a1": 1034695249343566.5,
        "b1": -0.030133004891171298,
        "a2": 207870047040763.75,
        "b2": -0.006711119933183189,
        "a0": -0.0034294173702179155,
        "t_hot": 149.00642664058074,
        "n_hot": 0.2693169923720703
    },
    "nlsq_std_errors": {
        "a1": 25556966607881.95,
        "b1": 0.0005771212699871582,
        "a2": 5298167268811.805,
        "b2": 0.0001197915566677993,
        "a0": 0.0003515937445819946
    },
    "histogram": {
        "i": 1e+18,
        "l": 0.2,
        "a": 45.0,
        "filename": "hist_1e18_020_45"
    }
}