{
    "3exp": {
        "a1": 3447553897112151.0,
        "b1": -1.6297177525964068,
        "a2": 89879184887589.3,
        "b2": -0.3394655171209542,
        "a3": 1105057620535.25,
        "b3": -0.05547753401434528,
        "t_hot": 18.02531453076883,
        "n_hot": 1105057620535.25,
        "critical_energy": 5.110733844407235
    },
    "2exp": {
        "a1": 86714798369140.19,
        "b1": -0.33476596243572865,
        "a2": 1057216500131.0718,
        "b2": -0.05457791081509432,
        "b1_stdev": 0.004231873282775133,
        "b2_stdev": 0.009218598035996943,
        "t_hot": 18.322430907770023,
        "n_hot": 0.009940965892880462
    },
    "nlsq": {
        "a1": 84278263000635.69,
        "b1": -0.32900585593332377,
        "a2": 891030868264.7761,
        "b2": -0.03668023138970222,
        "a0": -0.0008125704199474518,
        "t_hot": 27.262641540498695,
        "n_hot": 0.008378328818955854
    },
    "nlsq_std_errors": {
        "a1": 4204157445850.239,
        "b1": 0.008729685843138187,
        "a2": 154342821849.6099,
        "b2": 0.02637124448340662,
        "a0": 0.0017641725589713233
    },
    "histogram": {
        "i": 1e+17,
        "l": 0.2,
        "a": 5.0,
        "filename": "hist_1e17_020_5"
    }
}