{
    "3exp": {
        "a1": 4843422690666695.0,
        "b1": -2.487364921174821,
        "a2": 51843153592406.66,
        "b2": -0.3666389791998608,
        "a3": 2168199738122.6404,
        "b3": -0.10191780542366287,
        "t_hot": 9.811828226119005,
        "n_hot": 2168199738122.6404,
        "critical_energy": 3.232718787557925
    },
    "2exp": {
        "a1": 42146069827739.56,
        "b1": -0.3127334349553407,
        "a2": 431042643224.4615,
        "b2": -0.03426507729832206,
        "b1_stdev": 0.04543389144516337,
        "b2_stdev": 0.07200654633037776,
        "t_hot": 29.18423301058683,
        "n_hot": 0.00877134741657899
    },
    "nlsq": {
        "a1": 41928026671795.58,
        "b1": -0.3113807118183208,
        "a2": 79718898579451.28,
        "b2": -0.00010645844451797324,
        "a0": -1.6144463898567163,
        "t_hot": 9393.336569286163,
        "n_hot": 1.622211087693402
    },
    "nlsq_std_errors": {
        "a1": 2704694887870.6416,
        "b1": 0.033178863481793656,
        "a2": 6.67768721692065e+17,
        "b2": 0.9070891420355763,
        "a0": 13588.555804993885
    },
    "histogram": {
        "i": 1e+17,
        "l": 0.02,
        "a": 10.0,
        "filename": "hist_1e17_002_10"
    }
}