{
    "3exp": {
        "a1": 590704470946652.8,
        "b1": -0.009706397801472387,
        "a2": 696799896342492.2,
        "b2": -0.004476982977447303,
        "a3": 36777054556655.26,
        "b3": -0.0018012707967870341,
        "t_hot": 555.1636110371198,
        "n_hot": 36777054556655.26,
        "critical_energy": 351.2203799268203
    },
    "2exp": {
        "a1": 3410746129829911.5,
        "b1": -0.009597815349231004,
        "a2": 286803285556866.94,
        "b2": -0.0030078293283893717,
        "b1_stdev": 9.494509133981003e-05,
        "b2_stdev": 0.00021394149857369791,
        "t_hot": 332.46567235763956,
        "n_hot": 0.30988445926057256
    },
    "nlsq": {
        "a1": 2083775178153403.2,
        "b1": -0.007876496844497866,
        "a2": 192813510541223.25,
        "b2": -0.0026165559428973284,
        "a0": -0.0005188908173770811,
        "t_hot": 382.18177704723325,
        "n_hot": 0.20833063448414557
    },
    "nlsq_std_errors": {
        "a1": 87981867389155.2,
        "b1": 0.00014905884146073497,
        "a2": 9133227782705.479,
        "b2": 4.5171788733608975e-05,
        "a0": 7.211295435914374e-05
    },
    "histogram": {
        "i": 1e+19,
        "l": 2.0,
        "a": 45.0,
        "filename": "hist_1e19_200_45"
    }
}