{
    "3exp": {
        "a1": 573828236696438.8,
        "b1": -0.06466799904590467,
        "a2": 105262144627817.9,
        "b2": -0.012980324632870202,
        "a3": 7275164416670.586,
        "b3": -0.0031805380107931456,
        "t_hot": 314.412214727981,
        "n_hot": 7275164416670.586,
        "critical_energy": 71.03665732445445
    },
    "2exp": {
        "a1": 103126451508267.0,
        "b1": -0.012633234806275526,
        "a2": 6656945446219.883,
        "b2": -0.0031185832586072696,
        "b1_stdev": 0.00010805779636116969,
        "b2_stdev": 0.000219625274508232,
        "t_hot": 320.6584263030357,
        "n_hot": 0.04111590684218581
    },
    "nlsq": {
        "a1": 98957381503923.22,
        "b1": -0.011536723299811145,
        "a2": 5145342286361.41,
        "b2": -0.0006523501697667734,
        "a0": -0.015125352662463513,
        "t_hot": 1532.9190461581659,
        "n_hot": 0.03177965266897686
    },
    "nlsq_std_errors": {
        "a1": 919338626716.367,
        "b1": 0.00011682429770788075,
        "a2": 1216722132735.2544,
        "b2": 0.00031622536614797246,
        "a0": 0.009135170905433053
    },
    "histogram": {
        "i": 1e+18,
        "l": 2.0,
        "a": 2.0,
        "filename": "hist_1e18_200_2"
    }
}