{
    "3exp": {
        "a1": 2585207727359191.5,
        "b1": -0.7540294325740412,
        "a2": 44620709889490.42,
        "b2": -0.23929753010972304,
        "a3": 3357328818512.556,
        "b3": -0.06800665986387071,
        "t_hot": 14.70444221200843,
        "n_hot": 3357328818512.556,
        "critical_energy": 9.688330684554556
    },
    "2exp": {
        "a1": 26637366164136.125,
        "b1": -0.1830917305213659,
        "a2": 1688978699161.556,
        "b2": -0.053095947647281726,
        "b1_stdev": 0.01654844382667686,
        "b2_stdev": 0.03191387500002689,
        "t_hot": 18.833829026709076,
        "n_hot": 0.013112646026895764
    },
    "nlsq": {
        "a1": 28085884709297.934,
        "b1": -0.1924174346897481,
        "a2": 2259064526208.3667,
        "b2": -0.06258003687585578,
        "a0": 0.00016483101584364751,
        "t_hot": 15.97953676479557,
        "n_hot": 0.017538595068601177
    },
    "nlsq_std_errors": {
        "a1": 7371132243303.306,
        "b1": 0.04540410934918787,
        "a2": 2999099827199.472,
        "b2": 0.041755264715238986,
        "a0": 0.0006173688607963589
    },
    "histogram": {
        "i": 1e+17,
        "l": 2.0,
        "a": 2.0,
        "filename": "hist_1e17_200_2"
    }
}