{
    "3exp": {
        "a1": 4506937445012292.0,
        "b1": -0.02646023884149912,
        "a2": 394668897758889.94,
        "b2": -0.004042881091349043,
        "a3": 384410886679380.8,
        "b3": -0.0021616107380183097,
        "t_hot": 462.61798316044894,
        "n_hot": 384410886679380.8,
        "critical_energy": 101.30864733068188
    },
    "2exp": {
        "a1": 396911219804804.1,
        "b1": -0.0051914415499994685,
        "a2": 471493190937757.3,
        "b2": -0.0022622398319220157,
        "b1_stdev": 0.00011220639223491289,
        "b2_stdev": 0.00019253465360070997,
        "t_hot": 442.03978105645524,
        "n_hot": 0.44055070502738364
    },
    "nlsq": {
        "a1": 378607889633554.94,
        "b1": -0.006371417323121926,
        "a2": 541192182072727.0,
        "b2": -0.0023674415101888314,
        "a0": 0.0001800079077781235,
        "t_hot": 422.39691907752274,
        "n_hot": 0.5056755897009818
    },
    "nlsq_std_errors": {
        "a1": 7815914568171.133,
        "b1": 0.00026846488093711514,
        "a2": 12656502623449.555,
        "b2": 2.1844777195344688e-05,
        "a0": 0.00010072102187126555
    },
    "histogram": {
        "i": 1e+19,
        "l": 1.0,
        "a": 25.0,
        "filename": "hist_1e19_100_25"
    }
}