{
    "3exp": {
        "a1": 2455643897980708.5,
        "b1": -1.3804970613200938,
        "a2": 240002731669993.94,
        "b2": -0.3823239392976541,
        "a3": 37374637219297.86,
        "b3": -0.1250847069987344,
        "t_hot": 7.994582423334277,
        "n_hot": 37374637219297.86,
        "critical_energy": 3.333687092143862
    },
    "2exp": {
        "a1": 241453639661155.47,
        "b1": -0.38208055067528596,
        "a2": 37392099647052.21,
        "b2": -0.12534328835269284,
        "b1_stdev": 0.00874681640636864,
        "b2_stdev": 0.017633204721421707,
        "t_hot": 7.978089717785166,
        "n_hot": 0.1988788029735477
    },
    "nlsq": {
        "a1": 242714272040614.47,
        "b1": -0.38250491505514816,
        "a2": 37135492993661.445,
        "b2": -0.12455383758695508,
        "a0": -0.00011122689145850515,
        "t_hot": 8.028656678698217,
        "n_hot": 0.1975139792663177
    },
    "nlsq_std_errors": {
        "a1": 13567161045635.365,
        "b1": 0.021547530348366255,
        "a2": 6288903143555.283,
        "b2": 0.009441974305347088,
        "a0": 0.0005073491596852658
    },
    "histogram": {
        "i": 1e+17,
        "l": 0.05,
        "a": 60.0,
        "filename": "hist_1e17_005_60"
    }
}