{
    "3exp": {
        "a1": 3794006639963934.0,
        "b1": -0.02066429610360437,
        "a2": 801653844134172.5,
        "b2": -0.002437208689378434,
        "a3": 80156892675.60327,
        "b3": 0.000531810812503669,
        "t_hot": 410.3054467014197,
        "n_hot": 801653844134172.5,
        "critical_energy": 507.87379728013593
    },
    "2exp": {
        "a1": 984197341587018.8,
        "b1": -0.0026859936205062556,
        "a2": 9474757525727.58,
        "b2": -0.0008816111375936627,
        "b1_stdev": 0.00018612550257200627,
        "b2_stdev": 0.00026155013878107765,
        "t_hot": 1134.2869405319414,
        "n_hot": 0.010164756154385713
    },
    "histogram": {
        "i": 1e+19,
        "l": 0.8,
        "a": 20.0,
        "filename": "hist_1e19_080_20"
    }
}