{
    "3exp": {
        "a1": 611795618367473.6,
        "b1": -0.046807110782165214,
        "a2": 157693319792747.22,
        "b2": -0.012782845557779697,
        "a3": 29353323026789.035,
        "b3": -0.003719617320317742,
        "t_hot": 268.8448606090953,
        "n_hot": 29353323026789.035,
        "critical_energy": 70.48431610370159
    },
    "2exp": {
        "a1": 194548604360705.28,
        "b1": -0.014605132673720458,
        "a2": 34193793147831.17,
        "b2": -0.003947780118867404,
        "b1_stdev": 0.0001690606619184548,
        "b2_stdev": 0.0004004585119130013,
        "t_hot": 253.30691423789182,
        "n_hot": 0.12879715714949605
    },
    "nlsq": {
        "a1": 297581161543574.25,
        "b1": -0.02083391996586208,
        "a2": 57653475880610.5,
        "b2": -0.005143865712577061,
        "a0": 0.001455162231964204,
        "t_hot": 194.40631926975465,
        "n_hot": 0.2171623300493838
    },
    "nlsq_std_errors": {
        "a1": 21704350761391.254,
        "b1": 0.0008888159684572823,
        "a2": 2781064714922.367,
        "b2": 0.00013536063957045032,
        "a0": 0.00025537628712742164
    },
    "histogram": {
        "i": 1e+18,
        "l": 0.5,
        "a": 20.0,
        "filename": "hist_1e18_050_20"
    }
}