{
    "3exp": {
        "a1": 323029374221684.9,
        "b1": -0.16566153194869027,
        "a2": 69020420647280.82,
        "b2": -0.047277114139463575,
        "a3": 10141492572351.941,
        "b3": -0.016526047828969295,
        "t_hot": 60.510535268272214,
        "n_hot": 10141492572351.941,
        "critical_energy": 23.2078106532777
    },
    "2exp": {
        "a1": 67836731903876.234,
        "b1": -0.04542651767272119,
        "a2": 9017383023047.26,
        "b2": -0.01608189263422801,
        "b1_stdev": 0.002131800991518517,
        "b2_stdev": 0.003821607546632126,
        "t_hot": 62.18173586556864,
        "n_hot": 0.09813878654008916
    },
    "nlsq": {
        "a1": 66663479365918.57,
        "b1": -0.041155928002799116,
        "a2": 4666433508766.3545,
        "b2": -0.011038548656456017,
        "a0": -0.0014816251855638111,
        "t_hot": 90.59161952555593,
        "n_hot": 0.05078614503230693
    },
    "nlsq_std_errors": {
        "a1": 2464565229388.866,
        "b1": 0.002418584114037511,
        "a2": 1989109195272.9155,
        "b2": 0.0033849078503753816,
        "a0": 0.001362106610528223
    },
    "histogram": {
        "i": 1e+18,
        "l": 0.2,
        "a": 0.0,
        "filename": "hist_1e18_020_0"
    }
}