{
    "3exp": {
        "a1": 166452527315569.03,
        "b1": -0.03543136408073702,
        "a2": 24625304181929.94,
        "b2": -0.007726442261472037,
        "a3": 11650397045232.045,
        "b3": -0.004048152595330021,
        "t_hot": 247.02626110330118,
        "n_hot": 11650397045232.045,
        "critical_energy": 84.73861536470643
    },
    "2exp": {
        "a1": 89551716306373.78,
        "b1": -0.019669182261556006,
        "a2": 22950594500672.41,
        "b2": -0.004853959866504719,
        "b1_stdev": 0.0003407720059923817,
        "b2_stdev": 0.0009607223637937898,
        "t_hot": 206.0173605679374,
        "n_hot": 0.2401181988038944
    },
    "nlsq": {
        "a1": 80348826894667.53,
        "b1": -0.016413511757347645,
        "a2": 16358577422600.643,
        "b2": -0.0036902033866862134,
        "a0": -0.004695786473405993,
        "t_hot": 270.9877736300046,
        "n_hot": 0.17114990836485028
    },
    "nlsq_std_errors": {
        "a1": 3796458415985.809,
        "b1": 0.0006169322339624682,
        "a2": 861017670189.3695,
        "b2": 0.00015528356997056641,
        "a0": 0.0006985392514847899
    },
    "histogram": {
        "i": 1e+18,
        "l": 1.0,
        "a": 50.0,
        "filename": "hist_1e18_100_50"
    }
}