{
    "3exp": {
        "a1": 3803867629340245.5,
        "b1": -2.0004670465528394,
        "a2": 73034346002405.94,
        "b2": -0.4378527220676113,
        "a3": 1306294280800.5986,
        "b3": -0.1351745151102739,
        "t_hot": 7.397844180792592,
        "n_hot": 1306294280800.5986,
        "critical_energy": 4.276315460182601
    },
    "2exp": {
        "a1": 64118290588776.836,
        "b1": -0.4068373761490316,
        "a2": 377640564966.9134,
        "b2": -0.07722769003556683,
        "b1_stdev": 0.03750058496969068,
        "b2_stdev": 0.05792253976662707,
        "t_hot": 12.948723437661478,
        "n_hot": 0.002596604766141459
    },
    "nlsq": {
        "a1": 7.005289325873047e+21,
        "b1": -4.2248464633322325,
        "a2": 53712598006671.48,
        "b2": -0.3772937560376863,
        "a0": 0.0004352664316519969,
        "t_hot": 2.650454676223463,
        "n_hot": 0.3693204621653475
    },
    "nlsq_std_errors": {
        "a1": 5.764626794588195e+22,
        "b1": 1.5347401737535205,
        "a2": 2374486163202.3105,
        "b2": 0.006017899396452537,
        "a0": 7.783895638505974e-05
    },
    "histogram": {
        "i": 1e+17,
        "l": 0.2,
        "a": 3.0,
        "filename": "hist_1e17_020_3"
    }
}