{
    "3exp": {
        "a1": 405790048321290.94,
        "b1": -0.47252323560420023,
        "a2": 67030918333618.766,
        "b2": -0.15462661141872105,
        "a3": 2899416824662.691,
        "b3": -0.022988923105443173,
        "t_hot": 43.49921026806281,
        "n_hot": 2899416824662.691,
        "critical_energy": 10.99210036758636
    },
    "2exp": {
        "a1": 77900284970625.28,
        "b1": -0.161937370415424,
        "a2": 3007742155900.646,
        "b2": -0.023571634915539822,
        "b1_stdev": 0.0013895159037809112,
        "b2_stdev": 0.005540732031245962,
        "t_hot": 42.42387104598929,
        "n_hot": 0.03850035766889697
    },
    "nlsq": {
        "a1": 86896000539414.0,
        "b1": -0.1694504987286579,
        "a2": 3234309116548.8228,
        "b2": -0.0246862989911664,
        "a0": 3.737919596240307e-05,
        "t_hot": 40.50829978028841,
        "n_hot": 0.04140050953324377
    },
    "nlsq_std_errors": {
        "a1": 11709544668740.705,
        "b1": 0.009762835538730953,
        "a2": 433818655319.38257,
        "b2": 0.0038475022714509447,
        "a0": 0.0009106525263875885
    },
    "histogram": {
        "i": 1e+17,
        "l": 0.2,
        "a": 10.0,
        "filename": "hist_1e17_020_10"
    }
}