{
    "3exp": {
        "a1": 399862415525981.2,
        "b1": -0.2029898636817424,
        "a2": 28147253658380.355,
        "b2": -0.03186110880481225,
        "a3": 93335699434.69594,
        "b3": -0.010035472462988231,
        "t_hot": 99.64652921804074,
        "n_hot": 93335699434.69594,
        "critical_energy": 43.34015457046624
    },
    "2exp": {
        "a1": 26340974608801.297,
        "b1": -0.029958634949020714,
        "a2": -217765534332.9886,
        "b2": -0.008835121334646168,
        "b1_stdev": 0.05832902615018865,
        "b2_stdev": 0.07720756031169099,
        "t_hot": 113.18463687403884,
        "n_hot": -0.002011362010060307
    },
    "histogram": {
        "i": 1e+18,
        "l": 0.1,
        "a": 2.0,
        "filename": "hist_1e18_010_2"
    }
}