{
    "3exp": {
        "a1": 3145181419656609.5,
        "b1": -0.020435061294850645,
        "a2": 494138249977545.44,
        "b2": -0.0032119349300160035,
        "a3": 34194467623505.89,
        "b3": -0.001125523232448317,
        "t_hot": 888.4756628476962,
        "n_hot": 34194467623505.89,
        "critical_energy": 234.16215200878622
    },
    "2exp": {
        "a1": 488157556332476.5,
        "b1": -0.0030728752504325368,
        "a2": 22837170173958.312,
        "b2": -0.00100334580114181,
        "b1_stdev": 8.631426071667915e-05,
        "b2_stdev": 0.00013477728283321097,
        "t_hot": 996.6653559141799,
        "n_hot": 0.0369384912752099
    },
    "nlsq": {
        "a1": 487184197450569.75,
        "b1": -0.0029226203542245155,
        "a2": 11621233270770.537,
        "b2": -0.00024380153158622903,
        "a0": -0.0070876726681805965,
        "t_hot": 4101.69695610101,
        "n_hot": 0.01879702347136874
    },
    "nlsq_std_errors": {
        "a1": 4082218168727.8184,
        "b1": 3.591951482773971e-05,
        "a2": 3502721414791.446,
        "b2": 0.00023788659025085148,
        "a0": 0.009004356646537728
    },
    "histogram": {
        "i": 1e+19,
        "l": 0.4,
        "a": 5.0,
        "filename": "hist_1e19_040_5"
    }
}