{
    "3exp": {
        "a1": 1556066210313130.0,
        "b1": -0.015911436003475592,
        "a2": 576067747809552.8,
        "b2": -0.003120898007944324,
        "a3": 40938959165103.41,
        "b3": -0.0009577291171757079,
        "t_hot": 1044.13657480619,
        "n_hot": 40938959165103.41,
        "critical_energy": 243.2730644394982
    },
    "2exp": {
        "a1": 582647194769655.5,
        "b1": -0.0031218820848565327,
        "a2": 40070533097267.84,
        "b2": -0.0009654803327848719,
        "b1_stdev": 4.464192938955932e-05,
        "b2_stdev": 7.783349321255998e-05,
        "t_hot": 1035.7538792277187,
        "n_hot": 0.0614340779988524
    },
    "nlsq": {
        "a1": 585952708018180.8,
        "b1": -0.003138861692735625,
        "a2": 40666563478994.14,
        "b2": -0.0009559970413343196,
        "a0": -0.00017860228220840688,
        "t_hot": 1046.0283418913764,
        "n_hot": 0.06234788108881318
    },
    "nlsq_std_errors": {
        "a1": 5724164794966.779,
        "b1": 6.416794586239936e-05,
        "a2": 7809497762143.792,
        "b2": 0.00010498784486930137,
        "a0": 0.0003917575571820046
    },
    "histogram": {
        "i": 1e+19,
        "l": 0.5,
        "a": 0.0,
        "filename": "hist_1e19_050_0"
    }
}