{
    "3exp": {
        "a1": 3601406949658358.5,
        "b1": -1.2813521646675998,
        "a2": 276281163911216.44,
        "b2": -0.3542733303091785,
        "a3": 38728730166267.98,
        "b3": -0.08240211487023488,
        "t_hot": 12.13561085871132,
        "n_hot": 38728730166267.98,
        "critical_energy": 3.780389484987826
    },
    "2exp": {
        "a1": 315487738883084.4,
        "b1": -0.36910203506256045,
        "a2": 39243691705259.016,
        "b2": -0.08320797111252201,
        "b1_stdev": 0.004770426058985545,
        "b2_stdev": 0.013869110595308974,
        "t_hot": 12.01807935741759,
        "n_hot": 0.19920107473791734
    },
    "nlsq": {
        "a1": 319152578780673.7,
        "b1": -0.36965843698412004,
        "a2": 38729673832055.164,
        "b2": -0.08183316021070881,
        "a0": -0.0004255901863888062,
        "t_hot": 12.219985118809312,
        "n_hot": 0.19659191876080565
    },
    "nlsq_std_errors": {
        "a1": 31273963148345.688,
        "b1": 0.021056564241053812,
        "a2": 3693700207169.8066,
        "b2": 0.005426723548938219,
        "a0": 0.0009876062923973945
    },
    "histogram": {
        "i": 1e+17,
        "l": 0.02,
        "a": 30.0,
        "filename": "hist_1e17_002_30"
    }
}