{
    "3exp": {
        "a1": 8464943803282053.0,
        "b1": -0.1269198695336391,
        "a2": 1155038639445403.8,
        "b2": -0.0284121503537075,
        "a3": -26224074452.565166,
        "b3": 0.005413003631765925,
        "t_hot": 35.196209633936064,
        "n_hot": 1155038639445403.8,
        "critical_energy": NaN
    },
    "2exp": {
        "a1": 7210698265535114.0,
        "b1": -0.11908203456393457,
        "a2": 1139825782765037.8,
        "b2": -0.028379970949327267,
        "b1_stdev": 0.0012864951952695225,
        "b2_stdev": 0.003867688739668696,
        "t_hot": 35.236117816523155,
        "n_hot": 0.5713680273650054
    },
    "nlsq": {
        "a1": 5413081121554999.0,
        "b1": -0.10765912943935906,
        "a2": 1078602230081261.1,
        "b2": -0.027717999099345362,
        "a0": -0.0001454671453208332,
        "t_hot": 36.0776402515872,
        "n_hot": 0.5406780911886644
    },
    "nlsq_std_errors": {
        "a1": 597118002956739.4,
        "b1": 0.00407575785150961,
        "a2": 20851157596297.74,
        "b2": 0.00022433762430072761,
        "a0": 9.015421720678394e-05
    },
    "histogram": {
        "i": 1e+18,
        "l": 0.05,
        "a": 50.0,
        "filename": "hist_1e18_005_50"
    }
}