{
    "3exp": {
        "a1": 6108176801620697.0,
        "b1": -0.07143047618454211,
        "a2": 894677433670958.8,
        "b2": -0.020362487706328217,
        "a3": 124321143346978.61,
        "b3": -0.007918932073263723,
        "t_hot": 126.27965371445069,
        "n_hot": 124321143346978.61,
        "critical_energy": 61.31980544549384
    },
    "2exp": {
        "a1": 1068982818502185.5,
        "b1": -0.022883545479065695,
        "a2": 158816679041232.06,
        "b2": -0.00844408728285638,
        "b1_stdev": 0.0003912034340392329,
        "b2_stdev": 0.0007190506939297629,
        "t_hot": 118.42606151528672,
        "n_hot": 0.12095304746583897
    },
    "nlsq": {
        "a1": 2314939729127859.0,
        "b1": -0.03550177326195496,
        "a2": 331782258640509.5,
        "b2": -0.010723288688520799,
        "a0": 0.00036629747757238823,
        "t_hot": 93.25497326864776,
        "n_hot": 0.2526817430003697
    },
    "nlsq_std_errors": {
        "a1": 213403839304341.7,
        "b1": 0.0012529026992089234,
        "a2": 12666514502872.78,
        "b2": 0.00015025311931480376,
        "a0": 5.5826043789081685e-05
    },
    "histogram": {
        "i": 1e+19,
        "l": 0.5,
        "a": 60.0,
        "filename": "hist_1e19_050_60"
    }
}