{
    "3exp": {
        "a1": 4619237767174466.0,
        "b1": -0.023464684759111662,
        "a2": 705872997424991.6,
        "b2": -0.002469809145868521,
        "a3": 35636996395.69753,
        "b3": 0.0005597832893007558,
        "t_hot": 404.8895849595475,
        "n_hot": 705872997424991.6,
        "critical_energy": 490.0152593359093
    },
    "2exp": {
        "a1": 751137377175428.6,
        "b1": -0.00253416346287799,
        "a2": 519991420710.9582,
        "b2": -0.00018709375655640194,
        "b1_stdev": 0.00024037726180258388,
        "b2_stdev": 0.00034427994159669836,
        "t_hot": 5344.913792986655,
        "n_hot": 0.00045357590068118464
    },
    "nlsq": {
        "a1": 743849800346966.0,
        "b1": -0.0025187977782346865,
        "a2": 413070851406.0924,
        "b2": 8.816912168871617e-06,
        "a0": -0.0001643055925600368,
        "t_hot": 397.0148015220403,
        "n_hot": 0.6488421341694346
    },
    "nlsq_std_errors": {
        "a1": 8250760112353.307,
        "b1": 3.233465203663173e-05,
        "a2": 7399637065690939.0,
        "b2": 0.1673166774470261,
        "a0": 6.45702072420733
    },
    "histogram": {
        "i": 1e+19,
        "l": 0.8,
        "a": 25.0,
        "filename": "hist_1e19_080_25"
    }
}