{
    "3exp": {
        "a1": 3252908085794607.5,
        "b1": -0.02329352839763573,
        "a2": 693396291528989.5,
        "b2": -0.0028207443216677294,
        "a3": 100850493120566.45,
        "b3": -0.0017163352933676757,
        "t_hot": 582.6367399564851,
        "n_hot": 100850493120566.45,
        "critical_energy": 160.98783099562974
    },
    "2exp": {
        "a1": 765254753520315.2,
        "b1": -0.0027151885322158533,
        "a2": 32677275831256.5,
        "b2": -0.001377181460524577,
        "b1_stdev": 0.00020691007107094975,
        "b2_stdev": 0.00026848320610428156,
        "t_hot": 726.1207245841763,
        "n_hot": 0.03468794371241036
    },
    "nlsq": {
        "a1": 786786121826004.2,
        "b1": -0.0026489106966784935,
        "a2": 7028499747229.629,
        "b2": -0.0004156591366585965,
        "a0": -0.0015698924966669817,
        "t_hot": 2405.8174398349734,
        "n_hot": 0.007460970886116154
    },
    "nlsq_std_errors": {
        "a1": 1643234813406.3923,
        "b1": 1.3117095631080674e-05,
        "a2": 1228333468085.496,
        "b2": 0.00027771405856496595,
        "a0": 0.0014380400035234918
    },
    "histogram": {
        "i": 1e+19,
        "l": 2.0,
        "a": 20.0,
        "filename": "hist_1e19_200_20"
    }
}