{
    "3exp": {
        "a1": 4254912444185516.5,
        "b1": -0.018644456965132578,
        "a2": 752637085688233.4,
        "b2": -0.004376973854853569,
        "a3": 144237220672592.06,
        "b3": -0.0021902871892770775,
        "t_hot": 456.56113266592143,
        "n_hot": 144237220672592.06,
        "critical_energy": 205.6846501403533
    },
    "2exp": {
        "a1": 760688158919992.9,
        "b1": -0.004748105982597216,
        "a2": 201571231401759.06,
        "b2": -0.0023587470899898554,
        "b1_stdev": 0.00036781438091688115,
        "b2_stdev": 0.0005338926974783739,
        "t_hot": 423.9538881653907,
        "n_hot": 0.13963566018697707
    },
    "nlsq": {
        "a1": 723397272355972.9,
        "b1": -0.007414076398346955,
        "a2": 516967773740340.25,
        "b2": -0.0030333502727849316,
        "a0": 0.0004531420002213975,
        "t_hot": 329.6684886582174,
        "n_hot": 0.35812221753879825
    },
    "nlsq_std_errors": {
        "a1": 75215231654064.08,
        "b1": 0.0008843952580308467,
        "a2": 53011498482401.7,
        "b2": 9.756714196584446e-05,
        "a0": 0.0001453567520405051
    },
    "histogram": {
        "i": 1e+19,
        "l": 0.2,
        "a": 20.0,
        "filename": "hist_1e19_020_20"
    }
}