{
    "3exp": {
        "a1": 3364626582459134.0,
        "b1": -0.03462299150771785,
        "a2": 612634713564318.6,
        "b2": -0.010284656738054395,
        "a3": 91571999695198.42,
        "b3": -0.0031616436068266037,
        "t_hot": 316.2911840666688,
        "n_hot": 91571999695198.42,
        "critical_energy": 114.55156757650035
    },
    "2exp": {
        "a1": 831504250400768.2,
        "b1": -0.011667950477233938,
        "a2": 100286785501242.47,
        "b2": -0.003256272821170433,
        "b1_stdev": 0.00013634885161354794,
        "b2_stdev": 0.00032505023999337116,
        "t_hot": 307.0995751641475,
        "n_hot": 0.14565161905301058
    },
    "nlsq": {
        "a1": 925377938054688.2,
        "b1": -0.012427047947882368,
        "a2": 111903369168188.66,
        "b2": -0.003413442405354932,
        "a0": 0.00018742781575993879,
        "t_hot": 292.9593885724342,
        "n_hot": 0.1625229766351569
    },
    "nlsq_std_errors": {
        "a1": 62530771635394.84,
        "b1": 0.0004780519235555567,
        "a2": 8412980491319.297,
        "b2": 0.0001205171124088776,
        "a0": 0.00018377248594019337
    },
    "histogram": {
        "i": 1e+19,
        "l": 0.2,
        "a": 5.0,
        "filename": "hist_1e19_020_5"
    }
}