{
    "3exp": {
        "a1": 4740948355648437.0,
        "b1": -0.022013153819208944,
        "a2": 644196807350000.6,
        "b2": -0.00263000438820822,
        "a3": 80406567827156.48,
        "b3": -0.001305438030365182,
        "t_hot": 766.0264039651587,
        "n_hot": 80406567827156.48,
        "critical_energy": 196.8781418983691
    },
    "2exp": {
        "a1": 662509941222632.6,
        "b1": -0.0025955017133349402,
        "a2": 65420412208885.02,
        "b2": -0.0012534968419991087,
        "b1_stdev": 0.0001349742748135883,
        "b2_stdev": 0.00018455640353074078,
        "t_hot": 797.7682643421539,
        "n_hot": 0.08010800697039767
    },
    "nlsq": {
        "a1": 699356313445458.4,
        "b1": -0.0024601655359485007,
        "a2": 17693686808945.203,
        "b2": -0.0005811169172754683,
        "a0": -0.001933821304688578,
        "t_hot": 1720.8241065987888,
        "n_hot": 0.021666112125635795
    },
    "nlsq_std_errors": {
        "a1": 3636207257375.313,
        "b1": 2.6830626612321342e-05,
        "a2": 5019502684966.89,
        "b2": 0.00019909094089648585,
        "a0": 0.0011939969418059031
    },
    "histogram": {
        "i": 1e+19,
        "l": 0.8,
        "a": 10.0,
        "filename": "hist_1e19_080_10"
    }
}