{
    "3exp": {
        "a1": 2.724360184895867e+18,
        "b1": -9.105403985863562,
        "a2": 1931449206518738.8,
        "b2": -3.1219918541967293,
        "a3": 15336609181486.81,
        "b3": -0.7630240500891926,
        "t_hot": 1.310574679635729,
        "n_hot": 15336609181486.81,
        "critical_energy": 1.4489272281725316
    },
    "2exp": {
        "a1": 349065786279188.3,
        "b1": -2.3287553257451328,
        "a2": 12682080238583.188,
        "b2": -0.7299980869274258,
        "b1_stdev": 0.20249353138415396,
        "b2_stdev": 0.4392125989605687,
        "t_hot": 1.369866603635931,
        "n_hot": 0.20105508641144004
    },
    "nlsq": {
        "a1": 228183237189076.66,
        "b1": -2.0324084154873425,
        "a2": 7829943107410.901,
        "b2": -0.607451470627249,
        "a0": -0.0006784614119720042,
        "t_hot": 1.6462220413548572,
        "n_hot": 0.12413183471807379
    },
    "nlsq_std_errors": {
        "a1": 148514668878854.34,
        "b1": 0.43919296311853046,
        "a2": 6693908056173.461,
        "b2": 0.21436895459408345,
        "a0": 0.0013613195545703436
    },
    "histogram": {
        "i": 1e+17,
        "l": 0.01,
        "a": 0.0,
        "filename": "hist_1e17_001_0"
    }
}