{
    "3exp": {
        "a1": 3349307225440537.0,
        "b1": -0.027533063089164596,
        "a2": 1114402466671221.2,
        "b2": -0.0042619135108762874,
        "a3": 36220428250066.76,
        "b3": -0.0017815517107480474,
        "t_hot": 561.3084335228837,
        "n_hot": 36220428250066.76,
        "critical_energy": 175.7910618359376
    },
    "2exp": {
        "a1": 1159049966819009.8,
        "b1": -0.004281386126673373,
        "a2": 26400414049500.605,
        "b2": -0.0016715721504524576,
        "b1_stdev": 0.00016800834153703903,
        "b2_stdev": 0.00023294409424949686,
        "t_hot": 598.2392083580252,
        "n_hot": 0.023767522602470642
    },
    "nlsq": {
        "a1": 1159273779402275.5,
        "b1": -0.004169168930361601,
        "a2": 11548343473695.979,
        "b2": -0.0002138108636558381,
        "a0": -0.005838385527545858,
        "t_hot": 4677.030824821211,
        "n_hot": 0.010396636735224065
    },
    "nlsq_std_errors": {
        "a1": 4262241902298.4316,
        "b1": 1.901996610231504e-05,
        "a2": 10899461388920.152,
        "b2": 0.00036024433497122455,
        "a0": 0.011224686425384269
    },
    "histogram": {
        "i": 1e+19,
        "l": 1.0,
        "a": 45.0,
        "filename": "hist_1e19_100_45"
    }
}