{
    "3exp": {
        "a1": 2057759290845263.8,
        "b1": -0.2821379877416943,
        "a2": 116689841406124.47,
        "b2": -0.10583558164897315,
        "a3": 97293645800468.83,
        "b3": -0.04807746817250712,
        "t_hot": 20.79976417252033,
        "n_hot": 97293645800468.83,
        "critical_energy": 13.037821460394909
    },
    "2exp": {
        "a1": 174431367063881.3,
        "b1": -0.10629188227424483,
        "a2": 86361349939620.36,
        "b2": -0.04680185967903991,
        "b1_stdev": 0.019975573860757292,
        "b2_stdev": 0.03373390965622663,
        "t_hot": 21.366672325797502,
        "n_hot": 0.310197892588997
    },
    "nlsq": {
        "a1": 197498137292025.12,
        "b1": -0.0888169446772568,
        "a2": 45150177438891.34,
        "b2": -0.03676593750968226,
        "a0": -0.0012656021047359608,
        "t_hot": 27.199088823361333,
        "n_hot": 0.16217312375681167
    },
    "nlsq_std_errors": {
        "a1": 17770757775312.773,
        "b1": 0.018897930114355255,
        "a2": 36636103761081.766,
        "b2": 0.010948475456112444,
        "a0": 0.0012881294526338447
    },
    "histogram": {
        "i": 1e+18,
        "l": 0.02,
        "a": 20.0,
        "filename": "hist_1e18_002_20"
    }
}