{
    "3exp": {
        "a1": 904322685230111.9,
        "b1": -0.6587480164987843,
        "a2": 12175971220848.764,
        "b2": -0.21005578473763264,
        "a3": 1152904900507.5671,
        "b3": -0.03184666060287407,
        "t_hot": 31.400466518921387,
        "n_hot": 1152904900507.5671,
        "critical_energy": 10.631499563473186
    },
    "2exp": {
        "a1": 10530418952983.521,
        "b1": -0.1984904541624859,
        "a2": 1126500862910.0603,
        "b2": -0.03155622531093183,
        "b1_stdev": 0.008108364187357303,
        "b2_stdev": 0.03432756048573173,
        "t_hot": 31.689468247445177,
        "n_hot": 0.027383478229296605
    },
    "nlsq": {
        "a1": 10084318245514.4,
        "b1": -0.1932962879711967,
        "a2": 1084323876958.6036,
        "b2": -0.02999224391400537,
        "a0": -0.00020277606697959402,
        "t_hot": 33.3419534352691,
        "n_hot": 0.02635822151214194
    },
    "nlsq_std_errors": {
        "a1": 7451985148848.69,
        "b1": 0.056813136319176366,
        "a2": 251537890727.44443,
        "b2": 0.008346628821153541,
        "a0": 0.0011080537306213528
    },
    "histogram": {
        "i": 1e+17,
        "l": 5.0,
        "a": 4.0,
        "filename": "hist_1e17_500_4"
    }
}