{
    "3exp": {
        "a1": 905069749556100.1,
        "b1": -0.3584809643362027,
        "a2": 41951729975146.94,
        "b2": -0.09954729172989929,
        "a3": 3129791008023.619,
        "b3": -0.014405973635503336,
        "t_hot": 69.41564834850959,
        "n_hot": 3129791008023.619,
        "critical_energy": 16.47037981109491
    },
    "2exp": {
        "a1": 41590483171595.9,
        "b1": -0.09906521000501214,
        "a2": 3153489919342.3403,
        "b2": -0.014594075496819991,
        "b1_stdev": 0.002250277607787824,
        "b2_stdev": 0.008831832051297069,
        "t_hot": 68.52095565888345,
        "n_hot": 0.03858214088999979
    },
    "nlsq": {
        "a1": 33046217776265.113,
        "b1": -0.0843563161378281,
        "a2": 5272970969528.875,
        "b2": -0.0025510959234189196,
        "a0": -0.04076226215531507,
        "t_hot": 391.9883963672456,
        "n_hot": 0.06451344829339735
    },
    "nlsq_std_errors": {
        "a1": 6503017899208.448,
        "b1": 0.010292448510538307,
        "a2": 13544510318979.371,
        "b2": 0.009058512290440232,
        "a0": 0.17347798740431591
    },
    "histogram": {
        "i": 1e+17,
        "l": 0.5,
        "a": 40.0,
        "filename": "hist_1e17_050_40"
    }
}