{
    "3exp": {
        "a1": 549562707069726.75,
        "b1": -0.06573631248916902,
        "a2": 108403832073021.45,
        "b2": -0.014496598683424932,
        "a3": 11112623235513.152,
        "b3": -0.003521840977761304,
        "t_hot": 283.9424057799625,
        "n_hot": 11112623235513.152,
        "critical_energy": 62.70311550626116
    },
    "2exp": {
        "a1": 130299649504838.6,
        "b1": -0.015396164260937692,
        "a2": 11057392005786.357,
        "b2": -0.003614817741195223,
        "b1_stdev": 9.946995348986358e-05,
        "b2_stdev": 0.0002388530269343747,
        "t_hot": 276.6391203085538,
        "n_hot": 0.07101279471101117
    },
    "nlsq": {
        "a1": 121995929290902.42,
        "b1": -0.013920844028444658,
        "a2": 6905202200896.887,
        "b2": -0.002083956480499514,
        "a0": -0.0041639238233738,
        "t_hot": 479.8564698243147,
        "n_hot": 0.04434659692572243
    },
    "nlsq_std_errors": {
        "a1": 1548640613215.1953,
        "b1": 0.00018368485344854397,
        "a2": 361011806035.9753,
        "b2": 0.00021607452969098068,
        "a0": 0.0009948904824580045
    },
    "histogram": {
        "i": 1e+18,
        "l": 2.0,
        "a": 3.0,
        "filename": "hist_1e18_200_3"
    }
}