{
    "3exp": {
        "a1": 1083861273446875.5,
        "b1": -0.7288711794157763,
        "a2": 114564387927185.53,
        "b2": -0.22066339797202483,
        "a3": 12530702807133.334,
        "b3": -0.07991167871075507,
        "t_hot": 12.513815453928302,
        "n_hot": 12530702807133.334,
        "critical_energy": 6.872699043853594
    },
    "2exp": {
        "a1": 91881169113304.2,
        "b1": -0.17688392311725826,
        "a2": 3350562386979.699,
        "b2": -0.048097163815840345,
        "b1_stdev": 0.049625314430089856,
        "b2_stdev": 0.07967826989918363,
        "t_hot": 20.791246731905208,
        "n_hot": 0.030143275402270794
    },
    "histogram": {
        "i": 1e+18,
        "l": 0.01,
        "a": 5.0,
        "filename": "hist_1e18_001_5"
    }
}