{
    "3exp": {
        "a1": 3091939788979252.5,
        "b1": -0.8485589565894553,
        "a2": 81221054857332.17,
        "b2": -0.30869310828860996,
        "a3": 3746593108696.1504,
        "b3": -0.07595932772184719,
        "t_hot": 13.164940106656356,
        "n_hot": 3746593108696.1504,
        "critical_energy": 8.69235081500516
    },
    "2exp": {
        "a1": 53860326046026.945,
        "b1": -0.26445809157115957,
        "a2": 2943990414444.992,
        "b2": -0.06998349494872731,
        "b1_stdev": 0.010192241935874582,
        "b2_stdev": 0.023958737023762566,
        "t_hot": 14.289083457930184,
        "n_hot": 0.019077653234203837
    },
    "nlsq": {
        "a1": 2.4958790875137308e+16,
        "b1": -0.8236411877108165,
        "a2": 11055277522123.664,
        "b2": -0.12153816032636792,
        "a0": 0.000473039016390787,
        "t_hot": 8.227868492617361,
        "n_hot": 0.0716404339973792
    },
    "nlsq_std_errors": {
        "a1": 4.040489571989488e+16,
        "b1": 0.13574955670165428,
        "a2": 997889519497.1477,
        "b2": 0.004696838495637969,
        "a0": 6.780598579350869e-05
    },
    "histogram": {
        "i": 1e+17,
        "l": 2.0,
        "a": 0.0,
        "filename": "hist_1e17_200_0"
    }
}