{
    "3exp": {
        "a1": 7154837199199709.0,
        "b1": -0.1539581053883893,
        "a2": 722265732761499.0,
        "b2": -0.03581773408199632,
        "a3": 476707820091.35266,
        "b3": -0.006833872343698047,
        "t_hot": 146.32992097403815,
        "n_hot": 476707820091.35266,
        "critical_energy": 65.36241686062952
    },
    "2exp": {
        "a1": -5975377744781112.0,
        "b1": -0.05657174592217956,
        "a2": 3824477030939293.0,
        "b2": -0.04499017572195413,
        "b1_stdev": 0.08827984703119261,
        "b2_stdev": 0.10221382584453578,
        "t_hot": 22.227074776950115,
        "n_hot": 2.3362220248355166
    },
    "nlsq": {
        "a1": -7410874031398252.0,
        "b1": -0.05491307281189793,
        "a2": 5281955519579516.0,
        "b2": -0.04616841434547092,
        "a0": 8.174836002195049e-06,
        "t_hot": 21.659829868038322,
        "n_hot": 3.2265380911472032
    },
    "nlsq_std_errors": {
        "a1": 9.172562939105315e+16,
        "b1": 0.1004959710019536,
        "a2": 9.878200139955374e+16,
        "b2": 0.05614029081239354,
        "a0": 0.00017400891058578998
    },
    "histogram": {
        "i": 1e+18,
        "l": 0.02,
        "a": 50.0,
        "filename": "hist_1e18_002_50"
    }
}