{
    "3exp": {
        "a1": 288136227447827.5,
        "b1": -0.037091410485239194,
        "a2": 174753886015585.34,
        "b2": -0.008352190935345354,
        "a3": 17234859297950.71,
        "b3": -0.0031361635352475867,
        "t_hot": 318.86092315050604,
        "n_hot": 17234859297950.71,
        "critical_energy": 82.94739685518041
    },
    "2exp": {
        "a1": 185908843981164.97,
        "b1": -0.008746256659895122,
        "a2": 19744271756112.137,
        "b2": -0.0032552865571843473,
        "b1_stdev": 0.00012547427898935333,
        "b2_stdev": 0.0002085505304836437,
        "t_hot": 307.1926180486389,
        "n_hot": 0.1246649307904983
    },
    "nlsq": {
        "a1": 185796777185177.97,
        "b1": -0.008922544754855002,
        "a2": 22634180040425.86,
        "b2": -0.0034287337502249965,
        "a0": 0.0001392204023533209,
        "t_hot": 291.6528587074978,
        "n_hot": 0.14291175299316225
    },
    "nlsq_std_errors": {
        "a1": 1955938218794.4307,
        "b1": 0.00019185930278745663,
        "a2": 3384221232532.15,
        "b2": 0.000198308961922416,
        "a0": 0.00018686942422597853
    },
    "histogram": {
        "i": 1e+18,
        "l": 5.0,
        "a": 3.0,
        "filename": "hist_1e18_500_3"
    }
}