{
    "3exp": {
        "a1": 2.1817322136314004e+16,
        "b1": -0.06123766208300846,
        "a2": 2760164013053095.0,
        "b2": -0.018190713968797755,
        "a3": 800990809817419.2,
        "b3": -0.008291227488558076,
        "t_hot": 120.60940329764243,
        "n_hot": 800990809817419.2,
        "critical_energy": 62.41421312615062
    },
    "2exp": {
        "a1": 3347931559185680.5,
        "b1": -0.020562256243746517,
        "a2": 939224611957953.4,
        "b2": -0.00858598331048522,
        "b1_stdev": 0.0006100660408936444,
        "b2_stdev": 0.0010538784482368613,
        "t_hot": 116.46889632068095,
        "n_hot": 0.24744572854933744
    },
    "nlsq": {
        "a1": 4403417971303877.0,
        "b1": -0.025750840771369354,
        "a2": 1305506753209750.2,
        "b2": -0.009447493649128943,
        "a0": 0.0002025547211183249,
        "t_hot": 105.84817911914656,
        "n_hot": 0.3439454903131611
    },
    "nlsq_std_errors": {
        "a1": 422552923787329.56,
        "b1": 0.0014948424504295497,
        "a2": 89733265928539.0,
        "b2": 0.00021094123399278242,
        "a0": 9.306505159569322e-05
    },
    "histogram": {
        "i": 1e+19,
        "l": 0.02,
        "a": 45.0,
        "filename": "hist_1e19_002_45"
    }
}