{
    "3exp": {
        "a1": 2371389251965042.5,
        "b1": -0.026325850549198775,
        "a2": 356988200487498.1,
        "b2": -0.005898455944436551,
        "a3": -16317945403.535608,
        "b3": 0.0007281203678781298,
        "t_hot": 169.53589370167361,
        "n_hot": 356988200487498.1,
        "critical_energy": NaN
    },
    "2exp": {
        "a1": 1856350174873322.5,
        "b1": -0.023182057350231572,
        "a2": 334455143727785.0,
        "b2": -0.005791286798599332,
        "b1_stdev": 9.613586663842645e-05,
        "b2_stdev": 0.0002677353778944221,
        "t_hot": 172.67319591940392,
        "n_hot": 0.32990199890854904
    },
    "nlsq": {
        "a1": 1712251632761192.0,
        "b1": -0.02200138211189381,
        "a2": 314251582025431.6,
        "b2": -0.005623587114627882,
        "a0": -0.00015117032490512164,
        "t_hot": 177.82244315178016,
        "n_hot": 0.30997348079281806
    },
    "nlsq_std_errors": {
        "a1": 28471868681184.145,
        "b1": 0.00022167271528159555,
        "a2": 3949627043451.6226,
        "b2": 3.472366995118375e-05,
        "a0": 5.782932848418716e-05
    },
    "histogram": {
        "i": 1e+19,
        "l": 1.0,
        "a": 60.0,
        "filename": "hist_1e19_100_60"
    }
}