{
    "3exp": {
        "a1": 279186656568975.34,
        "b1": -0.03249059959103208,
        "a2": 185956784735707.06,
        "b2": -0.008301951977157525,
        "a3": 12744676697663.559,
        "b3": -0.002670819661601348,
        "t_hot": 374.41689320215215,
        "n_hot": 12744676697663.559,
        "critical_energy": 103.51407404347648
    },
    "2exp": {
        "a1": 205562022349939.47,
        "b1": -0.008850192007784068,
        "a2": 15501240575346.295,
        "b2": -0.0028426822091765676,
        "b1_stdev": 0.0001174379650393104,
        "b2_stdev": 0.00021047772084114186,
        "t_hot": 351.7804405894767,
        "n_hot": 0.09541195827404764
    },
    "nlsq": {
        "a1": 210763725308424.1,
        "b1": -0.0094508774912512,
        "a2": 23546530728578.94,
        "b2": -0.003394876956017327,
        "a0": 0.0005384856594583062,
        "t_hot": 294.56148571968924,
        "n_hot": 0.14493166507891356
    },
    "nlsq_std_errors": {
        "a1": 3308251716634.1924,
        "b1": 0.00025439875968202527,
        "a2": 3723697332175.6167,
        "b2": 0.00021943808196872255,
        "a0": 0.00024821150217344196
    },
    "histogram": {
        "i": 1e+18,
        "l": 5.0,
        "a": 1.0,
        "filename": "hist_1e18_500_1"
    }
}