{
    "3exp": {
        "a1": 2654588067142124.5,
        "b1": -1.1267417304248555,
        "a2": 172117754748737.38,
        "b2": -0.33747985064360675,
        "a3": 31054582143842.895,
        "b3": -0.12077034566958082,
        "t_hot": 8.280178337287612,
        "n_hot": 31054582143842.895,
        "critical_energy": 4.4218935696064126
    },
    "2exp": {
        "a1": 425674599459918.7,
        "b1": -0.44966979607089297,
        "a2": 36809865454826.28,
        "b2": -0.12696423372251778,
        "b1_stdev": 0.01811050917832125,
        "b2_stdev": 0.04377919630061211,
        "t_hot": 7.876233886351923,
        "n_hot": 0.3298948734078545
    },
    "nlsq": {
        "a1": 396375099916677.0,
        "b1": -0.4358036224694321,
        "a2": 34667580529969.55,
        "b2": -0.12406439359300707,
        "a0": -1.956426280515113e-05,
        "t_hot": 8.060330373922573,
        "n_hot": 0.3106954331122502
    },
    "nlsq_std_errors": {
        "a1": 127446100201522.33,
        "b1": 0.05775217895268389,
        "a2": 8891043790577.7,
        "b2": 0.013908120918881103,
        "a0": 0.0010791820254633987
    },
    "histogram": {
        "i": 1e+18,
        "l": 0.02,
        "a": 1.0,
        "filename": "hist_1e18_002_1"
    }
}