{
    "3exp": {
        "a1": 1248113552762169.2,
        "b1": -0.01376566331615774,
        "a2": 610513152234739.1,
        "b2": -0.0030918802283558438,
        "a3": 43067270471232.66,
        "b3": -0.000985009348565231,
        "t_hot": 1015.2187910263029,
        "n_hot": 43067270471232.66,
        "critical_energy": 263.4157233507071
    },
    "2exp": {
        "a1": 650290884407348.6,
        "b1": -0.0030813298816755284,
        "a2": 34397043489568.473,
        "b2": -0.0009481891907535711,
        "b1_stdev": 4.740336821809843e-05,
        "b2_stdev": 7.973358040527113e-05,
        "t_hot": 1054.6418475887206,
        "n_hot": 0.05058092148531174
    },
    "nlsq": {
        "a1": 636502785544771.0,
        "b1": -0.002870038327556349,
        "a2": 15944928162711.654,
        "b2": -0.00025368605381130804,
        "a0": -0.007632362922840009,
        "t_hot": 3941.880071751209,
        "n_hot": 0.023447048864290988
    },
    "nlsq_std_errors": {
        "a1": 4856108028889.303,
        "b1": 2.5821655971210055e-05,
        "a2": 1556394946578.7932,
        "b2": 0.00011330622126700642,
        "a0": 0.004602768817478857
    },
    "histogram": {
        "i": 1e+19,
        "l": 0.5,
        "a": 5.0,
        "filename": "hist_1e19_050_5"
    }
}