{
    "3exp": {
        "a1": 8330041459801069.0,
        "b1": -0.03968686351420557,
        "a2": 1639406096124038.5,
        "b2": -0.01242900095890742,
        "a3": 620949310476341.6,
        "b3": -0.004487114500729262,
        "t_hot": 222.8603704758317,
        "n_hot": 620949310476341.6,
        "critical_energy": 73.76115830716597
    },
    "2exp": {
        "a1": 2445618135641101.5,
        "b1": -0.015093326146769807,
        "a2": 688676431936973.8,
        "b2": -0.00461914128904309,
        "b1_stdev": 0.00021532794153301374,
        "b2_stdev": 0.0004929588917589208,
        "t_hot": 216.4904551354743,
        "n_hot": 0.31780306099784883
    },
    "nlsq": {
        "a1": 3824547433087665.0,
        "b1": -0.019626467171064553,
        "a2": 858329060297809.1,
        "b2": -0.005055700637554623,
        "a0": 0.0005469667218685886,
        "t_hot": 197.79652152895017,
        "n_hot": 0.3960925480473174
    },
    "nlsq_std_errors": {
        "a1": 378281395069492.06,
        "b1": 0.0008946711197023367,
        "a2": 29155318413621.76,
        "b2": 8.058382346539256e-05,
        "a0": 0.00018946328741590391
    },
    "histogram": {
        "i": 1e+19,
        "l": 0.01,
        "a": 0.0,
        "filename": "hist_1e19_001_0"
    }
}