{
    "3exp": {
        "a1": 9748917873810270.0,
        "b1": -0.38150646436217744,
        "a2": 793851611596726.2,
        "b2": -0.10320947308035282,
        "a3": 153524498742202.0,
        "b3": -0.04858537964742074,
        "t_hot": 20.582323473787802,
        "n_hot": 153524498742202.0,
        "critical_energy": 12.468574704028244
    },
    "2exp": {
        "a1": 803034713361319.4,
        "b1": -0.10480346338417267,
        "a2": 162641176602852.22,
        "b2": -0.04927490885577835,
        "b1_stdev": 0.006708798016610368,
        "b2_stdev": 0.010193084659955056,
        "t_hot": 20.294304408088873,
        "n_hot": 0.13203425913862923
    },
    "nlsq": {
        "a1": 1214661820964654.2,
        "b1": -0.16586309596015356,
        "a2": 410744218552576.9,
        "b2": -0.06277589889209471,
        "a0": 0.0002775085912667841,
        "t_hot": 15.929680301653612,
        "n_hot": 0.3334475913470097
    },
    "nlsq_std_errors": {
        "a1": 275194196937377.06,
        "b1": 0.019169067757303603,
        "a2": 43673081522285.234,
        "b2": 0.002003825685869445,
        "a0": 0.00010136599195763421
    },
    "histogram": {
        "i": 1e+18,
        "l": 0.02,
        "a": 60.0,
        "filename": "hist_1e18_002_60"
    }
}