{
    "3exp": {
        "a1": 2492706572095605.5,
        "b1": -2.298346450755635,
        "a2": 42647237891301.836,
        "b2": -0.41488073028344236,
        "a3": -733622443844.2468,
        "b3": -0.16735242335529146,
        "t_hot": 5.975413919623898,
        "n_hot": -733622443844.2468,
        "critical_energy": NaN
    },
    "2exp": {
        "a1": 3137515484247268.5,
        "b1": -2.418584747402602,
        "a2": 46823958358250.67,
        "b2": -0.4475090785537385,
        "b1_stdev": 0.023829854319229734,
        "b2_stdev": 0.09045158831138989,
        "t_hot": 2.234591537744449,
        "n_hot": 0.5139414672886472
    },
    "nlsq": {
        "a1": 1612460156121356.8,
        "b1": -2.0966083482839033,
        "a2": 40313386745991.07,
        "b2": -0.4162364303431129,
        "a0": -0.0007293026430847184,
        "t_hot": 2.4024807227365415,
        "n_hot": 0.4424811968499153
    },
    "nlsq_std_errors": {
        "a1": 305749626930343.2,
        "b1": 0.08659918280658274,
        "a2": 1514402906700.7812,
        "b2": 0.007518549982381523,
        "a0": 0.0002568192032756534
    },
    "histogram": {
        "i": 1e+17,
        "l": 0.1,
        "a": 0.0,
        "filename": "hist_1e17_010_0"
    }
}