{
    "3exp": {
        "a1": 890148545166355.2,
        "b1": -0.7346059699893321,
        "a2": 23175754057979.426,
        "b2": -0.28160661658863345,
        "a3": 805648255351.5758,
        "b3": -0.0325494085536341,
        "t_hot": 30.722524446249924,
        "n_hot": 805648255351.5758,
        "critical_energy": 9.981384375400845
    },
    "2exp": {
        "a1": 39091303452332.46,
        "b1": -0.3079258407236791,
        "a2": 813935915353.297,
        "b2": -0.03304907825888835,
        "b1_stdev": 0.007123393023757214,
        "b2_stdev": 0.043085101493970296,
        "t_hot": 30.258029956737328,
        "n_hot": 0.01686949179658967
    },
    "nlsq": {
        "a1": 19615985513302.902,
        "b1": -0.24788772100760748,
        "a2": 1083059505169.5444,
        "b2": -0.008400185545161525,
        "a0": -0.01140511943203313,
        "t_hot": 119.04498949740417,
        "n_hot": 0.02244729971123775
    },
    "nlsq_std_errors": {
        "a1": 13085740137029.865,
        "b1": 0.051985483288985314,
        "a2": 1422592326412.269,
        "b2": 0.018429089642024693,
        "a0": 0.03282458736059512
    },
    "histogram": {
        "i": 1e+17,
        "l": 5.0,
        "a": 2.0,
        "filename": "hist_1e17_500_2"
    }
}