{
    "3exp": {
        "a1": 2220967773788220.8,
        "b1": -1.4076483660116896,
        "a2": 188025898471549.12,
        "b2": -0.4264231632900895,
        "a3": 6673909096979.031,
        "b3": -0.12101659402131432,
        "t_hot": 8.263329571346825,
        "n_hot": 6673909096979.031,
        "critical_energy": 4.513717662407555
    },
    "2exp": {
        "a1": 169159097999842.25,
        "b1": -0.41177047204785094,
        "a2": 6056357882571.886,
        "b2": -0.11753459820515147,
        "b1_stdev": 0.009543928198423687,
        "b2_stdev": 0.018840341726202012,
        "t_hot": 8.508133054188384,
        "n_hot": 0.05358292674358252
    },
    "nlsq": {
        "a1": 230225662471743.0,
        "b1": -0.48685067238007834,
        "a2": 14400940151451.262,
        "b2": -0.1658255469384603,
        "a0": 0.0006657516917674563,
        "t_hot": 6.030433901545406,
        "n_hot": 0.12741065441235838
    },
    "nlsq_std_errors": {
        "a1": 31961968451406.168,
        "b1": 0.03287218160477522,
        "a2": 4057397315744.3623,
        "b2": 0.01653712791155075,
        "a0": 0.00022535921163937994
    },
    "histogram": {
        "i": 1e+17,
        "l": 0.2,
        "a": 60.0,
        "filename": "hist_1e17_020_60"
    }
}