{
    "3exp": {
        "a1": 1054910375938640.9,
        "b1": -0.09515470826789224,
        "a2": 132567224913070.48,
        "b2": -0.028522123761940923,
        "a3": 43807293541837.766,
        "b3": -0.007789269901262965,
        "t_hot": 128.38173701464092,
        "n_hot": 43807293541837.766,
        "critical_energy": 36.41498088173249
    },
    "2exp": {
        "a1": 157386165673837.72,
        "b1": -0.029904556488720136,
        "a2": 43569834834138.086,
        "b2": -0.007774243093248156,
        "b1_stdev": 0.0002910917851767794,
        "b2_stdev": 0.0007715630088273433,
        "t_hot": 128.62988563716112,
        "n_hot": 0.19342314873308677
    },
    "nlsq": {
        "a1": 163239650362295.62,
        "b1": -0.030890047413680746,
        "a2": 45126501192578.75,
        "b2": -0.007935589391105342,
        "a0": 0.00022954656404952962,
        "t_hot": 126.01458451477549,
        "n_hot": 0.20033378563870444
    },
    "nlsq_std_errors": {
        "a1": 8281369678388.999,
        "b1": 0.0011821228099954538,
        "a2": 1825816125382.9631,
        "b2": 0.00017637146631981862,
        "a0": 0.00020167993201930079
    },
    "histogram": {
        "i": 1e+18,
        "l": 1.0,
        "a": 20.0,
        "filename": "hist_1e18_100_20"
    }
}