{
    "3exp": {
        "a1": 386950009432610.25,
        "b1": -0.11069923777483642,
        "a2": 33330115935406.69,
        "b2": -0.042940676491880735,
        "a3": 27632947173815.46,
        "b3": -0.014654559514314432,
        "t_hot": 68.2381479309023,
        "n_hot": 27632947173815.46,
        "critical_energy": 27.479780857490894
    },
    "2exp": {
        "a1": 120781147931817.42,
        "b1": -0.06078573117242288,
        "a2": 28233184236165.473,
        "b2": -0.014795537558562707,
        "b1_stdev": 0.0012615090736664493,
        "b2_stdev": 0.0036732850046536426,
        "t_hot": 67.58794643600254,
        "n_hot": 0.34429976844640636
    },
    "nlsq": {
        "a1": 88852759018930.58,
        "b1": -0.05156357707486084,
        "a2": 24931908735264.914,
        "b2": -0.013893670845793033,
        "a0": -0.0006692445762947368,
        "t_hot": 71.97521886757504,
        "n_hot": 0.30404117129242736
    },
    "nlsq_std_errors": {
        "a1": 13606587610036.709,
        "b1": 0.004377420008957142,
        "a2": 1731628913703.8418,
        "b2": 0.0004819277033553811,
        "a0": 0.00041983030079865345
    },
    "histogram": {
        "i": 1e+18,
        "l": 2.0,
        "a": 40.0,
        "filename": "hist_1e18_200_40"
    }
}