{
    "3exp": {
        "a1": 3851188469470760.0,
        "b1": -1.5411827616409532,
        "a2": 206018134312308.0,
        "b2": -0.36674630586704743,
        "a3": 23762747513624.293,
        "b3": -0.0962476238488591,
        "t_hot": 10.38986688721099,
        "n_hot": 23762747513624.293,
        "critical_energy": 3.5212777487611713
    },
    "2exp": {
        "a1": 218632104299886.44,
        "b1": -0.3762111836881009,
        "a2": 24454770668236.844,
        "b2": -0.09747319238490869,
        "b1_stdev": 0.008713560272092911,
        "b2_stdev": 0.02090205810898317,
        "t_hot": 10.259231030939592,
        "n_hot": 0.15438820727113883
    },
    "nlsq": {
        "a1": 256238819040913.25,
        "b1": -0.4234741079481749,
        "a2": 32160403264889.953,
        "b2": -0.11327885836622945,
        "a0": 0.0012595413562254674,
        "t_hot": 8.82777258195002,
        "n_hot": 0.20303551697715527
    },
    "nlsq_std_errors": {
        "a1": 34201446170026.746,
        "b1": 0.03663950478690335,
        "a2": 6101111594679.484,
        "b2": 0.011950433005120654,
        "a0": 0.0011405227708292888
    },
    "histogram": {
        "i": 1e+17,
        "l": 0.01,
        "a": 30.0,
        "filename": "hist_1e17_001_30"
    }
}