{
    "3exp": {
        "a1": 4954825992935910.0,
        "b1": -1.5398353807317344,
        "a2": 124853087206151.36,
        "b2": -0.31572661240620425,
        "a3": 11721452563196.055,
        "b3": -0.10545714686696771,
        "t_hot": 9.482524700402543,
        "n_hot": 11721452563196.055,
        "critical_energy": 4.215552404944784
    },
    "2exp": {
        "a1": 99618068285954.08,
        "b1": -0.2649100013261896,
        "a2": 5384865295199.627,
        "b2": -0.07952051968170415,
        "b1_stdev": 0.046080961711149754,
        "b2_stdev": 0.07565603584153295,
        "t_hot": 12.575370533325087,
        "n_hot": 0.04534652607347399
    },
    "histogram": {
        "i": 1e+18,
        "l": 0.01,
        "a": 1.0,
        "filename": "hist_1e18_001_1"
    }
}