{
    "3exp": {
        "a1": 7028292065601809.0,
        "b1": -0.030467575248006792,
        "a2": 1585618715004945.8,
        "b2": -0.011029609454373724,
        "a3": 655732931143250.1,
        "b3": -0.0043760973862122425,
        "t_hot": 228.51411011800084,
        "n_hot": 655732931143250.1,
        "critical_energy": 90.90881817985041
    },
    "2exp": {
        "a1": 2548768237352112.5,
        "b1": -0.013702212694100732,
        "a2": 742756837278998.4,
        "b2": -0.004518140306762822,
        "b1_stdev": 0.00027332566273674573,
        "b2_stdev": 0.0005865383129508061,
        "t_hot": 221.33000130677317,
        "n_hot": 0.3413957590579003
    },
    "nlsq": {
        "a1": 4209707257034943.5,
        "b1": -0.018026329510034605,
        "a2": 937971023664938.2,
        "b2": -0.004942031814579107,
        "a0": 0.0005602933507375771,
        "t_hot": 202.34592522249193,
        "n_hot": 0.431122695243699
    },
    "nlsq_std_errors": {
        "a1": 589762437708332.2,
        "b1": 0.001058613688254163,
        "a2": 39228357180027.695,
        "b2": 8.922646382204222e-05,
        "a0": 0.00020160992144146827
    },
    "histogram": {
        "i": 1e+19,
        "l": 0.02,
        "a": 10.0,
        "filename": "hist_1e19_002_10"
    }
}