{
    "3exp": {
        "a1": 1566888152824431.0,
        "b1": -1.340616184136716,
        "a2": 127173083737807.9,
        "b2": -0.34535924765593085,
        "a3": 17855261829976.67,
        "b3": -0.09406272857752054,
        "t_hot": 10.631203401418059,
        "n_hot": 17855261829976.67,
        "critical_energy": 3.5895360909303045
    },
    "2exp": {
        "a1": 126617932668814.89,
        "b1": -0.3393552839608741,
        "a2": 17194244257859.643,
        "b2": -0.0930045391212776,
        "b1_stdev": 0.010069748989161686,
        "b2_stdev": 0.022803580479913755,
        "t_hot": 10.752163383079653,
        "n_hot": 0.15966473128354666
    },
    "nlsq": {
        "a1": 120328901159499.39,
        "b1": -0.3148788143955198,
        "a2": 13231503734163.69,
        "b2": -0.0765706148435051,
        "a0": -0.0024041050443202464,
        "t_hot": 13.059840280031686,
        "n_hot": 0.12286695806515598
    },
    "nlsq_std_errors": {
        "a1": 8476435825641.47,
        "b1": 0.02520451414036593,
        "a2": 3818694048681.5483,
        "b2": 0.018554699590174438,
        "a0": 0.0032413938008863464
    },
    "histogram": {
        "i": 1e+17,
        "l": 0.02,
        "a": 20.0,
        "filename": "hist_1e17_002_20"
    }
}