{
    "3exp": {
        "a1": 214177032144665.62,
        "b1": -0.0300507693388702,
        "a2": 171641719824425.22,
        "b2": -0.00760811811987322,
        "a3": 9806712578881.762,
        "b3": -0.002561489807280925,
        "t_hot": 390.39780566666434,
        "n_hot": 9806712578881.762,
        "critical_energy": 112.17957947119636
    },
    "2exp": {
        "a1": 190563746635816.47,
        "b1": -0.008209657472454947,
        "a2": 13637856809932.87,
        "b2": -0.002859764451933809,
        "b1_stdev": 0.00015195173428601987,
        "b2_stdev": 0.0002524211781642587,
        "t_hot": 349.67914903753257,
        "n_hot": 0.08596895424476336
    },
    "nlsq": {
        "a1": 192286759576765.78,
        "b1": -0.008506622566594083,
        "a2": 18090277321152.535,
        "b2": -0.0031961866868447245,
        "a0": 0.0002611290315713433,
        "t_hot": 312.8728381592754,
        "n_hot": 0.11403567620423621
    },
    "nlsq_std_errors": {
        "a1": 2479157655048.095,
        "b1": 0.000228479877833921,
        "a2": 3969424191206.2,
        "b2": 0.00028111954905436114,
        "a0": 0.00026855933879648395
    },
    "histogram": {
        "i": 1e+18,
        "l": 5.0,
        "a": 2.0,
        "filename": "hist_1e18_500_2"
    }
}