{
    "3exp": {
        "a1": 2312387862557233.0,
        "b1": -0.02410664734200875,
        "a2": 339629676559693.94,
        "b2": -0.007609631176895038,
        "a3": 68814345647354.65,
        "b3": -0.0029935219561099033,
        "t_hot": 334.0546736124511,
        "n_hot": 68814345647354.65,
        "critical_energy": 166.46629414568855
    },
    "2exp": {
        "a1": 629720797002374.8,
        "b1": -0.01044729689737028,
        "a2": 98728596507794.22,
        "b2": -0.0033035211184767083,
        "b1_stdev": 0.0003041825772140957,
        "b2_stdev": 0.0006679462332640514,
        "t_hot": 302.7073126328648,
        "n_hot": 0.16086441909662924
    },
    "nlsq": {
        "a1": 5222421469687573.0,
        "b1": -0.019704084120878936,
        "a2": 157586034839852.9,
        "b2": -0.0038986516683177192,
        "a0": 0.00038856838599514887,
        "t_hot": 256.4989347795473,
        "n_hot": 0.25676437069834007
    },
    "nlsq_std_errors": {
        "a1": 1806003183105352.2,
        "b1": 0.0014212212327233426,
        "a2": 7145519215165.634,
        "b2": 8.067667110057484e-05,
        "a0": 0.0001372643259454289
    },
    "histogram": {
        "i": 1e+19,
        "l": 0.2,
        "a": 1.0,
        "filename": "hist_1e19_020_1"
    }
}