{
    "3exp": {
        "a1": 6129958136329392.0,
        "b1": -0.38286676983259843,
        "a2": 763223634849491.8,
        "b2": -0.116440449369532,
        "a3": 122495546173612.34,
        "b3": -0.030280546074329964,
        "t_hot": 33.02450350615507,
        "n_hot": 122495546173612.34,
        "critical_energy": 11.097621700393319
    },
    "2exp": {
        "a1": 808151515409692.4,
        "b1": -0.11816035741712538,
        "a2": 123050404056093.86,
        "b2": -0.03036542470709891,
        "b1_stdev": 0.001543821104135135,
        "b2_stdev": 0.004000866644441035,
        "t_hot": 32.93219211145159,
        "n_hot": 0.1739910732648685
    },
    "nlsq": {
        "a1": 778274354540733.6,
        "b1": -0.11461853884161355,
        "a2": 115820129923385.31,
        "b2": -0.02923469429437733,
        "a0": -0.0004001494537426721,
        "t_hot": 34.205933194667566,
        "n_hot": 0.16376759479684413
    },
    "nlsq_std_errors": {
        "a1": 55876431078753.07,
        "b1": 0.005568857627204828,
        "a2": 10330565480668.611,
        "b2": 0.001560804897175445,
        "a0": 0.000527226313445295
    },
    "histogram": {
        "i": 1e+18,
        "l": 0.02,
        "a": 30.0,
        "filename": "hist_1e18_002_30"
    }
}