{
    "3exp": {
        "a1": -75575215374666.62,
        "b1": -0.10672046541575357,
        "a2": 83708918891588.7,
        "b2": -0.07136022213064575,
        "a3": 12018320624397.748,
        "b3": -0.016730411943980734,
        "t_hot": 59.77139136491973,
        "n_hot": 12018320624397.748,
        "critical_energy": NaN
    },
    "2exp": {
        "a1": 35956052262116.234,
        "b1": -0.053404090475504165,
        "a2": 10676728086500.533,
        "b2": -0.016093303621000737,
        "b1_stdev": 0.000495870708127441,
        "b2_stdev": 0.0010723483569951523,
        "t_hot": 62.13764579045558,
        "n_hot": 0.41559269665973314
    },
    "nlsq": {
        "a1": 36660185880233.625,
        "b1": -0.04816910098837323,
        "a2": 7982742872370.087,
        "b2": -0.013385560556316102,
        "a0": -0.004095636676861161,
        "t_hot": 74.70736812199775,
        "n_hot": 0.31072905577357773
    },
    "nlsq_std_errors": {
        "a1": 368815267057.1367,
        "b1": 0.0010226604310719241,
        "a2": 543873916340.65845,
        "b2": 0.0006392577306047326,
        "a0": 0.001186368191392268
    },
    "histogram": {
        "i": 1e+18,
        "l": 5.0,
        "a": 60.0,
        "filename": "hist_1e18_500_60"
    }
}