{
    "3exp": {
        "a1": 4201123150014178.0,
        "b1": -0.02136023342719199,
        "a2": 604781616046208.2,
        "b2": -0.0028655327542432877,
        "a3": 159149339551140.66,
        "b3": -0.0015473812731511217,
        "t_hot": 646.2531357663246,
        "n_hot": 159149339551140.66,
        "critical_energy": 165.20913576071956
    },
    "2exp": {
        "a1": 620814400494568.8,
        "b1": -0.002841938863124425,
        "a2": 147054198903857.34,
        "b2": -0.001524703856744993,
        "b1_stdev": 0.00010452006889197667,
        "b2_stdev": 0.00014220258801682495,
        "t_hot": 655.8650688631728,
        "n_hot": 0.16822686824297634
    },
    "nlsq": {
        "a1": 663216070708829.4,
        "b1": -0.00273434490890893,
        "a2": 98321587492098.88,
        "b2": -0.0013604381136064576,
        "a0": -0.0001693327247557784,
        "t_hot": 735.0573245474922,
        "n_hot": 0.11247779980282985
    },
    "nlsq_std_errors": {
        "a1": 21053589554163.58,
        "b1": 5.489803166355427e-05,
        "a2": 24217451238657.09,
        "b2": 0.00010270093515627127,
        "a0": 0.00013568763309646032
    },
    "histogram": {
        "i": 1e+19,
        "l": 1.0,
        "a": 4.0,
        "filename": "hist_1e19_100_4"
    }
}