{
    "3exp": {
        "a1": 6870984343429693.0,
        "b1": -1.4508185973526238,
        "a2": 267168790984348.78,
        "b2": -0.4620272646771509,
        "a3": 3713616190898.1836,
        "b3": -0.09688251513596867,
        "t_hot": 10.321779926920367,
        "n_hot": 3713616190898.1836,
        "critical_energy": 5.556434043507653
    },
    "2exp": {
        "a1": 237613893449850.06,
        "b1": -0.44625331069733587,
        "a2": 3377837552427.705,
        "b2": -0.0936175423879826,
        "b1_stdev": 0.0067406725124920614,
        "b2_stdev": 0.017244738060125248,
        "t_hot": 10.68175872269391,
        "n_hot": 0.022482932671002747
    },
    "nlsq": {
        "a1": 204688501850330.03,
        "b1": -0.42351254706730096,
        "a2": 2479819513953.6323,
        "b2": -0.07503281928983191,
        "a0": -0.00033036956330606884,
        "t_hot": 13.32750134494167,
        "n_hot": 0.016505712398273052
    },
    "nlsq_std_errors": {
        "a1": 27355235151906.098,
        "b1": 0.019746973485881766,
        "a2": 746602439039.87,
        "b2": 0.020517722538745915,
        "a0": 0.0005166435936195917
    },
    "histogram": {
        "i": 1e+17,
        "l": 0.5,
        "a": 3.0,
        "filename": "hist_1e17_050_3"
    }
}