{
    "3exp": {
        "a1": 432051468509124.6,
        "b1": -0.3623307434668388,
        "a2": 16209000366158.72,
        "b2": -0.06360746253456871,
        "a3": 9854044594978.764,
        "b3": -0.03822531113419476,
        "t_hot": 26.160676534178474,
        "n_hot": 9854044594978.764,
        "critical_energy": 11.664916272220646
    },
    "2exp": {
        "a1": 37417948155126.32,
        "b1": -0.15698170941208617,
        "a2": 19126606407217.953,
        "b2": -0.04430336411883956,
        "b1_stdev": 0.017068864129941574,
        "b2_stdev": 0.043213815241016564,
        "t_hot": 22.57164935190012,
        "n_hot": 0.14353422174393418
    },
    "nlsq": {
        "a1": 114742697764743.58,
        "b1": -0.20597055788778998,
        "a2": 15955288795953.004,
        "b2": -0.03358066299604565,
        "a0": -0.0053589988420219324,
        "t_hot": 29.77904278178655,
        "n_hot": 0.11973530020268433
    },
    "nlsq_std_errors": {
        "a1": 51163504822126.86,
        "b1": 0.03507537818709752,
        "a2": 1653539734443.6714,
        "b2": 0.003897611300543827,
        "a0": 0.0019895062202690463
    },
    "histogram": {
        "i": 1e+17,
        "l": 0.05,
        "a": 20.0,
        "filename": "hist_1e17_005_20"
    }
}