{
    "3exp": {
        "a1": 757288373092874.1,
        "b1": -0.09950579838072493,
        "a2": 76858275356243.81,
        "b2": -0.01352258946807647,
        "a3": 3571708907806.395,
        "b3": -0.0033575840009647633,
        "t_hot": 297.8332037895884,
        "n_hot": 3571708907806.395,
        "critical_energy": 55.71294267432002
    },
    "2exp": {
        "a1": 80437727576531.53,
        "b1": -0.013607102321354956,
        "a2": 3311551660143.8247,
        "b2": -0.0033912564750457025,
        "b1_stdev": 0.00018505395998675138,
        "b2_stdev": 0.00032944871000894517,
        "t_hot": 294.87595743890864,
        "n_hot": 0.0295547893902718
    },
    "histogram": {
        "i": 1e+18,
        "l": 1.0,
        "a": 0.0,
        "filename": "hist_1e18_100_0"
    }
}