{
    "3exp": {
        "a1": 1.3321455435087788e+16,
        "b1": -0.05895741795062624,
        "a2": 1743185307779218.0,
        "b2": -0.015841432835804112,
        "a3": 604872580129827.0,
        "b3": -0.005681478074072633,
        "t_hot": 176.01053580818868,
        "n_hot": 604872580129827.0,
        "critical_energy": 58.03958386646861
    },
    "2exp": {
        "a1": 1967017394000464.0,
        "b1": -0.016772007149028725,
        "a2": 623468319417278.2,
        "b2": -0.005725617492237529,
        "b1_stdev": 0.00022197567872948005,
        "b2_stdev": 0.0004559218179598551,
        "t_hot": 174.6536511312088,
        "n_hot": 0.26624946912211134
    },
    "nlsq": {
        "a1": 2095270621209104.0,
        "b1": -0.018114434131203734,
        "a2": 693716064620033.9,
        "b2": -0.005970368439640887,
        "a0": 0.00021496621134649497,
        "t_hot": 167.49385069108888,
        "n_hot": 0.2962484671221061
    },
    "nlsq_std_errors": {
        "a1": 80116824059639.98,
        "b1": 0.0006629745088030945,
        "a2": 33898131986346.16,
        "b2": 0.00012076277490765205,
        "a0": 0.00014809720474241692
    },
    "histogram": {
        "i": 1e+19,
        "l": 0.05,
        "a": 0.0,
        "filename": "hist_1e19_005_0"
    }
}