{
    "3exp": {
        "a1": 8880334483954503.0,
        "b1": -1.2912160492339944,
        "a2": 584262503016490.4,
        "b2": -0.49604096769055767,
        "a3": 5141686032610.796,
        "b3": -0.10371343675906938,
        "t_hot": 9.641952202616151,
        "n_hot": 5141686032610.796,
        "critical_energy": 6.277218573241545
    },
    "2exp": {
        "a1": 229726876592595.6,
        "b1": -0.40002066197503716,
        "a2": 3474452341468.5605,
        "b2": -0.09051021368214839,
        "b1_stdev": 0.00921749956519891,
        "b2_stdev": 0.022373865790529836,
        "t_hot": 11.048476843859591,
        "n_hot": 0.018868889078743265
    },
    "nlsq": {
        "a1": 701669524951888.0,
        "b1": -0.5422116353886827,
        "a2": 11087747056128.736,
        "b2": -0.14865041989775513,
        "a0": 0.00045967447967356625,
        "t_hot": 6.727192568226991,
        "n_hot": 0.060214804744400725
    },
    "nlsq_std_errors": {
        "a1": 309549252774191.06,
        "b1": 0.05451801760562321,
        "a2": 3298147905894.9307,
        "b2": 0.015982420069898577,
        "a0": 0.00011779560217250986
    },
    "histogram": {
        "i": 1e+17,
        "l": 1.0,
        "a": 2.0,
        "filename": "hist_1e17_100_2"
    }
}