{
    "3exp": {
        "a1": 5787684578611724.0,
        "b1": -0.03146380710415374,
        "a2": 1234637807411483.5,
        "b2": -0.00868677749318415,
        "a3": 156374424407886.25,
        "b3": -0.004300469983168008,
        "t_hot": 232.53272407759823,
        "n_hot": 156374424407886.25,
        "critical_energy": 132.9451637881866
    },
    "2exp": {
        "a1": 1377336703487638.8,
        "b1": -0.00961764824661156,
        "a2": 233728945214062.3,
        "b2": -0.004651335202715251,
        "b1_stdev": 0.0006957908164230608,
        "b2_stdev": 0.0010227694803475822,
        "t_hot": 214.99203054990375,
        "n_hot": 0.14295892915995786
    },
    "nlsq": {
        "a1": 1369285528476907.2,
        "b1": -0.010609370927310935,
        "a2": 370984212229312.0,
        "b2": -0.005221210885269917,
        "a0": 0.0001361286432931039,
        "t_hot": 191.52645276619654,
        "n_hot": 0.22691030273114032
    },
    "nlsq_std_errors": {
        "a1": 63130623678590.63,
        "b1": 0.0010234242106567104,
        "a2": 138129518010745.97,
        "b2": 0.0004922562592244167,
        "a0": 0.00015633695710611835
    },
    "histogram": {
        "i": 1e+19,
        "l": 0.1,
        "a": 4.0,
        "filename": "hist_1e19_010_4"
    }
}