{
    "3exp": {
        "a1": 187947750730837.62,
        "b1": -0.04842400040964148,
        "a2": 38507137244677.81,
        "b2": -0.007295491137647816,
        "a3": -4169503209.7620363,
        "b3": 0.0044477918035172115,
        "t_hot": 137.0709635763352,
        "n_hot": 38507137244677.81,
        "critical_energy": NaN
    },
    "2exp": {
        "a1": 174058607086622.3,
        "b1": -0.0459011626157764,
        "a2": 38724534708072.08,
        "b2": -0.007393057485466784,
        "b1_stdev": 0.0002491910053731261,
        "b2_stdev": 0.0010833828447021493,
        "t_hot": 135.26203495181696,
        "n_hot": 0.38904980585672083
    },
    "nlsq": {
        "a1": 151640458531101.25,
        "b1": -0.041868531010383084,
        "a2": 36184377134297.164,
        "b2": -0.0069626262801887025,
        "a0": -0.001525482916133228,
        "t_hot": 143.6239659803912,
        "n_hot": 0.3635298656334853
    },
    "nlsq_std_errors": {
        "a1": 6518481258077.403,
        "b1": 0.0009386037040135533,
        "a2": 431598705572.6229,
        "b2": 6.57888647754068e-05,
        "a0": 0.00026997659631411723
    },
    "histogram": {
        "i": 1e+18,
        "l": 2.0,
        "a": 50.0,
        "filename": "hist_1e18_200_50"
    }
}