{
    "3exp": {
        "a1": 1605077128747535.2,
        "b1": -0.10747124877187908,
        "a2": 182850467240628.97,
        "b2": -0.014399665353409585,
        "a3": -41922260690.09551,
        "b3": 0.003435742395062419,
        "t_hot": 69.44605832546085,
        "n_hot": 182850467240628.97,
        "critical_energy": NaN
    },
    "2exp": {
        "a1": 1065989722711170.2,
        "b1": -0.09140527606292234,
        "a2": 179315368348714.5,
        "b2": -0.01438206521881772,
        "b1_stdev": 0.0005490744328354009,
        "b2_stdev": 0.002449243846340905,
        "t_hot": 69.53104333664015,
        "n_hot": 0.3413492054369665
    },
    "nlsq": {
        "a1": 889210584019707.4,
        "b1": -0.0836261632444201,
        "a2": 169685145110833.62,
        "b2": -0.013769448675300115,
        "a0": -0.0007652331897413962,
        "t_hot": 72.62454899837914,
        "n_hot": 0.3230168724043706
    },
    "nlsq_std_errors": {
        "a1": 66833380125434.35,
        "b1": 0.002701447556875571,
        "a2": 2659431990185.8047,
        "b2": 0.00016096288673624678,
        "a0": 0.0002678698760483918
    },
    "histogram": {
        "i": 1e+18,
        "l": 0.1,
        "a": 20.0,
        "filename": "hist_1e18_010_20"
    }
}