{
    "3exp": {
        "a1": 1417425554609938.0,
        "b1": -0.38468387662617753,
        "a2": 116689371779708.64,
        "b2": -0.06878842868915926,
        "a3": -14599444970.31872,
        "b3": 0.03596255977218018,
        "t_hot": 14.537328720194992,
        "n_hot": 116689371779708.64,
        "critical_energy": NaN
    },
    "2exp": {
        "a1": 924781838888410.4,
        "b1": -0.3278119540645992,
        "a2": 112827339328591.97,
        "b2": -0.06898164793310116,
        "b1_stdev": 0.0029178426659623845,
        "b2_stdev": 0.00954759456108983,
        "t_hot": 14.49660931512982,
        "n_hot": 0.2761996287982106
    },
    "nlsq": {
        "a1": 823862213225659.6,
        "b1": -0.3034464592978102,
        "a2": 98357401137792.64,
        "b2": -0.06273008765308305,
        "a0": -0.0012112236541600896,
        "t_hot": 15.941313609034182,
        "n_hot": 0.2407774378574814
    },
    "nlsq_std_errors": {
        "a1": 45950180286211.66,
        "b1": 0.008291601786048952,
        "a2": 3271270158117.2153,
        "b2": 0.0013164041087601148,
        "a0": 0.0002866334372939279
    },
    "histogram": {
        "i": 1e+17,
        "l": 0.05,
        "a": 50.0,
        "filename": "hist_1e17_005_50"
    }
}