{
    "3exp": {
        "a1": 1378516122377848.0,
        "b1": -0.015224962388909717,
        "a2": 529092908249455.06,
        "b2": -0.0028693965719685244,
        "a3": 27059615617873.234,
        "b3": -0.0008572851221676993,
        "t_hot": 1166.473060294616,
        "n_hot": 27059615617873.234,
        "critical_energy": 273.58079076959615
    },
    "2exp": {
        "a1": 545600416286931.7,
        "b1": -0.0028245535997391833,
        "a2": 19961991592107.26,
        "b2": -0.0008018326723691342,
        "b1_stdev": 5.046778930832161e-05,
        "b2_stdev": 8.241572236758464e-05,
        "t_hot": 1247.1429943673297,
        "n_hot": 0.03117874820099995
    },
    "histogram": {
        "i": 1e+19,
        "l": 0.5,
        "a": 4.0,
        "filename": "hist_1e19_050_4"
    }
}