{
    "3exp": {
        "a1": 4696627223197142.0,
        "b1": -0.1802198523223817,
        "a2": 441389403414038.8,
        "b2": -0.06854390212917372,
        "a3": 297854432299747.06,
        "b3": -0.02878855898432117,
        "t_hot": 34.736021366843,
        "n_hot": 297854432299747.06,
        "critical_energy": 18.2128473730004
    },
    "2exp": {
        "a1": 2272999617363922.5,
        "b1": -0.11329443090626756,
        "a2": 332185706741582.25,
        "b2": -0.029742018247231213,
        "b1_stdev": 0.0019373358644099881,
        "b2_stdev": 0.005224576244519128,
        "t_hot": 33.6224660911535,
        "n_hot": 0.29435297237208435
    },
    "nlsq": {
        "a1": 1634356741944550.2,
        "b1": -0.09677504464307447,
        "a2": 276325274194891.84,
        "b2": -0.027346465692176088,
        "a0": -0.0005528695874631327,
        "t_hot": 36.56779677697448,
        "n_hot": 0.24485450201526096
    },
    "nlsq_std_errors": {
        "a1": 186256716264761.16,
        "b1": 0.005210614425067932,
        "a2": 17407457388690.766,
        "b2": 0.0007626669752044887,
        "a0": 0.00020217893029168067
    },
    "histogram": {
        "i": 1e+18,
        "l": 0.02,
        "a": 40.0,
        "filename": "hist_1e18_002_40"
    }
}