{
    "3exp": {
        "a1": 4204314865448468.5,
        "b1": -1.2460281970045326,
        "a2": 471572926653727.06,
        "b2": -0.42814884584130003,
        "a3": 88232611125224.02,
        "b3": -0.12312092018452675,
        "t_hot": 8.12209654136158,
        "n_hot": 88232611125224.02,
        "critical_energy": 3.440969766839495
    },
    "2exp": {
        "a1": 521048835981968.06,
        "b1": -0.4374122275477541,
        "a2": 88428157770251.53,
        "b2": -0.12346987647893481,
        "b1_stdev": 0.009312280072008055,
        "b2_stdev": 0.022444148478134134,
        "t_hot": 8.099141495218147,
        "n_hot": 0.2751429928582763
    },
    "nlsq": {
        "a1": 473466846591378.94,
        "b1": -0.40589133572615077,
        "a2": 76565671535473.86,
        "b2": -0.11429647995978698,
        "a0": -0.0009438267931849714,
        "t_hot": 8.749175830715266,
        "n_hot": 0.23823303060556447
    },
    "nlsq_std_errors": {
        "a1": 46148756009095.12,
        "b1": 0.027981835893807736,
        "a2": 10274361278680.969,
        "b2": 0.00818416852162418,
        "a0": 0.0008574664677319735
    },
    "histogram": {
        "i": 1e+17,
        "l": 0.01,
        "a": 50.0,
        "filename": "hist_1e17_001_50"
    }
}