{
    "3exp": {
        "a1": 4804136933730703.0,
        "b1": -1.5150689091529994,
        "a2": 387256673537743.75,
        "b2": -0.4307014731700244,
        "a3": 48004123730552.11,
        "b3": -0.10500537203750514,
        "t_hot": 9.5233222890999,
        "n_hot": 48004123730552.11,
        "critical_energy": 3.2664810112401366
    },
    "2exp": {
        "a1": 447218642494375.3,
        "b1": -0.4499391951203822,
        "a2": 48748318243946.19,
        "b2": -0.10566369942349889,
        "b1_stdev": 0.004479598440504863,
        "b2_stdev": 0.012399359108623824,
        "t_hot": 9.463988157295265,
        "n_hot": 0.18432177857678736
    },
    "nlsq": {
        "a1": 443683968217667.94,
        "b1": -0.4473038304364506,
        "a2": 48069167641251.5,
        "b2": -0.1046423005456974,
        "a0": -0.00012422275723423937,
        "t_hot": 9.556364823643179,
        "n_hot": 0.18175384902517197
    },
    "nlsq_std_errors": {
        "a1": 31047246113109.58,
        "b1": 0.01845197623701833,
        "a2": 3957697424547.7036,
        "b2": 0.005465134190369438,
        "a0": 0.0006125257478317866
    },
    "histogram": {
        "i": 1e+17,
        "l": 0.01,
        "a": 40.0,
        "filename": "hist_1e17_001_40"
    }
}