{
    "3exp": {
        "a1": 2529183494035427.0,
        "b1": -0.7001930766371031,
        "a2": 27148626474758.69,
        "b2": -0.13475991522323422,
        "a3": 863695185778.5858,
        "b3": -0.02523355365883243,
        "t_hot": 39.6297728619755,
        "n_hot": 863695185778.5858,
        "critical_energy": 11.826171636846759
    },
    "2exp": {
        "a1": 22202353837376.156,
        "b1": -0.12024266036313161,
        "a2": 501118803394.55646,
        "b2": -0.017385459197627327,
        "b1_stdev": 0.006468841273344774,
        "b2_stdev": 0.012989516147329027,
        "t_hot": 57.51933202526365,
        "n_hot": 0.005024928708727538
    },
    "histogram": {
        "i": 1e+17,
        "l": 2.0,
        "a": 4.0,
        "filename": "hist_1e17_200_4"
    }
}