{
    "3exp": {
        "a1": 513213182853072.3,
        "b1": -0.20971858380270783,
        "a2": 32997626249157.47,
        "b2": -0.028829623982657506,
        "a3": -4005505702.3602085,
        "b3": 0.013096669087426226,
        "t_hot": 34.686543279286305,
        "n_hot": 32997626249157.47,
        "critical_energy": NaN
    },
    "2exp": {
        "a1": 314224723928903.0,
        "b1": -0.17893638119682614,
        "a2": 32128754559418.184,
        "b2": -0.02870281611544916,
        "b1_stdev": 0.0012440817796166186,
        "b2_stdev": 0.005365809154927189,
        "t_hot": 34.83978700827737,
        "n_hot": 0.23753316613346698
    },
    "nlsq": {
        "a1": 285599279906544.3,
        "b1": -0.17089833586450415,
        "a2": 30613713270031.363,
        "b2": -0.02757663497618021,
        "a0": -0.0005946716851657807,
        "t_hot": 36.26258246750436,
        "n_hot": 0.22633221672768028
    },
    "nlsq_std_errors": {
        "a1": 31966157045840.785,
        "b1": 0.00773061809338728,
        "a2": 1053065048532.4485,
        "b2": 0.0007145589036643191,
        "a0": 0.00042590471927327897
    },
    "histogram": {
        "i": 1e+18,
        "l": 0.1,
        "a": 4.0,
        "filename": "hist_1e18_010_4"
    }
}