{
    "3exp": {
        "a1": 1.4711629199662842e+16,
        "b1": -0.0665289181405966,
        "a2": 2593953855986370.5,
        "b2": -0.022078045156503787,
        "a3": 624730789380681.0,
        "b3": -0.008737782294398914,
        "t_hot": 114.44551561338615,
        "n_hot": 624730789380681.0,
        "critical_energy": 54.663620913839964
    },
    "2exp": {
        "a1": 2647125130796558.5,
        "b1": -0.022067494101072473,
        "a2": 617435655414726.2,
        "b2": -0.008709884704863979,
        "b1_stdev": 0.0007650893142572433,
        "b2_stdev": 0.001365769010110938,
        "t_hot": 114.81208235070625,
        "n_hot": 0.25383228405622327
    },
    "nlsq": {
        "a1": 2748201411245554.0,
        "b1": -0.0231552305167631,
        "a2": 690612511740331.1,
        "b2": -0.009043154880695448,
        "a0": 0.00016241380722034296,
        "t_hot": 110.58087727046612,
        "n_hot": 0.2839158213743037
    },
    "nlsq_std_errors": {
        "a1": 198850428010276.5,
        "b1": 0.0016815923761715156,
        "a2": 109624979954642.39,
        "b2": 0.0004842165122461307,
        "a0": 0.0002545076221104333
    },
    "histogram": {
        "i": 1e+19,
        "l": 0.01,
        "a": 40.0,
        "filename": "hist_1e19_001_40"
    }
}