{
    "3exp": {
        "a1": 316434602012425.1,
        "b1": -0.07609089538078553,
        "a2": 52345386075233.055,
        "b2": -0.013693859218531269,
        "a3": 18481374268037.99,
        "b3": -0.005959978929970099,
        "t_hot": 167.78582806248562,
        "n_hot": 18481374268037.99,
        "critical_energy": 40.50072787670918
    },
    "2exp": {
        "a1": 55572507600543.87,
        "b1": -0.01439075718627248,
        "a2": 19785848322405.207,
        "b2": -0.006116523637936125,
        "b1_stdev": 0.0006016422080292826,
        "b2_stdev": 0.0009744982091975992,
        "t_hot": 163.49156141533788,
        "n_hot": 0.1723792883072714
    },
    "nlsq": {
        "a1": 65147447123799.195,
        "b1": -0.012390789766793097,
        "a2": 7908280350987.505,
        "b2": -0.003465386887049575,
        "a0": -0.004412460051747147,
        "t_hot": 288.56806832653496,
        "n_hot": 0.06889892798247674
    },
    "nlsq_std_errors": {
        "a1": 1415195886080.112,
        "b1": 0.0004047527700786257,
        "a2": 1863088472451.9739,
        "b2": 0.0007684334872369226,
        "a0": 0.0019988906743678056
    },
    "histogram": {
        "i": 1e+18,
        "l": 1.0,
        "a": 45.0,
        "filename": "hist_1e18_100_45"
    }
}