{
    "3exp": {
        "a1": 1.280232324334467e+16,
        "b1": -0.05607428881747462,
        "a2": 2778982222478493.0,
        "b2": -0.018765937856644602,
        "a3": 875070637247648.4,
        "b3": -0.005907357443938332,
        "t_hot": 169.28042859944455,
        "n_hot": 875070637247648.4,
        "critical_energy": 53.48298674009257
    },
    "2exp": {
        "a1": 3473450757807106.5,
        "b1": -0.019930393241926147,
        "a2": 874413609798402.4,
        "b2": -0.0059234198663866595,
        "b1_stdev": 0.00022525461362169288,
        "b2_stdev": 0.0005305556568943622,
        "t_hot": 168.82139415351105,
        "n_hot": 0.3622317101326032
    },
    "nlsq": {
        "a1": 3223876621563949.0,
        "b1": -0.018745385741853502,
        "a2": 807593038844900.0,
        "b2": -0.005724985369763026,
        "a0": -0.0002507771984562032,
        "t_hot": 174.67293545963994,
        "n_hot": 0.33455083987018297
    },
    "nlsq_std_errors": {
        "a1": 145950792357453.34,
        "b1": 0.0006709956828691082,
        "a2": 41494500414969.29,
        "b2": 0.00013130653450408436,
        "a0": 0.00022907439779727934
    },
    "histogram": {
        "i": 1e+19,
        "l": 0.01,
        "a": 20.0,
        "filename": "hist_1e19_001_20"
    }
}