{
    "3exp": {
        "a1": 279765391933851.06,
        "b1": -0.133149343801563,
        "a2": 54356995565346.664,
        "b2": -0.03936376445512516,
        "a3": 14834023724029.508,
        "b3": -0.01591465018861196,
        "t_hot": 62.83518570301782,
        "n_hot": 14834023724029.508,
        "critical_energy": 25.052549146233616
    },
    "2exp": {
        "a1": 64343873668846.18,
        "b1": -0.04403991129903067,
        "a2": 17358651227686.053,
        "b2": -0.016673982298492214,
        "b1_stdev": 0.0030516259893328818,
        "b2_stdev": 0.005541246171057042,
        "t_hot": 59.97367528034545,
        "n_hot": 0.17993437828189943
    },
    "nlsq": {
        "a1": 68071993159467.86,
        "b1": -0.04768202171461258,
        "a2": 19965561694744.215,
        "b2": -0.017382222120320593,
        "a0": -5.592529884511859e-05,
        "t_hot": 57.53004380440838,
        "n_hot": 0.20695680116338128
    },
    "nlsq_std_errors": {
        "a1": 6487218716272.977,
        "b1": 0.007060301969308884,
        "a2": 6437200382181.955,
        "b2": 0.0022931561372729714,
        "a0": 0.0008035192927932733
    },
    "histogram": {
        "i": 1e+18,
        "l": 0.2,
        "a": 3.0,
        "filename": "hist_1e18_020_3"
    }
}