{
    "3exp": {
        "a1": 5545555155405466.0,
        "b1": -0.026592245601434306,
        "a2": 798353164468406.2,
        "b2": -0.0025282490998547098,
        "a3": 4648089146494.784,
        "b3": -0.0006525386761065623,
        "t_hot": 1532.4762142323896,
        "n_hot": 4648089146494.784,
        "critical_energy": 273.10623957548336
    },
    "2exp": {
        "a1": 823638976916241.6,
        "b1": -0.0025750041485863057,
        "a2": 7381040961979.494,
        "b2": -0.0008839287024600645,
        "b1_stdev": 0.00019467403037759807,
        "b2_stdev": 0.0002667593623249233,
        "t_hot": 1131.3129636099577,
        "n_hot": 0.0076772471728176524
    },
    "histogram": {
        "i": 1e+19,
        "l": 1.0,
        "a": 20.0,
        "filename": "hist_1e19_100_20"
    }
}