{
    "3exp": {
        "a1": 1726757769456084.0,
        "b1": -0.31452394381074283,
        "a2": 124234738446697.88,
        "b2": -0.10497087721151445,
        "a3": 2628891973702.3794,
        "b3": -0.01759938294173698,
        "t_hot": 56.820173940786155,
        "n_hot": 2628891973702.3794,
        "critical_energy": 21.848776449472943
    },
    "2exp": {
        "a1": 89060143844846.3,
        "b1": -0.09309102960781845,
        "a2": 2055292955488.2542,
        "b2": -0.0155026385854573,
        "b1_stdev": 0.0024203359948951012,
        "b2_stdev": 0.006933362639392858,
        "t_hot": 64.50514823573833,
        "n_hot": 0.012272836772320559
    },
    "nlsq": {
        "a1": 91554279554014.12,
        "b1": -0.09406768006947286,
        "a2": 2113442807845.77,
        "b2": -0.015819229161330904,
        "a0": 1.951181785394505e-05,
        "t_hot": 63.214205306819636,
        "n_hot": 0.012620068851529819
    },
    "nlsq_std_errors": {
        "a1": 23423976822691.566,
        "b1": 0.010629320712844042,
        "a2": 1174980410928.6528,
        "b2": 0.011228332003256888,
        "a0": 0.0014702265363852301
    },
    "histogram": {
        "i": 1e+18,
        "l": 0.5,
        "a": 60.0,
        "filename": "hist_1e18_050_60"
    }
}