{
    "3exp": {
        "a1": 1005724512460931.5,
        "b1": -0.2898098412414503,
        "a2": 136235259895912.42,
        "b2": -0.11384998438658375,
        "a3": 38430385701683.42,
        "b3": -0.02197203658756166,
        "t_hot": 45.51239463009536,
        "n_hot": 38430385701683.42,
        "critical_energy": 12.18877608373401
    },
    "2exp": {
        "a1": 221715946848503.88,
        "b1": -0.12670513021886215,
        "a2": 38259515736168.59,
        "b2": -0.022020585409042125,
        "b1_stdev": 0.0014566828444466271,
        "b2_stdev": 0.005840240344243698,
        "t_hot": 45.41205337753548,
        "n_hot": 0.23776675982297904
    },
    "nlsq": {
        "a1": 207571858343549.78,
        "b1": -0.12236917155368593,
        "a2": 37208608218039.336,
        "b2": -0.021473097559163937,
        "a0": -0.0005287623980282104,
        "t_hot": 46.56989971962552,
        "n_hot": 0.23123581266770735
    },
    "nlsq_std_errors": {
        "a1": 37173885932079.3,
        "b1": 0.009261168432498447,
        "a2": 1564081071186.7656,
        "b2": 0.0006946588421020424,
        "a0": 0.0006094076692773346
    },
    "histogram": {
        "i": 1e+17,
        "l": 0.2,
        "a": 40.0,
        "filename": "hist_1e17_020_40"
    }
}