{
    "3exp": {
        "a1": 2598706444055030.5,
        "b1": -0.07313208590270034,
        "a2": 409785110457293.44,
        "b2": -0.01191127131854746,
        "a3": -309699797607.8238,
        "b3": 0.0011063617101151695,
        "t_hot": 83.95409467693551,
        "n_hot": 409785110457293.44,
        "critical_energy": NaN
    },
    "2exp": {
        "a1": 1201908474665634.8,
        "b1": -0.05603794797530691,
        "a2": 405247837535962.94,
        "b2": -0.012064560115282801,
        "b1_stdev": 0.0009224379871626983,
        "b2_stdev": 0.0030512966452864478,
        "t_hot": 82.88739833400543,
        "n_hot": 0.46658550433881474
    },
    "nlsq": {
        "a1": 1431497909782194.8,
        "b1": -0.05690270869991823,
        "a2": 380706323291781.4,
        "b2": -0.011469639098303754,
        "a0": -0.000978639172510016,
        "t_hot": 87.18670146717085,
        "n_hot": 0.438329425613056
    },
    "nlsq_std_errors": {
        "a1": 130510913226091.14,
        "b1": 0.0022159421434064367,
        "a2": 6313255819511.613,
        "b2": 0.00011458751049396491,
        "a0": 0.00021787894037144973
    },
    "histogram": {
        "i": 1e+18,
        "l": 0.1,
        "a": 30.0,
        "filename": "hist_1e18_010_30"
    }
}