{
    "3exp": {
        "a1": 1514198884055087.0,
        "b1": -0.051774038762219976,
        "a2": 292905773552930.1,
        "b2": -0.010985824493451389,
        "a3": -47044052749.594696,
        "b3": 0.00479923840764962,
        "t_hot": 91.02639502352295,
        "n_hot": 292905773552930.1,
        "critical_energy": NaN
    },
    "2exp": {
        "a1": 938067867409021.5,
        "b1": -0.0404866971542807,
        "a2": 270209880880954.7,
        "b2": -0.010809627459989661,
        "b1_stdev": 0.0004996754566830184,
        "b2_stdev": 0.0013026027713028254,
        "t_hot": 92.51012615387177,
        "n_hot": 0.3783999195307864
    },
    "nlsq": {
        "a1": 843099731858624.4,
        "b1": -0.03462669961828899,
        "a2": 210650792031904.8,
        "b2": -0.00934345163553047,
        "a0": -0.0021283865265072127,
        "t_hot": 107.02682895015869,
        "n_hot": 0.2949938118254337
    },
    "nlsq_std_errors": {
        "a1": 20506634536766.863,
        "b1": 0.0008642026349654477,
        "a2": 8203222904204.752,
        "b2": 0.00020732731591300392,
        "a0": 0.00033987271381732487
    },
    "histogram": {
        "i": 1e+18,
        "l": 0.2,
        "a": 50.0,
        "filename": "hist_1e18_020_50"
    }
}