{
    "3exp": {
        "a1": 828145070063979.9,
        "b1": -0.09497538911883445,
        "a2": 77319825613634.6,
        "b2": -0.014991741854156297,
        "a3": 9258306354961.248,
        "b3": -0.005319278160192708,
        "t_hot": 187.9954328171046,
        "n_hot": 9258306354961.248,
        "critical_energy": 50.12114805654501
    },
    "2exp": {
        "a1": 78555896763567.39,
        "b1": -0.01525241952885072,
        "a2": 9786541159738.912,
        "b2": -0.005420996514820291,
        "b1_stdev": 0.00024030074971888936,
        "b2_stdev": 0.00041715556805937596,
        "t_hot": 184.4679289621625,
        "n_hot": 0.07319284836915484
    },
    "nlsq": {
        "a1": 78520944772112.81,
        "b1": -0.015729258705852546,
        "a2": 11574983329276.89,
        "b2": -0.0057876190324467,
        "a0": 7.984789658116432e-05,
        "t_hot": 172.78262345772487,
        "n_hot": 0.08656848071927595
    },
    "nlsq_std_errors": {
        "a1": 1063717860710.9297,
        "b1": 0.0004368960015996723,
        "a2": 1796011516002.8257,
        "b2": 0.00037492487449655693,
        "a0": 0.0001550604737984292
    },
    "histogram": {
        "i": 1e+18,
        "l": 1.0,
        "a": 4.0,
        "filename": "hist_1e18_100_4"
    }
}