{
    "3exp": {
        "a1": 1.0889039099638822e+16,
        "b1": -0.01959394686858785,
        "a2": 1200413875327946.5,
        "b2": -0.009324869881474605,
        "a3": 979986702907344.6,
        "b3": -0.003319219683051379,
        "t_hot": 301.2756296626603,
        "n_hot": 979986702907344.6,
        "critical_energy": 147.95780872538685
    },
    "2exp": {
        "a1": 1.1898292946584202e+16,
        "b1": -0.016204896946767192,
        "a2": 1025810153743176.8,
        "b2": -0.0033745977117161053,
        "b1_stdev": 0.00010173264903626594,
        "b2_stdev": 0.00034437097394042206,
        "t_hot": 296.33161799646444,
        "n_hot": 0.2542792055130332
    },
    "nlsq": {
        "a1": 7497753576749140.0,
        "b1": -0.013908521328557143,
        "a2": 925890362452550.5,
        "b2": -0.003215817258062666,
        "a0": -0.00023977576588793685,
        "t_hot": 310.9629433988544,
        "n_hot": 0.22951095277962377
    },
    "nlsq_std_errors": {
        "a1": 573213151468737.0,
        "b1": 0.00037742382627078833,
        "a2": 19607181620642.16,
        "b2": 3.364768968626725e-05,
        "a0": 8.223737619210979e-05
    },
    "histogram": {
        "i": 1e+19,
        "l": 0.2,
        "a": 45.0,
        "filename": "hist_1e19_020_45"
    }
}