{
    "3exp": {
        "a1": 310628582044283.44,
        "b1": -0.18594989566557718,
        "a2": 20072756480623.88,
        "b2": -0.040545872539599674,
        "a3": 6363589661256.124,
        "b3": -0.009308978173897255,
        "t_hot": 107.42317591892521,
        "n_hot": 6363589661256.124,
        "critical_energy": 22.010785232821508
    },
    "2exp": {
        "a1": 22940318683729.242,
        "b1": -0.04334362043011826,
        "a2": 6564494724780.766,
        "b2": -0.009475777422348664,
        "b1_stdev": 0.0015411376362471903,
        "b2_stdev": 0.00457435894367028,
        "t_hot": 105.53223819308963,
        "n_hot": 0.13383082292585052
    },
    "nlsq": {
        "a1": 23072652300922.152,
        "b1": -0.042279269428181936,
        "a2": 6220646537319.451,
        "b2": -0.008767786469181242,
        "a0": -0.0017010132371856987,
        "t_hot": 114.05387249278922,
        "n_hot": 0.12682076536334
    },
    "nlsq_std_errors": {
        "a1": 3097650044760.728,
        "b1": 0.0069411386950822785,
        "a2": 1349082393451.7888,
        "b2": 0.0021411188416023273,
        "a0": 0.0045341616916697814
    },
    "histogram": {
        "i": 1e+17,
        "l": 0.5,
        "a": 20.0,
        "filename": "hist_1e17_050_20"
    }
}