{
    "3exp": {
        "a1": 5973105275523902.0,
        "b1": -0.026793657488321417,
        "a2": 1159798018336750.0,
        "b2": -0.007776639984396445,
        "a3": 332003428048280.0,
        "b3": -0.002420778552882616,
        "t_hot": 413.0902427275801,
        "n_hot": 332003428048280.0,
        "start_index": 0,
        "end_index": 738,
        "a1_stdev": 7.425808793578269e+18,
        "b1_stdev": 21.259206779121904,
        "a2_stdev": 1.2314995835840676e+18,
        "b2_stdev": 4.45096378542431,
        "a3_stdev": 1.3729335882611371e+17,
        "b3_stdev": 0.303016167853116,
        "t_hot_stdev": 51707.75417675907,
        "n_hot_stdev": 1.3729335882611371e+17,
        "critical_energy": 86.18707274455649,
        "mswe": 1.989556172096074e+16,
        "mse": 4.055525058915574e+20
    },
    "2exp": {
        "a0": 88084465995.39178,
        "a1": 1468879270822952.0,
        "b1": -0.00871997077238777,
        "a2": 356409408804659.9,
        "b2": -0.002482491200630091,
        "a0_stdev": 557952954699963.3,
        "a1_stdev": 9.231543759777695e+17,
        "b1_stdev": 3.6881718239482963,
        "a2_stdev": 1.5037897442458e+17,
        "b2_stdev": 0.38917634587973604,
        "t_hot": 402.8211659909151,
        "n_hot": 356409408804659.9,
        "t_hot_stdev": 63149.65764372857,
        "n_hot_stdev": 1.5037897442458e+17,
        "start_index": 27,
        "end_index": 738,
        "mswe": 2.1295845884233196e+16,
        "mse": 6.835373603574382e+17
    },
    "2nlsq": {
        "a1": 1428045559744596.0,
        "b1": -0.008509251193480895,
        "a2": 346423641204651.94,
        "b2": -0.002452989818140554,
        "a0": -90730437763.22093,
        "a1_stdev": 35564499284089.19,
        "b1_stdev": 0.00014732421155211304,
        "a2_stdev": 6279890615399.503,
        "b2_stdev": 1.6467459387508214e-05,
        "a0_stdev": 23795851132.68684,
        "start_index": 27,
        "end_index": 738,
        "t_hot": 407.66577692443605,
        "n_hot": 346423641204651.94,
        "t_hot_stdev": 2.73674989416343,
        "n_hot_stdev": 6279890615399.503,
        "mswe": 1.8754500709791456e+16,
        "mse": 7.05074074656333e+17
    },
    "1nlsq": null,
    "true_params": {
        "t_hot": 401.2418,
        "t_hot_stdev": 2.4016
    },
    "histogram": {
        "i": 1e+19,
        "l": 0.5,
        "a": 45.0,
        "filename": "hist_1e19_050_45"
    }
}