{
    "3exp": {
        "a1": 3007376016284957.5,
        "b1": -1.1594553286203306,
        "a2": 172419789894588.72,
        "b2": -0.3218722455896814,
        "a3": 25650563658067.434,
        "b3": -0.11292800154069547,
        "t_hot": 8.855199652493924,
        "n_hot": 25650563658067.434,
        "start_index": 0,
        "end_index": 228,
        "a1_stdev": 4.5549146386384414e+20,
        "b1_stdev": 49899.53986696493,
        "a2_stdev": 9.837112061232345e+18,
        "b2_stdev": 10239.891499337256,
        "a3_stdev": 1.5524093203762854e+18,
        "b3_stdev": 2079.82127938157,
        "t_hot_stdev": 163088.27234308395,
        "n_hot_stdev": 1.5524093203762854e+18
    },
    "2exp": null,
    "2nlsq": null,
    "1nlsq": null,
    "true_params": {
        "t_hot": 7.0572,
        "t_hot_stdev": 0.198
    },
    "histogram": {
        "i": 1e+18,
        "l": 0.02,
        "a": 1.0,
        "filename": "hist_1e18_002_1"
    }
}