{
    "3exp": {
        "a1": 269921527073156.78,
        "b1": -0.16266110050839144,
        "a2": 22666408231910.777,
        "b2": -0.0488831564566298,
        "a3": 8200002482991.341,
        "b3": -0.010480139668550168,
        "t_hot": 95.41857567040812,
        "n_hot": 8200002482991.341,
        "start_index": 0,
        "end_index": 571,
        "a1_stdev": 2.1494446319289231e+18,
        "b1_stdev": 880.9699318861768,
        "a2_stdev": 4.291746171359988e+17,
        "b2_stdev": 429.0073994982568,
        "a3_stdev": 2.060357491651623e+16,
        "b3_stdev": 9.543226106997338,
        "t_hot_stdev": 86888.25447269189,
        "n_hot_stdev": 2.060357491651623e+16,
        "critical_energy": 21.772649189792173,
        "mswe": 7.441575962851269e+17,
        "mse": 4.519000809639785e+19
    },
    "2exp": {
        "a0": -327308007442.4526,
        "a1": 32260758074951.473,
        "b1": -0.04843508861618011,
        "a2": 6792882304799.364,
        "b2": -0.008070216521916725,
        "a0_stdev": 2766801500400257.0,
        "a1_stdev": 2.5815177837564e+17,
        "b1_stdev": 228.58529326147527,
        "a2_stdev": 2.1642346650140932e+16,
        "b2_stdev": 25.966282731162217,
        "t_hot": 123.91241267000034,
        "n_hot": 6792882304799.364,
        "t_hot_stdev": 398693.7317668758,
        "n_hot_stdev": 2.1642346650140932e+16,
        "start_index": 42,
        "end_index": 571,
        "mswe": 4.2063828726588294e+17,
        "mse": 1.6372011803771594e+18
    },
    "2nlsq": {
        "a1": 68235443734443.195,
        "b1": -0.07489829986932245,
        "a2": 9487670937243.508,
        "b2": -0.010911827842944625,
        "a0": -263293121991.29355,
        "a1_stdev": 39158162611327.74,
        "b1_stdev": 0.015218087379548372,
        "a2_stdev": 678185031717.2178,
        "b2_stdev": 0.0005839876091976783,
        "a0_stdev": 37057842312.65349,
        "start_index": 42,
        "end_index": 571,
        "t_hot": 91.64367458808293,
        "n_hot": 9487670937243.508,
        "t_hot_stdev": 4.904656780796699,
        "n_hot_stdev": 678185031717.2178,
        "mswe": 1.7520147007624045e+17,
        "mse": 1.850590275564958e+18
    },
    "1nlsq": null,
    "true_params": {
        "t_hot": 89.4827,
        "t_hot_stdev": 2.5241
    },
    "histogram": {
        "i": 1e+17,
        "l": 0.5,
        "a": 30.0,
        "filename": "hist_1e17_050_30"
    }
}