{
    "3exp": {
        "a1": 6659540309540173.0,
        "b1": -0.07669760119953689,
        "a2": 1008118930133661.0,
        "b2": -0.022582212647832483,
        "a3": 164680161677321.97,
        "b3": -0.008571991086389497,
        "t_hot": 116.659010715467,
        "n_hot": 164680161677321.97,
        "start_index": 0,
        "end_index": 469,
        "a1_stdev": 1.828133415809861e+19,
        "b1_stdev": 119.3826339677158,
        "a2_stdev": 2.3252596789613916e+18,
        "b2_stdev": 31.558884714968844,
        "a3_stdev": 4.56076675308631e+17,
        "b3_stdev": 6.263270889427613,
        "t_hot_stdev": 85238.88772630112,
        "n_hot_stdev": 4.56076675308631e+17
    },
    "2exp": null,
    "2nlsq": null,
    "1nlsq": null,
    "true_params": {
        "t_hot": 139.41,
        "t_hot_stdev": 4.7401
    },
    "histogram": {
        "i": 1e+19,
        "l": 0.5,
        "a": 60.0,
        "filename": "hist_1e19_050_60"
    }
}