{
    "3exp": {
        "a1": 6675942914223067.0,
        "b1": -1.4374525594670682,
        "a2": 259304780291503.56,
        "b2": -0.45657624219830706,
        "a3": 3422228158845.5215,
        "b3": -0.09309684009482484,
        "t_hot": 10.741503137823353,
        "n_hot": 3422228158845.5215,
        "start_index": 0,
        "end_index": 294,
        "a1_stdev": 1.4632590799533148e+20,
        "b1_stdev": 8285.237058677183,
        "a2_stdev": 2.9335228840593096e+18,
        "b2_stdev": 1629.379548892331,
        "a3_stdev": 4.785538142815067e+16,
        "b3_stdev": 561.0151949416504,
        "t_hot_stdev": 64729.87128987748,
        "n_hot_stdev": 4.785538142815067e+16
    },
    "2exp": null,
    "2nlsq": null,
    "1nlsq": null,
    "true_params": {
        "t_hot": 7.9947,
        "t_hot_stdev": 0.4991
    },
    "histogram": {
        "i": 1e+17,
        "l": 0.5,
        "a": 3.0,
        "filename": "hist_1e17_050_3"
    }
}