{
    "3exp": {
        "a1": 7182230707683568.0,
        "b1": -0.0169795635873022,
        "a2": 992107354586355.8,
        "b2": -0.0027448343644683594,
        "a3": 129790199548746.0,
        "b3": -0.0013258917077442719,
        "t_hot": 754.2094080226894,
        "n_hot": 129790199548746.0,
        "start_index": 0,
        "end_index": 636,
        "a1_stdev": 9.187600547312946e+18,
        "b1_stdev": 9.9910976527898,
        "a2_stdev": 2.860758129668251e+17,
        "b2_stdev": 1.3016210591248023,
        "a3_stdev": 4.324685474723465e+17,
        "b3_stdev": 0.9833293240694685,
        "t_hot_stdev": 559349.0200338642,
        "n_hot_stdev": 4.324685474723465e+17,
        "critical_energy": 139.06369025675224,
        "mswe": 2.889079568461237e+16,
        "mse": 4.958026314769287e+19
    },
    "2exp": {
        "a0": 930822130997.8499,
        "a1": 829151030683373.2,
        "b1": -0.005100915040746874,
        "a2": 706433207382900.2,
        "b2": -0.0020396325583946075,
        "a0_stdev": 1207065527483772.2,
        "a1_stdev": 1.4785877619705347e+18,
        "b1_stdev": 10.417087739423492,
        "a2_stdev": 9.437304165392492e+17,
        "b2_stdev": 0.7751262486878743,
        "t_hot": 490.2843876875053,
        "n_hot": 706433207382900.2,
        "t_hot_stdev": 186323.9026335069,
        "n_hot_stdev": 9.437304165392492e+17,
        "start_index": 28,
        "end_index": 636,
        "mswe": 5.206047226189095e+16,
        "mse": 6.76098072236158e+17
    },
    "2nlsq": {
        "a1": 1040534523763456.0,
        "b1": -0.003111143449924926,
        "a2": 217668173470704.16,
        "b2": -0.0014572715341057614,
        "a0": -453382619955.8393,
        "a1_stdev": 19783501252115.02,
        "b1_stdev": 7.817489150615133e-05,
        "a2_stdev": 29825962938225.242,
        "b2_stdev": 5.599376503870851e-05,
        "a0_stdev": 83541591363.13596,
        "start_index": 28,
        "end_index": 636,
        "t_hot": 686.2139118181835,
        "n_hot": 217668173470704.16,
        "t_hot_stdev": 26.366877857268165,
        "n_hot_stdev": 29825962938225.242,
        "mswe": 2.0319646340374292e+16,
        "mse": 1.0426093673237407e+18
    },
    "1nlsq": null,
    "true_params": {
        "t_hot": 564.6326,
        "t_hot_stdev": 7.7144
    },
    "histogram": {
        "i": 1e+19,
        "l": 0.5,
        "a": 30.0,
        "filename": "hist_1e19_050_30"
    }
}