{
    "3exp": {
        "a1": 2111376220726666.0,
        "b1": -0.02408077474873216,
        "a2": 337598193921260.75,
        "b2": -0.008225551233164957,
        "a3": 83974016881051.69,
        "b3": -0.003143091135593467,
        "t_hot": 318.1581305981392,
        "n_hot": 83974016881051.69,
        "start_index": 0,
        "end_index": 643,
        "critical_energy": 154.00881408844253,
        "mse": 100533233.41771457
    },
    "2exp": {
        "a1": 752790136971261.8,
        "b1": -0.01174406494780627,
        "a2": 110494787980138.22,
        "b2": -0.0033981152655712743,
        "a1_stdev": 11358942879181.992,
        "b1_stdev": 0.00023670066749368457,
        "a2_stdev": 815457622684.5072,
        "b2_stdev": 0.0005695599653595459,
        "t_hot": 294.2807767975713,
        "n_hot": 110494787980138.22,
        "t_hot_stdev": 49.32456257060694,
        "n_hot_stdev": 815457622684.5072,
        "start_index": 49,
        "end_index": 643,
        "mse": 86006156.44513373
    },
    "nlsq": {
        "a1": 2313398002285023.5,
        "b1": -0.017121748860649655,
        "a2": 146543993441261.3,
        "b2": -0.0037754639854105988,
        "a0": 7797868384.786524,
        "a1_stdev": 929017264495984.2,
        "b1_stdev": 0.0016480286170745988,
        "a2_stdev": 5660401492660.663,
        "b2_stdev": 4.9664595385358505e-05,
        "a0_stdev": 3817831.327707878,
        "start_index": 49,
        "end_index": 643,
        "t_hot": 264.868107301319,
        "n_hot": 146543993441261.3,
        "t_hot_stdev": 3.484225364203841,
        "n_hot_stdev": 5660401492660.663,
        "mse": 75880445.98883818
    },
    "true_params": {
        "t_hot": 335.1351,
        "t_hot_stdev": 12.4912
    },
    "histogram": {
        "i": 1e+19,
        "l": 0.2,
        "a": 4.0,
        "filename": "hist_1e19_020_4"
    }
}