{
    "3exp": {
        "a1": 2.848915509381899e+16,
        "b1": -0.07538413674308264,
        "a2": 4090359424463828.5,
        "b2": -0.021378529173108753,
        "a3": 830531858778491.4,
        "b3": -0.008601236875119381,
        "t_hot": 116.26234860391756,
        "n_hot": 830531858778491.4,
        "start_index": 0,
        "end_index": 310,
        "a1_stdev": 7.751758140982037e+20,
        "b1_stdev": 661.5296005223079,
        "a2_stdev": 2.4328004995893297e+19,
        "b2_stdev": 70.38913872537688,
        "a3_stdev": 4.342514390679394e+18,
        "b3_stdev": 10.797232902428295,
        "t_hot_stdev": 145945.48131688137,
        "n_hot_stdev": 4.342514390679394e+18
    },
    "2exp": null,
    "2nlsq": null,
    "1nlsq": null,
    "true_params": {
        "t_hot": 152.2933,
        "t_hot_stdev": 6.3606
    },
    "histogram": {
        "i": 1e+19,
        "l": 0.02,
        "a": 40.0,
        "filename": "hist_1e19_002_40"
    }
}