{
    "3exp": {
        "a1": 865977005021015.1,
        "b1": -0.34860413721660755,
        "a2": 36032165911034.195,
        "b2": -0.09021806840142711,
        "a3": 2548537543682.3994,
        "b3": -0.011998770286911483,
        "t_hot": 83.34187388276126,
        "n_hot": 2548537543682.3994,
        "start_index": 0,
        "end_index": 329,
        "a1_stdev": 1.1354062173445724e+19,
        "b1_stdev": 1950.9334962708233,
        "a2_stdev": 6.79396783657237e+17,
        "b2_stdev": 890.3583546191974,
        "a3_stdev": 4.245133968551905e+16,
        "b3_stdev": 178.30561719112987,
        "t_hot_stdev": 1238487.2703781168,
        "n_hot_stdev": 4.245133968551905e+16
    },
    "2exp": null,
    "2nlsq": null,
    "1nlsq": null,
    "true_params": {
        "t_hot": 64.2528,
        "t_hot_stdev": 5.3294
    },
    "histogram": {
        "i": 1e+17,
        "l": 0.5,
        "a": 40.0,
        "filename": "hist_1e17_050_40"
    }
}