{
    "3exp": {
        "a1": 2200977861294479.8,
        "b1": -0.7433917558015781,
        "a2": 105611220123714.69,
        "b2": -0.16807208785673797,
        "a3": 71924986280725.61,
        "b3": -0.11292830268100872,
        "t_hot": 8.855176038771466,
        "n_hot": 71924986280725.61,
        "start_index": 0,
        "end_index": 477,
        "a1_stdev": 1.9059160874335257e+19,
        "b1_stdev": 3773.251330965156,
        "a2_stdev": 1.0435465386829844e+19,
        "b2_stdev": 7654.421152236285,
        "a3_stdev": 1.2681171291967957e+19,
        "b3_stdev": 2753.958923423507,
        "t_hot_stdev": 215949.3279496696,
        "n_hot_stdev": 1.2681171291967957e+19,
        "critical_energy": 5.278617393785446,
        "mswe": 6.537274444044378e+19,
        "mse": 4.088015617305268e+22
    },
    "2exp": {
        "a0": -342566423985.499,
        "a1": 1360748166819406.8,
        "b1": -0.5581341586751365,
        "a2": 128597103791440.25,
        "b2": -0.1199229598925821,
        "a0_stdev": 2894723805285468.5,
        "a1_stdev": 8.35674548761441e+19,
        "b1_stdev": 8109.526588584803,
        "a2_stdev": 5.17635044598091e+17,
        "b2_stdev": 187.2376411494779,
        "t_hot": 8.338686777708991,
        "n_hot": 128597103791440.25,
        "t_hot_stdev": 13019.325439774675,
        "n_hot_stdev": 5.17635044598091e+17,
        "start_index": 51,
        "end_index": 477,
        "mswe": 2.4961473681003315e+19,
        "mse": 4.8087539155686464e+20
    },
    "2nlsq": {
        "a1": 5355202998842136.0,
        "b1": -0.753390693918925,
        "a2": 143204307929294.88,
        "b2": -0.12601598676171413,
        "a0": -314839366804.4522,
        "a1_stdev": 5478825564838451.0,
        "b1_stdev": 0.1310622043929559,
        "a2_stdev": 4453310757107.747,
        "b2_stdev": 0.0015895114488257132,
        "a0_stdev": 24123648707.122528,
        "start_index": 51,
        "end_index": 477,
        "t_hot": 7.935501087579608,
        "n_hot": 143204307929294.88,
        "t_hot_stdev": 0.10009499711118326,
        "n_hot_stdev": 4453310757107.747,
        "mswe": 2.243509560448398e+19,
        "mse": 4.868347341465733e+20
    },
    "1nlsq": null,
    "true_params": {
        "t_hot": 7.8105,
        "t_hot_stdev": 0.0815
    },
    "histogram": {
        "i": 1e+17,
        "l": 0.02,
        "a": 50.0,
        "filename": "hist_1e17_002_50"
    }
}