{
    "3exp": {
        "a1": 1214926837761125.0,
        "b1": -0.3386586402548895,
        "a2": 83548228850212.48,
        "b2": -0.049551201526087794,
        "a3": -15924707656.758177,
        "b3": 0.035712733134929175,
        "t_hot": 20.181145344649583,
        "n_hot": 83548228850212.48,
        "start_index": 0,
        "end_index": 526,
        "critical_energy": NaN,
        "mse": 2390088286.0719523
    },
    "2exp": {
        "a1": 665168645732765.2,
        "b1": -0.27438314176154555,
        "a2": 81293425970138.0,
        "b2": -0.04999000598708512,
        "a1_stdev": 7476991983278.668,
        "b1_stdev": 0.002390129324550214,
        "a2_stdev": 399395389046.09454,
        "b2_stdev": 0.008977984007036166,
        "t_hot": 20.00399840436805,
        "n_hot": 81293425970138.0,
        "t_hot_stdev": 3.5926296507664297,
        "n_hot_stdev": 399395389046.09454,
        "start_index": 25,
        "end_index": 526,
        "mse": 18112937920.1273
    },
    "nlsq": {
        "a1": 6034949335521672.0,
        "b1": -0.5493277940630122,
        "a2": 129289534468281.64,
        "b2": -0.0651171549550888,
        "a0": 0.0,
        "a1_stdev": Infinity,
        "b1_stdev": Infinity,
        "a2_stdev": Infinity,
        "b2_stdev": Infinity,
        "a0_stdev": Infinity,
        "start_index": 25,
        "end_index": 526,
        "t_hot": 15.356936289518462,
        "n_hot": 129289534468281.64,
        "t_hot_stdev": Infinity,
        "n_hot_stdev": Infinity,
        "mse": 5101170246.723781
    },
    "true_params": {
        "t_hot": 19.4591,
        "t_hot_stdev": 0.2407
    },
    "histogram": {
        "i": 1e+17,
        "l": 0.05,
        "a": 40.0,
        "filename": "hist_1e17_005_40"
    }
}