{
    "3exp": {
        "a1": 1363255578353814.2,
        "b1": -0.8535965890018151,
        "a2": 170779995364828.12,
        "b2": -0.31614145176365804,
        "a3": 35822807716008.04,
        "b3": -0.11390322266237952,
        "t_hot": 8.77938285349572,
        "n_hot": 35822807716008.04,
        "start_index": 0,
        "end_index": 161,
        "a1_stdev": 3.485716861699966e+20,
        "b1_stdev": 110770.50506830918,
        "a2_stdev": 5.435047213357118e+19,
        "b2_stdev": 50359.03242057123,
        "a3_stdev": 7.879858941403776e+18,
        "b3_stdev": 7809.639743928703,
        "t_hot_stdev": 601948.0016211335,
        "n_hot_stdev": 7.879858941403776e+18
    },
    "2exp": null,
    "2nlsq": null,
    "1nlsq": null,
    "true_params": {
        "t_hot": 8.9237,
        "t_hot_stdev": 0.3144
    },
    "histogram": {
        "i": 1e+18,
        "l": 0.01,
        "a": 5.0,
        "filename": "hist_1e18_001_5"
    }
}