{
    "3exp": {
        "a1": 2987451380270837.0,
        "b1": -0.016850895188710777,
        "a2": 834800761373817.5,
        "b2": -0.0032307343659820588,
        "a3": 241559153220564.94,
        "b3": -0.0014831086972606677,
        "t_hot": 674.2594132493597,
        "n_hot": 241559153220564.94,
        "start_index": 0,
        "end_index": 774,
        "a1_stdev": 2.565015162886543e+18,
        "b1_stdev": 7.080354541826358,
        "a2_stdev": 1.1274735677302765e+17,
        "b2_stdev": 0.5516196204221192,
        "a3_stdev": 9.673986263959659e+16,
        "b3_stdev": 0.12940302621256622,
        "t_hot_stdev": 58829.94866656178,
        "n_hot_stdev": 9.673986263959659e+16
    },
    "2exp": null,
    "2nlsq": null,
    "1nlsq": null,
    "true_params": {
        "t_hot": 617.7807,
        "t_hot_stdev": 5.3199
    },
    "histogram": {
        "i": 1e+19,
        "l": 2.0,
        "a": 3.0,
        "filename": "hist_1e19_200_3"
    }
}