{
    "3exp": {
        "a1": 4152358236210617.5,
        "b1": -0.021221348931549075,
        "a2": 622113487952755.2,
        "b2": -0.002808735935816724,
        "a3": 137694399205288.55,
        "b3": -0.0014981502748239266,
        "t_hot": 667.489781769407,
        "n_hot": 137694399205288.55,
        "start_index": 0,
        "end_index": 739,
        "a1_stdev": 3.7381843497568415e+18,
        "b1_stdev": 7.1225892103885515,
        "a2_stdev": 8.861863451400757e+16,
        "b2_stdev": 0.471153534977688,
        "a3_stdev": 1.2886872877939318e+17,
        "b3_stdev": 0.27474924525730654,
        "t_hot_stdev": 122412.49548858669,
        "n_hot_stdev": 1.2886872877939318e+17
    },
    "2exp": null,
    "2nlsq": null,
    "1nlsq": null,
    "true_params": {
        "t_hot": 613.9205,
        "t_hot_stdev": 14.1028
    },
    "histogram": {
        "i": 1e+19,
        "l": 1.0,
        "a": 4.0,
        "filename": "hist_1e19_100_4"
    }
}