{
    "3exp": {
        "a1": 4626432799124041.0,
        "b1": -1.3527286029748713,
        "a2": 445580472942935.44,
        "b2": -0.4117646896049083,
        "a3": 70053443986762.66,
        "b3": -0.11015764349965464,
        "t_hot": 9.077899347067415,
        "n_hot": 70053443986762.66,
        "start_index": 0,
        "end_index": 376,
        "a1_stdev": 5.2846122672673935e+20,
        "b1_stdev": 52507.86901574161,
        "a2_stdev": 2.2730187807344845e+19,
        "b2_stdev": 8773.117917489128,
        "a3_stdev": 1.2280584143400822e+18,
        "b3_stdev": 690.6400527964515,
        "t_hot_stdev": 56914.44265834508,
        "n_hot_stdev": 1.2280584143400822e+18
    },
    "2exp": null,
    "2nlsq": null,
    "1nlsq": null,
    "true_params": {
        "t_hot": 8.4951,
        "t_hot_stdev": 0.231
    },
    "histogram": {
        "i": 1e+17,
        "l": 0.01,
        "a": 45.0,
        "filename": "hist_1e17_001_45"
    }
}