{
    "3exp": {
        "a1": 421527381433309.56,
        "b1": -0.10101646989889904,
        "a2": 59513858256892.93,
        "b2": -0.01878791472582733,
        "a3": 5117243012115.528,
        "b3": -0.006282174469336143,
        "t_hot": 159.18055203354982,
        "n_hot": 5117243012115.528,
        "start_index": 0,
        "end_index": 664,
        "a1_stdev": 7.806427730536436e+17,
        "b1_stdev": 107.37962267571972,
        "a2_stdev": 5.192925927827474e+16,
        "b2_stdev": 17.80466101243668,
        "a3_stdev": 2.407401377792602e+16,
        "b3_stdev": 10.09335744404478,
        "t_hot_stdev": 255750.01421200085,
        "n_hot_stdev": 2.407401377792602e+16
    },
    "2exp": null,
    "2nlsq": null,
    "1nlsq": null,
    "true_params": {
        "t_hot": 116.9574,
        "t_hot_stdev": 4.9093
    },
    "histogram": {
        "i": 1e+18,
        "l": 0.5,
        "a": 2.0,
        "filename": "hist_1e18_050_2"
    }
}