{
    "3exp": {
        "a1": 1.3650951207253098e+16,
        "b1": -0.039093972551292586,
        "a2": 2744589831319779.5,
        "b2": -0.011484000254967819,
        "a3": 568085841416687.2,
        "b3": -0.005862476812970604,
        "t_hot": 170.57636761778255,
        "n_hot": 568085841416687.2,
        "start_index": 0,
        "end_index": 384,
        "a1_stdev": 6.0878386881662116e+19,
        "b1_stdev": 112.01787169681334,
        "a2_stdev": 7.34824187214868e+18,
        "b2_stdev": 36.00562354070758,
        "a3_stdev": 6.791180580766186e+18,
        "b3_stdev": 13.783794056159989,
        "t_hot_stdev": 401057.368259333,
        "n_hot_stdev": 6.791180580766186e+18
    },
    "2exp": null,
    "2nlsq": null,
    "1nlsq": null,
    "true_params": {
        "t_hot": 212.0327,
        "t_hot_stdev": 11.035
    },
    "histogram": {
        "i": 1e+19,
        "l": 0.05,
        "a": 40.0,
        "filename": "hist_1e19_005_40"
    }
}