{
    "3exp": {
        "a1": 143492776750830.78,
        "b1": -0.03653455805129341,
        "a2": 175674498033474.03,
        "b2": -0.015106239575429645,
        "a3": 16535379826978.629,
        "b3": -0.003994854262069302,
        "t_hot": 250.32202288200824,
        "n_hot": 16535379826978.629,
        "start_index": 0,
        "end_index": 671,
        "critical_energy": 66.40448832717809,
        "mse": 139911195.38441584
    },
    "2exp": {
        "a1": 222535191374275.5,
        "b1": -0.016588805415498224,
        "a2": 18330245362774.742,
        "b2": -0.004189265247112613,
        "a1_stdev": 937542573286.2394,
        "b1_stdev": 0.0001142584578543417,
        "a2_stdev": 129373051889.9884,
        "b2_stdev": 0.0002605916903765779,
        "t_hot": 238.7053435418621,
        "n_hot": 18330245362774.742,
        "t_hot_stdev": 14.848577329489745,
        "n_hot_stdev": 129373051889.9884,
        "start_index": 48,
        "end_index": 671,
        "mse": 122460779.50706059
    },
    "nlsq": {
        "a1": 211414114650457.6,
        "b1": -0.015489086821608855,
        "a2": 12989653931460.53,
        "b2": -0.003126951086584407,
        "a0": -485192190677.7778,
        "a1_stdev": 6470156628833.43,
        "b1_stdev": 0.0002956147606319684,
        "a2_stdev": 723465618978.2881,
        "b2_stdev": 0.00012923319832158986,
        "a0_stdev": 42255576.245850414,
        "start_index": 48,
        "end_index": 671,
        "t_hot": 319.80033339514364,
        "n_hot": 12989653931460.53,
        "t_hot_stdev": 13.216970385714905,
        "n_hot_stdev": 723465618978.2881,
        "mse": 41639905.05669743
    },
    "true_params": {
        "t_hot": 265.9275,
        "t_hot_stdev": 6.2839
    },
    "histogram": {
        "i": 1e+18,
        "l": 5.0,
        "a": 20.0,
        "filename": "hist_1e18_500_20"
    }
}