{
    "3exp": {
        "a1": 184846565703583.16,
        "b1": -0.015981484978303564,
        "a2": 155598655546755.66,
        "b2": -0.006181295856166843,
        "a3": 4282474589402.9766,
        "b3": -0.0020581733980054064,
        "t_hot": 485.86771210293006,
        "n_hot": 4282474589402.9766,
        "start_index": 0,
        "end_index": 614,
        "a1_stdev": 6.894055123543684e+16,
        "b1_stdev": 10.069284912002129,
        "a2_stdev": 8.568847949508651e+16,
        "b2_stdev": 1.510033492025683,
        "a3_stdev": 7315531338972227.0,
        "b3_stdev": 1.0328931730973319,
        "t_hot_stdev": 243832.44062229304,
        "n_hot_stdev": 7315531338972227.0,
        "critical_energy": 17.57579705586541,
        "mswe": 1314064341443680.8,
        "mse": 3.531335614782376e+17
    },
    "2exp": {
        "a0": 99444840149.20023,
        "a1": 220907979837843.1,
        "b1": -0.010007407485452648,
        "a2": 65065937103751.88,
        "b2": -0.004468256448946331,
        "a0_stdev": 42902052942854.64,
        "a1_stdev": 6.945384502462312e+16,
        "b1_stdev": 3.9974035776665184,
        "a2_stdev": 5.991897566950656e+16,
        "b2_stdev": 1.0145652077007863,
        "t_hot": 223.80094146919703,
        "n_hot": 65065937103751.88,
        "t_hot_stdev": 50816.38694190684,
        "n_hot_stdev": 5.991897566950656e+16,
        "start_index": 25,
        "end_index": 614,
        "mswe": 1646252929690719.2,
        "mse": 5.469939788003095e+16
    },
    "2nlsq": {
        "a1": 219112882244876.4,
        "b1": -0.008321540481284041,
        "a2": 31312277621771.31,
        "b2": -0.0037006533550538044,
        "a0": 41833960311.56502,
        "a1_stdev": 3673640400084.2095,
        "b1_stdev": 0.00020696361912621856,
        "a2_stdev": 4109976872749.0986,
        "b2_stdev": 0.0001264249341598608,
        "a0_stdev": 5327908577.363279,
        "start_index": 25,
        "end_index": 614,
        "t_hot": 270.22255371050846,
        "n_hot": 31312277621771.31,
        "t_hot_stdev": 9.231577584727274,
        "n_hot_stdev": 4109976872749.0986,
        "mswe": 1306880689357434.0,
        "mse": 6.051180027077299e+16
    },
    "1nlsq": null,
    "true_params": {
        "t_hot": 409.7926,
        "t_hot_stdev": 12.5375
    },
    "histogram": {
        "i": 1e+18,
        "l": 5.0,
        "a": 5.0,
        "filename": "hist_1e18_500_5"
    }
}