{
    "3exp": {
        "a1": 6134197257092791.0,
        "b1": -0.024244676815609267,
        "a2": 1540615540785514.2,
        "b2": -0.007474000356231853,
        "a3": 135805153576125.34,
        "b3": -0.002812305776747341,
        "t_hot": 355.5801109069231,
        "n_hot": 135805153576125.34,
        "start_index": 0,
        "end_index": 425,
        "a1_stdev": 1.824130754267387e+19,
        "b1_stdev": 55.24262610296111,
        "a2_stdev": 4.325429666224629e+18,
        "b2_stdev": 13.160625929491149,
        "a3_stdev": 9.147584089175053e+17,
        "b3_stdev": 5.249029538462665,
        "t_hot_stdev": 663672.6777267337,
        "n_hot_stdev": 9.147584089175053e+17
    },
    "2exp": null,
    "2nlsq": null,
    "1nlsq": null,
    "true_params": {
        "t_hot": 379.1686,
        "t_hot_stdev": 14.4677
    },
    "histogram": {
        "i": 1e+19,
        "l": 0.1,
        "a": 20.0,
        "filename": "hist_1e19_010_20"
    }
}