{
    "3exp": {
        "a1": 1248113480420251.0,
        "b1": -0.013765662794212555,
        "a2": 610513145560977.9,
        "b2": -0.0030918802062812416,
        "a3": 43067269369665.375,
        "b3": -0.0009850093389443047,
        "t_hot": 1015.2188009422954,
        "n_hot": 43067269369665.375,
        "start_index": 0,
        "end_index": 724,
        "critical_energy": 263.41573137620327,
        "mse": 91143934.06157568
    },
    "2exp": {
        "a1": 650290884406651.9,
        "b1": -0.0030813298816707926,
        "a2": 34397043489200.418,
        "b2": -0.0009481891907503135,
        "a1_stdev": 2132326706121.5923,
        "b1_stdev": 4.740336821784545e-05,
        "a2_stdev": 478639249955.97046,
        "b2_stdev": 7.973358040481685e-05,
        "t_hot": 1054.6418475923438,
        "n_hot": 34397043489200.418,
        "t_hot_stdev": 88.68522376504527,
        "n_hot_stdev": 478639249955.97046,
        "start_index": 46,
        "end_index": 724,
        "mse": 76961107.34581524
    },
    "nlsq": {
        "a1": 709026571390231.0,
        "b1": -0.0033243085494545576,
        "a2": 46419215130157.92,
        "b2": -0.0009989259571925734,
        "a0": -416286616153.4357,
        "a1_stdev": 13362702973738.947,
        "b1_stdev": 5.204391216262941e-05,
        "a2_stdev": 3666139699653.549,
        "b2_stdev": 3.3541356225914146e-05,
        "a0_stdev": 8937327.950682135,
        "start_index": 46,
        "end_index": 724,
        "t_hot": 1001.0751976156923,
        "n_hot": 46419215130157.92,
        "t_hot_stdev": 33.613522173878465,
        "n_hot_stdev": 3666139699653.549,
        "mse": 24092146.54828258
    },
    "true_params": {
        "t_hot": 809.7023,
        "t_hot_stdev": 18.3736
    },
    "histogram": {
        "i": 1e+19,
        "l": 0.5,
        "a": 5.0,
        "filename": "hist_1e19_050_5"
    }
}