{
    "3exp": {
        "a1": 2274449419357577.0,
        "b1": -2.368531221491088,
        "a2": 35659994770867.59,
        "b2": -0.37899101205544317,
        "a3": -2880534411451.4565,
        "b3": -0.2579287752982993,
        "t_hot": 3.8770393060777417,
        "n_hot": -2880534411451.4565,
        "start_index": 0,
        "end_index": 472,
        "a1_stdev": 1.2355639221476667e+19,
        "b1_stdev": 3174.1875184287624,
        "a2_stdev": 5.1630329588746426e+17,
        "b2_stdev": 2128.169840464513,
        "a3_stdev": 5.939723266997596e+17,
        "b3_stdev": 7480.962879860153,
        "t_hot_stdev": 112449.59814577772,
        "n_hot_stdev": 5.939723266997596e+17,
        "critical_energy": 2.0886553602292994,
        "mswe": 2.2424946600750956e+18,
        "mse": 6.710181445664436e+20
    },
    "2exp": {
        "a0": -18360708087.39627,
        "a1": 213310284920122.4,
        "b1": -1.5735811332173755,
        "a2": 32300054000886.582,
        "b2": -0.3953727291155337,
        "a0_stdev": 141898796757389.3,
        "a1_stdev": 1.2758766403774712e+19,
        "b1_stdev": 20616.584477418026,
        "a2_stdev": 7.284954309421632e+16,
        "b2_stdev": 278.434820365867,
        "t_hot": 2.529258915345639,
        "n_hot": 32300054000886.582,
        "t_hot_stdev": 1781.1894951086601,
        "n_hot_stdev": 7.284954309421632e+16,
        "start_index": 35,
        "end_index": 472,
        "mswe": 2.5319641268393513e+18,
        "mse": 8.457405491406071e+19
    },
    "2nlsq": {
        "a1": 9387567063181642.0,
        "b1": -2.936601155079612,
        "a2": 36665808659758.664,
        "b2": -0.41608942314169517,
        "a0": -7756077935.011291,
        "a1_stdev": 2.6799707798753892e+16,
        "b1_stdev": 0.9324054896472808,
        "a2_stdev": 803749165057.051,
        "b2_stdev": 0.0032681321064124704,
        "a0_stdev": 1943086194.8733587,
        "start_index": 35,
        "end_index": 472,
        "t_hot": 2.4033295353904247,
        "n_hot": 36665808659758.664,
        "t_hot_stdev": 0.018876707698056706,
        "n_hot_stdev": 803749165057.051,
        "mswe": 2.2682926430968207e+18,
        "mse": 8.771563855091784e+19
    },
    "1nlsq": null,
    "true_params": {
        "t_hot": 2.3279,
        "t_hot_stdev": 0.0161
    },
    "histogram": {
        "i": 1e+17,
        "l": 0.05,
        "a": 2.0,
        "filename": "hist_1e17_005_2"
    }
}