{
    "3exp": {
        "a1": 647180630299317.9,
        "b1": -0.012410672840861286,
        "a2": 1048996667627397.5,
        "b2": -0.003691044966262202,
        "a3": 9925189041775.426,
        "b3": -0.0006436479357118775,
        "t_hot": 1553.644383080318,
        "n_hot": 9925189041775.426,
        "start_index": 0,
        "end_index": 695,
        "a1_stdev": 2.1404698159473134e+18,
        "b1_stdev": 55.844126217334065,
        "a2_stdev": 1.3360282562250427e+18,
        "b2_stdev": 2.323726348511903,
        "a3_stdev": 7.382676893909971e+16,
        "b3_stdev": 2.929512249011359,
        "t_hot_stdev": 7071288.507757889,
        "n_hot_stdev": 7.382676893909971e+16
    },
    "2exp": null,
    "2nlsq": null,
    "1nlsq": null,
    "true_params": {
        "t_hot": 427.2837,
        "t_hot_stdev": 3.0487
    },
    "histogram": {
        "i": 1e+19,
        "l": 2.0,
        "a": 40.0,
        "filename": "hist_1e19_200_40"
    }
}