{
    "3exp": {
        "a1": 980529018691947.8,
        "b1": -0.17223990047051432,
        "a2": 78759073933286.12,
        "b2": -0.020956487747472913,
        "a3": -37909789419.43765,
        "b3": 0.006232869692499387,
        "t_hot": 47.717919722525416,
        "n_hot": 78759073933286.12,
        "start_index": 0,
        "end_index": 517,
        "a1_stdev": 3.9437375232438533e+18,
        "b1_stdev": 342.81183279331657,
        "a2_stdev": 1.4451915154072682e+17,
        "b2_stdev": 35.69922798030986,
        "a3_stdev": 1.236591520631086e+16,
        "b3_stdev": 1333.6417647780474,
        "t_hot_stdev": 81287.13720771165,
        "n_hot_stdev": 1.4451915154072682e+17
    },
    "2exp": null,
    "2nlsq": null,
    "1nlsq": null,
    "true_params": {
        "t_hot": 47.8406,
        "t_hot_stdev": 0.5413
    },
    "histogram": {
        "i": 1e+18,
        "l": 0.1,
        "a": 10.0,
        "filename": "hist_1e18_010_10"
    }
}