{
    "3exp": {
        "a1": 6427805232101323.0,
        "b1": -0.020445835138231044,
        "a2": 787679432160337.2,
        "b2": -0.005678027785274542,
        "a3": 465048574178047.0,
        "b3": -0.0021636691293519163,
        "t_hot": 462.177874811908,
        "n_hot": 465048574178047.0,
        "start_index": 0,
        "end_index": 783,
        "critical_energy": 143.65073397053555,
        "mse": 36380772.97007404
    },
    "2exp": {
        "a1": 1139890092952732.8,
        "b1": -0.0069697223769485395,
        "a2": 506940241516919.94,
        "b2": -0.00221433973767543,
        "a1_stdev": 6741281431452.765,
        "b1_stdev": 5.9705335152105245e-05,
        "a2_stdev": 1129893234452.2537,
        "b2_stdev": 0.00013347108916219347,
        "t_hot": 451.60188519661403,
        "n_hot": 506940241516919.94,
        "t_hot_stdev": 27.220662872702754,
        "n_hot_stdev": 1129893234452.2537,
        "start_index": 38,
        "end_index": 783,
        "mse": 35119517.03247201
    },
    "nlsq": {
        "a1": 1116672237020487.4,
        "b1": -0.006882748636246238,
        "a2": 504391539385533.1,
        "b2": -0.0022126156561887386,
        "a0": -58655093343.93177,
        "a1_stdev": 51957326427521.29,
        "b1_stdev": 0.00021717133536764977,
        "a2_stdev": 9984992675566.357,
        "b2_stdev": 1.4326084939235805e-05,
        "a0_stdev": 5648501.4350396255,
        "start_index": 38,
        "end_index": 783,
        "t_hot": 451.9537757056795,
        "n_hot": 504391539385533.1,
        "t_hot_stdev": 2.9262778473332784,
        "n_hot_stdev": 9984992675566.357,
        "mse": 34235499.15772198
    },
    "true_params": {
        "t_hot": 478.5817,
        "t_hot_stdev": 6.8191
    },
    "histogram": {
        "i": 1e+19,
        "l": 0.5,
        "a": 40.0,
        "filename": "hist_1e19_050_40"
    }
}