{
    "3exp": {
        "a1": 6897895739350378.0,
        "b1": -1.5571537379081608,
        "a2": 251783586559283.22,
        "b2": -0.5257063956942568,
        "a3": 5340588038134.764,
        "b3": -0.1553094119246393,
        "t_hot": 6.438759812478264,
        "n_hot": 5340588038134.764,
        "start_index": 0,
        "end_index": 373,
        "critical_energy": 5.1101508060291945,
        "mse": 1256003501.58662
    },
    "2exp": {
        "a1": 185744272028311.25,
        "b1": -0.4739306313924088,
        "a2": 3400785514524.4697,
        "b2": -0.13597806138438967,
        "a1_stdev": 2202555403616.3687,
        "b1_stdev": 0.017020408770284375,
        "a2_stdev": 102675357796.44283,
        "b2_stdev": 0.0319631142716433,
        "t_hot": 7.354127495413759,
        "n_hot": 3400785514524.4697,
        "t_hot_stdev": 1.7286672211016605,
        "n_hot_stdev": 102675357796.44283,
        "start_index": 54,
        "end_index": 373,
        "mse": 1590438338.736723
    },
    "nlsq": {
        "a1": 260405919055098.16,
        "b1": -0.5393364754531549,
        "a2": 7927386641497.839,
        "b2": -0.18233643562724894,
        "a0": -11095526415.698336,
        "a1_stdev": 83308115809823.75,
        "b1_stdev": 0.051744429319683274,
        "a2_stdev": 2798109372949.096,
        "b2_stdev": 0.01862812343600165,
        "a0_stdev": 209370131.71790674,
        "start_index": 54,
        "end_index": 373,
        "t_hot": 5.484367381428382,
        "n_hot": 7927386641497.839,
        "t_hot_stdev": 0.5603020164246395,
        "n_hot_stdev": 2798109372949.096,
        "mse": 890148896.572742
    },
    "true_params": {
        "t_hot": 5.4926,
        "t_hot_stdev": 0.2706
    },
    "histogram": {
        "i": 1e+17,
        "l": 0.5,
        "a": 1.0,
        "filename": "hist_1e17_050_1"
    }
}