{
    "3exp": {
        "a1": 3301364990810399.0,
        "b1": -0.01739974490880667,
        "a2": 714620781519836.9,
        "b2": -0.0028738198373380653,
        "a3": 25064718460024.605,
        "b3": -0.0009386215214452857,
        "t_hot": 1065.3921491808583,
        "n_hot": 25064718460024.605,
        "start_index": 0,
        "end_index": 520,
        "a1_stdev": 9.162771353368681e+18,
        "b1_stdev": 22.91899580817969,
        "a2_stdev": 3.253980330939231e+17,
        "b2_stdev": 1.6268783660234372,
        "a3_stdev": 1.8811585767223744e+17,
        "b3_stdev": 2.6485422081518597,
        "t_hot_stdev": 3006255.4617267116,
        "n_hot_stdev": 1.8811585767223744e+17
    },
    "2exp": null,
    "2nlsq": null,
    "1nlsq": null,
    "true_params": {
        "t_hot": 589.497,
        "t_hot_stdev": 12.1684
    },
    "histogram": {
        "i": 1e+19,
        "l": 0.4,
        "a": 15.0,
        "filename": "hist_1e19_040_15"
    }
}