{
    "3exp": {
        "a1": 3952243786241157.0,
        "b1": -0.021210672784253554,
        "a2": 639494844648261.4,
        "b2": -0.002285266647975407,
        "a3": 1807500205064.0803,
        "b3": -0.0004985648351918266,
        "t_hot": 2005.757184249151,
        "n_hot": 1807500205064.0803,
        "start_index": 0,
        "end_index": 708,
        "a1_stdev": 3.9990478330135383e+18,
        "b1_stdev": 7.793314031751076,
        "a2_stdev": 4.462098225980017e+16,
        "b2_stdev": 0.13457643592693658,
        "a3_stdev": 8216374134054279.0,
        "b3_stdev": 1.1635482601043818,
        "t_hot_stdev": 4681026.653287768,
        "n_hot_stdev": 8216374134054279.0,
        "critical_energy": 96.23889554605182,
        "mswe": 4490356776736838.5,
        "mse": 1.6823490303672058e+17
    },
    "2exp": {
        "a0": 16195962535.400656,
        "a1": 571037939210305.4,
        "b1": -0.002481164217831761,
        "a2": 95403865572116.16,
        "b2": -0.001667950776990989,
        "a0_stdev": 245818653144278.9,
        "a1_stdev": 7.430172911346541e+17,
        "b1_stdev": 1.0059355330424162,
        "a2_stdev": 7.837874390023483e+17,
        "b2_stdev": 2.166881128324109,
        "t_hot": 599.5380761799317,
        "n_hot": 95403865572116.16,
        "t_hot_stdev": 778876.5477418252,
        "n_hot_stdev": 7.837874390023483e+17,
        "start_index": 25,
        "end_index": 708,
        "mswe": 1729328564838215.0,
        "mse": 1.807266357854058e+17
    },
    "2nlsq": {
        "a1": 646093148836412.1,
        "b1": -0.0023782119022614985,
        "a2": 17319391503844.832,
        "b2": -0.0010601010767776196,
        "a0": -244013402718.47906,
        "a1_stdev": 5581351808563.675,
        "b1_stdev": 2.3137573184904497e-05,
        "a2_stdev": 7566142700100.508,
        "b2_stdev": 0.00015354871936510878,
        "a0_stdev": 52498546069.34634,
        "start_index": 25,
        "end_index": 708,
        "t_hot": 943.3062770200099,
        "n_hot": 17319391503844.832,
        "t_hot_stdev": 136.63175519618426,
        "n_hot_stdev": 7566142700100.508,
        "mswe": 1131804286945783.8,
        "mse": 1.835369248927071e+17
    },
    "1nlsq": null,
    "true_params": {
        "t_hot": 507.9772,
        "t_hot_stdev": 3.9501
    },
    "histogram": {
        "i": 1e+19,
        "l": 1.0,
        "a": 10.0,
        "filename": "hist_1e19_100_10"
    }
}