{
    "3exp": {
        "a1": 3177875564944091.5,
        "b1": -0.7801815873995486,
        "a2": 62842157071347.7,
        "b2": -0.26913779029044904,
        "a3": 7493414036523.715,
        "b3": -0.08203025112105376,
        "t_hot": 12.19062463339627,
        "n_hot": 7493414036523.715,
        "start_index": 0,
        "end_index": 222,
        "a1_stdev": 3.8603760872948244e+19,
        "b1_stdev": 3409.482609749341,
        "a2_stdev": 2.420369839567737e+18,
        "b2_stdev": 4102.426439900632,
        "a3_stdev": 1.5080110691047882e+17,
        "b3_stdev": 555.8954542931871,
        "t_hot_stdev": 82612.36222109085,
        "n_hot_stdev": 1.5080110691047882e+17
    },
    "2exp": null,
    "2nlsq": null,
    "1nlsq": null,
    "true_params": {
        "t_hot": 20.4529,
        "t_hot_stdev": 1.6617
    },
    "histogram": {
        "i": 1e+17,
        "l": 2.0,
        "a": 3.0,
        "filename": "hist_1e17_200_3"
    }
}