{
    "3exp": {
        "a1": 2454052898070119.5,
        "b1": -0.30650346010943497,
        "a2": 329746231558262.44,
        "b2": -0.10965524096766964,
        "a3": 87686989239485.83,
        "b3": -0.029466322925205866,
        "t_hot": 33.93704747410432,
        "n_hot": 87686989239485.83,
        "start_index": 0,
        "end_index": 503,
        "a1_stdev": 2.277898974239078e+19,
        "b1_stdev": 1976.209852618942,
        "a2_stdev": 5.961950053337766e+18,
        "b2_stdev": 783.294057636254,
        "a3_stdev": 2.7291160053631318e+17,
        "b3_stdev": 30.706098211193165,
        "t_hot_stdev": 35364.92542292641,
        "n_hot_stdev": 2.7291160053631318e+17
    },
    "2exp": null,
    "2nlsq": null,
    "1nlsq": null,
    "true_params": {
        "t_hot": 33.0733,
        "t_hot_stdev": 0.3446
    },
    "histogram": {
        "i": 1e+18,
        "l": 0.2,
        "a": 60.0,
        "filename": "hist_1e18_020_60"
    }
}