{
    "3exp": {
        "a1": 4400224136145456.0,
        "b1": -0.02292303976937698,
        "a2": 629518850424357.4,
        "b2": -0.0033693163796051713,
        "a3": 232045232347139.1,
        "b3": -0.001687317564009233,
        "t_hot": 592.6566648330866,
        "n_hot": 232045232347139.1,
        "start_index": 0,
        "end_index": 709,
        "a1_stdev": 5.258368494226766e+18,
        "b1_stdev": 9.695682404823975,
        "a2_stdev": 8.391774430272616e+16,
        "b2_stdev": 0.6516709068634289,
        "a3_stdev": 1.2283729220530504e+17,
        "b3_stdev": 0.18938986282986314,
        "t_hot_stdev": 66521.6594979558,
        "n_hot_stdev": 1.2283729220530504e+17
    },
    "2exp": null,
    "2nlsq": null,
    "1nlsq": null,
    "true_params": {
        "t_hot": 571.8731,
        "t_hot_stdev": 4.8336
    },
    "histogram": {
        "i": 1e+19,
        "l": 1.0,
        "a": 2.0,
        "filename": "hist_1e19_100_2"
    }
}