{
    "3exp": {
        "a1": 3601408020327525.0,
        "b1": -1.2813522790777756,
        "a2": 276281185661880.16,
        "b2": -0.35427333988551823,
        "a3": 38728730565864.34,
        "b3": -0.08240211526803458,
        "t_hot": 12.135610800126146,
        "n_hot": 38728730565864.34,
        "start_index": 0,
        "end_index": 482,
        "a1_stdev": 3.7266820659900016e+20,
        "b1_stdev": 39094.73383090126,
        "a2_stdev": 8.789080112134961e+18,
        "b2_stdev": 4609.015953338717,
        "a3_stdev": 3.407783832611259e+17,
        "b3_stdev": 266.0188552441898,
        "t_hot_stdev": 39177.40803421955,
        "n_hot_stdev": 3.407783832611259e+17,
        "critical_energy": 2.7696250237747257,
        "mswe": 1.0894871234410576e+20,
        "mse": 2.734935159171422e+22
    },
    "2exp": {
        "a0": -183828325455.85663,
        "a1": 314721521854778.8,
        "b1": -0.3608183941238523,
        "a2": 36399108983378.68,
        "b2": -0.07845727334841572,
        "a0_stdev": 1.5867338305210522e+16,
        "a1_stdev": 6.385359759631291e+18,
        "b1_stdev": 3812.761872318009,
        "a2_stdev": 5.0585086421262637e+17,
        "b2_stdev": 642.6000055493103,
        "t_hot": 12.745790891293993,
        "n_hot": 36399108983378.68,
        "t_hot_stdev": 104393.70306820962,
        "n_hot_stdev": 5.0585086421262637e+17,
        "start_index": 25,
        "end_index": 482,
        "mswe": 9.242647372950287e+19,
        "mse": 3.1851101513394186e+20
    },
    "2nlsq": {
        "a1": 318108125215008.7,
        "b1": -0.36151780959247437,
        "a2": 36003924332608.92,
        "b2": -0.07611888533438108,
        "a0": -554647775894.0812,
        "a1_stdev": 38311309513569.7,
        "b1_stdev": 0.022353454757034992,
        "a2_stdev": 2840288928633.4795,
        "b2_stdev": 0.0036859596236343346,
        "a0_stdev": 100837471773.04297,
        "start_index": 25,
        "end_index": 482,
        "t_hot": 13.137344242590006,
        "n_hot": 36003924332608.92,
        "t_hot_stdev": 0.6361590849268508,
        "n_hot_stdev": 2840288928633.4795,
        "mswe": 6.748323938549491e+19,
        "mse": 3.309124331853762e+20
    },
    "1nlsq": null,
    "true_params": {
        "t_hot": 11.5437,
        "t_hot_stdev": 0.2561
    },
    "histogram": {
        "i": 1e+17,
        "l": 0.02,
        "a": 30.0,
        "filename": "hist_1e17_002_30"
    }
}