{
    "3exp": {
        "a1": 370934667521924.7,
        "b1": -0.03907306681169548,
        "a2": 74379205882426.12,
        "b2": -0.016625848020619192,
        "a3": 24142075391476.832,
        "b3": -0.004777821958489312,
        "t_hot": 209.30039015438481,
        "n_hot": 24142075391476.832,
        "start_index": 0,
        "end_index": 599,
        "a1_stdev": 3.8472615664995456e+17,
        "b1_stdev": 70.87538801261408,
        "a2_stdev": 5.959552545387055e+17,
        "b2_stdev": 48.716140694691006,
        "a3_stdev": 2.4660438787043372e+16,
        "b3_stdev": 1.4420080074949082,
        "t_hot_stdev": 63169.54486723085,
        "n_hot_stdev": 2.4660438787043372e+16
    },
    "2exp": null,
    "2nlsq": null,
    "1nlsq": null,
    "true_params": {
        "t_hot": 210.4507,
        "t_hot_stdev": 4.2198
    },
    "histogram": {
        "i": 1e+18,
        "l": 2.0,
        "a": 10.0,
        "filename": "hist_1e18_200_10"
    }
}