{
    "3exp": {
        "a1": 3676577047409254.0,
        "b1": -1.9255650117628718,
        "a2": 72593573747825.7,
        "b2": -0.296607683722163,
        "a3": 91493643269.87668,
        "b3": 0.014255669789831414,
        "t_hot": 3.3714568262389166,
        "n_hot": 72593573747825.7,
        "start_index": 0,
        "end_index": 401,
        "a1_stdev": 1.1828995438489995e+20,
        "b1_stdev": 12900.324108024426,
        "a2_stdev": 2.3466205820897738e+17,
        "b2_stdev": 458.5435930702052,
        "a3_stdev": 4116001178861818.5,
        "b3_stdev": 1569.7703197700794,
        "t_hot_stdev": 5212.137148924259,
        "n_hot_stdev": 2.3466205820897738e+17,
        "critical_energy": 2.4094314679331155,
        "mswe": 2.1970164392815374e+19,
        "mse": 1.2141863237768626e+20
    },
    "2exp": {
        "a0": 105902028267.09222,
        "a1": 69960133098497.94,
        "b1": -0.3371630059962968,
        "a2": 11819695647244.82,
        "b2": -0.22103792103897413,
        "a0_stdev": 1705526023706155.2,
        "a1_stdev": 4.097815104699288e+18,
        "b1_stdev": 8223.289532606406,
        "a2_stdev": 4.723228429428521e+18,
        "b2_stdev": 14210.05593903036,
        "t_hot": 4.524110592877304,
        "n_hot": 11819695647244.82,
        "t_hot_stdev": 290845.4092264597,
        "n_hot_stdev": 4.723228429428521e+18,
        "start_index": 25,
        "end_index": 401,
        "mswe": 1.8339607511439479e+19,
        "mse": 1.1130232031568047e+20
    },
    "2nlsq": {
        "a1": 75391891859788.1,
        "b1": -0.3209648468948187,
        "a2": 4166738520466.438,
        "b2": -0.16991336874679253,
        "a0": -12409292320.364622,
        "a1_stdev": 9225863363840.135,
        "b1_stdev": 0.038674109594448815,
        "a2_stdev": 13733224724330.9,
        "b2_stdev": 0.13741648253703567,
        "a0_stdev": 31863859131.686993,
        "start_index": 25,
        "end_index": 401,
        "t_hot": 5.885352090748169,
        "n_hot": 4166738520466.438,
        "t_hot_stdev": 4.759745444208132,
        "n_hot_stdev": 13733224724330.9,
        "mswe": 7.674791054102593e+18,
        "mse": 1.1732809175689873e+20
    },
    "1nlsq": null,
    "true_params": {
        "t_hot": 3.6274,
        "t_hot_stdev": 0.0434
    },
    "histogram": {
        "i": 1e+17,
        "l": 0.1,
        "a": 5.0,
        "filename": "hist_1e17_010_5"
    }
}