{
    "3exp": {
        "a1": 4696627526897888.0,
        "b1": -0.18021987072670048,
        "a2": 441389641988179.8,
        "b2": -0.06854392213828053,
        "a3": 297854475944648.3,
        "b3": -0.028788559929278548,
        "t_hot": 34.736020226665794,
        "n_hot": 297854475944648.3,
        "start_index": 0,
        "end_index": 473,
        "critical_energy": 18.21284473251562,
        "mse": 7409098095.058253
    },
    "2exp": {
        "a1": 2272999616749585.0,
        "b1": -0.11329443089649019,
        "a2": 332185706730464.75,
        "b2": -0.029742018246975727,
        "a1_stdev": 35710126066185.44,
        "b1_stdev": 0.0019373358645282455,
        "a2_stdev": 1439179334568.6533,
        "b2_stdev": 0.005224576244441475,
        "t_hot": 33.62246609144231,
        "n_hot": 332185706730464.75,
        "t_hot_stdev": 5.90622788817469,
        "n_hot_stdev": 1439179334568.6533,
        "start_index": 41,
        "end_index": 473,
        "mse": 6555355161.125356
    },
    "nlsq": {
        "a1": 2.50508713252352e+17,
        "b1": -0.28973310472972497,
        "a2": 514805984016484.56,
        "b2": -0.035612058792959894,
        "a0": 0.0,
        "a1_stdev": Infinity,
        "b1_stdev": Infinity,
        "a2_stdev": Infinity,
        "b2_stdev": Infinity,
        "a0_stdev": Infinity,
        "start_index": 41,
        "end_index": 473,
        "t_hot": 28.080375970784615,
        "n_hot": 514805984016484.56,
        "t_hot_stdev": Infinity,
        "n_hot_stdev": Infinity,
        "mse": 2480957345.278378
    },
    "true_params": {
        "t_hot": 33.3202,
        "t_hot_stdev": 0.345
    },
    "histogram": {
        "i": 1e+18,
        "l": 0.02,
        "a": 40.0,
        "filename": "hist_1e18_002_40"
    }
}