{
    "3exp": {
        "a1": 787085868781564.0,
        "b1": -0.39888479841808316,
        "a2": 100867340988577.38,
        "b2": -0.17154443464188665,
        "a3": 20891685148272.15,
        "b3": -0.04028384095792443,
        "t_hot": 24.823849370383467,
        "n_hot": 20891685148272.15,
        "start_index": 0,
        "end_index": 598,
        "critical_energy": 10.119845014219978,
        "mse": 4414829427.93961
    },
    "2exp": {
        "a1": 117114758978678.0,
        "b1": -0.17221426293771017,
        "a2": 20557777731325.043,
        "b2": -0.04034141750746741,
        "a1_stdev": 2824535593651.8633,
        "b1_stdev": 0.00374941406176206,
        "a2_stdev": 189808011114.2682,
        "b2_stdev": 0.010991693612025009,
        "t_hot": 24.788419985859313,
        "n_hot": 20557777731325.043,
        "t_hot_stdev": 6.754019428304121,
        "n_hot_stdev": 189808011114.2682,
        "start_index": 52,
        "end_index": 598,
        "mse": 4563619943.027574
    },
    "nlsq": {
        "a1": 2.280923778633236e+16,
        "b1": -0.5681963252232946,
        "a2": 37758895830281.836,
        "b2": -0.055319727957949136,
        "a0": 0.0,
        "a1_stdev": Infinity,
        "b1_stdev": Infinity,
        "a2_stdev": Infinity,
        "b2_stdev": Infinity,
        "a0_stdev": Infinity,
        "start_index": 52,
        "end_index": 598,
        "t_hot": 18.076733868976042,
        "n_hot": 37758895830281.836,
        "t_hot_stdev": Infinity,
        "n_hot_stdev": Infinity,
        "mse": 1523675714.6403189
    },
    "true_params": {
        "t_hot": 24.604,
        "t_hot_stdev": 0.5746
    },
    "histogram": {
        "i": 1e+17,
        "l": 0.2,
        "a": 50.0,
        "filename": "hist_1e17_020_50"
    }
}