{
    "3exp": {
        "a1": 1213438509826607.5,
        "b1": -0.3569939287062256,
        "a2": 184362131722640.22,
        "b2": -0.17069574094196344,
        "a3": 77032661624618.25,
        "b3": -0.04305844147578762,
        "t_hot": 23.224249780668778,
        "n_hot": 77032661624618.25,
        "start_index": 0,
        "end_index": 385,
        "a1_stdev": 2.037905800389694e+19,
        "b1_stdev": 10691.205778269325,
        "a2_stdev": 3.502373051242622e+19,
        "b2_stdev": 9348.338737385022,
        "a3_stdev": 6.799831690793638e+17,
        "b3_stdev": 131.56048200518651,
        "t_hot_stdev": 70959.22171432339,
        "n_hot_stdev": 6.799831690793638e+17
    },
    "2exp": null,
    "2nlsq": null,
    "1nlsq": null,
    "true_params": {
        "t_hot": 22.4994,
        "t_hot_stdev": 0.2693
    },
    "histogram": {
        "i": 1e+17,
        "l": 0.1,
        "a": 50.0,
        "filename": "hist_1e17_010_50"
    }
}