{
    "3exp": {
        "a1": 1859944877790179.0,
        "b1": -2.3459605712918368,
        "a2": 27201648020841.984,
        "b2": -0.3991630287204867,
        "a3": -40113816003.33339,
        "b3": 0.02053307136144433,
        "t_hot": 2.5052420390873635,
        "n_hot": 27201648020841.984,
        "start_index": 0,
        "end_index": 401,
        "a1_stdev": 1.6653773568867885e+19,
        "b1_stdev": 5395.091466957945,
        "a2_stdev": 1.1426889079908811e+17,
        "b2_stdev": 1158.4283441017008,
        "a3_stdev": 9237520366933402.0,
        "b3_stdev": 15012.550638581035,
        "t_hot_stdev": 7270.571616356194,
        "n_hot_stdev": 1.1426889079908811e+17
    },
    "2exp": null,
    "2nlsq": null,
    "1nlsq": null,
    "true_params": {
        "t_hot": 2.2651,
        "t_hot_stdev": 0.0198
    },
    "histogram": {
        "i": 1e+17,
        "l": 0.05,
        "a": 0.0,
        "filename": "hist_1e17_005_0"
    }
}