{
    "3exp": {
        "a1": 2490995905348764.5,
        "b1": -0.0266679118192701,
        "a2": 436357131771182.2,
        "b2": -0.009121798522731853,
        "a3": 93979201522933.98,
        "b3": -0.0032686184501637652,
        "t_hot": 305.939654703319,
        "n_hot": 93979201522933.98,
        "start_index": 0,
        "end_index": 471,
        "a1_stdev": 5.312645773141353e+18,
        "b1_stdev": 44.86553408722732,
        "a2_stdev": 1.5887747508595745e+18,
        "b2_stdev": 16.499307814914538,
        "a3_stdev": 1.9357873802872986e+17,
        "b3_stdev": 1.8205246910114585,
        "t_hot_stdev": 170399.42221430177,
        "n_hot_stdev": 1.9357873802872986e+17
    },
    "2exp": null,
    "2nlsq": null,
    "1nlsq": null,
    "true_params": {
        "t_hot": 344.3475,
        "t_hot_stdev": 15.6443
    },
    "histogram": {
        "i": 1e+19,
        "l": 0.2,
        "a": 1.0,
        "filename": "hist_1e19_020_1"
    }
}