{
    "3exp": {
        "a1": 1925101919940202.5,
        "b1": -0.17055380202292775,
        "a2": 187459712353436.2,
        "b2": -0.027447494676049164,
        "a3": -28005761425.91379,
        "b3": 0.011179424974671727,
        "t_hot": 36.43319770356329,
        "n_hot": 187459712353436.2,
        "start_index": 0,
        "end_index": 455,
        "critical_energy": NaN,
        "mse": 1152893241.5999582
    },
    "2exp": {
        "a1": 979936005782065.4,
        "b1": -0.13606405325709836,
        "a2": 181521281865252.28,
        "b2": -0.027372617139764025,
        "a1_stdev": 17885629046458.65,
        "b1_stdev": 0.0018465052835606958,
        "a2_stdev": 761004513118.2832,
        "b2_stdev": 0.006458606582887283,
        "t_hot": 36.53286037261327,
        "n_hot": 181521281865252.28,
        "t_hot_stdev": 8.61997854605934,
        "n_hot_stdev": 761004513118.2832,
        "start_index": 25,
        "end_index": 455,
        "mse": 2604886265.9350705
    },
    "nlsq": {
        "a1": 5685251904076663.0,
        "b1": -0.23200842938805027,
        "a2": 227400182509383.97,
        "b2": -0.030724732274407095,
        "a0": 0.0,
        "a1_stdev": Infinity,
        "b1_stdev": Infinity,
        "a2_stdev": Infinity,
        "b2_stdev": Infinity,
        "a0_stdev": Infinity,
        "start_index": 25,
        "end_index": 455,
        "t_hot": 32.547069607274466,
        "n_hot": 227400182509383.97,
        "t_hot_stdev": Infinity,
        "n_hot_stdev": Infinity,
        "mse": 1587836194.736008
    },
    "true_params": {
        "t_hot": 36.6248,
        "t_hot_stdev": 0.345
    },
    "histogram": {
        "i": 1e+18,
        "l": 0.05,
        "a": 20.0,
        "filename": "hist_1e18_005_20"
    }
}