{
    "3exp": {
        "a1": 2274449419357577.0,
        "b1": -2.368531221491088,
        "a2": 35659994770867.59,
        "b2": -0.37899101205544317,
        "a3": -2880534411451.4565,
        "b3": -0.2579287752982993,
        "t_hot": 3.8770393060777417,
        "n_hot": -2880534411451.4565,
        "start_index": 0,
        "end_index": 472,
        "critical_energy": NaN,
        "mse": 715487364.2696482
    },
    "2exp": {
        "a1": 2113267065410512.8,
        "b1": -2.3708958543780305,
        "a2": 35441692052081.42,
        "b2": -0.41143776148186706,
        "a1_stdev": 56358569635828.734,
        "b1_stdev": 0.035729815694280354,
        "a2_stdev": 136413305508.12723,
        "b2_stdev": 0.1461182953822597,
        "t_hot": 2.430501265606541,
        "n_hot": 35441692052081.42,
        "t_hot_stdev": 0.8631699253266144,
        "n_hot_stdev": 136413305508.12723,
        "start_index": 25,
        "end_index": 472,
        "mse": 739134472.7292174
    },
    "nlsq": {
        "a1": 1.5356046905573958e+16,
        "b1": -3.145261775554955,
        "a2": 38032827432402.32,
        "b2": -0.4231663044953864,
        "a0": 0.0,
        "a1_stdev": Infinity,
        "b1_stdev": Infinity,
        "a2_stdev": Infinity,
        "b2_stdev": Infinity,
        "a0_stdev": Infinity,
        "start_index": 25,
        "end_index": 472,
        "t_hot": 2.363137115069857,
        "n_hot": 38032827432402.32,
        "t_hot_stdev": Infinity,
        "n_hot_stdev": Infinity,
        "mse": 691922429.5659289
    },
    "true_params": {
        "t_hot": 2.3279,
        "t_hot_stdev": 0.0161
    },
    "histogram": {
        "i": 1e+17,
        "l": 0.05,
        "a": 2.0,
        "filename": "hist_1e17_005_2"
    }
}