{
    "3exp": {
        "a1": 3871059486290708.5,
        "b1": -0.02056387612008924,
        "a2": 652219819692192.5,
        "b2": -0.002359581208086127,
        "a3": 4781819497231.838,
        "b3": -0.00043730870974246133,
        "t_hot": 2286.7141168739067,
        "n_hot": 4781819497231.838,
        "start_index": 0,
        "end_index": 812,
        "a1_stdev": 7.829407532000175e+18,
        "b1_stdev": 15.246191549863221,
        "a2_stdev": 9.711186669047656e+16,
        "b2_stdev": 0.2459843842062013,
        "a3_stdev": 9779623612434616.0,
        "b3_stdev": 0.46901852200528127,
        "t_hot_stdev": 2452526.673837418,
        "n_hot_stdev": 9779623612434616.0,
        "critical_energy": 97.828664848558,
        "mswe": 1.600763104134714e+16,
        "mse": 4.1558420151087763e+17
    },
    "2exp": {
        "a0": 1878125443235.8325,
        "a1": 669782965328562.8,
        "b1": -0.002358262696546057,
        "a2": -199529860813.5948,
        "b2": 0.0004916285334621471,
        "a0_stdev": 2753823734699073.0,
        "a1_stdev": 3.363779985066358e+16,
        "b1_stdev": 0.08290573028956,
        "a2_stdev": 1074552529489473.8,
        "b2_stdev": 0.8584860120403578,
        "t_hot": 424.04096942406517,
        "n_hot": 669782965328562.8,
        "t_hot_stdev": 14907.341024511059,
        "n_hot_stdev": 3.363779985066358e+16,
        "start_index": 25,
        "end_index": 812,
        "mswe": 2618581216179533.5,
        "mse": 1.793996686282868e+17
    },
    "2nlsq": null,
    "1nlsq": null,
    "true_params": {
        "t_hot": 651.3185,
        "t_hot_stdev": 7.4267
    },
    "histogram": {
        "i": 1e+19,
        "l": 0.8,
        "a": 5.0,
        "filename": "hist_1e19_080_5"
    }
}