{
    "3exp": {
        "a1": 8464943804114933.0,
        "b1": -0.1269198695368135,
        "a2": 1155038639352073.8,
        "b2": -0.028412150351494768,
        "a3": -26224077830.8559,
        "b3": 0.0054130032502852626,
        "t_hot": 35.19620963667714,
        "n_hot": 1155038639352073.8,
        "start_index": 0,
        "end_index": 472,
        "a1_stdev": 5.438907767352887e+18,
        "b1_stdev": 39.268999782649175,
        "a2_stdev": 2.961848167712469e+17,
        "b2_stdev": 2.8707726767109505,
        "a3_stdev": 575361472602724.5,
        "b3_stdev": 65.32010819550374,
        "t_hot_stdev": 3556.236177084979,
        "n_hot_stdev": 2.961848167712469e+17,
        "critical_energy": 20.219730961400394,
        "mswe": 2.4755345306627302e+17,
        "mse": 5.248914136902259e+19
    },
    "2exp": {
        "a0": -258852479575.77475,
        "a1": 5709338760345150.0,
        "b1": -0.10952375905748779,
        "a2": 1086394464005410.9,
        "b2": -0.02779722695736667,
        "a0_stdev": 257388729107709.75,
        "a1_stdev": 6.9859192920703205e+19,
        "b1_stdev": 326.91856518675525,
        "a2_stdev": 5.6192007228684826e+17,
        "b2_stdev": 4.24409859898458,
        "t_hot": 35.97481149949691,
        "n_hot": 1086394464005410.9,
        "t_hot_stdev": 5492.657498459091,
        "n_hot_stdev": 5.6192007228684826e+17,
        "start_index": 32,
        "end_index": 472,
        "mswe": 3.7638457243481626e+17,
        "mse": 4.657193328483586e+19
    },
    "2nlsq": {
        "a1": 4.601592627485541e+16,
        "b1": -0.1720872898163382,
        "a2": 1220815845225774.8,
        "b2": -0.029075541417156233,
        "a0": -78075923431.24695,
        "a1_stdev": 4.697682707251646e+16,
        "b1_stdev": 0.026241028675877187,
        "a2_stdev": 15705747794561.383,
        "b2_stdev": 0.00012593831624227689,
        "a0_stdev": 8192955534.885794,
        "start_index": 32,
        "end_index": 472,
        "t_hot": 34.39316866546611,
        "n_hot": 1220815845225774.8,
        "t_hot_stdev": 0.14897118130394144,
        "n_hot_stdev": 15705747794561.383,
        "mswe": 1.8040052595581075e+17,
        "mse": 5.27062414130966e+19
    },
    "1nlsq": null,
    "true_params": {
        "t_hot": 35.6804,
        "t_hot_stdev": 0.1869
    },
    "histogram": {
        "i": 1e+18,
        "l": 0.05,
        "a": 50.0,
        "filename": "hist_1e18_005_50"
    }
}