{
    "3exp": {
        "a1": 2.3225121259230936e+16,
        "b1": -0.05968530919542476,
        "a2": 2835054467976561.5,
        "b2": -0.015449838509047477,
        "a3": 795566292714866.5,
        "b3": -0.004469362415832608,
        "t_hot": 223.7455607666821,
        "n_hot": 795566292714866.5,
        "start_index": 0,
        "end_index": 391,
        "a1_stdev": 9.164450790781379e+20,
        "b1_stdev": 705.9383598458973,
        "a2_stdev": 2.065310273568626e+19,
        "b2_stdev": 54.891382782052546,
        "a3_stdev": 1.6836458368459963e+18,
        "b3_stdev": 3.056201290684021,
        "t_hot_stdev": 152999.7811718218,
        "n_hot_stdev": 1.6836458368459963e+18
    },
    "2exp": null,
    "2nlsq": null,
    "1nlsq": null,
    "true_params": {
        "t_hot": 218.4978,
        "t_hot_stdev": 2.5447
    },
    "histogram": {
        "i": 1e+19,
        "l": 0.01,
        "a": 3.0,
        "filename": "hist_1e19_001_3"
    }
}