{
    "3exp": {
        "a1": 5456021804488268.0,
        "b1": -0.23124362723871014,
        "a2": 484493600598820.44,
        "b2": -0.04140470284611339,
        "a3": -36109206781.17058,
        "b3": 0.011633266144290088,
        "t_hot": 24.15184583540294,
        "n_hot": 484493600598820.44,
        "start_index": 0,
        "end_index": 528,
        "a1_stdev": 8.405225522957283e+18,
        "b1_stdev": 175.9779691041486,
        "a2_stdev": 3.995820340552906e+17,
        "b2_stdev": 17.483388658629302,
        "a3_stdev": 3579203122219421.0,
        "b3_stdev": 568.4602924674609,
        "t_hot_stdev": 10198.264412934528,
        "n_hot_stdev": 3.995820340552906e+17
    },
    "2exp": null,
    "2nlsq": null,
    "1nlsq": null,
    "true_params": {
        "t_hot": 25.1092,
        "t_hot_stdev": 0.1891
    },
    "histogram": {
        "i": 1e+18,
        "l": 0.05,
        "a": 60.0,
        "filename": "hist_1e18_005_60"
    }
}