{
    "3exp": {
        "a1": 6878827858222707.0,
        "b1": -0.02042283931051546,
        "a2": 882343119513885.9,
        "b2": -0.002630182658078827,
        "a3": 38219353546192.34,
        "b3": -0.000991204677860173,
        "t_hot": 1008.8733662545,
        "n_hot": 38219353546192.34,
        "start_index": 0,
        "end_index": 652,
        "a1_stdev": 1.078459404207225e+19,
        "b1_stdev": 13.597943944304381,
        "a2_stdev": 1.982696608029024e+17,
        "b2_stdev": 0.9973444733936679,
        "a3_stdev": 2.132417904309254e+17,
        "b3_stdev": 1.7787807931366295,
        "t_hot_stdev": 1810488.395267396,
        "n_hot_stdev": 2.132417904309254e+17
    },
    "2exp": null,
    "2nlsq": null,
    "1nlsq": null,
    "true_params": {
        "t_hot": 620.9316,
        "t_hot_stdev": 11.9641
    },
    "histogram": {
        "i": 1e+19,
        "l": 0.6,
        "a": 30.0,
        "filename": "hist_1e19_060_30"
    }
}