{
    "3exp": {
        "a1": 4.6631153635426216e+16,
        "b1": -0.08103440450976963,
        "a2": 1591120595181364.8,
        "b2": -0.02526619902383954,
        "a3": 930151189309564.1,
        "b3": -0.011681083119415289,
        "t_hot": 85.60849963800756,
        "n_hot": 930151189309564.1,
        "start_index": 0,
        "end_index": 360,
        "critical_energy": 56.445414713104256,
        "mse": 395403677.6680139
    },
    "2exp": {
        "a1": 1515786288487775.2,
        "b1": -0.0241150500182017,
        "a2": 888304980691183.5,
        "b2": -0.011599251429481585,
        "a1_stdev": 38627300282175.17,
        "b1_stdev": 0.002832577241654014,
        "a2_stdev": 6995088474983.5625,
        "b2_stdev": 0.004492976511184979,
        "t_hot": 86.21246000912782,
        "n_hot": 888304980691183.5,
        "t_hot_stdev": 33.39444447319803,
        "n_hot_stdev": 6995088474983.5625,
        "start_index": 32,
        "end_index": 360,
        "mse": 373505343.16907173
    },
    "nlsq": {
        "a1": 4456895168191176.5,
        "b1": -0.03985968431635682,
        "a2": 1194242703220943.0,
        "b2": -0.01248333537456549,
        "a0": 63131782471.28634,
        "a1_stdev": 4017280526945313.0,
        "b1_stdev": 0.009098442252707459,
        "a2_stdev": 59693329993886.14,
        "b2_stdev": 0.00016216290625430813,
        "a0_stdev": 38990048.60021072,
        "start_index": 32,
        "end_index": 360,
        "t_hot": 80.10679597998121,
        "n_hot": 1194242703220943.0,
        "t_hot_stdev": 1.0406153849957618,
        "n_hot_stdev": 59693329993886.14,
        "mse": 354901705.0437325
    },
    "true_params": {
        "t_hot": 106.0277,
        "t_hot_stdev": 4.4844
    },
    "histogram": {
        "i": 1e+19,
        "l": 0.02,
        "a": 60.0,
        "filename": "hist_1e19_002_60"
    }
}