{
    "3exp": {
        "a1": 4163529629294297.5,
        "b1": -0.846090023028789,
        "a2": 269962548635970.0,
        "b2": -0.3647768925176856,
        "a3": 3817551224995.8433,
        "b3": -0.07256801400230109,
        "t_hot": 13.780175932171584,
        "n_hot": 3817551224995.8433,
        "start_index": 0,
        "end_index": 303,
        "a1_stdev": 4.383811598983772e+19,
        "b1_stdev": 3518.832743008581,
        "a2_stdev": 4.800747037867501e+18,
        "b2_stdev": 1527.042760839886,
        "a3_stdev": 2.58499617190118e+16,
        "b3_stdev": 183.80178293541837,
        "t_hot_stdev": 34902.71768242912,
        "n_hot_stdev": 2.58499617190118e+16,
        "critical_energy": 5.684106765511991,
        "mswe": 3.0857798330193705e+18,
        "mse": 1.550607002196213e+20
    },
    "2exp": {
        "a0": 110788167551.94522,
        "a1": 662414285857176.6,
        "b1": -0.47205558649920615,
        "a2": 10959028885467.994,
        "b2": -0.12132165488619912,
        "a0_stdev": 632733548185962.0,
        "a1_stdev": 2.5068846676455485e+19,
        "b1_stdev": 3962.776428460113,
        "a2_stdev": 1.7234172952176973e+17,
        "b2_stdev": 638.1065401558534,
        "t_hot": 8.242551595080117,
        "n_hot": 10959028885467.994,
        "t_hot_stdev": 43352.739338465704,
        "n_hot_stdev": 1.7234172952176973e+17,
        "start_index": 33,
        "end_index": 303,
        "mswe": 4.02184990141299e+18,
        "mse": 6.898725270114186e+18
    },
    "2nlsq": {
        "a1": 464335651856313.06,
        "b1": -0.43107859002872567,
        "a2": 8303282142663.264,
        "b2": -0.10573451911029788,
        "a0": 10611012210.173563,
        "a1_stdev": 212227468402127.16,
        "b1_stdev": 0.04754924328306224,
        "a2_stdev": 1911164195569.5515,
        "b2_stdev": 0.009074685226538187,
        "a0_stdev": 12190965498.342848,
        "start_index": 33,
        "end_index": 303,
        "t_hot": 9.457649293858719,
        "n_hot": 8303282142663.264,
        "t_hot_stdev": 0.8117045506702474,
        "n_hot_stdev": 1911164195569.5515,
        "mswe": 2.098870623500325e+18,
        "mse": 8.091608880143951e+18
    },
    "1nlsq": null,
    "true_params": {
        "t_hot": 12.7196,
        "t_hot_stdev": 0.7585
    },
    "histogram": {
        "i": 1e+17,
        "l": 1.0,
        "a": 3.0,
        "filename": "hist_1e17_100_3"
    }
}