{
    "3exp": {
        "a1": 2.8070818873141508e+16,
        "b1": -0.07232238972734385,
        "a2": 3707986043117220.0,
        "b2": -0.02295339392768762,
        "a3": 1125794844944355.9,
        "b3": -0.009004801601358699,
        "t_hot": 111.05186369115717,
        "n_hot": 1125794844944355.9,
        "start_index": 0,
        "end_index": 382,
        "a1_stdev": 3.031864665142478e+20,
        "b1_stdev": 373.6933708054158,
        "a2_stdev": 3.0912770432971354e+19,
        "b2_stdev": 101.79184907530332,
        "a3_stdev": 4.939817669845004e+18,
        "b3_stdev": 9.727829873256875,
        "t_hot_stdev": 119968.62173317489,
        "n_hot_stdev": 4.939817669845004e+18
    },
    "2exp": null,
    "2nlsq": null,
    "1nlsq": null,
    "true_params": {
        "t_hot": 161.2715,
        "t_hot_stdev": 8.0282
    },
    "histogram": {
        "i": 1e+19,
        "l": 0.02,
        "a": 45.0,
        "filename": "hist_1e19_002_45"
    }
}