{
    "3exp": {
        "a1": 1514198883985775.5,
        "b1": -0.051774038762769335,
        "a2": 292905773589680.3,
        "b2": -0.010985824495277472,
        "a3": -47044048552.55175,
        "b3": 0.004799238582828978,
        "t_hot": 91.02639500839238,
        "n_hot": 292905773589680.3,
        "start_index": 0,
        "end_index": 508,
        "a1_stdev": 1.237246052899086e+18,
        "b1_stdev": 32.22829599718663,
        "a2_stdev": 1.9435962131621786e+17,
        "b2_stdev": 3.701474227006873,
        "a3_stdev": 1242364043614170.0,
        "b3_stdev": 45.23074491897616,
        "t_hot_stdev": 30669.692133325992,
        "n_hot_stdev": 1.9435962131621786e+17,
        "critical_energy": 40.276115360479636,
        "mswe": 3.3761599538165645e+17,
        "mse": 1.3805323842001457e+19
    },
    "2exp": {
        "a0": -1672861975211.5544,
        "a1": 785569534602112.9,
        "b1": -0.03316238524816963,
        "a2": 202385699478337.1,
        "b2": -0.00915701867662133,
        "a0_stdev": 2987913315940647.5,
        "a1_stdev": 5.27642527637363e+18,
        "b1_stdev": 109.2848339643261,
        "a2_stdev": 4.368476404772342e+17,
        "b2_stdev": 7.615887639416495,
        "t_hot": 109.20584912129617,
        "n_hot": 202385699478337.1,
        "t_hot_stdev": 90826.4475421748,
        "n_hot_stdev": 4.368476404772342e+17,
        "start_index": 42,
        "end_index": 508,
        "mswe": 9.520472803636347e+17,
        "mse": 7.463703680494068e+18
    },
    "2nlsq": {
        "a1": 1817133312977796.0,
        "b1": -0.05116791340551493,
        "a2": 288150374473364.9,
        "b2": -0.010921159300049551,
        "a0": -610227247100.675,
        "a1_stdev": 586076508410507.1,
        "b1_stdev": 0.004726606105918605,
        "a2_stdev": 6929583960168.76,
        "b2_stdev": 0.00010323022471782475,
        "a0_stdev": 29667475716.882523,
        "start_index": 42,
        "end_index": 508,
        "t_hot": 91.56537071988895,
        "n_hot": 288150374473364.9,
        "t_hot_stdev": 0.8655046168717803,
        "n_hot_stdev": 6929583960168.76,
        "mswe": 2.3540572192881802e+17,
        "mse": 9.701677187619879e+18
    },
    "1nlsq": null,
    "true_params": {
        "t_hot": 97.9041,
        "t_hot_stdev": 1.0184
    },
    "histogram": {
        "i": 1e+18,
        "l": 0.2,
        "a": 50.0,
        "filename": "hist_1e18_020_50"
    }
}