{
    "3exp": {
        "a1": 1.0889038749485082e+16,
        "b1": -0.019593948351722408,
        "a2": 1200414775471757.2,
        "b2": -0.009324872277380427,
        "a3": 979986751827753.9,
        "b3": -0.003319219721034157,
        "t_hot": 301.27562621507735,
        "n_hot": 979986751827753.9,
        "start_index": 0,
        "end_index": 586,
        "a1_stdev": 1.4498342611085758e+19,
        "b1_stdev": 34.958423904640014,
        "a2_stdev": 2.273300391318077e+19,
        "b2_stdev": 59.4785866688298,
        "a3_stdev": 1.1453876770020476e+18,
        "b3_stdev": 0.9537006577576647,
        "t_hot_stdev": 86564.5504173343,
        "n_hot_stdev": 1.1453876770020476e+18,
        "critical_energy": 214.73105318194212,
        "mswe": 1.627161196601212e+17,
        "mse": 1.9345913924003952e+21
    },
    "2exp": {
        "a0": -471918547933.94727,
        "a1": 2.5550331423062104e+16,
        "b1": -0.018081138130975144,
        "a2": 992373410872707.0,
        "b2": -0.0033121707975000045,
        "a0_stdev": 1224343556484103.5,
        "a1_stdev": 4.098123920201047e+20,
        "b1_stdev": 51.41700725958472,
        "a2_stdev": 4.6278200506646835e+17,
        "b2_stdev": 0.560111635003976,
        "t_hot": 301.91679751382105,
        "n_hot": 992373410872707.0,
        "t_hot_stdev": 51056.27741729717,
        "n_hot_stdev": 4.6278200506646835e+17,
        "start_index": 64,
        "end_index": 586,
        "mswe": 9.203803615301355e+16,
        "mse": 2.3856785011452795e+18
    },
    "2nlsq": {
        "a1": 5.2404375107084664e+16,
        "b1": -0.02061649746808054,
        "a2": 1032573052369019.5,
        "b2": -0.0033703190178861818,
        "a0": -489690020605.73267,
        "a1_stdev": 3.747158894827689e+16,
        "b1_stdev": 0.002279689767907307,
        "a2_stdev": 15597655896661.441,
        "b2_stdev": 1.8905468218960107e-05,
        "a0_stdev": 41588427480.243904,
        "start_index": 64,
        "end_index": 586,
        "t_hot": 296.70781747752363,
        "n_hot": 1032573052369019.5,
        "t_hot_stdev": 1.6643528947465864,
        "n_hot_stdev": 15597655896661.441,
        "mswe": 8.720400003547091e+16,
        "mse": 2.482844282320388e+18
    },
    "1nlsq": null,
    "true_params": {
        "t_hot": 289.2912,
        "t_hot_stdev": 1.981
    },
    "histogram": {
        "i": 1e+19,
        "l": 0.2,
        "a": 45.0,
        "filename": "hist_1e19_020_45"
    }
}