{
    "3exp": {
        "a1": 4254912380180515.5,
        "b1": -0.018644456654147566,
        "a2": 752637090569503.9,
        "b2": -0.0043769736919381545,
        "a3": 144237191451895.66,
        "b3": -0.0021902870885758146,
        "t_hot": 456.56115365690613,
        "n_hot": 144237191451895.66,
        "start_index": 0,
        "end_index": 592,
        "critical_energy": 205.68466416702987,
        "mse": 112201624.66517577
    },
    "2exp": {
        "a1": 760688158862919.8,
        "b1": -0.004748105983394308,
        "a2": 201571231548717.66,
        "b2": -0.0023587470903918047,
        "a1_stdev": 6653089490428.158,
        "b1_stdev": 0.00036781438094343413,
        "a2_stdev": 2204968236412.681,
        "b2_stdev": 0.0005338926975463779,
        "t_hot": 423.9538880931456,
        "n_hot": 201571231548717.66,
        "t_hot_stdev": 95.96021797815003,
        "n_hot_stdev": 2204968236412.681,
        "start_index": 52,
        "end_index": 592,
        "mse": 108214117.38310431
    },
    "nlsq": {
        "a1": 751216647708820.5,
        "b1": -0.004390056588054789,
        "a2": 154048258354006.0,
        "b2": -0.0022620750623776383,
        "a0": -132839749145.67406,
        "a1_stdev": 42070227479043.96,
        "b1_stdev": 0.0003152092991364299,
        "a2_stdev": 70155244416597.93,
        "b2_stdev": 0.00024876361364862393,
        "a0_stdev": 44365822.97676461,
        "start_index": 52,
        "end_index": 592,
        "t_hot": 442.0719792334887,
        "n_hot": 154048258354006.0,
        "t_hot_stdev": 48.615284645476144,
        "n_hot_stdev": 70155244416597.93,
        "mse": 100294593.13603595
    },
    "true_params": {
        "t_hot": 451.0376,
        "t_hot_stdev": 16.0578
    },
    "histogram": {
        "i": 1e+19,
        "l": 0.2,
        "a": 20.0,
        "filename": "hist_1e19_020_20"
    }
}