{
    "3exp": {
        "a1": 5054357685726723.0,
        "b1": -0.08967652857905925,
        "a2": 631932915743780.2,
        "b2": -0.01593251887740973,
        "a3": -9578324879795.477,
        "b3": -0.005552555742606842,
        "t_hot": 180.09724644934676,
        "n_hot": -9578324879795.477,
        "start_index": 0,
        "end_index": 535,
        "critical_energy": NaN,
        "mse": 2024720322.8691683
    },
    "2exp": {
        "a1": 967431221250850.5,
        "b1": -0.04722267121583661,
        "a2": 579900568418294.6,
        "b2": -0.016549645679601436,
        "a1_stdev": 16098844526176.727,
        "b1_stdev": 0.002592836651632863,
        "a2_stdev": 2726023422924.9033,
        "b2_stdev": 0.005406120926459967,
        "t_hot": 60.424254353225706,
        "n_hot": 579900568418294.6,
        "t_hot_stdev": 19.73823683290966,
        "n_hot_stdev": 2726023422924.9033,
        "start_index": 25,
        "end_index": 535,
        "mse": 2052304691.2356048
    },
    "nlsq": {
        "a1": 1.73618654515915e+16,
        "b1": -0.12364668109978418,
        "a2": 737364978199503.8,
        "b2": -0.01780523411906633,
        "a0": -190432920830.42593,
        "a1_stdev": 1.0154683020990644e+16,
        "b1_stdev": 0.013645209053353044,
        "a2_stdev": 9518705482112.363,
        "b2_stdev": 9.206872372863453e-05,
        "a0_stdev": 23540541.340080068,
        "start_index": 25,
        "end_index": 535,
        "t_hot": 56.16326038247218,
        "n_hot": 737364978199503.8,
        "t_hot_stdev": 0.29041346321394773,
        "n_hot_stdev": 9518705482112.363,
        "mse": 585178798.2479485
    },
    "true_params": {
        "t_hot": 62.0673,
        "t_hot_stdev": 0.4933
    },
    "histogram": {
        "i": 1e+18,
        "l": 0.1,
        "a": 50.0,
        "filename": "hist_1e18_010_50"
    }
}