{
    "3exp": {
        "a1": 1569827982867290.5,
        "b1": -0.2594821513704499,
        "a2": 39881202435873.484,
        "b2": -0.08266972966335706,
        "a3": 85626881377795.44,
        "b3": -0.03680943488685525,
        "t_hot": 27.166947905443198,
        "n_hot": 85626881377795.44,
        "start_index": 0,
        "end_index": 458,
        "critical_energy": 20.772388024758694,
        "mse": 1599624914.2526207
    },
    "2exp": {
        "a1": 62994033220882.13,
        "b1": -0.0460695771905777,
        "a2": 41255238111533.82,
        "b2": -0.03324920032194844,
        "a1_stdev": 3812968379354.5547,
        "b1_stdev": 0.12168483130814746,
        "a2_stdev": 2174573396335.32,
        "b2_stdev": 0.1440866548140878,
        "t_hot": 30.075911309658796,
        "n_hot": 41255238111533.82,
        "t_hot_stdev": 130.3350880361858,
        "n_hot_stdev": 2174573396335.32,
        "start_index": 54,
        "end_index": 458,
        "mse": 1729135564.3104177
    },
    "nlsq": null,
    "true_params": {
        "t_hot": 26.0165,
        "t_hot_stdev": 0.3792
    },
    "histogram": {
        "i": 1e+18,
        "l": 0.05,
        "a": 10.0,
        "filename": "hist_1e18_005_10"
    }
}