{
    "3exp": {
        "a1": 1959611705356876.5,
        "b1": -0.006409822472684962,
        "a2": 422249190420456.44,
        "b2": -0.0026547687518448026,
        "a3": 1676733925374.241,
        "b3": -0.0010535813263170286,
        "t_hot": 949.1436256711846,
        "n_hot": 1676733925374.241,
        "start_index": 0,
        "end_index": 646,
        "a1_stdev": 1.0811528126637227e+17,
        "b1_stdev": 0.4665654118240081,
        "a2_stdev": 1.3283571535919936e+17,
        "b2_stdev": 0.41123545938724204,
        "a3_stdev": 1.978312399264231e+16,
        "b3_stdev": 3.2155180776473644,
        "t_hot_stdev": 2896775.4177061953,
        "n_hot_stdev": 1.978312399264231e+16,
        "critical_energy": 408.7573970462632,
        "mswe": 553154951692791.6,
        "mse": 2.6773489517023744e+16
    },
    "2exp": {
        "a0": -95488636078.42221,
        "a1": 1513150582484686.5,
        "b1": -0.00547321259081839,
        "a2": 298316779427575.6,
        "b2": -0.002398679922780309,
        "a0_stdev": 37840672744851.6,
        "a1_stdev": 6.605489777986648e+17,
        "b1_stdev": 1.140075211602569,
        "a2_stdev": 1.0301264039424053e+17,
        "b2_stdev": 0.17859358832579258,
        "t_hot": 416.8959728653168,
        "n_hot": 298316779427575.6,
        "t_hot_stdev": 31039.967877952004,
        "n_hot_stdev": 1.0301264039424053e+17,
        "start_index": 80,
        "end_index": 646,
        "mswe": 415979859836956.56,
        "mse": 1.7240533723984538e+16
    },
    "2nlsq": {
        "a1": 2088074681661719.5,
        "b1": -0.006534056473215217,
        "a2": 407417674723596.6,
        "b2": -0.0025915239998460546,
        "a0": -23789091547.7223,
        "a1_stdev": 172697510204957.75,
        "b1_stdev": 0.00018703420729240978,
        "a2_stdev": 10612237967836.332,
        "b2_stdev": 1.5167738422558702e-05,
        "a0_stdev": 3346745753.5648584,
        "start_index": 80,
        "end_index": 646,
        "t_hot": 385.8733316995727,
        "n_hot": 407417674723596.6,
        "t_hot_stdev": 2.2584493756600463,
        "n_hot_stdev": 10612237967836.332,
        "mswe": 236734551455456.97,
        "mse": 2.025766592013033e+16
    },
    "1nlsq": null,
    "true_params": {
        "t_hot": 378.1471,
        "t_hot_stdev": 1.6508
    },
    "histogram": {
        "i": 1e+19,
        "l": 5.0,
        "a": 40.0,
        "filename": "hist_1e19_500_40"
    }
}