{
    "3exp": {
        "a1": 2.922463185699829e+17,
        "b1": -7.152369729200121,
        "a2": 1813674360006814.2,
        "b2": -2.4057630668750534,
        "a3": 38836747041588.04,
        "b3": -0.8107431686296115,
        "t_hot": 1.2334362331911928,
        "n_hot": 38836747041588.04,
        "start_index": 0,
        "end_index": 323,
        "critical_energy": 1.4075230242626398,
        "mse": 5036992238.8490095
    },
    "2exp": {
        "a1": 1463050797479949.2,
        "b1": -2.287242119642213,
        "a2": 34613765834220.176,
        "b2": -0.7915115441249888,
        "a1_stdev": 22380764472426.965,
        "b1_stdev": 0.09240075660852963,
        "a2_stdev": 645337889290.1576,
        "b2_stdev": 0.17371234551393014,
        "t_hot": 1.26340545178718,
        "n_hot": 34613765834220.176,
        "t_hot_stdev": 0.27727848822174717,
        "n_hot_stdev": 645337889290.1576,
        "start_index": 37,
        "end_index": 323,
        "mse": 4401597319.7942
    },
    "nlsq": {
        "a1": 1118156720803817.0,
        "b1": -2.139353890828304,
        "a2": 30514640983470.047,
        "b2": -0.784613552676876,
        "a0": 0.0,
        "a1_stdev": Infinity,
        "b1_stdev": Infinity,
        "a2_stdev": Infinity,
        "b2_stdev": Infinity,
        "a0_stdev": Infinity,
        "start_index": 37,
        "end_index": 323,
        "t_hot": 1.2745127796840716,
        "n_hot": 30514640983470.047,
        "t_hot_stdev": Infinity,
        "n_hot_stdev": Infinity,
        "mse": 4217910023.0441365
    },
    "true_params": {
        "t_hot": 1.3439,
        "t_hot_stdev": 0.046
    },
    "histogram": {
        "i": 1e+17,
        "l": 5.0,
        "a": 30.0,
        "filename": "hist_1e17_500_30"
    }
}