{
    "3exp": {
        "a1": 6113499244937704.0,
        "b1": -3.7976106480227374,
        "a2": 94078370747642.48,
        "b2": -1.7426962902989547,
        "a3": 14362940788547.719,
        "b3": -0.5171603861701908,
        "t_hot": 1.9336361151043633,
        "n_hot": 14362940788547.719,
        "start_index": 0,
        "end_index": 467,
        "a1_stdev": 1.0319228817553093e+20,
        "b1_stdev": 19259.967182343822,
        "a2_stdev": 7.252057127361437e+18,
        "b2_stdev": 28910.258271100847,
        "a3_stdev": 5.7414011834073176e+16,
        "b3_stdev": 522.1044478180831,
        "t_hot_stdev": 1952.1217076078096,
        "n_hot_stdev": 5.7414011834073176e+16,
        "critical_energy": 2.0312897294822325,
        "mswe": 4.249841760369739e+18,
        "mse": 6.257283640798848e+21
    },
    "2exp": {
        "a0": -19842846208.899334,
        "a1": 205290732431239.62,
        "b1": -1.8522034929417663,
        "a2": 11811455350064.76,
        "b2": -0.47930216158261335,
        "a0_stdev": 173600813771744.47,
        "a1_stdev": 9.821232902625024e+18,
        "b1_stdev": 18786.756721647183,
        "a2_stdev": 5.587532175462996e+16,
        "b2_stdev": 727.4472915935606,
        "t_hot": 2.0863665556985773,
        "n_hot": 11811455350064.76,
        "t_hot_stdev": 3166.523796185131,
        "n_hot_stdev": 5.587532175462996e+16,
        "start_index": 53,
        "end_index": 467,
        "mswe": 3.4470384297959926e+18,
        "mse": 9.277775696090984e+19
    },
    "2nlsq": {
        "a1": 1484723087665923.2,
        "b1": -2.6790584367811574,
        "a2": 14570170973314.963,
        "b2": -0.5209437958653752,
        "a0": -11726752956.84082,
        "a1_stdev": 2437367578982140.5,
        "b1_stdev": 0.6123775229794776,
        "a2_stdev": 822797373984.3953,
        "b2_stdev": 0.009797843696048709,
        "a0_stdev": 2276182155.5764613,
        "start_index": 53,
        "end_index": 467,
        "t_hot": 1.919592877267752,
        "n_hot": 14570170973314.963,
        "t_hot_stdev": 0.03610345515349657,
        "n_hot_stdev": 822797373984.3953,
        "mswe": 3.1910311258482094e+18,
        "mse": 9.575383036299959e+19
    },
    "1nlsq": null,
    "true_params": {
        "t_hot": 1.8447,
        "t_hot_stdev": 0.019
    },
    "histogram": {
        "i": 1e+17,
        "l": 0.02,
        "a": 1.0,
        "filename": "hist_1e17_002_1"
    }
}