{
    "3exp": {
        "a1": 4954826023899791.0,
        "b1": -1.5398353831391485,
        "a2": 124853087409208.53,
        "b2": -0.3157266128493474,
        "a3": 11721452628164.002,
        "b3": -0.10545714708101019,
        "t_hot": 9.482524681156214,
        "n_hot": 11721452628164.002,
        "start_index": 0,
        "end_index": 310,
        "a1_stdev": 5.336436316719301e+20,
        "b1_stdev": 38909.62498992579,
        "a2_stdev": 3.2030115982714854e+18,
        "b2_stdev": 6001.166090608765,
        "a3_stdev": 7.99884221349226e+17,
        "b3_stdev": 2430.780389737397,
        "t_hot_stdev": 218571.57791732086,
        "n_hot_stdev": 7.99884221349226e+17,
        "critical_energy": 3.0070690439435044,
        "mswe": 1.910766180135832e+20,
        "mse": 7.701139352877795e+21
    },
    "2exp": {
        "a0": 367530036348.94226,
        "a1": 238594605733105.47,
        "b1": -0.5641577230465782,
        "a2": 53513685738390.266,
        "b2": -0.18903322045684795,
        "a0_stdev": 1.2683590778887444e+16,
        "a1_stdev": 3.3135451570905547e+19,
        "b1_stdev": 33694.538413916795,
        "a2_stdev": 2.902545240840592e+18,
        "b2_stdev": 3385.0483605580457,
        "t_hot": 5.2900754564898165,
        "n_hot": 53513685738390.266,
        "t_hot_stdev": 94730.23423048022,
        "n_hot_stdev": 2.902545240840592e+18,
        "start_index": 26,
        "end_index": 310,
        "mswe": 1.9531583913419112e+20,
        "mse": 6.317054544330114e+20
    },
    "2nlsq": {
        "a1": 218658538802641.66,
        "b1": -0.5260512234803796,
        "a2": 46659441834320.68,
        "b2": -0.1770109032780636,
        "a0": 68339012451.007095,
        "a1_stdev": 128043507034288.97,
        "b1_stdev": 0.14735364181109456,
        "a2_stdev": 14546850674888.67,
        "b2_stdev": 0.018976825592717482,
        "a0_stdev": 80089214660.83853,
        "start_index": 26,
        "end_index": 310,
        "t_hot": 5.6493695104708666,
        "n_hot": 46659441834320.68,
        "t_hot_stdev": 0.6056525215320293,
        "n_hot_stdev": 14546850674888.67,
        "mswe": 1.4637482550690438e+20,
        "mse": 6.645052991353208e+20
    },
    "1nlsq": null,
    "true_params": {
        "t_hot": 6.7531,
        "t_hot_stdev": 0.2567
    },
    "histogram": {
        "i": 1e+18,
        "l": 0.01,
        "a": 1.0,
        "filename": "hist_1e18_001_1"
    }
}