{
    "3exp": {
        "a1": 752607042229309.0,
        "b1": -0.09774188118891308,
        "a2": 75259265349613.62,
        "b2": -0.014713458640596562,
        "a3": 6568049350042.839,
        "b3": -0.005258202298356724,
        "t_hot": 190.17906563095084,
        "n_hot": 6568049350042.839,
        "start_index": 0,
        "end_index": 925,
        "critical_energy": 51.26662786734429,
        "mse": 28084894.24704216
    },
    "2exp": {
        "a1": 76582405565936.75,
        "b1": -0.01452212856345524,
        "a2": 5695337446199.1045,
        "b2": -0.00507630522248904,
        "a1_stdev": 306948499400.9612,
        "b1_stdev": 0.00026216755803095017,
        "a2_stdev": 83849197916.26091,
        "b2_stdev": 0.00042754730799401947,
        "t_hot": 196.99367082377188,
        "n_hot": 5695337446199.1045,
        "t_hot_stdev": 16.591617320297082,
        "n_hot_stdev": 83849197916.26091,
        "start_index": 47,
        "end_index": 925,
        "mse": 27673267.166953
    },
    "nlsq": {
        "a1": 76767089314166.95,
        "b1": -0.015731788544341724,
        "a2": 10351893824774.67,
        "b2": -0.006373691237920231,
        "a0": 5092859128.932607,
        "a1_stdev": 1632361926988.3513,
        "b1_stdev": 0.0004081546144616114,
        "a2_stdev": 1170013929155.289,
        "b2_stdev": 0.00020643285067262023,
        "a0_stdev": 2127879.530443772,
        "start_index": 47,
        "end_index": 925,
        "t_hot": 156.89495500668545,
        "n_hot": 10351893824774.67,
        "t_hot_stdev": 5.081556606553008,
        "n_hot_stdev": 1170013929155.289,
        "mse": 22233256.946734086
    },
    "true_params": {
        "t_hot": 204.8367,
        "t_hot_stdev": 22.0574
    },
    "histogram": {
        "i": 1e+18,
        "l": 1.0,
        "a": 5.0,
        "filename": "hist_1e18_100_5"
    }
}