{
    "3exp": {
        "a1": 2131727359617100.8,
        "b1": -0.021790793532478567,
        "a2": 292883016674249.94,
        "b2": -0.0072025168100499195,
        "a3": 69266310066109.61,
        "b3": -0.002925631517363896,
        "t_hot": 341.80654469467765,
        "n_hot": 69266310066109.61,
        "start_index": 0,
        "end_index": 563,
        "a1_stdev": 1.4511681370193572e+18,
        "b1_stdev": 13.749679384299318,
        "a2_stdev": 5.2517461872856224e+17,
        "b2_stdev": 7.480544610336383,
        "a3_stdev": 1.0305192052080386e+17,
        "b3_stdev": 1.0229416570495304,
        "t_hot_stdev": 119512.02711112236,
        "n_hot_stdev": 1.0305192052080386e+17,
        "critical_energy": 136.06230989286087,
        "mswe": 1.3393690004317594e+16,
        "mse": 2.0983522355614077e+19
    },
    "2exp": {
        "a0": 266572750922.39603,
        "a1": 2864477443027490.0,
        "b1": -0.017761390120680304,
        "a2": 154755163897071.25,
        "b2": -0.003796007125151587,
        "a0_stdev": 204534729584150.38,
        "a1_stdev": 1.661462632468819e+19,
        "b1_stdev": 24.83444128944456,
        "a2_stdev": 9.981819334023227e+16,
        "b2_stdev": 0.869460799798715,
        "t_hot": 263.4347004709762,
        "n_hot": 154755163897071.25,
        "t_hot_stdev": 60338.70269858447,
        "n_hot_stdev": 9.981819334023227e+16,
        "start_index": 40,
        "end_index": 563,
        "mswe": 2.118266109579963e+16,
        "mse": 3.52735119033777e+17
    },
    "2nlsq": {
        "a1": 2249102345628328.5,
        "b1": -0.016465891464517,
        "a2": 142627027832258.0,
        "b2": -0.0036596468552252685,
        "a0": 14195628958.504404,
        "a1_stdev": 677230344369443.9,
        "b1_stdev": 0.001294193874099303,
        "a2_stdev": 5925487534754.936,
        "b2_stdev": 5.3845576719780754e-05,
        "a0_stdev": 13195097311.674677,
        "start_index": 40,
        "end_index": 563,
        "t_hot": 273.2504090038615,
        "n_hot": 142627027832258.0,
        "t_hot_stdev": 4.020422309524513,
        "n_hot_stdev": 5925487534754.936,
        "mswe": 1.0549697400464958e+16,
        "mse": 3.5995737747794944e+17
    },
    "1nlsq": null,
    "true_params": {
        "t_hot": 339.6019,
        "t_hot_stdev": 10.4521
    },
    "histogram": {
        "i": 1e+19,
        "l": 0.2,
        "a": 3.0,
        "filename": "hist_1e19_020_3"
    }
}