{
    "3exp": {
        "a1": 4704954828892576.0,
        "b1": -2.3908201424446824,
        "a2": 537556613715566.4,
        "b2": -1.280403806021748,
        "a3": 39220708358307.695,
        "b3": -0.34034626578381055,
        "t_hot": 2.938184139311828,
        "n_hot": 39220708358307.695,
        "start_index": 0,
        "end_index": 382,
        "a1_stdev": 2.0960140442971462e+20,
        "b1_stdev": 51508.690985909685,
        "a2_stdev": 5.666160908514998e+19,
        "b2_stdev": 24570.082539644147,
        "a3_stdev": 2.0338928421555184e+17,
        "b3_stdev": 481.78435362527273,
        "t_hot_stdev": 4159.208690391668,
        "n_hot_stdev": 2.0338928421555184e+17
    },
    "2exp": null,
    "2nlsq": null,
    "1nlsq": null,
    "true_params": {
        "t_hot": 2.8678,
        "t_hot_stdev": 0.0427
    },
    "histogram": {
        "i": 1e+17,
        "l": 0.2,
        "a": 2.0,
        "filename": "hist_1e17_020_2"
    }
}