{
    "3exp": {
        "a1": 5279067161746107.0,
        "b1": -0.023067506581909012,
        "a2": 788912567662912.4,
        "b2": -0.0027933301669106144,
        "a3": 93089292545891.23,
        "b3": -0.0013806336166621166,
        "t_hot": 724.3051218886341,
        "n_hot": 93089292545891.23,
        "start_index": 0,
        "end_index": 798,
        "critical_energy": 186.19307293541473,
        "mse": 15569574.455949621
    },
    "2exp": {
        "a1": 811159394752968.6,
        "b1": -0.002720053774183859,
        "a2": 65600121820166.78,
        "b2": -0.0012823861860611042,
        "a1_stdev": 1883182820829.946,
        "b1_stdev": 8.700434917159762e-05,
        "a2_stdev": 785690511216.4154,
        "b2_stdev": 0.00011969317069018312,
        "t_hot": 779.7962976126064,
        "n_hot": 65600121820166.78,
        "t_hot_stdev": 72.78329443052124,
        "n_hot_stdev": 785690511216.4154,
        "start_index": 33,
        "end_index": 798,
        "mse": 18872023.053318452
    },
    "nlsq": {
        "a1": 775564190230464.2,
        "b1": -0.0029524666070503917,
        "a2": 140185311246022.36,
        "b2": -0.0015202738489451786,
        "a0": -46896313196.35981,
        "a1_stdev": 8046301360608.029,
        "b1_stdev": 3.9707186019306374e-05,
        "a2_stdev": 12210764707739.6,
        "b2_stdev": 2.8808905711722007e-05,
        "a0_stdev": 1217880.9203670274,
        "start_index": 33,
        "end_index": 798,
        "t_hot": 657.7762293904065,
        "n_hot": 140185311246022.36,
        "t_hot_stdev": 12.464736787433603,
        "n_hot_stdev": 12210764707739.6,
        "mse": 8845007.859367214
    },
    "true_params": {
        "t_hot": 592.6299,
        "t_hot_stdev": 5.6191
    },
    "histogram": {
        "i": 1e+19,
        "l": 1.0,
        "a": 0.0,
        "filename": "hist_1e19_100_0"
    }
}