{
    "3exp": {
        "a1": 5660434948801032.0,
        "b1": -0.0251881887605713,
        "a2": 997863194159848.5,
        "b2": -0.006317516738588911,
        "a3": 60065091207068.68,
        "b3": -0.002883863424674976,
        "t_hot": 346.75705910473357,
        "n_hot": 60065091207068.68,
        "start_index": 0,
        "end_index": 366,
        "a1_stdev": 1.6805547807193074e+19,
        "b1_stdev": 53.446570841332154,
        "a2_stdev": 1.7951204899442857e+18,
        "b2_stdev": 20.222335461633246,
        "a3_stdev": 2.582227573743139e+18,
        "b3_stdev": 31.986680755231337,
        "t_hot_stdev": 3846093.14515512,
        "n_hot_stdev": 2.582227573743139e+18
    },
    "2exp": null,
    "2nlsq": null,
    "1nlsq": null,
    "true_params": {
        "t_hot": 313.8848,
        "t_hot_stdev": 10.973
    },
    "histogram": {
        "i": 1e+19,
        "l": 0.1,
        "a": 10.0,
        "filename": "hist_1e19_010_10"
    }
}