{
    "3exp": {
        "a1": 1582089131695085.8,
        "b1": -0.056446463601511815,
        "a2": 259311384527564.28,
        "b2": -0.014141888619042482,
        "a3": 90109104744104.33,
        "b3": -0.00846160420515183,
        "t_hot": 118.18089995170797,
        "n_hot": 90109104744104.33,
        "start_index": 0,
        "end_index": 409,
        "a1_stdev": 6.72212353821792e+18,
        "b1_stdev": 313.34976848088,
        "a2_stdev": 1.2370295379956582e+19,
        "b2_stdev": 440.48424704427794,
        "a3_stdev": 1.6288018937088268e+19,
        "b3_stdev": 286.2144445625998,
        "t_hot_stdev": 3997478.4706890383,
        "n_hot_stdev": 1.6288018937088268e+19
    },
    "2exp": null,
    "2nlsq": null,
    "1nlsq": null,
    "true_params": {
        "t_hot": 97.9041,
        "t_hot_stdev": 1.0184
    },
    "histogram": {
        "i": 1e+18,
        "l": 0.2,
        "a": 50.0,
        "filename": "hist_1e18_020_50"
    }
}