{
    "3exp": {
        "a1": 2610143500685127.5,
        "b1": -0.4391673762946907,
        "a2": 202327367317085.06,
        "b2": -0.13957078646295634,
        "a3": 41791667070064.06,
        "b3": -0.046857153706239704,
        "t_hot": 21.341458473326682,
        "n_hot": 41791667070064.06,
        "start_index": 0,
        "end_index": 287,
        "a1_stdev": 1.0088400744644056e+20,
        "b1_stdev": 7593.70474432638,
        "a2_stdev": 9.135649779663905e+18,
        "b2_stdev": 3139.966221249312,
        "a3_stdev": 1.0551965281961862e+18,
        "b3_stdev": 361.2518889789596,
        "t_hot_stdev": 164535.0085792479,
        "n_hot_stdev": 1.0551965281961862e+18,
        "critical_energy": 8.535722871436418,
        "mswe": 3.6429254061604532e+19,
        "mse": 6.740118752998448e+21
    },
    "2exp": {
        "a0": 234667370814.9169,
        "a1": 382633285786692.4,
        "b1": -0.18856752806327043,
        "a2": 59957866467527.75,
        "b2": -0.054487862507477246,
        "a0_stdev": 1.979070331860598e+16,
        "a1_stdev": 2.74932654128099e+19,
        "b1_stdev": 5563.703423367885,
        "a2_stdev": 1.806372835522128e+18,
        "b2_stdev": 672.8802770138171,
        "t_hot": 18.352711117320343,
        "n_hot": 59957866467527.75,
        "t_hot_stdev": 226640.88426816935,
        "n_hot_stdev": 1.806372835522128e+18,
        "start_index": 31,
        "end_index": 287,
        "mswe": 3.7146651581624795e+19,
        "mse": 1.289840213366606e+20
    },
    "2nlsq": {
        "a1": 310150060306158.25,
        "b1": -0.1706147270861665,
        "a2": 53192934107588.7,
        "b2": -0.051592079591074175,
        "a0": -38376848287.15873,
        "a1_stdev": 122079918679110.25,
        "b1_stdev": 0.03281610344615934,
        "a2_stdev": 13062525310601.473,
        "b2_stdev": 0.005287750728121339,
        "a0_stdev": 161245216124.84833,
        "start_index": 31,
        "end_index": 287,
        "t_hot": 19.38282015235935,
        "n_hot": 53192934107588.7,
        "t_hot_stdev": 1.986574725927794,
        "n_hot_stdev": 13062525310601.473,
        "mswe": 3.338992539878244e+19,
        "mse": 1.3276599792895164e+20
    },
    "1nlsq": null,
    "true_params": {
        "t_hot": 19.5667,
        "t_hot_stdev": 0.6019
    },
    "histogram": {
        "i": 1e+18,
        "l": 0.01,
        "a": 20.0,
        "filename": "hist_1e18_001_20"
    }
}