{
    "3exp": {
        "a1": 398800236753987.44,
        "b1": -0.14285719865106652,
        "a2": 59886872843910.41,
        "b2": -0.03513135305774992,
        "a3": 13263626247693.668,
        "b3": -0.013858426680618744,
        "t_hot": 72.1582632030314,
        "n_hot": 13263626247693.668,
        "start_index": 0,
        "end_index": 544,
        "critical_energy": 26.38346985570945,
        "mse": 824248798.9018104
    },
    "2exp": {
        "a1": 61804145644518.98,
        "b1": -0.035959720072218315,
        "a2": 13981158934879.193,
        "b2": -0.01411537270770197,
        "a1_stdev": 1179014638925.1426,
        "b1_stdev": 0.002917139947408004,
        "a2_stdev": 294647977250.26385,
        "b2_stdev": 0.004967949537853615,
        "t_hot": 70.8447464128493,
        "n_hot": 13981158934879.193,
        "t_hot_stdev": 24.934029904079694,
        "n_hot_stdev": 294647977250.26385,
        "start_index": 46,
        "end_index": 544,
        "mse": 838766748.6016138
    },
    "nlsq": {
        "a1": 63000879350427.875,
        "b1": -0.04547613942121998,
        "a2": 25464964287102.35,
        "b2": -0.017475895296492416,
        "a0": -58952951803.4772,
        "a1_stdev": 13693793626056.29,
        "b1_stdev": 0.008254640749092696,
        "a2_stdev": 5074730881417.19,
        "b2_stdev": 0.0010483848695491305,
        "a0_stdev": 37300902.514005415,
        "start_index": 46,
        "end_index": 544,
        "t_hot": 57.221674943355254,
        "n_hot": 25464964287102.35,
        "t_hot_stdev": 3.4327476334166924,
        "n_hot_stdev": 5074730881417.19,
        "mse": 328890350.59846675
    },
    "true_params": {
        "t_hot": 61.5832,
        "t_hot_stdev": 2.2502
    },
    "histogram": {
        "i": 1e+18,
        "l": 0.2,
        "a": 4.0,
        "filename": "hist_1e18_020_4"
    }
}