{
    "3exp": {
        "a1": 689803841362301.5,
        "b1": -1.3440610030562754,
        "a2": 87248396383937.38,
        "b2": -0.29383501546400803,
        "a3": 3594649145987.7456,
        "b3": -0.06360139483507223,
        "t_hot": 15.722925614967206,
        "n_hot": 3594649145987.7456,
        "start_index": 0,
        "end_index": 563,
        "critical_energy": 4.105526518858464,
        "mse": 7482709183.613987
    },
    "2exp": {
        "a1": 106017925441932.84,
        "b1": -0.3173233256867048,
        "a2": 4050938010592.517,
        "b2": -0.06780733052230965,
        "a1_stdev": 945746474078.633,
        "b1_stdev": 0.004677550523334109,
        "a2_stdev": 90423274225.65317,
        "b2_stdev": 0.01076983995077234,
        "t_hot": 14.747668021984506,
        "n_hot": 4050938010592.517,
        "t_hot_stdev": 2.3423724694727355,
        "n_hot_stdev": 90423274225.65317,
        "start_index": 40,
        "end_index": 563,
        "mse": 7154429738.884824
    },
    "nlsq": {
        "a1": 163215667404710.5,
        "b1": -0.431201256848294,
        "a2": 15297820397170.719,
        "b2": -0.13102790670261946,
        "a0": 58462960.75111766,
        "a1_stdev": 47736889613674.49,
        "b1_stdev": 0.05168182116014412,
        "a2_stdev": 2904120900432.603,
        "b2_stdev": 0.008247178749812102,
        "a0_stdev": 187343480.1527846,
        "start_index": 40,
        "end_index": 563,
        "t_hot": 7.631961962649659,
        "n_hot": 15297820397170.719,
        "t_hot_stdev": 0.48037212912659777,
        "n_hot_stdev": 2904120900432.603,
        "mse": 2668184254.32015
    },
    "true_params": {
        "t_hot": 9.9542,
        "t_hot_stdev": 0.6897
    },
    "histogram": {
        "i": 1e+17,
        "l": 0.05,
        "a": 10.0,
        "filename": "hist_1e17_005_10"
    }
}