{
    "3exp": {
        "a1": 513213182927851.5,
        "b1": -0.20971858381639336,
        "a2": 32997626247216.188,
        "b2": -0.028829623976613122,
        "a3": -4005506521.327345,
        "b3": 0.013096667961779917,
        "t_hot": 34.686543286558646,
        "n_hot": 32997626247216.188,
        "start_index": 0,
        "end_index": 600,
        "a1_stdev": 5.819391653375048e+17,
        "b1_stdev": 119.7969151427696,
        "a2_stdev": 2.2433413268233452e+16,
        "b2_stdev": 12.322161449771649,
        "a3_stdev": 295138339281923.25,
        "b3_stdev": 357.2340834947077,
        "t_hot_stdev": 14825.485995176015,
        "n_hot_stdev": 2.2433413268233452e+16,
        "critical_energy": 15.170940755952921,
        "mswe": 3.2851594012383584e+17,
        "mse": 7.190121651943841e+18
    },
    "2exp": {
        "a0": -134492097098.54448,
        "a1": 63073283747356.72,
        "b1": -0.10435389256129862,
        "a2": 27198419868169.867,
        "b2": -0.02597758464020106,
        "a0_stdev": 374912800456147.75,
        "a1_stdev": 7.786703905330945e+17,
        "b1_stdev": 565.774918514427,
        "a2_stdev": 4.351584744844676e+16,
        "b2_stdev": 17.356612125083142,
        "t_hot": 38.49472588966071,
        "n_hot": 27198419868169.867,
        "t_hot_stdev": 25719.790172265442,
        "n_hot_stdev": 4.351584744844676e+16,
        "start_index": 48,
        "end_index": 600,
        "mswe": 3.041244646327969e+17,
        "mse": 7.12019833126065e+18
    },
    "2nlsq": {
        "a1": 422912542247868.2,
        "b1": -0.20116738474832704,
        "a2": 33401053212812.81,
        "b2": -0.0292334633260226,
        "a0": -87707951087.37328,
        "a1_stdev": 663239276805803.4,
        "b1_stdev": 0.06471468854126411,
        "a2_stdev": 1102272112307.6204,
        "b2_stdev": 0.00045288869150436487,
        "a0_stdev": 9082007315.517584,
        "start_index": 48,
        "end_index": 600,
        "t_hot": 34.207373544749835,
        "n_hot": 33401053212812.81,
        "t_hot_stdev": 0.5299451683746356,
        "n_hot_stdev": 1102272112307.6204,
        "mswe": 2.6059487813782678e+17,
        "mse": 7.352428224546035e+18
    },
    "1nlsq": null,
    "true_params": {
        "t_hot": 34.6991,
        "t_hot_stdev": 0.5763
    },
    "histogram": {
        "i": 1e+18,
        "l": 0.1,
        "a": 4.0,
        "filename": "hist_1e18_010_4"
    }
}