{
    "3exp": {
        "a1": 5927991117698563.0,
        "b1": -0.03726679074716478,
        "a2": 1132431807976176.8,
        "b2": -0.012355988004923997,
        "a3": 529472040271219.94,
        "b3": -0.006110768430224944,
        "t_hot": 163.64554006887624,
        "n_hot": 529472040271219.94,
        "start_index": 0,
        "end_index": 424,
        "a1_stdev": 1.914738615865923e+19,
        "b1_stdev": 94.56981186661073,
        "a2_stdev": 4.5684554490456684e+18,
        "b2_stdev": 40.933005351683285,
        "a3_stdev": 2.3420534785174743e+18,
        "b3_stdev": 5.27137599879516,
        "t_hot_stdev": 141166.72593289404,
        "n_hot_stdev": 2.3420534785174743e+18
    },
    "2exp": null,
    "2nlsq": null,
    "1nlsq": null,
    "true_params": {
        "t_hot": 177.2035,
        "t_hot_stdev": 5.973
    },
    "histogram": {
        "i": 1e+19,
        "l": 0.1,
        "a": 3.0,
        "filename": "hist_1e19_010_3"
    }
}