{
    "3exp": {
        "a1": 1454189286588891.0,
        "b1": -1.2983234146347107,
        "a2": 120530823106940.83,
        "b2": -0.32911007087346483,
        "a3": 15959757420090.455,
        "b3": -0.08944406655040332,
        "t_hot": 11.180171458734852,
        "n_hot": 15959757420090.455,
        "start_index": 0,
        "end_index": 354,
        "a1_stdev": 1.624384415384696e+20,
        "b1_stdev": 47919.53272759982,
        "a2_stdev": 4.770557997845622e+18,
        "b2_stdev": 7641.019609738796,
        "a3_stdev": 6.213502874130579e+17,
        "b3_stdev": 1442.3444918757593,
        "t_hot_stdev": 180287.62939401568,
        "n_hot_stdev": 6.213502874130579e+17
    },
    "2exp": null,
    "2nlsq": null,
    "1nlsq": null,
    "true_params": {
        "t_hot": 9.5788,
        "t_hot_stdev": 0.4069
    },
    "histogram": {
        "i": 1e+17,
        "l": 0.02,
        "a": 20.0,
        "filename": "hist_1e17_002_20"
    }
}