{
    "3exp": {
        "a1": 399862416444231.3,
        "b1": -0.20298986403045688,
        "a2": 28147253661753.582,
        "b2": -0.03186110899490953,
        "a3": 93335812184.3344,
        "b3": -0.010035477448674978,
        "t_hot": 99.64647971303386,
        "n_hot": 93335812184.3344,
        "start_index": 0,
        "end_index": 519,
        "critical_energy": 43.34014936334453,
        "mse": 648191518.3884186
    },
    "2exp": {
        "a1": 26340974609135.85,
        "b1": -0.02995863494942659,
        "a2": -217765534219.06052,
        "b2": -0.008835121333103423,
        "a1_stdev": 511645077794.3844,
        "b1_stdev": 0.058329026145655306,
        "a2_stdev": 93482225043.52036,
        "b2_stdev": 0.07720756030714712,
        "t_hot": 113.18463689380259,
        "n_hot": -217765534219.06052,
        "t_hot_stdev": 989.0876819176918,
        "n_hot_stdev": 93482225043.52036,
        "start_index": 130,
        "end_index": 514,
        "mse": 502319432.0596347
    },
    "nlsq": null,
    "true_params": {
        "t_hot": 31.7386,
        "t_hot_stdev": 0.6593
    },
    "histogram": {
        "i": 1e+18,
        "l": 0.1,
        "a": 2.0,
        "filename": "hist_1e18_010_2"
    }
}