{
    "3exp": {
        "a1": 383529467216696.94,
        "b1": -0.06880890973415141,
        "a2": 46848568038437.195,
        "b2": -0.020158624698682317,
        "a3": 26186857707199.098,
        "b3": -0.008862433132697023,
        "t_hot": 112.83583018647602,
        "n_hot": 26186857707199.098,
        "start_index": 0,
        "end_index": 467,
        "a1_stdev": 1.3784648621830072e+18,
        "b1_stdev": 373.75647687083926,
        "a2_stdev": 6.191157978687256e+17,
        "b2_stdev": 482.0603700578436,
        "a3_stdev": 8.755515485955896e+17,
        "b3_stdev": 82.0181876541749,
        "t_hot_stdev": 1044249.3788985732,
        "n_hot_stdev": 8.755515485955896e+17
    },
    "2exp": null,
    "2nlsq": null,
    "1nlsq": null,
    "true_params": {
        "t_hot": 112.9096,
        "t_hot_stdev": 6.9148
    },
    "histogram": {
        "i": 1e+18,
        "l": 0.2,
        "a": 10.0,
        "filename": "hist_1e18_020_10"
    }
}