{
    "3exp": {
        "a1": 2513497913981622.5,
        "b1": -0.4273113578991736,
        "a2": 184524899633794.1,
        "b2": -0.1261784729351956,
        "a3": 32639288887254.465,
        "b3": -0.042524814106653056,
        "t_hot": 23.515681867344103,
        "n_hot": 32639288887254.465,
        "start_index": 0,
        "end_index": 188,
        "a1_stdev": 1.6924404773433295e+20,
        "b1_stdev": 13944.750383344275,
        "a2_stdev": 1.5654377585252835e+19,
        "b2_stdev": 8621.717220977605,
        "a3_stdev": 5.086872424363917e+18,
        "b3_stdev": 2487.713814726575,
        "t_hot_stdev": 1375674.129871263,
        "n_hot_stdev": 5.086872424363917e+18
    },
    "2exp": null,
    "2nlsq": null,
    "1nlsq": null,
    "true_params": {
        "t_hot": 19.5667,
        "t_hot_stdev": 0.6019
    },
    "histogram": {
        "i": 1e+18,
        "l": 0.01,
        "a": 20.0,
        "filename": "hist_1e18_001_20"
    }
}