{
    "3exp": {
        "a1": 6113499244937704.0,
        "b1": -3.7976106480227374,
        "a2": 94078370747642.48,
        "b2": -1.7426962902989547,
        "a3": 14362940788547.719,
        "b3": -0.5171603861701908,
        "t_hot": 1.9336361151043633,
        "n_hot": 14362940788547.719,
        "start_index": 0,
        "end_index": 467,
        "critical_energy": 1.8453574295974877,
        "mse": 1503147090.8876202
    },
    "2exp": {
        "a1": 565361206690259.8,
        "b1": -2.309155246429592,
        "a2": 14345416320660.414,
        "b2": -0.5193520488334878,
        "a1_stdev": 24002701695802.484,
        "b1_stdev": 0.07411835365223512,
        "a2_stdev": 130616556174.65526,
        "b2_stdev": 0.2331765165203817,
        "t_hot": 1.9254761818040218,
        "n_hot": 14345416320660.414,
        "t_hot_stdev": 0.8644922643984321,
        "n_hot_stdev": 130616556174.65526,
        "start_index": 46,
        "end_index": 467,
        "mse": 1275689168.302645
    },
    "nlsq": {
        "a1": 4853573078465994.0,
        "b1": -3.2399422627408185,
        "a2": 17081812675065.672,
        "b2": -0.5552850859231565,
        "a0": 0.0,
        "a1_stdev": Infinity,
        "b1_stdev": Infinity,
        "a2_stdev": Infinity,
        "b2_stdev": Infinity,
        "a0_stdev": Infinity,
        "start_index": 46,
        "end_index": 467,
        "t_hot": 1.8008767484498687,
        "n_hot": 17081812675065.672,
        "t_hot_stdev": Infinity,
        "n_hot_stdev": Infinity,
        "mse": 1118000019.8246124
    },
    "true_params": {
        "t_hot": 1.8447,
        "t_hot_stdev": 0.019
    },
    "histogram": {
        "i": 1e+17,
        "l": 0.02,
        "a": 1.0,
        "filename": "hist_1e17_002_1"
    }
}