{
    "3exp": {
        "a1": 525092334281921.5,
        "b1": -0.07990977276545821,
        "a2": 57162335521501.24,
        "b2": -0.01135024597360577,
        "a3": -4150792329.8967695,
        "b3": 0.008434779152423978,
        "t_hot": 88.10381751421356,
        "n_hot": 57162335521501.24,
        "start_index": 0,
        "end_index": 583,
        "critical_energy": NaN,
        "mse": 467417555.57845664
    },
    "2exp": {
        "a1": 324308489299417.1,
        "b1": -0.06535292462611238,
        "a2": 55200923476254.76,
        "b2": -0.01128487403248983,
        "a1_stdev": 4209575567064.9385,
        "b1_stdev": 0.0004889809446225694,
        "a2_stdev": 235595373354.71545,
        "b2_stdev": 0.001964013073413567,
        "t_hot": 88.61419251299925,
        "n_hot": 55200923476254.76,
        "t_hot_stdev": 15.422363783986173,
        "n_hot_stdev": 235595373354.71545,
        "start_index": 25,
        "end_index": 583,
        "mse": 2735479410.649552
    },
    "nlsq": {
        "a1": 377459547926429.3,
        "b1": -0.06951178772525296,
        "a2": 56436689740998.23,
        "b2": -0.011251578466656371,
        "a0": -281964749573.432,
        "a1_stdev": 83017719616183.58,
        "b1_stdev": 0.005480908760370525,
        "a2_stdev": 1427175103988.7615,
        "b2_stdev": 0.00014501569721168844,
        "a0_stdev": 28965162.975854743,
        "start_index": 25,
        "end_index": 583,
        "t_hot": 88.8764188032339,
        "n_hot": 56436689740998.23,
        "t_hot_stdev": 1.1454815763515753,
        "n_hot_stdev": 1427175103988.7615,
        "mse": 274539610.45399165
    },
    "true_params": {
        "t_hot": 88.1193,
        "t_hot_stdev": 1.1691
    },
    "histogram": {
        "i": 1e+18,
        "l": 0.5,
        "a": 45.0,
        "filename": "hist_1e18_050_45"
    }
}