{
    "3exp": {
        "a1": 2119659468028978.8,
        "b1": -1.7094376032909473,
        "a2": 87901243477040.9,
        "b2": -0.34012567475132055,
        "a3": 5242689991888.757,
        "b3": -0.08189062293998504,
        "t_hot": 12.211410343439043,
        "n_hot": 5242689991888.757,
        "start_index": 0,
        "end_index": 436,
        "a1_stdev": 1.5485294118468246e+20,
        "b1_stdev": 33348.669478722855,
        "a2_stdev": 1.477152962975318e+18,
        "b2_stdev": 3729.6579386243934,
        "a3_stdev": 2.1015446809826963e+17,
        "b3_stdev": 1581.8390538127992,
        "t_hot_stdev": 235881.53429412626,
        "n_hot_stdev": 2.1015446809826963e+17,
        "critical_energy": 2.3243767245806723,
        "mswe": 1.4718315504987944e+20,
        "mse": 3.833754138932516e+21
    },
    "2exp": {
        "a0": 331974183145.5107,
        "a1": 110914382008115.56,
        "b1": -0.44582301622658893,
        "a2": 17494944912946.168,
        "b2": -0.15810368071246794,
        "a0_stdev": 1.4736501791087904e+16,
        "a1_stdev": 2.5092835949221217e+18,
        "b1_stdev": 10868.010509463511,
        "a2_stdev": 1.3705997126757466e+18,
        "b2_stdev": 4887.185959914518,
        "t_hot": 6.324963438508618,
        "n_hot": 17494944912946.168,
        "t_hot_stdev": 195512.66848662513,
        "n_hot_stdev": 1.3705997126757466e+18,
        "start_index": 26,
        "end_index": 436,
        "mswe": 1.4669046675772719e+20,
        "mse": 4.86730680014088e+20
    },
    "2nlsq": {
        "a1": 105738950558254.73,
        "b1": -0.43246472620219195,
        "a2": 16805728034508.436,
        "b2": -0.1556381853452277,
        "a0": 180341060992.34323,
        "a1_stdev": 11784816065159.334,
        "b1_stdev": 0.05719444260134013,
        "a2_stdev": 7609461874991.671,
        "b2_stdev": 0.027795141175100423,
        "a0_stdev": 83402431872.72214,
        "start_index": 26,
        "end_index": 436,
        "t_hot": 6.425158438990132,
        "n_hot": 16805728034508.436,
        "t_hot_stdev": 1.1474573896372828,
        "n_hot_stdev": 7609461874991.671,
        "mswe": 1.2586101949399509e+20,
        "mse": 5.05930390736351e+20
    },
    "1nlsq": null,
    "true_params": {
        "t_hot": 8.8364,
        "t_hot_stdev": 0.6769
    },
    "histogram": {
        "i": 1e+17,
        "l": 0.01,
        "a": 20.0,
        "filename": "hist_1e17_001_20"
    }
}