{
    "3exp": {
        "a1": 4623584069557233.0,
        "b1": -0.03090583937099253,
        "a2": 1163053080891863.8,
        "b2": -0.007584281906953609,
        "a3": 128910474244135.6,
        "b3": -0.0025603795453711027,
        "t_hot": 390.5670945574827,
        "n_hot": 128910474244135.6,
        "start_index": 0,
        "end_index": 671,
        "a1_stdev": 6.885651541202609e+18,
        "b1_stdev": 24.82392772483129,
        "a2_stdev": 6.174255928253777e+17,
        "b2_stdev": 2.6411121114711484,
        "a3_stdev": 1.1450661979924984e+17,
        "b3_stdev": 0.6687429389767655,
        "t_hot_stdev": 102011.82365879681,
        "n_hot_stdev": 1.1450661979924984e+17
    },
    "2exp": null,
    "2nlsq": null,
    "1nlsq": null,
    "true_params": {
        "t_hot": 373.9101,
        "t_hot_stdev": 4.7886
    },
    "histogram": {
        "i": 1e+19,
        "l": 0.5,
        "a": 50.0,
        "filename": "hist_1e19_050_50"
    }
}