{
    "3exp": {
        "a1": 152066635179845.78,
        "b1": -0.16098077542569356,
        "a2": 4200640507149.1416,
        "b2": -0.015468647321630816,
        "a3": 498281449944.3132,
        "b3": -0.006776387185696039,
        "t_hot": 147.5712607022889,
        "n_hot": 498281449944.3132,
        "start_index": 0,
        "end_index": 409,
        "critical_energy": 37.0995214889011,
        "mse": 1222104279.8023598
    },
    "2exp": {
        "a1": 4010844023756.883,
        "b1": -0.012098160417929224,
        "a2": -20376940435.79051,
        "b2": 0.00560066214100064,
        "a1_stdev": 65295793483.637924,
        "b1_stdev": 0.009377503155965793,
        "a2_stdev": 6945636636.287775,
        "b2_stdev": 0.01185128070221779,
        "t_hot": 82.65719460274478,
        "n_hot": 4010844023756.883,
        "t_hot_stdev": 64.06908790048847,
        "n_hot_stdev": 65295793483.637924,
        "start_index": 72,
        "end_index": 409,
        "mse": 1063318260.3709836
    },
    "nlsq": null,
    "true_params": {
        "t_hot": 82.2759,
        "t_hot_stdev": 3.7037
    },
    "histogram": {
        "i": 1e+17,
        "l": 1.0,
        "a": 30.0,
        "filename": "hist_1e17_100_30"
    }
}