{
    "3exp": {
        "a1": 3.6014932296643516e+16,
        "b1": -0.05280431357645382,
        "a2": 3817605065096970.0,
        "b2": -0.01455487304951555,
        "a3": 1142798957713237.0,
        "b3": -0.0074045955878238225,
        "t_hot": 135.05126487183287,
        "n_hot": 1142798957713237.0,
        "start_index": 0,
        "end_index": 560,
        "a1_stdev": 2.764566023111041e+19,
        "b1_stdev": 21.110635704546606,
        "a2_stdev": 2.1727931311465454e+18,
        "b2_stdev": 8.268657754287599,
        "a3_stdev": 1.5765701219185357e+18,
        "b3_stdev": 1.9351501975758676,
        "t_hot_stdev": 35294.90284781456,
        "n_hot_stdev": 1.5765701219185357e+18,
        "critical_energy": 58.67563885536193,
        "mswe": 6.2100088650107e+16,
        "mse": 8.147539374455851e+21
    },
    "2exp": {
        "a0": 629900157132.4186,
        "a1": 6504512707206845.0,
        "b1": -0.023063588984532868,
        "a2": 2244988542052209.0,
        "b2": -0.008659986182187607,
        "a0_stdev": 549730762978457.56,
        "a1_stdev": 2.1754212384128053e+19,
        "b1_stdev": 36.22004387552657,
        "a2_stdev": 2.4216601488050514e+18,
        "b2_stdev": 2.3437913723056876,
        "t_hot": 115.47362535714683,
        "n_hot": 2244988542052209.0,
        "t_hot_stdev": 31252.484836248535,
        "n_hot_stdev": 2.4216601488050514e+18,
        "start_index": 31,
        "end_index": 560,
        "mswe": 2.53862172063425e+17,
        "mse": 1.276350838278135e+19
    },
    "2nlsq": {
        "a1": 4826623951045376.0,
        "b1": -0.017837178950276904,
        "a2": 1619300392518749.5,
        "b2": -0.007966882482978697,
        "a0": 5858090002.433518,
        "a1_stdev": 196217457779730.22,
        "b1_stdev": 0.0005822178354980075,
        "a2_stdev": 80410729577418.72,
        "b2_stdev": 8.879721087137112e-05,
        "a0_stdev": 16952345052.83041,
        "start_index": 31,
        "end_index": 560,
        "t_hot": 125.51961223684513,
        "n_hot": 1619300392518749.5,
        "t_hot_stdev": 1.3990154241763875,
        "n_hot_stdev": 80410729577418.72,
        "mswe": 6.2975310218663224e+16,
        "mse": 1.6330625115368897e+19
    },
    "1nlsq": null,
    "true_params": {
        "t_hot": 141.4644,
        "t_hot_stdev": 2.9818
    },
    "histogram": {
        "i": 1e+19,
        "l": 0.05,
        "a": 50.0,
        "filename": "hist_1e19_005_50"
    }
}