{
    "3exp": {
        "a1": 6805511400595961.0,
        "b1": -2.389352446830266,
        "a2": 518396505926162.1,
        "b2": -1.1115605706557121,
        "a3": 15146441851958.508,
        "b3": -0.4026885576511678,
        "t_hot": 2.4833087034627344,
        "n_hot": 15146441851958.508,
        "start_index": 0,
        "end_index": 398,
        "a1_stdev": 7.071971667608888e+19,
        "b1_stdev": 10485.017641738837,
        "a2_stdev": 1.0951344388104673e+19,
        "b2_stdev": 5636.6073706861935,
        "a3_stdev": 2.001440698353894e+17,
        "b3_stdev": 1156.4900565303792,
        "t_hot_stdev": 7131.868458347967,
        "n_hot_stdev": 2.001440698353894e+17,
        "critical_energy": 2.0149976737827573,
        "mswe": 1.3823647079429681e+19,
        "mse": 1.0402968187578008e+22
    },
    "2exp": {
        "a0": 39354862123.45791,
        "a1": 1666805379492698.0,
        "b1": -1.4765815437226002,
        "a2": 39682268588659.65,
        "b2": -0.5192079488227145,
        "a0_stdev": 451702973088118.94,
        "a1_stdev": 2.3102046153766134e+19,
        "b1_stdev": 5444.890544091716,
        "a2_stdev": 5.43484234550033e+17,
        "b2_stdev": 1767.0124888480896,
        "t_hot": 1.9260105748909746,
        "n_hot": 39682268588659.65,
        "t_hot_stdev": 6554.762397614804,
        "n_hot_stdev": 5.43484234550033e+17,
        "start_index": 36,
        "end_index": 398,
        "mswe": 1.7265326324777243e+19,
        "mse": 2.591139665905954e+20
    },
    "2nlsq": {
        "a1": 1474264817984705.2,
        "b1": -1.418582621893185,
        "a2": 30709999814898.773,
        "b2": -0.4796640673631941,
        "a0": -15958028248.032507,
        "a1_stdev": 180660772234699.62,
        "b1_stdev": 0.04746443840496359,
        "a2_stdev": 4271384641941.1553,
        "b2_stdev": 0.017625661921288154,
        "a0_stdev": 5393111035.539332,
        "start_index": 36,
        "end_index": 398,
        "t_hot": 2.0847923954303953,
        "n_hot": 30709999814898.773,
        "t_hot_stdev": 0.0766074601750505,
        "n_hot_stdev": 4271384641941.1553,
        "mswe": 9.010637617728861e+18,
        "mse": 2.6612790656999693e+20
    },
    "1nlsq": null,
    "true_params": {
        "t_hot": 2.1348,
        "t_hot_stdev": 0.0511
    },
    "histogram": {
        "i": 1e+17,
        "l": 1.0,
        "a": 45.0,
        "filename": "hist_1e17_100_45"
    }
}