{
    "3exp": {
        "a1": 1.508222367172162e+16,
        "b1": -4.028617576007388,
        "a2": 45582849293338.375,
        "b2": -1.0350664250513526,
        "a3": 4959449680614.746,
        "b3": -0.31115249411651896,
        "t_hot": 3.2138582171400643,
        "n_hot": 4959449680614.746,
        "start_index": 0,
        "end_index": 118,
        "a1_stdev": 1.2192995001004376e+22,
        "b1_stdev": 589264.8113473089,
        "a2_stdev": 5.172349956453053e+19,
        "b2_stdev": 892733.3696256254,
        "a3_stdev": 1.4590965609549718e+19,
        "b3_stdev": 421624.8687478683,
        "t_hot_stdev": 4354914.630600736,
        "n_hot_stdev": 1.4590965609549718e+19
    },
    "2exp": null,
    "2nlsq": null,
    "1nlsq": null,
    "true_params": {
        "t_hot": 1.78,
        "t_hot_stdev": 0.1008
    },
    "histogram": {
        "i": 1e+17,
        "l": 0.01,
        "a": 4.0,
        "filename": "hist_1e17_001_4"
    }
}