{
    "3exp": {
        "a1": 4683852744059398.0,
        "b1": -0.016855731988536404,
        "a2": 746446231125936.5,
        "b2": -0.0023007023867866287,
        "a3": 8555230864596.365,
        "b3": -0.0005794371671532092,
        "t_hot": 1725.8126621615036,
        "n_hot": 8555230864596.365,
        "start_index": 0,
        "end_index": 709,
        "a1_stdev": 5.668755014981459e+18,
        "b1_stdev": 8.972541464347383,
        "a2_stdev": 1.4398233639869229e+17,
        "b2_stdev": 0.4014222275359251,
        "a3_stdev": 3.621800456968877e+16,
        "b3_stdev": 1.1165008715362454,
        "t_hot_stdev": 3325418.959364272,
        "n_hot_stdev": 3.621800456968877e+16,
        "critical_energy": 126.17993573202219,
        "mswe": 2.312086446382389e+16,
        "mse": 9.054800139897704e+17
    },
    "2exp": {
        "a0": 752379936111.7369,
        "a1": 389003564327495.56,
        "b1": -0.0037761487271008387,
        "a2": 506447868399729.0,
        "b2": -0.00199528534745558,
        "a0_stdev": 754010470214727.5,
        "a1_stdev": 9.094101505455821e+17,
        "b1_stdev": 8.838541185021805,
        "a2_stdev": 1.278961854949746e+18,
        "b2_stdev": 1.115827993739786,
        "t_hot": 501.18144819497434,
        "n_hot": 506447868399729.0,
        "t_hot_stdev": 280276.84889890096,
        "n_hot_stdev": 1.278961854949746e+18,
        "start_index": 26,
        "end_index": 709,
        "mswe": 2.5044529276348844e+16,
        "mse": 5.282554562467559e+17
    },
    "2nlsq": {
        "a1": 786814998066734.5,
        "b1": -0.0024999045745564643,
        "a2": 37048869106486.484,
        "b2": -0.0009623763314404213,
        "a0": -424492110695.55896,
        "a1_stdev": 7290383935546.583,
        "b1_stdev": 3.797121036838786e-05,
        "a2_stdev": 10789214603394.959,
        "b2_stdev": 0.00011449270456490005,
        "a0_stdev": 146494506369.69354,
        "start_index": 26,
        "end_index": 709,
        "t_hot": 1039.0945489102648,
        "n_hot": 37048869106486.484,
        "t_hot_stdev": 123.61977463152745,
        "n_hot_stdev": 10789214603394.959,
        "mswe": 1.2923032573551618e+16,
        "mse": 6.435065030129024e+17
    },
    "1nlsq": null,
    "true_params": {
        "t_hot": 692.8792032742878,
        "t_hot_stdev": 0.0
    },
    "histogram": {
        "i": 1e+19,
        "l": 0.5,
        "a": 20.0,
        "filename": "hist_1e19_050_20"
    }
}