{
    "3exp": {
        "a1": 9392574344002088.0,
        "b1": -0.04226266087568083,
        "a2": 1775878969844184.5,
        "b2": -0.015052884152777902,
        "a3": 855412357427443.9,
        "b3": -0.005819726392161442,
        "t_hot": 171.82938382582634,
        "n_hot": 855412357427443.9,
        "start_index": 0,
        "end_index": 396,
        "critical_energy": 65.7491248870395,
        "mse": 352618822.65293694
    },
    "2exp": {
        "a1": 3323222242397359.5,
        "b1": -0.019576253452499175,
        "a2": 953723616979362.9,
        "b2": -0.005988142289360694,
        "a1_stdev": 52726324282363.12,
        "b1_stdev": 0.0004146359364605526,
        "a2_stdev": 4223621953409.997,
        "b2_stdev": 0.00096885702171632,
        "t_hot": 166.99669975724007,
        "n_hot": 953723616979362.9,
        "t_hot_stdev": 27.019385536432825,
        "n_hot_stdev": 4223621953409.997,
        "start_index": 27,
        "end_index": 396,
        "mse": 332554116.6149775
    },
    "nlsq": {
        "a1": 5189991043608470.0,
        "b1": -0.023623251085544722,
        "a2": 1058538140287264.2,
        "b2": -0.006211738371801259,
        "a0": 0.0,
        "a1_stdev": Infinity,
        "b1_stdev": Infinity,
        "a2_stdev": Infinity,
        "b2_stdev": Infinity,
        "a0_stdev": Infinity,
        "start_index": 27,
        "end_index": 396,
        "t_hot": 160.9855309649855,
        "n_hot": 1058538140287264.2,
        "t_hot_stdev": Infinity,
        "n_hot_stdev": Infinity,
        "mse": 314084554.91667473
    },
    "true_params": {
        "t_hot": 181.733,
        "t_hot_stdev": 7.2255
    },
    "histogram": {
        "i": 1e+19,
        "l": 0.05,
        "a": 1.0,
        "filename": "hist_1e19_005_1"
    }
}