{
    "3exp": {
        "a1": 896746017061905.4,
        "b1": -0.10533070377186174,
        "a2": 78062376729103.27,
        "b2": -0.013229652040552169,
        "a3": 2459644241472.48,
        "b3": -0.0027465382200862675,
        "t_hot": 364.09469662089407,
        "n_hot": 2459644241472.48,
        "start_index": 0,
        "end_index": 673,
        "a1_stdev": 2.6593231209339597e+18,
        "b1_stdev": 103.84794929057627,
        "a2_stdev": 2.703879627596176e+16,
        "b2_stdev": 3.716379494512809,
        "a3_stdev": 4596742439256754.0,
        "b3_stdev": 2.653013024990597,
        "t_hot_stdev": 351696.5339862964,
        "n_hot_stdev": 4596742439256754.0
    },
    "2exp": null,
    "2nlsq": null,
    "1nlsq": null,
    "true_params": {
        "t_hot": 286.5417,
        "t_hot_stdev": 22.3398
    },
    "histogram": {
        "i": 1e+18,
        "l": 1.0,
        "a": 0.0,
        "filename": "hist_1e18_100_0"
    }
}