{
    "3exp": {
        "a1": 897228131612127.6,
        "b1": -0.3502491604011073,
        "a2": -3753757629.0715218,
        "b2": 0.04686741142248151,
        "a3": 51436655712477.67,
        "b3": -0.04383478394809685,
        "t_hot": 22.812933244613752,
        "n_hot": 51436655712477.67,
        "start_index": 0,
        "end_index": 545,
        "a1_stdev": 3.955128785490017e+18,
        "b1_stdev": 783.6811815930203,
        "a2_stdev": 1104190637150818.9,
        "b2_stdev": 2946.4122907528117,
        "a3_stdev": 1.553867593306615e+17,
        "b3_stdev": 96.12416546878211,
        "t_hot_stdev": 50025.89205481277,
        "n_hot_stdev": 1.553867593306615e+17,
        "critical_energy": 9.330368652065895,
        "mswe": 1.9061696863866327e+19,
        "mse": 1.0470916199014627e+22
    },
    "2exp": {
        "a0": -788162721043.4,
        "a1": 244561676314705.53,
        "b1": -0.2262325027512707,
        "a2": 43002033534908.234,
        "b2": -0.037425965168492295,
        "a0_stdev": 1.2254517775068564e+16,
        "a1_stdev": 1.488925823804593e+19,
        "b1_stdev": 4503.617820820554,
        "a2_stdev": 2.445293428707656e+17,
        "b2_stdev": 148.71524022783674,
        "t_hot": 26.719417802533187,
        "n_hot": 43002033534908.234,
        "t_hot_stdev": 106171.86809645439,
        "n_hot_stdev": 2.445293428707656e+17,
        "start_index": 53,
        "end_index": 545,
        "mswe": 1.8274592111305122e+19,
        "mse": 8.7753654451416e+19
    },
    "2nlsq": {
        "a1": 323174164980749.5,
        "b1": -0.24930531440059317,
        "a2": 44565391679655.42,
        "b2": -0.03859162750030797,
        "a0": -780236008654.9948,
        "a1_stdev": 184577793905632.1,
        "b1_stdev": 0.041469073247727764,
        "a2_stdev": 1845386984302.8713,
        "b2_stdev": 0.0011068076413084788,
        "a0_stdev": 87830180634.20396,
        "start_index": 53,
        "end_index": 545,
        "t_hot": 25.91235624856764,
        "n_hot": 44565391679655.42,
        "t_hot_stdev": 0.7431662191493037,
        "n_hot_stdev": 1845386984302.8713,
        "mswe": 1.7298755592289028e+19,
        "mse": 8.933083444536959e+19
    },
    "1nlsq": null,
    "true_params": {
        "t_hot": 21.7929,
        "t_hot_stdev": 0.2267
    },
    "histogram": {
        "i": 1e+17,
        "l": 0.05,
        "a": 30.0,
        "filename": "hist_1e17_005_30"
    }
}