{
    "3exp": {
        "a1": 720597160439090.5,
        "b1": -0.09778304450409211,
        "a2": 68268181030222.82,
        "b2": -0.012907350383774012,
        "a3": 3186204556425.876,
        "b3": -0.0034166163350538956,
        "t_hot": 292.6872384646096,
        "n_hot": 3186204556425.876,
        "start_index": 0,
        "end_index": 764,
        "critical_energy": 57.448924885008346,
        "mse": 78889596.9280552
    },
    "2exp": {
        "a1": 68278960597756.03,
        "b1": -0.012719181130231356,
        "a2": 2827122343015.042,
        "b2": -0.003337621734876222,
        "a1_stdev": 254266391602.98404,
        "b1_stdev": 0.0002505163523372649,
        "a2_stdev": 57414329819.72797,
        "b2_stdev": 0.00042009057007972645,
        "t_hot": 299.61453976362174,
        "n_hot": 2827122343015.042,
        "t_hot_stdev": 37.71105679779573,
        "n_hot_stdev": 57414329819.72797,
        "start_index": 52,
        "end_index": 764,
        "mse": 74725217.43928234
    },
    "nlsq": {
        "a1": 70859405011852.12,
        "b1": -0.012775233780979231,
        "a2": 2382945697206.778,
        "b2": -0.0016780699966301319,
        "a0": -485030490613.1681,
        "a1_stdev": 1169984887818.969,
        "b1_stdev": 0.00018056211890481416,
        "a2_stdev": 126903054060.47772,
        "b2_stdev": 0.0003089487851331145,
        "a0_stdev": 127758113.69178423,
        "start_index": 52,
        "end_index": 764,
        "t_hot": 595.9226981044777,
        "n_hot": 2382945697206.778,
        "t_hot_stdev": 109.7150857725551,
        "n_hot_stdev": 126903054060.47772,
        "mse": 26250268.66090897
    },
    "true_params": {
        "t_hot": 225.0821,
        "t_hot_stdev": 13.2496
    },
    "histogram": {
        "i": 1e+18,
        "l": 1.0,
        "a": 1.0,
        "filename": "hist_1e18_100_1"
    }
}