{
    "3exp": {
        "a1": 360295492759663.3,
        "b1": -0.11917235741052744,
        "a2": 65927530249715.7,
        "b2": -0.03716790083349676,
        "a3": 25445011078716.875,
        "b3": -0.009755540361714068,
        "t_hot": 102.50585440910399,
        "n_hot": 25445011078716.875,
        "start_index": 0,
        "end_index": 607,
        "a1_stdev": 1.765817581124431e+18,
        "b1_stdev": 483.0163512995549,
        "a2_stdev": 5.277053411655445e+17,
        "b2_stdev": 150.0319707795941,
        "a3_stdev": 4.264312526397776e+16,
        "b3_stdev": 5.911945850633961,
        "t_hot_stdev": 62119.47654051981,
        "n_hot_stdev": 4.264312526397776e+16
    },
    "2exp": null,
    "2nlsq": null,
    "1nlsq": null,
    "true_params": {
        "t_hot": 104.8979,
        "t_hot_stdev": 2.3675
    },
    "histogram": {
        "i": 1e+18,
        "l": 1.0,
        "a": 40.0,
        "filename": "hist_1e18_100_40"
    }
}