{
    "3exp": {
        "a1": 2454538561304172.5,
        "b1": -0.3067292792061147,
        "a2": 330936009672732.0,
        "b2": -0.10989329162928348,
        "a3": 87836648216151.98,
        "b3": -0.02948524600121796,
        "t_hot": 33.915267315683664,
        "n_hot": 87836648216151.98,
        "start_index": 0,
        "end_index": 602,
        "critical_energy": 12.011855426164944,
        "mse": 979954919.1202269
    },
    "2exp": {
        "a1": 483705477383308.2,
        "b1": -0.12456904694825058,
        "a2": 90864721492514.81,
        "b2": -0.02981635944927261,
        "a1_stdev": 5593235084453.214,
        "b1_stdev": 0.0012100938249742226,
        "a2_stdev": 389265964899.28394,
        "b2_stdev": 0.0035116891595418968,
        "t_hot": 33.53863511409995,
        "n_hot": 90864721492514.81,
        "t_hot_stdev": 3.9500885933574037,
        "n_hot_stdev": 389265964899.28394,
        "start_index": 38,
        "end_index": 602,
        "mse": 989770695.1722505
    },
    "nlsq": {
        "a1": 1437151460149292.5,
        "b1": -0.18671681683950536,
        "a2": 115118952545206.58,
        "b2": -0.033173474341904145,
        "a0": 0.0,
        "a1_stdev": Infinity,
        "b1_stdev": Infinity,
        "a2_stdev": Infinity,
        "b2_stdev": Infinity,
        "a0_stdev": Infinity,
        "start_index": 38,
        "end_index": 602,
        "t_hot": 30.14456639945059,
        "n_hot": 115118952545206.58,
        "t_hot_stdev": Infinity,
        "n_hot_stdev": Infinity,
        "mse": 721262994.4355075
    },
    "true_params": {
        "t_hot": 33.0733,
        "t_hot_stdev": 0.3446
    },
    "histogram": {
        "i": 1e+18,
        "l": 0.2,
        "a": 60.0,
        "filename": "hist_1e18_020_60"
    }
}