{
    "3exp": {
        "a1": 1582247534395852.5,
        "b1": -0.012854747700397932,
        "a2": 580201897386767.8,
        "b2": -0.002444756777990971,
        "a3": 20349408569974.723,
        "b3": -0.0007017407990833747,
        "t_hot": 1425.0275903955082,
        "n_hot": 20349408569974.723,
        "start_index": 0,
        "end_index": 782,
        "a1_stdev": 2.2829325445473546e+18,
        "b1_stdev": 10.44852296794466,
        "a2_stdev": 1.6213155749249728e+17,
        "b2_stdev": 0.48530441392577683,
        "a3_stdev": 2.6885866161096016e+16,
        "b3_stdev": 0.30178304885397833,
        "t_hot_stdev": 612831.9338028114,
        "n_hot_stdev": 2.6885866161096016e+16,
        "critical_energy": 96.37140617425058,
        "mswe": 1.2246834233315698e+16,
        "mse": 1.700860160232811e+18
    },
    "2exp": {
        "a0": -1876488080671.4006,
        "a1": 652422824238602.1,
        "b1": -0.002542425276126769,
        "a2": 15632574609022.27,
        "b2": -0.00042652831934837307,
        "a0_stdev": 2291161339012053.0,
        "a1_stdev": 5.310761360383021e+16,
        "b1_stdev": 0.19773512442653493,
        "a2_stdev": 1.0736092687490842e+16,
        "b2_stdev": 0.3762837313860831,
        "t_hot": 2344.5102110165767,
        "n_hot": 15632574609022.27,
        "t_hot_stdev": 2068329.3710060557,
        "n_hot_stdev": 1.0736092687490842e+16,
        "start_index": 25,
        "end_index": 782,
        "mswe": 3045175300942385.5,
        "mse": 2.2242800377939734e+17
    },
    "2nlsq": {
        "a1": 658479712096885.5,
        "b1": -0.0026808331204062597,
        "a2": 32321215108602.06,
        "b2": -0.0008169465034366362,
        "a0": -468993898065.60846,
        "a1_stdev": 5389185567640.797,
        "b1_stdev": 2.8998439971037077e-05,
        "a2_stdev": 3280346967809.1494,
        "b2_stdev": 3.8177840538505704e-05,
        "a0_stdev": 53764487108.28048,
        "start_index": 25,
        "end_index": 782,
        "t_hot": 1224.070359311553,
        "n_hot": 32321215108602.06,
        "t_hot_stdev": 57.20370035139332,
        "n_hot_stdev": 3280346967809.1494,
        "mswe": 2206007863584902.2,
        "mse": 2.2266799975846774e+17
    },
    "1nlsq": null,
    "true_params": {
        "t_hot": 895.6603,
        "t_hot_stdev": 22.7682
    },
    "histogram": {
        "i": 1e+19,
        "l": 0.6,
        "a": 5.0,
        "filename": "hist_1e19_060_5"
    }
}