{
    "3exp": {
        "a1": 8016160167798186.0,
        "b1": -2.7304767714930653,
        "a2": 550378621545978.25,
        "b2": -1.2712825761185478,
        "a3": 37626657430917.414,
        "b3": -0.3466547234272493,
        "t_hot": 2.884714767805162,
        "n_hot": 37626657430917.414,
        "start_index": 0,
        "end_index": 482,
        "critical_energy": 2.24912007801468,
        "mse": 1403871032.3129296
    },
    "2exp": {
        "a1": 672937886814771.0,
        "b1": -1.3071231481843872,
        "a2": 37356501789319.87,
        "b2": -0.3460476613873605,
        "a1_stdev": 10290143234415.957,
        "b1_stdev": 0.01946529074047697,
        "a2_stdev": 219658299598.60095,
        "b2_stdev": 0.051414205856859435,
        "t_hot": 2.889775344791639,
        "n_hot": 37356501789319.87,
        "t_hot_stdev": 0.4293498296203803,
        "n_hot_stdev": 219658299598.60095,
        "start_index": 35,
        "end_index": 482,
        "mse": 1397905840.669615
    },
    "nlsq": {
        "a1": 1771770004821399.2,
        "b1": -1.6448821778879341,
        "a2": 45949873770909.414,
        "b2": -0.37229684734296925,
        "a0": 0.0,
        "a1_stdev": Infinity,
        "b1_stdev": Infinity,
        "a2_stdev": Infinity,
        "b2_stdev": Infinity,
        "a0_stdev": Infinity,
        "start_index": 35,
        "end_index": 482,
        "t_hot": 2.6860286546524925,
        "n_hot": 45949873770909.414,
        "t_hot_stdev": Infinity,
        "n_hot_stdev": Infinity,
        "mse": 1193345147.5468636
    },
    "true_params": {
        "t_hot": 2.7802,
        "t_hot_stdev": 0.0384
    },
    "histogram": {
        "i": 1e+17,
        "l": 0.2,
        "a": 1.0,
        "filename": "hist_1e17_020_1"
    }
}