{
    "3exp": {
        "a1": 751856094060756.5,
        "b1": -0.22521220177961665,
        "a2": 52001438336074.41,
        "b2": -0.04236893130503891,
        "a3": 13592989612040.531,
        "b3": -0.012938275965160614,
        "t_hot": 77.2900502889827,
        "n_hot": 13592989612040.531,
        "start_index": 0,
        "end_index": 625,
        "critical_energy": 18.904774742448556,
        "mse": 716360538.0645604
    },
    "2exp": {
        "a1": 52271347596221.14,
        "b1": -0.04236413372751288,
        "a2": 13590743574338.621,
        "b2": -0.01295670427235932,
        "a1_stdev": 868100254994.42,
        "b1_stdev": 0.0017403034344075207,
        "a2_stdev": 197533268511.08987,
        "b2_stdev": 0.003617289526825904,
        "t_hot": 77.18012072972222,
        "n_hot": 13590743574338.621,
        "t_hot_stdev": 21.547365481696364,
        "n_hot_stdev": 197533268511.08987,
        "start_index": 46,
        "end_index": 625,
        "mse": 748344186.8003718
    },
    "nlsq": {
        "a1": 64353936045162.2,
        "b1": -0.06332039594834422,
        "a2": 24654348937835.465,
        "b2": -0.01727329679187325,
        "a0": 0.0,
        "a1_stdev": Infinity,
        "b1_stdev": Infinity,
        "a2_stdev": Infinity,
        "b2_stdev": Infinity,
        "a0_stdev": Infinity,
        "start_index": 46,
        "end_index": 625,
        "t_hot": 57.89282799045521,
        "n_hot": 24654348937835.465,
        "t_hot_stdev": Infinity,
        "n_hot_stdev": Infinity,
        "mse": 529474923.8634523
    },
    "true_params": {
        "t_hot": 65.2683,
        "t_hot_stdev": 1.4144
    },
    "histogram": {
        "i": 1e+17,
        "l": 0.2,
        "a": 30.0,
        "filename": "hist_1e17_020_30"
    }
}