{
    "3exp": {
        "a1": 2042350780246978.5,
        "b1": -0.9108602363476153,
        "a2": 133688669437806.88,
        "b2": -0.36753943533788624,
        "a3": 831612569771.5508,
        "b3": -0.034493131889595276,
        "t_hot": 28.991278704432354,
        "n_hot": 831612569771.5508,
        "start_index": 0,
        "end_index": 359,
        "critical_energy": 8.907506152268818,
        "mse": 618452836.1387322
    },
    "2exp": {
        "a1": 49319655096357.28,
        "b1": -0.29321885308998025,
        "a2": 720005332618.8107,
        "b2": -0.03153546429129701,
        "a1_stdev": 1772443347118.7888,
        "b1_stdev": 0.004796992862763244,
        "a2_stdev": 20009612590.331844,
        "b2_stdev": 0.024453507156974818,
        "t_hot": 31.710330653859266,
        "n_hot": 720005332618.8107,
        "t_hot_stdev": 24.589103570236134,
        "n_hot_stdev": 20009612590.331844,
        "start_index": 53,
        "end_index": 359,
        "mse": 627607288.8056395
    },
    "nlsq": {
        "a1": 65729478468401.15,
        "b1": -0.32363323296879015,
        "a2": 933659221862.8684,
        "b2": -0.04258639442572936,
        "a0": 0.0,
        "a1_stdev": Infinity,
        "b1_stdev": Infinity,
        "a2_stdev": Infinity,
        "b2_stdev": Infinity,
        "a0_stdev": Infinity,
        "start_index": 53,
        "end_index": 359,
        "t_hot": 23.48167797449956,
        "n_hot": 933659221862.8684,
        "t_hot_stdev": Infinity,
        "n_hot_stdev": Infinity,
        "mse": 504465722.4026137
    },
    "true_params": {
        "t_hot": 26.6032,
        "t_hot_stdev": 2.1615
    },
    "histogram": {
        "i": 1e+17,
        "l": 5.0,
        "a": 0.0,
        "filename": "hist_1e17_500_0"
    }
}