{
    "3exp": {
        "a1": 796419266294699.6,
        "b1": -0.22776344152779493,
        "a2": 40091724744293.195,
        "b2": -0.05938275807107694,
        "a3": 10114348230807.58,
        "b3": -0.010822503996714297,
        "t_hot": 92.4000582770493,
        "n_hot": 10114348230807.58,
        "start_index": 0,
        "end_index": 570,
        "a1_stdev": 4.2046527950809016e+18,
        "b1_stdev": 472.98856964006,
        "a2_stdev": 2.0621520608333174e+17,
        "b2_stdev": 142.56908824170074,
        "a3_stdev": 9043512558457660.0,
        "b3_stdev": 4.592334072950296,
        "t_hot_stdev": 39208.295612282825,
        "n_hot_stdev": 9043512558457660.0
    },
    "2exp": null,
    "2nlsq": null,
    "1nlsq": null,
    "true_params": {
        "t_hot": 92.2364,
        "t_hot_stdev": 1.0092
    },
    "histogram": {
        "i": 1e+18,
        "l": 2.0,
        "a": 60.0,
        "filename": "hist_1e18_200_60"
    }
}