{
    "3exp": {
        "a1": 1368353299620587.5,
        "b1": -1.6315074642468663,
        "a2": -135930232097589.33,
        "b2": -0.5951627315113502,
        "a3": 133282137700137.1,
        "b3": -0.43176360268587843,
        "t_hot": 2.3160822120699494,
        "n_hot": 133282137700137.1,
        "start_index": 5,
        "end_index": 382,
        "critical_energy": NaN,
        "mse": 867402481.8873032
    },
    "2exp": {
        "a1": 62520880613513.14,
        "b1": -0.38802328873516245,
        "a2": 350742206964.7855,
        "b2": -0.1489487079923535,
        "a1_stdev": 488451100726.01697,
        "b1_stdev": 0.25443341512804074,
        "a2_stdev": 136773051930.54991,
        "b2_stdev": 0.34086665269959093,
        "t_hot": 6.713720538289842,
        "n_hot": 350742206964.7855,
        "t_hot_stdev": 15.364238319978158,
        "n_hot_stdev": 136773051930.54991,
        "start_index": 30,
        "end_index": 382,
        "mse": 1604307632.0575569
    },
    "nlsq": {
        "a1": 58930170623891.89,
        "b1": -0.36830338925488904,
        "a2": -392952513216.2079,
        "b2": -0.1317414230719295,
        "a0": 0.0,
        "a1_stdev": Infinity,
        "b1_stdev": Infinity,
        "a2_stdev": Infinity,
        "b2_stdev": Infinity,
        "a0_stdev": Infinity,
        "start_index": 30,
        "end_index": 382,
        "t_hot": 7.590626977317606,
        "n_hot": -392952513216.2079,
        "t_hot_stdev": Infinity,
        "n_hot_stdev": Infinity,
        "mse": 977332845.0918586
    },
    "true_params": {
        "t_hot": 2.64,
        "t_hot_stdev": 0.0196
    },
    "histogram": {
        "i": 1e+17,
        "l": 0.1,
        "a": 2.0,
        "filename": "hist_1e17_010_2"
    }
}