{
    "3exp": {
        "a1": 4473481176787551.5,
        "b1": -0.02308055696279637,
        "a2": 626626606707379.9,
        "b2": -0.00339276636468648,
        "a3": 237462946472289.0,
        "b3": -0.001696381129488227,
        "t_hot": 589.4901697601913,
        "n_hot": 237462946472289.0,
        "start_index": 0,
        "end_index": 808,
        "critical_energy": 137.29360428477892,
        "mse": 9894285.600955304
    },
    "2exp": {
        "a1": 626484243450768.2,
        "b1": -0.0034792469926181566,
        "a2": 252263750313292.1,
        "b2": -0.0017193311637322298,
        "a1_stdev": 2124854459478.744,
        "b1_stdev": 6.90031389851585e-05,
        "a2_stdev": 897792122800.5022,
        "b2_stdev": 0.00010230863972661422,
        "t_hot": 581.6215171888439,
        "n_hot": 252263750313292.1,
        "t_hot_stdev": 34.60933385872574,
        "n_hot_stdev": 897792122800.5022,
        "start_index": 28,
        "end_index": 808,
        "mse": 9340920.357062684
    },
    "nlsq": {
        "a1": 635164069642873.5,
        "b1": -0.0034195455258481124,
        "a2": 238041139807956.94,
        "b2": -0.001695175069230084,
        "a0": -46315726956.752846,
        "a1_stdev": 7172223670334.762,
        "b1_stdev": 5.339509355375959e-05,
        "a2_stdev": 10785812798132.506,
        "b2_stdev": 1.755539319601657e-05,
        "a0_stdev": 1076368.1890064334,
        "start_index": 28,
        "end_index": 808,
        "t_hot": 589.909572262752,
        "n_hot": 238041139807956.94,
        "t_hot_stdev": 6.10915927159671,
        "n_hot_stdev": 10785812798132.506,
        "mse": 7774938.500194682
    },
    "true_params": {
        "t_hot": 571.8731,
        "t_hot_stdev": 4.8336
    },
    "histogram": {
        "i": 1e+19,
        "l": 1.0,
        "a": 2.0,
        "filename": "hist_1e19_100_2"
    }
}