{
    "3exp": {
        "a1": 717762566624211.1,
        "b1": -0.06626297707810823,
        "a2": 120174238891730.28,
        "b2": -0.015014628897633093,
        "a3": 16650441507466.443,
        "b3": -0.003880822502112617,
        "t_hot": 257.6773350122626,
        "n_hot": 16650441507466.443,
        "start_index": 0,
        "end_index": 621,
        "a1_stdev": 2.375824993608988e+18,
        "b1_stdev": 111.0866213875504,
        "a2_stdev": 1.7304751929656544e+17,
        "b2_stdev": 13.602859971126197,
        "a3_stdev": 2.141910778979218e+16,
        "b3_stdev": 1.8798746846777405,
        "t_hot_stdev": 124819.18424279454,
        "n_hot_stdev": 2.141910778979218e+16,
        "critical_energy": 34.8732439235962,
        "mswe": 5.566531734164797e+16,
        "mse": 1.9984901424949047e+19
    },
    "2exp": {
        "a0": -269753718454.16312,
        "a1": 135176576730531.7,
        "b1": -0.015374453482177294,
        "a2": 15051500658872.54,
        "b2": -0.003441658980944587,
        "a0_stdev": 1213469774444052.8,
        "a1_stdev": 8.579016980243187e+16,
        "b1_stdev": 9.026021479011954,
        "a2_stdev": 2.285870735700019e+16,
        "b2_stdev": 3.662565562824717,
        "t_hot": 290.5575495819586,
        "n_hot": 15051500658872.54,
        "t_hot_stdev": 309207.29828541685,
        "n_hot_stdev": 2.285870735700019e+16,
        "start_index": 27,
        "end_index": 621,
        "mswe": 2.9914573633412376e+16,
        "mse": 2.0237387667944205e+17
    },
    "2nlsq": {
        "a1": 130093818991778.88,
        "b1": -0.01436969582773895,
        "a2": 11940207717683.428,
        "b2": -0.0027420540891977944,
        "a0": -662671576450.9717,
        "a1_stdev": 2465248191662.9116,
        "b1_stdev": 0.00025382509478353297,
        "a2_stdev": 585339300524.0396,
        "b2_stdev": 0.00013152152836472762,
        "a0_stdev": 70118061753.4778,
        "start_index": 27,
        "end_index": 621,
        "t_hot": 364.6901072956429,
        "n_hot": 11940207717683.428,
        "t_hot_stdev": 17.49221522652451,
        "n_hot_stdev": 585339300524.0396,
        "mswe": 2.378035949614342e+16,
        "mse": 2.1470822989469773e+17
    },
    "1nlsq": null,
    "true_params": {
        "t_hot": 249.824,
        "t_hot_stdev": 8.8254
    },
    "histogram": {
        "i": 1e+18,
        "l": 2.0,
        "a": 4.0,
        "filename": "hist_1e18_200_4"
    }
}