{
    "3exp": {
        "a1": 1.6314293343732602e+16,
        "b1": -0.07151988896531516,
        "a2": 2926295027905759.0,
        "b2": -0.02390434276449342,
        "a3": 703169877061173.1,
        "b3": -0.009029199291347519,
        "t_hot": 110.75179179600984,
        "n_hot": 703169877061173.1,
        "start_index": 0,
        "end_index": 258,
        "a1_stdev": 5.1679109204987734e+20,
        "b1_stdev": 1136.5763049675224,
        "a2_stdev": 6.4102062557874676e+19,
        "b2_stdev": 267.8656741519294,
        "a3_stdev": 9.26534449932438e+18,
        "b3_stdev": 31.628186036572636,
        "t_hot_stdev": 387950.04537829716,
        "n_hot_stdev": 9.26534449932438e+18
    },
    "2exp": null,
    "2nlsq": null,
    "1nlsq": null,
    "true_params": {
        "t_hot": 126.5243,
        "t_hot_stdev": 3.8423
    },
    "histogram": {
        "i": 1e+19,
        "l": 0.01,
        "a": 40.0,
        "filename": "hist_1e19_001_40"
    }
}