{
    "3exp": {
        "a1": 890148543510969.8,
        "b1": -0.734605969240261,
        "a2": 23175753783340.207,
        "b2": -0.28160661563132044,
        "a3": 805648253752.2299,
        "b3": -0.03254940850696774,
        "t_hot": 30.722524490297065,
        "n_hot": 805648253752.2299,
        "start_index": 0,
        "end_index": 391,
        "a1_stdev": 6.535423369645184e+18,
        "b1_stdev": 2285.735339128497,
        "a2_stdev": 6.685799132915965e+17,
        "b2_stdev": 2258.4421728491484,
        "a3_stdev": 4115157543542264.5,
        "b3_stdev": 108.8043847632337,
        "t_hot_stdev": 102697.57666485959,
        "n_hot_stdev": 4115157543542264.5,
        "critical_energy": 8.053613511635985,
        "mswe": 1.4802435193029934e+18,
        "mse": 1.973130329089891e+19
    },
    "2exp": {
        "a0": -611694359298.2035,
        "a1": 17553018814870.893,
        "b1": -0.2404991213597703,
        "a2": 1134495365910.6929,
        "b2": -0.007671674920575078,
        "a0_stdev": 6.8310436265499944e+16,
        "a1_stdev": 4.504372687900679e+17,
        "b1_stdev": 2108.490445633694,
        "a2_stdev": 6.184616033109967e+16,
        "b2_stdev": 683.6130032863099,
        "t_hot": 130.34963164537203,
        "n_hot": 1134495365910.6929,
        "t_hot_stdev": 11615286.634131428,
        "n_hot_stdev": 6.184616033109967e+16,
        "start_index": 49,
        "end_index": 391,
        "mswe": 1.328048313286765e+18,
        "mse": 1.876646333575102e+18
    },
    "2nlsq": {
        "a1": 22377855462287.69,
        "b1": -0.26196321295584074,
        "a2": 838940889174.3191,
        "b2": -0.016539818036658216,
        "a0": -247248220847.5493,
        "a1_stdev": 13262434707909.436,
        "b1_stdev": 0.04883941900996792,
        "a2_stdev": 124312640098.8915,
        "b2_stdev": 0.012052168778645726,
        "a0_stdev": 266923556610.26273,
        "start_index": 49,
        "end_index": 391,
        "t_hot": 60.46015728731952,
        "n_hot": 838940889174.3191,
        "t_hot_stdev": 44.05586678131723,
        "n_hot_stdev": 124312640098.8915,
        "mswe": 9.995503202488786e+17,
        "mse": 2.1584956971096553e+18
    },
    "1nlsq": null,
    "true_params": {
        "t_hot": 26.9896,
        "t_hot_stdev": 2.0229
    },
    "histogram": {
        "i": 1e+17,
        "l": 5.0,
        "a": 2.0,
        "filename": "hist_1e17_500_2"
    }
}