{
    "3exp": {
        "a1": 5494576438817849.0,
        "b1": -0.02331380108560159,
        "a2": 803421841101979.0,
        "b2": -0.002755575154112108,
        "a3": 76345679412015.33,
        "b3": -0.0013133664361407126,
        "t_hot": 761.4021285167524,
        "n_hot": 76345679412015.33,
        "start_index": 0,
        "end_index": 699,
        "a1_stdev": 7.586008367096509e+18,
        "b1_stdev": 9.862715849388199,
        "a2_stdev": 4.885950369793323e+16,
        "b2_stdev": 0.25164091348737894,
        "a3_stdev": 6.214747574668609e+16,
        "b3_stdev": 0.23030715833533597,
        "t_hot_stdev": 133516.7061863168,
        "n_hot_stdev": 6.214747574668609e+16
    },
    "2exp": null,
    "2nlsq": null,
    "1nlsq": null,
    "true_params": {
        "t_hot": 592.6299,
        "t_hot_stdev": 5.6191
    },
    "histogram": {
        "i": 1e+19,
        "l": 1.0,
        "a": 0.0,
        "filename": "hist_1e19_100_0"
    }
}