{
    "3exp": {
        "a1": 157739373585830.16,
        "b1": -0.2083714878388946,
        "a2": 10250369342852.41,
        "b2": -0.05560962694765735,
        "a3": 2212959531629.0835,
        "b3": -0.010864180054832362,
        "t_hot": 92.04560260902547,
        "n_hot": 2212959531629.0835,
        "start_index": 0,
        "end_index": 574,
        "critical_energy": 21.602306316685965,
        "mse": 501108597.1952767
    },
    "2exp": {
        "a1": 9762111438440.531,
        "b1": -0.05215916223446895,
        "a2": 2093610766852.072,
        "b2": -0.010667718808873603,
        "a1_stdev": 353922782487.56024,
        "b1_stdev": 0.0017512180127070096,
        "a2_stdev": 38676120774.38957,
        "b2_stdev": 0.0055411133512890415,
        "t_hot": 93.74075356843693,
        "n_hot": 2093610766852.072,
        "t_hot_stdev": 48.691585376799765,
        "n_hot_stdev": 38676120774.38957,
        "start_index": 47,
        "end_index": 574,
        "mse": 530074065.51534843
    },
    "nlsq": {
        "a1": 22495904321985.188,
        "b1": -0.08799025533479389,
        "a2": 3483701969598.003,
        "b2": -0.015262572741757947,
        "a0": -24048034400.688164,
        "a1_stdev": 24706813057092.586,
        "b1_stdev": 0.03174642717483553,
        "a2_stdev": 402110903460.0821,
        "b2_stdev": 0.0010398210550831236,
        "a0_stdev": 38419272.36891771,
        "start_index": 47,
        "end_index": 574,
        "t_hot": 65.51975324998973,
        "n_hot": 3483701969598.003,
        "t_hot_stdev": 4.4637834070262485,
        "n_hot_stdev": 402110903460.0821,
        "mse": 253738072.1100201
    },
    "true_params": {
        "t_hot": 96.2317,
        "t_hot_stdev": 7.1096
    },
    "histogram": {
        "i": 1e+17,
        "l": 2.0,
        "a": 20.0,
        "filename": "hist_1e17_200_20"
    }
}