{
    "3exp": {
        "a1": 1.3271019771716348e+16,
        "b1": -3.795456910383332,
        "a2": 275802420027603.4,
        "b2": -1.374479864862661,
        "a3": 1087068641906.9816,
        "b3": -0.38748878809408416,
        "t_hot": 2.580719831710834,
        "n_hot": 1087068641906.9816,
        "start_index": 0,
        "end_index": 263,
        "critical_energy": 2.761132991990883,
        "mse": 5478222076.489207
    },
    "2exp": {
        "a1": 143246320136364.28,
        "b1": -1.2287790988110592,
        "a2": 3527362271190.881,
        "b2": -0.615401993121055,
        "a1_stdev": 7232197318809.554,
        "b1_stdev": 2.780536365279657,
        "a2_stdev": 646933729696.7233,
        "b2_stdev": 3.7215731006801294,
        "t_hot": 1.624954113210503,
        "n_hot": 3527362271190.881,
        "t_hot_stdev": 9.826723970934827,
        "n_hot_stdev": 646933729696.7233,
        "start_index": 82,
        "end_index": 263,
        "mse": 4526981871.61097
    },
    "nlsq": {
        "a1": 113013919662638.88,
        "b1": -1.1134148755118756,
        "a2": 4737492.605709071,
        "b2": 1.0426454653879091,
        "a0": 0.0,
        "a1_stdev": Infinity,
        "b1_stdev": Infinity,
        "a2_stdev": Infinity,
        "b2_stdev": Infinity,
        "a0_stdev": Infinity,
        "start_index": 82,
        "end_index": 263,
        "t_hot": 0.8981378118738221,
        "n_hot": 113013919662638.88,
        "t_hot_stdev": Infinity,
        "n_hot_stdev": Infinity,
        "mse": 3938717944.741369
    },
    "true_params": {
        "t_hot": 1.0249,
        "t_hot_stdev": 0.025
    },
    "histogram": {
        "i": 1e+17,
        "l": 5.0,
        "a": 40.0,
        "filename": "hist_1e17_500_40"
    }
}