{
    "3exp": {
        "a1": 7622147638069578.0,
        "b1": -1.7675453684974562,
        "a2": 271066607257383.9,
        "b2": -0.6059036112507569,
        "a3": 22643143039865.656,
        "b3": -0.23881925453202096,
        "t_hot": 4.187267069230047,
        "n_hot": 22643143039865.656,
        "start_index": 0,
        "end_index": 395,
        "a1_stdev": 5.523619227276805e+19,
        "b1_stdev": 3908.027150312462,
        "a2_stdev": 2.118035595917246e+18,
        "b2_stdev": 1764.7446223638046,
        "a3_stdev": 1.5080285572111555e+17,
        "b3_stdev": 351.09658604894145,
        "t_hot_stdev": 6155.848596724892,
        "n_hot_stdev": 1.5080285572111555e+17,
        "critical_energy": 2.872184007251451,
        "mswe": 3.0438430677953746e+18,
        "mse": 6.170304552075473e+21
    },
    "2exp": {
        "a0": 15236007750.529886,
        "a1": 452331320301028.06,
        "b1": -0.7205884153851285,
        "a2": 32839005813071.42,
        "b2": -0.2631031743637244,
        "a0_stdev": 286740505061506.8,
        "a1_stdev": 3.9071083657430134e+18,
        "b1_stdev": 2283.022419055577,
        "a2_stdev": 2.4597220991770768e+17,
        "b2_stdev": 518.0152995584264,
        "t_hot": 3.8007903265262772,
        "n_hot": 32839005813071.42,
        "t_hot_stdev": 7483.252698549494,
        "n_hot_stdev": 2.4597220991770768e+17,
        "start_index": 34,
        "end_index": 395,
        "mswe": 3.25924338544691e+18,
        "mse": 8.683485433038316e+19
    },
    "2nlsq": {
        "a1": 425226680891989.75,
        "b1": -0.7009833498268018,
        "a2": 30197427240604.305,
        "b2": -0.2573054866806896,
        "a0": -12052233851.342255,
        "a1_stdev": 57248381542799.99,
        "b1_stdev": 0.03594263990208341,
        "a2_stdev": 4006627214083.7456,
        "b2_stdev": 0.009043484562046273,
        "a0_stdev": 5088443910.834616,
        "start_index": 34,
        "end_index": 395,
        "t_hot": 3.8864309226370204,
        "n_hot": 30197427240604.305,
        "t_hot_stdev": 0.13659591368894378,
        "n_hot_stdev": 4006627214083.7456,
        "mswe": 2.521176676333979e+18,
        "mse": 8.816039523104457e+19
    },
    "1nlsq": null,
    "true_params": {
        "t_hot": 3.8047,
        "t_hot_stdev": 0.1138
    },
    "histogram": {
        "i": 1e+17,
        "l": 0.5,
        "a": 50.0,
        "filename": "hist_1e17_050_50"
    }
}