{
    "3exp": {
        "a1": 897361186129595.8,
        "b1": -0.861412587463332,
        "a2": 37336217114033.72,
        "b2": -0.34473397440757314,
        "a3": 994795383095.7141,
        "b3": -0.0453680815541208,
        "t_hot": 22.04192828403099,
        "n_hot": 994795383095.7141,
        "start_index": 0,
        "end_index": 382,
        "a1_stdev": 7.521362376035728e+18,
        "b1_stdev": 3263.6988017172794,
        "a2_stdev": 9.626296983277713e+17,
        "b2_stdev": 2391.9387191753485,
        "a3_stdev": 6090689732130178.0,
        "b3_stdev": 167.86376040479865,
        "t_hot_stdev": 81556.03767191377,
        "n_hot_stdev": 6090689732130178.0,
        "critical_energy": 6.153718263198763,
        "mswe": 1.963309014310807e+18,
        "mse": 3.794687858149772e+19
    },
    "2exp": {
        "a0": 14462783317.571476,
        "a1": 42253615395018.79,
        "b1": -0.34881267465734744,
        "a2": 1003335947760.173,
        "b2": -0.048036093728520406,
        "a0_stdev": 2950821410251072.0,
        "a1_stdev": 1.1642825830086218e+18,
        "b1_stdev": 2970.7357596228844,
        "a2_stdev": 1.4811644894128338e+16,
        "b2_stdev": 891.0618162954498,
        "t_hot": 20.817679423551283,
        "n_hot": 1003335947760.173,
        "t_hot_stdev": 386164.60661938565,
        "n_hot_stdev": 1.4811644894128338e+16,
        "start_index": 45,
        "end_index": 382,
        "mswe": 1.9663022012858358e+18,
        "mse": 3.3512672056886856e+18
    },
    "2nlsq": {
        "a1": 45346011566784.68,
        "b1": -0.3619022935755047,
        "a2": 1189469916535.0566,
        "b2": -0.05803867715339157,
        "a0": 10914139906.38416,
        "a1_stdev": 23904336891064.625,
        "b1_stdev": 0.05762333405289862,
        "a2_stdev": 333228099041.6964,
        "b2_stdev": 0.014598479606470455,
        "a0_stdev": 33337222229.231316,
        "start_index": 45,
        "end_index": 382,
        "t_hot": 17.22988960201626,
        "n_hot": 1189469916535.0566,
        "t_hot_stdev": 4.333837439333732,
        "n_hot_stdev": 333228099041.6964,
        "mswe": 1.6460495941671153e+18,
        "mse": 3.6427861874031524e+18
    },
    "1nlsq": null,
    "true_params": {
        "t_hot": 21.6105,
        "t_hot_stdev": 1.5908
    },
    "histogram": {
        "i": 1e+17,
        "l": 5.0,
        "a": 1.0,
        "filename": "hist_1e17_500_1"
    }
}