{
    "3exp": {
        "a1": 7.388513406591846e+16,
        "b1": -0.11630799374665376,
        "a2": 4670057948437636.0,
        "b2": -0.0433213419366802,
        "a3": 833242966543192.2,
        "b3": -0.012239653718907851,
        "t_hot": 81.70165782183831,
        "n_hot": 833242966543192.2,
        "start_index": 0,
        "end_index": 335,
        "critical_energy": 43.096119785343525,
        "mse": 446862672.11746496
    },
    "2exp": {
        "a1": 4405578719892049.0,
        "b1": -0.041993487259864924,
        "a2": 812789813193900.2,
        "b2": -0.012169623953135627,
        "a1_stdev": 93661092308411.81,
        "b1_stdev": 0.00104789520659718,
        "a2_stdev": 3377581632585.018,
        "b2_stdev": 0.002601470347402028,
        "t_hot": 82.17180776094071,
        "n_hot": 812789813193900.2,
        "t_hot_stdev": 17.565663664358972,
        "n_hot_stdev": 3377581632585.018,
        "start_index": 28,
        "end_index": 335,
        "mse": 450558750.29209846
    },
    "nlsq": {
        "a1": 7007922843899136.0,
        "b1": -0.04822305319424509,
        "a2": 871037949266777.9,
        "b2": -0.012476008339512495,
        "a0": 0.0,
        "a1_stdev": Infinity,
        "b1_stdev": Infinity,
        "a2_stdev": Infinity,
        "b2_stdev": Infinity,
        "a0_stdev": Infinity,
        "start_index": 28,
        "end_index": 335,
        "t_hot": 80.1538419009325,
        "n_hot": 871037949266777.9,
        "t_hot_stdev": Infinity,
        "n_hot_stdev": Infinity,
        "mse": 437643467.4770845
    },
    "true_params": {
        "t_hot": 84.4236,
        "t_hot_stdev": 2.371
    },
    "histogram": {
        "i": 1e+19,
        "l": 0.01,
        "a": 60.0,
        "filename": "hist_1e19_001_60"
    }
}