{
    "3exp": {
        "a1": 1.3118346599507382e+16,
        "b1": -3.9291935063881023,
        "a2": 708195052884998.5,
        "b2": -1.6695274271296396,
        "a3": 79492603867201.64,
        "b3": -0.9161967411895076,
        "t_hot": 1.091468627908117,
        "n_hot": 79492603867201.64,
        "start_index": 0,
        "end_index": 359,
        "critical_energy": 1.6946925094443888,
        "mse": 1975117245.4293897
    },
    "2exp": {
        "a1": 1645224290961202.5,
        "b1": -2.121187673883842,
        "a2": 140766526276603.2,
        "b2": -0.9987595844609948,
        "a1_stdev": 22368671787148.273,
        "b1_stdev": 0.13542792592175482,
        "a2_stdev": 1236374436167.4905,
        "b2_stdev": 0.21234474908241996,
        "t_hot": 1.0012419560806265,
        "n_hot": 140766526276603.2,
        "t_hot_stdev": 0.21287252231924397,
        "n_hot_stdev": 1236374436167.4905,
        "start_index": 39,
        "end_index": 359,
        "mse": 1437131378.5803685
    },
    "nlsq": {
        "a1": 2075536080806128.2,
        "b1": -2.2860151901469727,
        "a2": 174137956063669.84,
        "b2": -1.0410825418072256,
        "a0": 0.0,
        "a1_stdev": Infinity,
        "b1_stdev": Infinity,
        "a2_stdev": Infinity,
        "b2_stdev": Infinity,
        "a0_stdev": Infinity,
        "start_index": 39,
        "end_index": 359,
        "t_hot": 0.9605386315133957,
        "n_hot": 174137956063669.84,
        "t_hot_stdev": Infinity,
        "n_hot_stdev": Infinity,
        "mse": 1384411946.178723
    },
    "true_params": {
        "t_hot": 0.9935,
        "t_hot_stdev": 0.0143
    },
    "histogram": {
        "i": 1e+17,
        "l": 2.0,
        "a": 45.0,
        "filename": "hist_1e17_200_45"
    }
}