{
    "3exp": {
        "a1": 5759430364627123.0,
        "b1": -0.03793051267485477,
        "a2": 872431497810241.0,
        "b2": -0.01238878946094013,
        "a3": 496846938506096.25,
        "b3": -0.006282552629367448,
        "t_hot": 159.17097062196578,
        "n_hot": 496846938506096.25,
        "start_index": 0,
        "end_index": 559,
        "critical_energy": 77.42400592001765,
        "mse": 217821401.01145706
    },
    "2exp": {
        "a1": 1638892501910702.8,
        "b1": -0.017752298413742637,
        "a2": 636742862408657.1,
        "b2": -0.00661870672565064,
        "a1_stdev": 21522674166744.453,
        "b1_stdev": 0.0004789397006809336,
        "a2_stdev": 2747576947498.94,
        "b2_stdev": 0.0009362879875610029,
        "t_hot": 151.08691795098338,
        "n_hot": 636742862408657.1,
        "t_hot_stdev": 21.372886308271127,
        "n_hot_stdev": 2747576947498.94,
        "start_index": 36,
        "end_index": 559,
        "mse": 201805989.9856014
    },
    "nlsq": {
        "a1": 2907810711900557.5,
        "b1": -0.023769911573701508,
        "a2": 774198337427516.8,
        "b2": -0.007033374400663041,
        "a0": 4583231188.815914,
        "a1_stdev": 946630832753257.2,
        "b1_stdev": 0.0024593962988662846,
        "a2_stdev": 25307834959985.43,
        "b2_stdev": 6.577136332564979e-05,
        "a0_stdev": 8402955.008463886,
        "start_index": 36,
        "end_index": 559,
        "t_hot": 142.1792646081416,
        "n_hot": 774198337427516.8,
        "t_hot_stdev": 1.3295643793730398,
        "n_hot_stdev": 25307834959985.43,
        "mse": 184401360.1006115
    },
    "true_params": {
        "t_hot": 214.8263,
        "t_hot_stdev": 13.4954
    },
    "histogram": {
        "i": 1e+19,
        "l": 0.1,
        "a": 1.0,
        "filename": "hist_1e19_010_1"
    }
}