{
    "3exp": {
        "a1": 9748916296473018.0,
        "b1": -0.38150642887282754,
        "a2": 793851493564589.2,
        "b2": -0.10320945437987948,
        "a3": 153524409873517.6,
        "b3": -0.04858537348593186,
        "t_hot": 20.582326083992236,
        "n_hot": 153524409873517.6,
        "start_index": 0,
        "end_index": 494,
        "critical_energy": 12.468577055148213,
        "mse": 1593632431.12347
    },
    "2exp": {
        "a1": 803034713350739.4,
        "b1": -0.10480346338073733,
        "a2": 162641176583002.62,
        "b2": -0.04927490885441043,
        "a1_stdev": 8570492741217.918,
        "b1_stdev": 0.006708798016528315,
        "a2_stdev": 1968215540736.1445,
        "b2_stdev": 0.010193084659692944,
        "t_hot": 20.294304408652263,
        "n_hot": 162641176583002.62,
        "t_hot_stdev": 4.198111528895437,
        "n_hot_stdev": 1968215540736.1445,
        "start_index": 44,
        "end_index": 494,
        "mse": 1546792110.7580469
    },
    "nlsq": {
        "a1": 766802650317018.9,
        "b1": -0.09934935891444524,
        "a2": 138565650256539.88,
        "b2": -0.04778686382898717,
        "a0": -122279772090.03883,
        "a1_stdev": 36560922624631.766,
        "b1_stdev": 0.005796770216260509,
        "a2_stdev": 33253737395379.02,
        "b2_stdev": 0.0026003221019760972,
        "a0_stdev": 158742698.14930123,
        "start_index": 44,
        "end_index": 494,
        "t_hot": 20.926252946388317,
        "n_hot": 138565650256539.88,
        "t_hot_stdev": 1.138702013230427,
        "n_hot_stdev": 33253737395379.02,
        "mse": 1012468519.585613
    },
    "true_params": {
        "t_hot": 18.4813,
        "t_hot_stdev": 0.2435
    },
    "histogram": {
        "i": 1e+18,
        "l": 0.02,
        "a": 60.0,
        "filename": "hist_1e18_002_60"
    }
}