{
    "3exp": {
        "a1": 1438851935854405.5,
        "b1": -0.7271981473319091,
        "a2": 201886233187114.22,
        "b2": -0.2629990333298342,
        "a3": 4462254938194.578,
        "b3": -0.04700402157314018,
        "t_hot": 21.274775360315907,
        "n_hot": 4462254938194.578,
        "start_index": 0,
        "end_index": 224,
        "a1_stdev": 8.728450923381165e+19,
        "b1_stdev": 17021.29896971806,
        "a2_stdev": 6.883205554570031e+18,
        "b2_stdev": 2902.208950429465,
        "a3_stdev": 1.303456013460099e+17,
        "b3_stdev": 762.9907809438902,
        "t_hot_stdev": 345341.8861472289,
        "n_hot_stdev": 1.303456013460099e+17
    },
    "2exp": null,
    "2nlsq": null,
    "1nlsq": null,
    "true_params": {
        "t_hot": 26.8458,
        "t_hot_stdev": 2.912
    },
    "histogram": {
        "i": 1e+17,
        "l": 0.5,
        "a": 45.0,
        "filename": "hist_1e17_050_45"
    }
}