{
    "3exp": {
        "a1": 5380063673270586.0,
        "b1": -0.032578901117240495,
        "a2": 1127236874130829.8,
        "b2": -0.008944361522930723,
        "a3": 150561040137893.22,
        "b3": -0.004757533932012445,
        "t_hot": 210.19293068436366,
        "n_hot": 150561040137893.22,
        "start_index": 0,
        "end_index": 523,
        "a1_stdev": 5.172506968984444e+18,
        "b1_stdev": 21.35769421487037,
        "a2_stdev": 6.300923605111393e+17,
        "b2_stdev": 5.9048464605485025,
        "a3_stdev": 6.18706469020565e+17,
        "b3_stdev": 3.424244137160798,
        "t_hot_stdev": 151286.7634480795,
        "n_hot_stdev": 6.18706469020565e+17,
        "critical_energy": 66.12909927638495,
        "mswe": 5.0808629684421064e+16,
        "mse": 1.991294289402936e+20
    },
    "2exp": {
        "a0": 386953445285.32434,
        "a1": 1583427980419583.2,
        "b1": -0.01638186648045168,
        "a2": 738767351020624.2,
        "b2": -0.0066601819867209006,
        "a0_stdev": 361186562520140.94,
        "a1_stdev": 4.743869960413246e+18,
        "b1_stdev": 30.510739190883008,
        "a2_stdev": 1.0666897618002876e+18,
        "b2_stdev": 2.3401127710323175,
        "t_hot": 150.14604735933708,
        "n_hot": 738767351020624.2,
        "t_hot_stdev": 52755.11744966554,
        "n_hot_stdev": 1.0666897618002876e+18,
        "start_index": 29,
        "end_index": 523,
        "mswe": 9.770260699523877e+16,
        "mse": 3.186904170697598e+18
    },
    "2nlsq": {
        "a1": 1569834108946602.0,
        "b1": -0.016065754875005597,
        "a2": 717910650256577.6,
        "b2": -0.00659653775043722,
        "a0": 6466292476.610836,
        "a1_stdev": 196220576939642.38,
        "b1_stdev": 0.001294873967438883,
        "a2_stdev": 47958989889273.71,
        "b2_stdev": 0.00010663101755099255,
        "a0_stdev": 16476215776.613989,
        "start_index": 29,
        "end_index": 523,
        "t_hot": 151.59467554532222,
        "n_hot": 717910650256577.6,
        "t_hot_stdev": 2.450481619337186,
        "n_hot_stdev": 47958989889273.71,
        "mswe": 3.800465724165654e+16,
        "mse": 3.2241445988225987e+18
    },
    "1nlsq": null,
    "true_params": {
        "t_hot": 177.2035,
        "t_hot_stdev": 5.973
    },
    "histogram": {
        "i": 1e+19,
        "l": 0.1,
        "a": 3.0,
        "filename": "hist_1e19_010_3"
    }
}