{
    "3exp": {
        "a1": 3907308743441505.5,
        "b1": -0.9794734819830497,
        "a2": 188459482403096.72,
        "b2": -0.2626033223346032,
        "a3": 13895074909632.594,
        "b3": -0.07856826314600764,
        "t_hot": 12.727785494527811,
        "n_hot": 13895074909632.594,
        "start_index": 0,
        "end_index": 212,
        "critical_energy": 6.259337323030989,
        "mse": 4382941413.597242
    },
    "2exp": {
        "a1": 154461795919033.7,
        "b1": -0.23900839948426972,
        "a2": 10806562940097.809,
        "b2": -0.07197505811385702,
        "a1_stdev": 5203290282727.722,
        "b1_stdev": 0.03204971853424308,
        "a2_stdev": 436766292126.2685,
        "b2_stdev": 0.062380414321741205,
        "t_hot": 13.893701876809944,
        "n_hot": 10806562940097.809,
        "t_hot_stdev": 12.041600274460869,
        "n_hot_stdev": 436766292126.2685,
        "start_index": 32,
        "end_index": 212,
        "mse": 4865008086.881872
    },
    "nlsq": {
        "a1": 339017446077028.3,
        "b1": -0.3525260513653212,
        "a2": 31115789065827.617,
        "b2": -0.10938919290787912,
        "a0": 0.0,
        "a1_stdev": Infinity,
        "b1_stdev": Infinity,
        "a2_stdev": Infinity,
        "b2_stdev": Infinity,
        "a0_stdev": Infinity,
        "start_index": 32,
        "end_index": 212,
        "t_hot": 9.141670885552093,
        "n_hot": 31115789065827.617,
        "t_hot_stdev": Infinity,
        "n_hot_stdev": Infinity,
        "mse": 3611729290.498678
    },
    "true_params": {
        "t_hot": 11.2066,
        "t_hot_stdev": 0.7525
    },
    "histogram": {
        "i": 1e+18,
        "l": 0.01,
        "a": 0.0,
        "filename": "hist_1e18_001_0"
    }
}