{
    "3exp": {
        "a1": 1178623663933631.0,
        "b1": -0.27395103654255676,
        "a2": 46963011847179.086,
        "b2": -0.08055755456057738,
        "a3": 71357538435295.42,
        "b3": -0.034429508105510084,
        "t_hot": 29.044852948101237,
        "n_hot": 71357538435295.42,
        "start_index": 0,
        "end_index": 474,
        "critical_energy": 16.66417248024258,
        "mse": 4266265225.1964436
    },
    "2exp": {
        "a1": 73398604426293.8,
        "b1": -0.09280834184856379,
        "a2": 71573545300595.36,
        "b2": -0.03467239457940575,
        "a1_stdev": 4291724085917.797,
        "b1_stdev": 0.014614021880883742,
        "a2_stdev": 645908907712.1312,
        "b2_stdev": 0.028955197572045656,
        "t_hot": 28.84138843395509,
        "n_hot": 71573545300595.36,
        "t_hot_stdev": 24.08567710674672,
        "n_hot_stdev": 645908907712.1312,
        "start_index": 59,
        "end_index": 474,
        "mse": 4492236238.439427
    },
    "nlsq": null,
    "true_params": {
        "t_hot": 28.0532,
        "t_hot_stdev": 0.4074
    },
    "histogram": {
        "i": 1e+17,
        "l": 0.1,
        "a": 45.0,
        "filename": "hist_1e17_010_45"
    }
}