{
    "3exp": {
        "a1": 2253134320969402.0,
        "b1": -0.016834300092724755,
        "a2": 409546596096668.8,
        "b2": -0.0036514617439999107,
        "a3": 300046268423482.5,
        "b3": -0.0015825347527989135,
        "t_hot": 631.8976554741519,
        "n_hot": 300046268423482.5,
        "start_index": 0,
        "end_index": 884,
        "a1_stdev": 1.269787511112806e+18,
        "b1_stdev": 5.8167778430401045,
        "a2_stdev": 1.166949139453169e+17,
        "b2_stdev": 1.1054386679450638,
        "a3_stdev": 6.911047938689345e+16,
        "b3_stdev": 0.08220329719714241,
        "t_hot_stdev": 32823.336536053655,
        "n_hot_stdev": 6.911047938689345e+16,
        "critical_energy": 129.33685657576208,
        "mswe": 1639024881107599.5,
        "mse": 1.1232600602612005e+20
    },
    "2exp": {
        "a0": -271615330794.89322,
        "a1": 523359948453612.75,
        "b1": -0.0038028357315113446,
        "a2": 272447432538066.5,
        "b2": -0.0015240015838911016,
        "a0_stdev": 53564057003734.305,
        "a1_stdev": 4.555866626704635e+16,
        "b1_stdev": 0.49225883663008263,
        "a2_stdev": 4.3978915929849864e+16,
        "b2_stdev": 0.07055707710910879,
        "t_hot": 656.1672970488563,
        "n_hot": 272447432538066.5,
        "t_hot_stdev": 30378.739145496744,
        "n_hot_stdev": 4.3978915929849864e+16,
        "start_index": 29,
        "end_index": 884,
        "mswe": 609582815688602.9,
        "mse": 7.621129967876754e+16
    },
    "2nlsq": {
        "a1": 509699552013559.1,
        "b1": -0.0042175917224742876,
        "a2": 318834968267271.44,
        "b2": -0.001609605906798209,
        "a0": -154388875198.46173,
        "a1_stdev": 7561968084946.582,
        "b1_stdev": 8.039349285800342e-05,
        "a2_stdev": 5381802017648.277,
        "b2_stdev": 8.02479680275089e-06,
        "a0_stdev": 5723864959.309784,
        "start_index": 29,
        "end_index": 884,
        "t_hot": 621.2700859113875,
        "n_hot": 318834968267271.44,
        "t_hot_stdev": 3.0973831408109365,
        "n_hot_stdev": 5381802017648.277,
        "mswe": 398438502241044.0,
        "mse": 7.447517029986693e+16
    },
    "1nlsq": null,
    "true_params": {
        "t_hot": 636.7122,
        "t_hot_stdev": 4.3957
    },
    "histogram": {
        "i": 1e+19,
        "l": 2.0,
        "a": 10.0,
        "filename": "hist_1e19_200_10"
    }
}