{
    "3exp": {
        "a1": 1.9384913404508064e+16,
        "b1": -4.135002385227919,
        "a2": 1003463720027145.6,
        "b2": -1.6803904535184466,
        "a3": 60827230560816.305,
        "b3": -0.8012725705494574,
        "t_hot": 1.2480147664536538,
        "n_hot": 60827230560816.305,
        "start_index": 0,
        "end_index": 216,
        "a1_stdev": 3.493279721400203e+21,
        "b1_stdev": 180491.98351528487,
        "a2_stdev": 1.0887015803419861e+20,
        "b2_stdev": 60995.80985714186,
        "a3_stdev": 1.0253303097165056e+19,
        "b3_stdev": 24983.98938848885,
        "t_hot_stdev": 38913.584250580454,
        "n_hot_stdev": 1.0253303097165056e+19
    },
    "2exp": null,
    "2nlsq": null,
    "1nlsq": null,
    "true_params": {
        "t_hot": 1.5108,
        "t_hot_stdev": 0.0742
    },
    "histogram": {
        "i": 1e+17,
        "l": 2.0,
        "a": 40.0,
        "filename": "hist_1e17_200_40"
    }
}