{
    "3exp": {
        "a1": 9293165541151968.0,
        "b1": -0.03812219144063426,
        "a2": 1399730211731638.8,
        "b2": -0.01057401575952629,
        "a3": 570496529628216.1,
        "b3": -0.00455509369172635,
        "t_hot": 219.53445256600344,
        "n_hot": 570496529628216.1,
        "start_index": 0,
        "end_index": 386,
        "a1_stdev": 8.331650511986239e+19,
        "b1_stdev": 210.36667267557462,
        "a2_stdev": 1.027823077962066e+19,
        "b2_stdev": 72.95026512270215,
        "a3_stdev": 5.267056693347826e+18,
        "b3_stdev": 10.401870773592336,
        "t_hot_stdev": 501322.07161636814,
        "n_hot_stdev": 5.267056693347826e+18
    },
    "2exp": null,
    "2nlsq": null,
    "1nlsq": null,
    "true_params": {
        "t_hot": 216.3205,
        "t_hot_stdev": 3.4366
    },
    "histogram": {
        "i": 1e+19,
        "l": 0.02,
        "a": 0.0,
        "filename": "hist_1e19_002_0"
    }
}