{
    "3exp": {
        "a1": 3447553863411802.5,
        "b1": -1.629717748177432,
        "a2": 89879184549489.84,
        "b2": -0.3394655165345072,
        "a3": 1105057609196.8467,
        "b3": -0.05547753365653374,
        "t_hot": 18.025314647026082,
        "n_hot": 1105057609196.8467,
        "start_index": 0,
        "end_index": 653,
        "critical_energy": 5.110733857899993,
        "mse": 4147143723.1995373
    },
    "2exp": {
        "a1": 86714798369192.3,
        "b1": -0.3347659624358441,
        "a2": 1057216500135.1497,
        "b2": -0.05457791081523468,
        "a1_stdev": 583955766209.8076,
        "b1_stdev": 0.00423187328278587,
        "a2_stdev": 33929924729.251415,
        "b2_stdev": 0.009218598036019335,
        "t_hot": 18.322430907722904,
        "n_hot": 1057216500135.1497,
        "t_hot_stdev": 3.0947891382805772,
        "n_hot_stdev": 33929924729.251415,
        "start_index": 62,
        "end_index": 653,
        "mse": 4455422728.018242
    },
    "nlsq": {
        "a1": 87315200684875.6,
        "b1": -0.3431572927038457,
        "a2": 2260538562986.6553,
        "b2": -0.10055774327764633,
        "a0": -9502889581.75489,
        "a1_stdev": 11391636924541.584,
        "b1_stdev": 0.02124248300702609,
        "a2_stdev": 1010759312583.3601,
        "b2_stdev": 0.01804071790012825,
        "a0_stdev": 196845495.005598,
        "start_index": 62,
        "end_index": 653,
        "t_hot": 9.944535024408179,
        "n_hot": 2260538562986.6553,
        "t_hot_stdev": 1.78411473025941,
        "n_hot_stdev": 1010759312583.3601,
        "mse": 1482301043.3857322
    },
    "true_params": {
        "t_hot": 4.9787,
        "t_hot_stdev": 0.1768
    },
    "histogram": {
        "i": 1e+17,
        "l": 0.2,
        "a": 5.0,
        "filename": "hist_1e17_020_5"
    }
}