{
    "3exp": {
        "a1": 2208253614100359.2,
        "b1": -2.8319740593252543,
        "a2": 19343491164998.777,
        "b2": -0.48668782189469567,
        "a3": -875598241.7202342,
        "b3": 0.20514141577796988,
        "t_hot": 2.0547052032388216,
        "n_hot": 19343491164998.777,
        "start_index": 0,
        "end_index": 424,
        "a1_stdev": 1.845609386278982e+19,
        "b1_stdev": 5246.706711501036,
        "a2_stdev": 5.952800613385981e+16,
        "b2_stdev": 683.9990390394865,
        "a3_stdev": 311566234106324.06,
        "b3_stdev": 26174.581893379735,
        "t_hot_stdev": 2887.7163580001716,
        "n_hot_stdev": 5.952800613385981e+16,
        "critical_energy": 2.020052477032521,
        "mswe": 7.179131288419941e+18,
        "mse": 1.634588955936109e+20
    },
    "2exp": {
        "a0": -36541006019.53325,
        "a1": 66424320295674.42,
        "b1": -1.368492270170691,
        "a2": 14382702235305.703,
        "b2": -0.43572565435235555,
        "a0_stdev": 431343320578589.94,
        "a1_stdev": 3.921951997554016e+18,
        "b1_stdev": 25289.945766846427,
        "a2_stdev": 1.3360636059675474e+17,
        "b2_stdev": 1253.9878969011338,
        "t_hot": 2.29502208559732,
        "n_hot": 14382702235305.703,
        "t_hot_stdev": 6604.912723666621,
        "n_hot_stdev": 1.3360636059675474e+17,
        "start_index": 43,
        "end_index": 424,
        "mswe": 7.215044189353274e+18,
        "mse": 1.60956923353465e+20
    },
    "2nlsq": {
        "a1": 494533279218404.75,
        "b1": -2.2766560664571363,
        "a2": 18528861420869.477,
        "b2": -0.4812957945195174,
        "a0": -19902631158.54525,
        "a1_stdev": 1199578073557768.8,
        "b1_stdev": 0.8911007463461635,
        "a2_stdev": 1193102505426.2605,
        "b2_stdev": 0.010464581101803814,
        "a0_stdev": 3846547382.100295,
        "start_index": 43,
        "end_index": 424,
        "t_hot": 2.0777243669837393,
        "n_hot": 18528861420869.477,
        "t_hot_stdev": 0.045174953517308644,
        "n_hot_stdev": 1193102505426.2605,
        "mswe": 6.723457443153498e+18,
        "mse": 1.6430507604244713e+20
    },
    "1nlsq": null,
    "true_params": {
        "t_hot": 2.0289,
        "t_hot_stdev": 0.0294
    },
    "histogram": {
        "i": 1e+17,
        "l": 0.02,
        "a": 3.0,
        "filename": "hist_1e17_002_3"
    }
}