{
    "3exp": {
        "a1": 827424964225197.8,
        "b1": -0.08505391191499362,
        "a2": 118088699987631.36,
        "b2": -0.02398599400558152,
        "a3": 37989280095324.59,
        "b3": -0.007353419885710292,
        "t_hot": 135.99114637031317,
        "n_hot": 37989280095324.59,
        "start_index": 0,
        "end_index": 676,
        "critical_energy": 39.65244399136899,
        "mse": 140543775.20713457
    },
    "2exp": {
        "a1": 154080140963680.97,
        "b1": -0.027166035976902446,
        "a2": 40256174120243.086,
        "b2": -0.007503958155952764,
        "a1_stdev": 1427502817992.86,
        "b1_stdev": 0.0003115193781729444,
        "a2_stdev": 196967505722.85345,
        "b2_stdev": 0.0007706785957829627,
        "t_hot": 133.2630032333958,
        "n_hot": 40256174120243.086,
        "t_hot_stdev": 13.68650278523493,
        "n_hot_stdev": 196967505722.85345,
        "start_index": 41,
        "end_index": 676,
        "mse": 135247571.15907446
    },
    "nlsq": {
        "a1": 142468492792923.53,
        "b1": -0.024982048071061712,
        "a2": 35885267319373.15,
        "b2": -0.007080563355893916,
        "a0": -140874364568.5088,
        "a1_stdev": 10330880823590.025,
        "b1_stdev": 0.0012347179874687994,
        "a2_stdev": 1821373712251.6423,
        "b2_stdev": 0.000147176637090279,
        "a0_stdev": 17987712.483349342,
        "start_index": 41,
        "end_index": 676,
        "t_hot": 141.23170004087206,
        "n_hot": 35885267319373.15,
        "t_hot_stdev": 2.9356430580140405,
        "n_hot_stdev": 1821373712251.6423,
        "mse": 81140973.06709422
    },
    "true_params": {
        "t_hot": 128.0458,
        "t_hot_stdev": 4.99
    },
    "histogram": {
        "i": 1e+18,
        "l": 1.0,
        "a": 30.0,
        "filename": "hist_1e18_100_30"
    }
}