{
    "3exp": {
        "a1": 416429842609260.2,
        "b1": -0.050548117769976794,
        "a2": 109173978505474.2,
        "b2": -0.016736932270196434,
        "a3": 20372434226260.676,
        "b3": -0.004414984245126573,
        "t_hot": 226.50137451879652,
        "n_hot": 20372434226260.676,
        "start_index": 0,
        "end_index": 685,
        "a1_stdev": 5.6997580556004506e+17,
        "b1_stdev": 67.99962382480595,
        "a2_stdev": 2.4169004183956378e+17,
        "b2_stdev": 16.83798938372572,
        "a3_stdev": 1.4548381945600288e+16,
        "b3_stdev": 1.0479934096450765,
        "t_hot_stdev": 53765.0724423921,
        "n_hot_stdev": 1.4548381945600288e+16
    },
    "2exp": null,
    "2nlsq": null,
    "1nlsq": null,
    "true_params": {
        "t_hot": 245.3881,
        "t_hot_stdev": 8.2872
    },
    "histogram": {
        "i": 1e+18,
        "l": 2.0,
        "a": 5.0,
        "filename": "hist_1e18_200_5"
    }
}