{
    "3exp": {
        "a1": 2728710128667775.5,
        "b1": -0.018742002838866942,
        "a2": 449987305821986.9,
        "b2": -0.003664974438346021,
        "a3": 286974068822785.75,
        "b3": -0.0015631348762862498,
        "t_hot": 639.7400602920682,
        "n_hot": 286974068822785.75,
        "start_index": 0,
        "end_index": 785,
        "a1_stdev": 3.0401075660520325e+18,
        "b1_stdev": 10.950334564718682,
        "a2_stdev": 1.6965682609296173e+17,
        "b2_stdev": 1.7009011994856142,
        "a3_stdev": 1.2681988557553765e+17,
        "b3_stdev": 0.1683463522672586,
        "t_hot_stdev": 68898.66458950631,
        "n_hot_stdev": 1.2681988557553765e+17
    },
    "2exp": null,
    "2nlsq": null,
    "1nlsq": null,
    "true_params": {
        "t_hot": 636.7122,
        "t_hot_stdev": 4.3957
    },
    "histogram": {
        "i": 1e+19,
        "l": 2.0,
        "a": 10.0,
        "filename": "hist_1e19_200_10"
    }
}