{
    "3exp": {
        "a1": 4251830768657150.0,
        "b1": -1.0628514870332084,
        "a2": 285651856771083.3,
        "b2": -0.3942661752909432,
        "a3": 3679899449861.4155,
        "b3": -0.06740572998165871,
        "t_hot": 14.835534015759533,
        "n_hot": 3679899449861.4155,
        "start_index": 0,
        "end_index": 321,
        "a1_stdev": 9.65419398930717e+19,
        "b1_stdev": 7420.399500015299,
        "a2_stdev": 4.1857377784820915e+18,
        "b2_stdev": 1537.3659763812077,
        "a3_stdev": 2.938967178930464e+16,
        "b3_stdev": 242.8604174169403,
        "t_hot_stdev": 53451.894737301314,
        "n_hot_stdev": 2.938967178930464e+16
    },
    "2exp": null,
    "2nlsq": null,
    "1nlsq": null,
    "true_params": {
        "t_hot": 12.4532,
        "t_hot_stdev": 0.7287
    },
    "histogram": {
        "i": 1e+17,
        "l": 0.5,
        "a": 4.0,
        "filename": "hist_1e17_050_4"
    }
}