{
    "3exp": {
        "a1": 7622147638069578.0,
        "b1": -1.7675453684974562,
        "a2": 271066607257383.9,
        "b2": -0.6059036112507569,
        "a3": 22643143039865.656,
        "b3": -0.23881925453202096,
        "t_hot": 4.187267069230047,
        "n_hot": 22643143039865.656,
        "start_index": 0,
        "end_index": 395,
        "critical_energy": 3.8064087003749063,
        "mse": 1107215228.7160206
    },
    "2exp": {
        "a1": 231857033646914.12,
        "b1": -0.5614619128345315,
        "a2": 17984091222139.613,
        "b2": -0.22676825997980596,
        "a1_stdev": 3422491040726.9443,
        "b1_stdev": 0.03522029611525909,
        "a2_stdev": 345821877026.7016,
        "b2_stdev": 0.05845661180693243,
        "t_hot": 4.409788213258114,
        "n_hot": 17984091222139.613,
        "t_hot_stdev": 1.136760840146551,
        "n_hot_stdev": 345821877026.7016,
        "start_index": 48,
        "end_index": 395,
        "mse": 1187437106.2425432
    },
    "nlsq": {
        "a1": 378456505699349.1,
        "b1": -0.7044375992509627,
        "a2": 36157443326111.73,
        "b2": -0.27210646161275687,
        "a0": 0.0,
        "a1_stdev": Infinity,
        "b1_stdev": Infinity,
        "a2_stdev": Infinity,
        "b2_stdev": Infinity,
        "a0_stdev": Infinity,
        "start_index": 48,
        "end_index": 395,
        "t_hot": 3.67503216966281,
        "n_hot": 36157443326111.73,
        "t_hot_stdev": Infinity,
        "n_hot_stdev": Infinity,
        "mse": 940831187.4537036
    },
    "true_params": {
        "t_hot": 3.8047,
        "t_hot_stdev": 0.1138
    },
    "histogram": {
        "i": 1e+17,
        "l": 0.5,
        "a": 50.0,
        "filename": "hist_1e17_050_50"
    }
}