{
    "3exp": {
        "a1": 2459424523096851.5,
        "b1": -0.015228206576245117,
        "a2": 792368748114252.5,
        "b2": -0.003239531004382389,
        "a3": 260003869150354.53,
        "b3": -0.0015112242876198143,
        "t_hot": 661.715145919872,
        "n_hot": 260003869150354.53,
        "start_index": 0,
        "end_index": 873,
        "a1_stdev": 1.0341227762244525e+18,
        "b1_stdev": 3.632798747085206,
        "a2_stdev": 7.34052758850918e+16,
        "b2_stdev": 0.34735061595988176,
        "a3_stdev": 5.594856189148199e+16,
        "b3_stdev": 0.0677710863046573,
        "t_hot_stdev": 29674.717797095414,
        "n_hot_stdev": 5.594856189148199e+16,
        "critical_energy": 94.47714107833754,
        "mswe": 542900684290658.4,
        "mse": 5.780285594228051e+19
    },
    "2exp": {
        "a0": -323661763449.7352,
        "a1": 953469637988425.9,
        "b1": -0.0031458653086470743,
        "a2": 172266637963463.5,
        "b2": -0.0013322244605781536,
        "a0_stdev": 68247445180763.805,
        "a1_stdev": 5.959771584760369e+16,
        "b1_stdev": 0.29559050993950264,
        "a2_stdev": 6.2816229046802216e+16,
        "b2_stdev": 0.12774583105921877,
        "t_hot": 750.624260093546,
        "n_hot": 172266637963463.5,
        "t_hot_stdev": 71976.6996901165,
        "n_hot_stdev": 6.2816229046802216e+16,
        "start_index": 25,
        "end_index": 873,
        "mswe": 1257444589163927.2,
        "mse": 8.49137498289747e+16
    },
    "2nlsq": {
        "a1": 885145985082000.0,
        "b1": -0.0036317137270478147,
        "a2": 312109354901732.9,
        "b2": -0.0015989259744751895,
        "a0": -53802096421.76158,
        "a1_stdev": 7367326176369.241,
        "b1_stdev": 4.558937264377102e-05,
        "a2_stdev": 8319097719741.144,
        "b2_stdev": 1.0707974269853196e-05,
        "a0_stdev": 4068451939.401812,
        "start_index": 25,
        "end_index": 873,
        "t_hot": 625.4198230335378,
        "n_hot": 312109354901732.9,
        "t_hot_stdev": 4.188423654257909,
        "n_hot_stdev": 8319097719741.144,
        "mswe": 212950647422610.6,
        "mse": 9.868871324181184e+16
    },
    "1nlsq": null,
    "true_params": {
        "t_hot": 617.7807,
        "t_hot_stdev": 5.3199
    },
    "histogram": {
        "i": 1e+19,
        "l": 2.0,
        "a": 3.0,
        "filename": "hist_1e19_200_3"
    }
}