{
    "3exp": {
        "a1": 2208253614100359.2,
        "b1": -2.8319740593252543,
        "a2": 19343491164998.777,
        "b2": -0.48668782189469567,
        "a3": -875598241.7202342,
        "b3": 0.20514141577796988,
        "t_hot": 2.0547052032388216,
        "n_hot": 19343491164998.777,
        "start_index": 0,
        "end_index": 424,
        "critical_energy": NaN,
        "mse": 1804963028.6518517
    },
    "2exp": {
        "a1": 693924369409851.2,
        "b1": -2.3070738461413347,
        "a2": 18527212924811.41,
        "b2": -0.4828129916447359,
        "a1_stdev": 22339320795995.098,
        "b1_stdev": 0.04911622852563925,
        "a2_stdev": 173838487690.10477,
        "b2_stdev": 0.16410806782455997,
        "t_hot": 2.071195301918929,
        "n_hot": 18527212924811.41,
        "t_hot_stdev": 0.7039989912602167,
        "n_hot_stdev": 173838487690.10477,
        "start_index": 25,
        "end_index": 424,
        "mse": 1900868885.2810082
    },
    "nlsq": {
        "a1": 2443048695995857.5,
        "b1": -2.923093880644679,
        "a2": 21573953637754.785,
        "b2": -0.5147099135457417,
        "a0": 0.0,
        "a1_stdev": Infinity,
        "b1_stdev": Infinity,
        "a2_stdev": Infinity,
        "b2_stdev": Infinity,
        "a0_stdev": Infinity,
        "start_index": 25,
        "end_index": 424,
        "t_hot": 1.942841926457535,
        "n_hot": 21573953637754.785,
        "t_hot_stdev": Infinity,
        "n_hot_stdev": Infinity,
        "mse": 1681835757.2163136
    },
    "true_params": {
        "t_hot": 2.0289,
        "t_hot_stdev": 0.0294
    },
    "histogram": {
        "i": 1e+17,
        "l": 0.02,
        "a": 3.0,
        "filename": "hist_1e17_002_3"
    }
}