{
    "3exp": {
        "a1": 4130706771845790.5,
        "b1": -1.2159940359861214,
        "a2": 423572803635905.3,
        "b2": -0.3992727593776333,
        "a3": 80391069551956.08,
        "b3": -0.11894090198013607,
        "t_hot": 8.407536712366674,
        "n_hot": 80391069551956.08,
        "start_index": 0,
        "end_index": 301,
        "a1_stdev": 5.019815521019206e+20,
        "b1_stdev": 58030.72849192004,
        "a2_stdev": 3.6260306170354213e+19,
        "b2_stdev": 14904.865064607935,
        "a3_stdev": 2.6956632611315026e+18,
        "b3_stdev": 1373.8681870152145,
        "t_hot_stdev": 97114.17206346836,
        "n_hot_stdev": 2.6956632611315026e+18
    },
    "2exp": null,
    "2nlsq": null,
    "1nlsq": null,
    "true_params": {
        "t_hot": 7.9063,
        "t_hot_stdev": 0.1099
    },
    "histogram": {
        "i": 1e+17,
        "l": 0.01,
        "a": 50.0,
        "filename": "hist_1e17_001_50"
    }
}