{
    "3exp": {
        "a1": 677956358632779.9,
        "b1": -0.15817059684095458,
        "a2": 87468355209931.27,
        "b2": -0.05459099745447904,
        "a3": 27063882182512.004,
        "b3": -0.014499818208729129,
        "t_hot": 68.96638189560085,
        "n_hot": 27063882182512.004,
        "start_index": 0,
        "end_index": 338,
        "a1_stdev": 1.0078937119863155e+19,
        "b1_stdev": 1112.123486269724,
        "a2_stdev": 1.1935669484775514e+18,
        "b2_stdev": 287.98486266609376,
        "a3_stdev": 5.161143086824664e+16,
        "b3_stdev": 9.506974085541106,
        "t_hot_stdev": 45218.60867609288,
        "n_hot_stdev": 5.161143086824664e+16
    },
    "2exp": null,
    "2nlsq": null,
    "1nlsq": null,
    "true_params": {
        "t_hot": 67.8854,
        "t_hot_stdev": 1.1717
    },
    "histogram": {
        "i": 1e+18,
        "l": 2.0,
        "a": 40.0,
        "filename": "hist_1e18_200_40"
    }
}