{
    "3exp": {
        "a1": 6077305254645760.0,
        "b1": -0.0579548005465742,
        "a2": 1106159776299362.5,
        "b2": -0.02202233860050547,
        "a3": 583365605621633.4,
        "b3": -0.007905260636131799,
        "t_hot": 126.49804301573539,
        "n_hot": 583365605621633.4,
        "start_index": 0,
        "end_index": 515,
        "a1_stdev": 2.1075506397423526e+19,
        "b1_stdev": 249.85011787438197,
        "a2_stdev": 1.5190283644719057e+19,
        "b2_stdev": 136.37835702035798,
        "a3_stdev": 1.4717439273517704e+18,
        "b3_stdev": 5.091826843120861,
        "t_hot_stdev": 81478.16506970384,
        "n_hot_stdev": 1.4717439273517704e+18
    },
    "2exp": null,
    "2nlsq": null,
    "1nlsq": null,
    "true_params": {
        "t_hot": 123.0988,
        "t_hot_stdev": 0.7497
    },
    "histogram": {
        "i": 1e+19,
        "l": 0.2,
        "a": 60.0,
        "filename": "hist_1e19_020_60"
    }
}