{
    "3exp": {
        "a1": 2003288069219212.5,
        "b1": -1.1056511034989656,
        "a2": 127766201144442.4,
        "b2": -0.26927910969994295,
        "a3": 9266236891691.537,
        "b3": -0.08278923818842536,
        "t_hot": 12.078864619143319,
        "n_hot": 9266236891691.537,
        "start_index": 0,
        "end_index": 301,
        "a1_stdev": 1.579534745968671e+20,
        "b1_stdev": 27793.73124653457,
        "a2_stdev": 3.7620254594760535e+18,
        "b2_stdev": 5335.571712141934,
        "a3_stdev": 7.46976005355453e+17,
        "b3_stdev": 2536.4623617272173,
        "t_hot_stdev": 370067.2472565279,
        "n_hot_stdev": 7.46976005355453e+17,
        "critical_energy": 3.2908121319638686,
        "mswe": 1.5000182823843224e+20,
        "mse": 5.365136998675076e+21
    },
    "2exp": {
        "a0": -3196326741.3164415,
        "a1": 149007681517984.84,
        "b1": -0.2975377058342429,
        "a2": 13155913485419.084,
        "b2": -0.09451159683787967,
        "a0_stdev": 6.7270302258328664e+16,
        "a1_stdev": 3.311216352847515e+18,
        "b1_stdev": 8128.50337576406,
        "a2_stdev": 2.0799021511923328e+18,
        "b2_stdev": 8042.1415378156635,
        "t_hot": 10.580712139647249,
        "n_hot": 13155913485419.084,
        "t_hot_stdev": 900329.5621371132,
        "n_hot_stdev": 2.0799021511923328e+18,
        "start_index": 26,
        "end_index": 301,
        "mswe": 1.4521321040213382e+20,
        "mse": 6.318405323543886e+20
    },
    "2nlsq": {
        "a1": 153966615058127.25,
        "b1": -0.3334146552964345,
        "a2": 24600355864309.45,
        "b2": -0.1264001097836165,
        "a0": 82513635223.68163,
        "a1_stdev": 25844103929239.32,
        "b1_stdev": 0.0653996014383379,
        "a2_stdev": 17374912056949.68,
        "b2_stdev": 0.033459230264017724,
        "a0_stdev": 173286165907.20697,
        "start_index": 26,
        "end_index": 301,
        "t_hot": 7.911385533698454,
        "n_hot": 24600355864309.45,
        "t_hot_stdev": 2.0942139269703857,
        "n_hot_stdev": 17374912056949.68,
        "mswe": 1.3141609937056465e+20,
        "mse": 6.463437798287431e+20
    },
    "1nlsq": null,
    "true_params": {
        "t_hot": 8.5642,
        "t_hot_stdev": 0.3479
    },
    "histogram": {
        "i": 1e+18,
        "l": 0.01,
        "a": 4.0,
        "filename": "hist_1e18_001_4"
    }
}