{
    "3exp": {
        "a1": 720110439389170.2,
        "b1": -1.361707576965336,
        "a2": 87724818666045.3,
        "b2": -0.2949461345203743,
        "a3": 3665183697972.2075,
        "b3": -0.06423675505738576,
        "t_hot": 15.567411509293276,
        "n_hot": 3665183697972.2075,
        "start_index": 0,
        "end_index": 464,
        "a1_stdev": 7.064049533279066e+19,
        "b1_stdev": 36937.42368338913,
        "a2_stdev": 8.515645889199338e+17,
        "b2_stdev": 1442.2520491898392,
        "a3_stdev": 5.488534145988135e+16,
        "b3_stdev": 426.6236444164356,
        "t_hot_stdev": 103389.80893869807,
        "n_hot_stdev": 5.488534145988135e+16
    },
    "2exp": null,
    "2nlsq": null,
    "1nlsq": null,
    "true_params": {
        "t_hot": 9.9542,
        "t_hot_stdev": 0.6897
    },
    "histogram": {
        "i": 1e+17,
        "l": 0.05,
        "a": 10.0,
        "filename": "hist_1e17_005_10"
    }
}