{
    "3exp": {
        "a1": 1242573911562913.0,
        "b1": -0.014231719509819232,
        "a2": 500317787291221.44,
        "b2": -0.0028927357962631045,
        "a3": 29880902764476.01,
        "b3": -0.0008704569702466531,
        "t_hot": 1148.8218650447932,
        "n_hot": 29880902764476.01,
        "start_index": 0,
        "end_index": 729,
        "a1_stdev": 2.2359738736345587e+18,
        "b1_stdev": 15.463192131443213,
        "a2_stdev": 2.0063351089631994e+17,
        "b2_stdev": 0.9216489815201376,
        "a3_stdev": 4.680692651832053e+16,
        "b3_stdev": 0.47645735485103236,
        "t_hot_stdev": 628824.4516660832,
        "n_hot_stdev": 4.680692651832053e+16
    },
    "2exp": null,
    "2nlsq": null,
    "1nlsq": null,
    "true_params": {
        "t_hot": 784.0724,
        "t_hot_stdev": 11.3106
    },
    "histogram": {
        "i": 1e+19,
        "l": 0.5,
        "a": 2.0,
        "filename": "hist_1e19_050_2"
    }
}