{
    "3exp": {
        "a1": 310628582225166.2,
        "b1": -0.18594989571912568,
        "a2": 20072756489796.363,
        "b2": -0.04054587254693223,
        "a3": 6363589661393.727,
        "b3": -0.009308978174094222,
        "t_hot": 107.42317591665226,
        "n_hot": 6363589661393.727,
        "start_index": 0,
        "end_index": 542,
        "a1_stdev": 4.1250165775104394e+18,
        "b1_stdev": 1155.6779325155958,
        "a2_stdev": 2.437359862542037e+17,
        "b2_stdev": 325.65617847264366,
        "a3_stdev": 3.0208066950681348e+16,
        "b3_stdev": 18.136662267942558,
        "t_hot_stdev": 209292.34389784947,
        "n_hot_stdev": 3.0208066950681348e+16,
        "critical_energy": 18.838780194485285,
        "mswe": 1.3141078292810442e+18,
        "mse": 3.862550296857914e+19
    },
    "2exp": {
        "a0": -236558647940.3412,
        "a1": 20060560602391.816,
        "b1": -0.03578938604579914,
        "a2": 5155161539372.749,
        "b2": -0.007183547818943572,
        "a0_stdev": 1.1146416348580324e+16,
        "a1_stdev": 1.4160324603637346e+17,
        "b1_stdev": 308.43125726834273,
        "a2_stdev": 5.7514085208444664e+16,
        "b2_stdev": 97.06003697840445,
        "t_hot": 139.2069803395646,
        "n_hot": 5155161539372.749,
        "t_hot_stdev": 1880886.0189918221,
        "n_hot_stdev": 5.7514085208444664e+16,
        "start_index": 36,
        "end_index": 542,
        "mswe": 1.1825444240185042e+18,
        "mse": 1.8312134227826941e+18
    },
    "2nlsq": {
        "a1": 27936488366045.652,
        "b1": -0.052880830356536054,
        "a2": 7836584658750.754,
        "b2": -0.009158753001895939,
        "a0": -447477771965.8968,
        "a1_stdev": 9637017156307.045,
        "b1_stdev": 0.011111446998904567,
        "a2_stdev": 910314181037.5569,
        "b2_stdev": 0.001021871413983876,
        "a0_stdev": 102150434398.8051,
        "start_index": 36,
        "end_index": 542,
        "t_hot": 109.1851696178499,
        "n_hot": 7836584658750.754,
        "t_hot_stdev": 12.182139166801969,
        "n_hot_stdev": 910314181037.5569,
        "mswe": 3.8439945489776365e+17,
        "mse": 2.2180057998728522e+18
    },
    "1nlsq": null,
    "true_params": {
        "t_hot": 95.8447,
        "t_hot_stdev": 2.749
    },
    "histogram": {
        "i": 1e+17,
        "l": 0.5,
        "a": 20.0,
        "filename": "hist_1e17_050_20"
    }
}