{
    "3exp": {
        "a1": 3803867726025422.5,
        "b1": -2.000467063987108,
        "a2": 73034348143488.84,
        "b2": -0.43785273305535405,
        "a3": 1306294875876.49,
        "b3": -0.13517453852138636,
        "t_hot": 7.397842899547144,
        "n_hot": 1306294875876.49,
        "start_index": 0,
        "end_index": 569,
        "critical_energy": 4.276315243289822,
        "mse": 2673788662.9522595
    },
    "2exp": {
        "a1": 64118290587996.41,
        "b1": -0.4068373761461447,
        "a2": 377640564898.82587,
        "b2": -0.07722769002731245,
        "a1_stdev": 455646810232.5005,
        "b1_stdev": 0.03750058496659694,
        "a2_stdev": 34058644948.348618,
        "b2_stdev": 0.057922539761933074,
        "t_hot": 12.948723439045486,
        "n_hot": 377640564898.82587,
        "t_hot_stdev": 9.711839730013066,
        "n_hot_stdev": 34058644948.348618,
        "start_index": 81,
        "end_index": 569,
        "mse": 3493251835.7816114
    },
    "nlsq": {
        "a1": 62409134278768.99,
        "b1": -0.4110672937788075,
        "a2": 1610067546889.9597,
        "b2": -0.19958616267725143,
        "a0": 0.0,
        "a1_stdev": Infinity,
        "b1_stdev": Infinity,
        "a2_stdev": Infinity,
        "b2_stdev": Infinity,
        "a0_stdev": Infinity,
        "start_index": 81,
        "end_index": 569,
        "t_hot": 5.010367385123231,
        "n_hot": 1610067546889.9597,
        "t_hot_stdev": Infinity,
        "n_hot_stdev": Infinity,
        "mse": 1575261400.4853208
    },
    "true_params": {
        "t_hot": 2.8198,
        "t_hot_stdev": 0.0397
    },
    "histogram": {
        "i": 1e+17,
        "l": 0.2,
        "a": 3.0,
        "filename": "hist_1e17_020_3"
    }
}