{
    "3exp": {
        "a1": 6035986309924738.0,
        "b1": -0.02361234568312249,
        "a2": 1483672509080794.8,
        "b2": -0.00718690795561994,
        "a3": 108636121139619.44,
        "b3": -0.00262151523024339,
        "t_hot": 381.4587794354171,
        "n_hot": 108636121139619.44,
        "start_index": 0,
        "end_index": 524,
        "a1_stdev": 8.869938798971037e+18,
        "b1_stdev": 25.201899918273103,
        "a2_stdev": 1.9091584994850153e+18,
        "b2_stdev": 4.86664001835176,
        "a3_stdev": 2.397842087034596e+17,
        "b3_stdev": 1.3925664460023077,
        "t_hot_stdev": 202633.45817961852,
        "n_hot_stdev": 2.397842087034596e+17,
        "critical_energy": 85.42961575408174,
        "mswe": 1.1123794139939883e+17,
        "mse": 1.1324574238624385e+20
    },
    "2exp": {
        "a0": 1106680503107.5718,
        "a1": 2669073816641835.5,
        "b1": -0.01167370631923463,
        "a2": 507597978302119.3,
        "b2": -0.004232313042167882,
        "a0_stdev": 1113450560905478.1,
        "a1_stdev": 8.045362198254672e+18,
        "b1_stdev": 21.379564844608456,
        "a2_stdev": 1.478025622502771e+18,
        "b2_stdev": 3.4938451570728173,
        "t_hot": 236.2774185266264,
        "n_hot": 507597978302119.3,
        "t_hot_stdev": 195050.95823962806,
        "n_hot_stdev": 1.478025622502771e+18,
        "start_index": 27,
        "end_index": 524,
        "mswe": 3.176338968166873e+17,
        "mse": 2.3701735916726774e+18
    },
    "2nlsq": {
        "a1": 2082125617242881.8,
        "b1": -0.008662995294155634,
        "a2": 184403536234273.66,
        "b2": -0.0030089288432714424,
        "a0": -406257759213.9178,
        "a1_stdev": 63360083503164.92,
        "b1_stdev": 0.0002123227386630413,
        "a2_stdev": 19007588762360.73,
        "b2_stdev": 0.00010240441667408681,
        "a0_stdev": 60735185066.50089,
        "start_index": 27,
        "end_index": 524,
        "t_hot": 332.3441836240817,
        "n_hot": 184403536234273.66,
        "t_hot_stdev": 11.310839847594044,
        "n_hot_stdev": 19007588762360.73,
        "mswe": 4.863277973721589e+16,
        "mse": 3.8073034604966426e+18
    },
    "1nlsq": null,
    "true_params": {
        "t_hot": 379.1686,
        "t_hot_stdev": 14.4677
    },
    "histogram": {
        "i": 1e+19,
        "l": 0.1,
        "a": 20.0,
        "filename": "hist_1e19_010_20"
    }
}