{
    "3exp": {
        "a1": 5205245278443775.0,
        "b1": -0.027663463842454234,
        "a2": 174910411170456.34,
        "b2": -0.0036828909081793658,
        "a3": 624521332060401.9,
        "b3": -0.002667473805009908,
        "t_hot": 374.8865305150712,
        "n_hot": 624521332060401.9,
        "start_index": 0,
        "end_index": 675,
        "a1_stdev": 5.909946477144906e+18,
        "b1_stdev": 13.746895203610833,
        "a2_stdev": 3.3313570787098926e+18,
        "b2_stdev": 18.349699354219286,
        "a3_stdev": 3.510196170571095e+18,
        "b3_stdev": 1.823665612455181,
        "t_hot_stdev": 256297.80243349972,
        "n_hot_stdev": 3.510196170571095e+18
    },
    "2exp": null,
    "2nlsq": null,
    "1nlsq": null,
    "true_params": {
        "t_hot": 364.9198,
        "t_hot_stdev": 1.1247
    },
    "histogram": {
        "i": 1e+19,
        "l": 1.0,
        "a": 30.0,
        "filename": "hist_1e19_100_30"
    }
}