{
    "3exp": {
        "a1": 2991646674922290.0,
        "b1": -0.018309758613988626,
        "a2": 698152227300734.2,
        "b2": -0.0029993412083898427,
        "a3": 168632157702811.25,
        "b3": -0.001357246226643008,
        "t_hot": 736.7859864848434,
        "n_hot": 168632157702811.25,
        "start_index": 0,
        "end_index": 880,
        "a1_stdev": 2.0085987051953764e+18,
        "b1_stdev": 5.705475931351903,
        "a2_stdev": 6.5220212572526584e+16,
        "b2_stdev": 0.371592188098824,
        "a3_stdev": 5.855829545230934e+16,
        "b3_stdev": 0.10273730100472532,
        "t_hot_stdev": 55771.31266504287,
        "n_hot_stdev": 5.855829545230934e+16,
        "critical_energy": 95.04261274966309,
        "mswe": 1612278639675033.0,
        "mse": 4.095703943128973e+19
    },
    "2exp": {
        "a0": -396237668934.45123,
        "a1": 779793868720281.2,
        "b1": -0.0029711371667175625,
        "a2": 126550413388357.69,
        "b2": -0.001218884095755654,
        "a0_stdev": 108434969176420.8,
        "a1_stdev": 3.702891047419372e+16,
        "b1_stdev": 0.23127430517991152,
        "a2_stdev": 4.608913494051493e+16,
        "b2_stdev": 0.13163293592064296,
        "t_hot": 820.4225516455233,
        "n_hot": 126550413388357.69,
        "t_hot_stdev": 88601.22922651943,
        "n_hot_stdev": 4.608913494051493e+16,
        "start_index": 25,
        "end_index": 880,
        "mswe": 918869320067604.9,
        "mse": 1.0078405316692317e+17
    },
    "2nlsq": {
        "a1": 744736351514316.8,
        "b1": -0.003185591941351788,
        "a2": 185815656871013.72,
        "b2": -0.0013883154424825183,
        "a0": -164320983338.10486,
        "a1_stdev": 4406109459361.453,
        "b1_stdev": 3.0197920162999787e-05,
        "a2_stdev": 5972902227096.8545,
        "b2_stdev": 1.2142601789107453e-05,
        "a0_stdev": 7485562005.71609,
        "start_index": 25,
        "end_index": 880,
        "t_hot": 720.297397406924,
        "n_hot": 185815656871013.72,
        "t_hot_stdev": 6.299925938159325,
        "n_hot_stdev": 5972902227096.8545,
        "mswe": 383137429819692.3,
        "mse": 1.0140307970815722e+17
    },
    "1nlsq": null,
    "true_params": {
        "t_hot": 657.6568,
        "t_hot_stdev": 3.5187
    },
    "histogram": {
        "i": 1e+19,
        "l": 2.0,
        "a": 5.0,
        "filename": "hist_1e19_200_5"
    }
}