{
    "3exp": {
        "a1": 1417425554514155.8,
        "b1": -0.3846838766004105,
        "a2": 116689371756661.1,
        "b2": -0.06878842867806066,
        "a3": -14599445672.704006,
        "b3": 0.03596255922019908,
        "t_hot": 14.5373287225405,
        "n_hot": 116689371756661.1,
        "start_index": 0,
        "end_index": 541,
        "a1_stdev": 2.2242126088959726e+18,
        "b1_stdev": 321.28607150385625,
        "a2_stdev": 1.2438505836394459e+17,
        "b2_stdev": 36.600934124253506,
        "a3_stdev": 384250271521639.2,
        "b3_stdev": 278.132245766237,
        "t_hot_stdev": 7735.019117917785,
        "n_hot_stdev": 1.2438505836394459e+17,
        "critical_energy": 7.9047737783100125,
        "mswe": 3.994762602799107e+18,
        "mse": 1.3223785326619625e+20
    },
    "2exp": {
        "a0": -646839087076.0627,
        "a1": 615211130356139.4,
        "b1": -0.2679911436168535,
        "a2": 89564603062916.45,
        "b2": -0.059722157337052696,
        "a0_stdev": 1201577151479447.2,
        "a1_stdev": 1.3582336154685661e+19,
        "b1_stdev": 1808.4823393056602,
        "a2_stdev": 2.0807113969072784e+17,
        "b2_stdev": 52.58081148221916,
        "t_hot": 16.74420423824144,
        "n_hot": 89564603062916.45,
        "t_hot_stdev": 14741.996701524336,
        "n_hot_stdev": 2.0807113969072784e+17,
        "start_index": 49,
        "end_index": 541,
        "mswe": 6.933208745236378e+18,
        "mse": 1.0265249790195451e+20
    },
    "2nlsq": {
        "a1": 1.8208367039474144e+16,
        "b1": -0.593352976039642,
        "a2": 133797621857723.56,
        "b2": -0.0740227660566544,
        "a0": -181356907008.50827,
        "a1_stdev": 3.500543394435532e+16,
        "b1_stdev": 0.1523920479495147,
        "a2_stdev": 3319422944179.8774,
        "b2_stdev": 0.0007609869643335678,
        "a0_stdev": 10507941309.527018,
        "start_index": 49,
        "end_index": 541,
        "t_hot": 13.509357367632488,
        "n_hot": 133797621857723.56,
        "t_hot_stdev": 0.1388822034213593,
        "n_hot_stdev": 3319422944179.8774,
        "mswe": 1.3652276198053862e+18,
        "mse": 1.3719586190483195e+20
    },
    "1nlsq": null,
    "true_params": {
        "t_hot": 15.0071,
        "t_hot_stdev": 0.187
    },
    "histogram": {
        "i": 1e+17,
        "l": 0.05,
        "a": 50.0,
        "filename": "hist_1e17_005_50"
    }
}