{
    "3exp": {
        "a1": 2.660709672099232e+16,
        "b1": -0.041995950636413315,
        "a2": 4113109116966221.5,
        "b2": -0.011149714683231648,
        "a3": 931094365089038.1,
        "b3": -0.004274780602630616,
        "t_hot": 233.9301341885522,
        "n_hot": 931094365089038.1,
        "start_index": 0,
        "end_index": 555,
        "a1_stdev": 8.166539095574946e+19,
        "b1_stdev": 62.60825698703414,
        "a2_stdev": 6.406011459882973e+18,
        "b2_stdev": 11.353038790512414,
        "a3_stdev": 1.4261997422001126e+18,
        "b3_stdev": 1.6744393620735845,
        "t_hot_stdev": 91630.86040472385,
        "n_hot_stdev": 1.4261997422001126e+18,
        "critical_energy": 60.525983085543125,
        "mswe": 3.6388916046712256e+17,
        "mse": 7.379620030338552e+21
    },
    "2exp": {
        "a0": 596022754247.5315,
        "a1": 4973485235920740.0,
        "b1": -0.012864852281895687,
        "a2": 1168573163666141.2,
        "b2": -0.004586429953860184,
        "a0_stdev": 3583638962138853.0,
        "a1_stdev": 7.314635584544734e+18,
        "b1_stdev": 14.28160973232558,
        "a2_stdev": 1.986022771355322e+18,
        "b2_stdev": 2.3778786770588463,
        "t_hot": 218.03450833438473,
        "n_hot": 1168573163666141.2,
        "t_hot_stdev": 113042.08577195853,
        "n_hot_stdev": 1.986022771355322e+18,
        "start_index": 26,
        "end_index": 555,
        "mswe": 4.630886327354342e+17,
        "mse": 1.2567669747844577e+19
    },
    "2nlsq": {
        "a1": 4743225922841154.0,
        "b1": -0.012011369666786155,
        "a2": 1004258253852079.4,
        "b2": -0.004352516891499149,
        "a0": -279340946171.9723,
        "a1_stdev": 106114136923286.84,
        "b1_stdev": 0.0002242465767766421,
        "a2_stdev": 35272957501568.53,
        "b2_stdev": 4.6919007232804446e-05,
        "a0_stdev": 74183603349.4949,
        "start_index": 26,
        "end_index": 555,
        "t_hot": 229.75212386954516,
        "n_hot": 1004258253852079.4,
        "t_hot_stdev": 2.476668518539506,
        "n_hot_stdev": 35272957501568.53,
        "mswe": 3.328575212802869e+17,
        "mse": 1.3596947237575606e+19
    },
    "1nlsq": null,
    "true_params": {
        "t_hot": 230.8242,
        "t_hot_stdev": 3.0336
    },
    "histogram": {
        "i": 1e+19,
        "l": 0.1,
        "a": 45.0,
        "filename": "hist_1e19_010_45"
    }
}