{
    "3exp": {
        "a1": 7052089780046664.0,
        "b1": -2.066356678361817,
        "a2": 206216574477370.72,
        "b2": -0.7775344698602932,
        "a3": 2087801932775.0022,
        "b3": -0.21035546625766768,
        "t_hot": 4.753857923402307,
        "n_hot": 2087801932775.0022,
        "start_index": 0,
        "end_index": 262,
        "a1_stdev": 9.563810608282226e+19,
        "b1_stdev": 7656.589184723451,
        "a2_stdev": 3.107744959316185e+18,
        "b2_stdev": 3134.3834790811384,
        "a3_stdev": 4.364082116633599e+16,
        "b3_stdev": 1349.6415215307375,
        "t_hot_stdev": 30500.7716463264,
        "n_hot_stdev": 4.364082116633599e+16,
        "critical_energy": 2.7406047958694404,
        "mswe": 1.018667310471375e+19,
        "mse": 3.838726818487026e+20
    },
    "2exp": {
        "a0": 16386362263.293417,
        "a1": 275519704288811.4,
        "b1": -0.831034368751107,
        "a2": 3075693019925.909,
        "b2": -0.24944768169511877,
        "a0_stdev": 1484557553221480.2,
        "a1_stdev": 4.890265752006818e+18,
        "b1_stdev": 4699.844304211343,
        "a2_stdev": 1.718501567856193e+17,
        "b2_stdev": 5167.302328720042,
        "t_hot": 4.008856659659099,
        "n_hot": 3075693019925.909,
        "t_hot_stdev": 83043.36288953638,
        "n_hot_stdev": 1.718501567856193e+17,
        "start_index": 35,
        "end_index": 262,
        "mswe": 1.0546132502703874e+19,
        "mse": 5.133975171365742e+19
    },
    "2nlsq": {
        "a1": 366481747189959.25,
        "b1": -0.9284267904573908,
        "a2": 9793738277399.697,
        "b2": -0.3546417913995389,
        "a0": -7937472330.51264,
        "a1_stdev": 137237109022864.72,
        "b1_stdev": 0.10760675336882548,
        "a2_stdev": 6449865921244.5625,
        "b2_stdev": 0.05892523454561663,
        "a0_stdev": 9324388090.271404,
        "start_index": 35,
        "end_index": 262,
        "t_hot": 2.81974664083907,
        "n_hot": 9793738277399.697,
        "t_hot_stdev": 0.4685128380244046,
        "n_hot_stdev": 6449865921244.5625,
        "mswe": 4.732823332732872e+18,
        "mse": 5.5796867905681146e+19
    },
    "1nlsq": null,
    "true_params": {
        "t_hot": 2.7262,
        "t_hot_stdev": 0.1437
    },
    "histogram": {
        "i": 1e+17,
        "l": 0.5,
        "a": 60.0,
        "filename": "hist_1e17_050_60"
    }
}