{
    "3exp": {
        "a1": 233609861755261.6,
        "b1": -0.032258574697744374,
        "a2": 183439281268366.1,
        "b2": -0.008701232232797031,
        "a3": 16115260709575.36,
        "b3": -0.002878778640624455,
        "t_hot": 347.3695357775349,
        "n_hot": 16115260709575.36,
        "start_index": 0,
        "end_index": 607,
        "critical_energy": 91.01103928963234,
        "mse": 14553810.195345173
    },
    "2exp": {
        "a1": 211109917026503.12,
        "b1": -0.00943056093442552,
        "a2": 19234208112659.65,
        "b2": -0.0030571482927120803,
        "a1_stdev": 786100912807.1367,
        "b1_stdev": 0.00010648314408916469,
        "a2_stdev": 158295054580.43362,
        "b2_stdev": 0.00019401814797732824,
        "t_hot": 327.10222215385977,
        "n_hot": 19234208112659.65,
        "t_hot_stdev": 20.759139323679978,
        "n_hot_stdev": 158295054580.43362,
        "start_index": 37,
        "end_index": 607,
        "mse": 13065979.814132173
    },
    "nlsq": {
        "a1": 213399842859984.3,
        "b1": -0.009676418862370311,
        "a2": 22302654822409.695,
        "b2": -0.003274795700171429,
        "a0": 29948351529.53736,
        "a1_stdev": 4990737569262.246,
        "b1_stdev": 0.00019617606770044464,
        "a2_stdev": 1703120812718.6902,
        "b2_stdev": 9.091199721500882e-05,
        "a0_stdev": 5914707.516675199,
        "start_index": 37,
        "end_index": 607,
        "t_hot": 305.3625604637419,
        "n_hot": 22302654822409.695,
        "t_hot_stdev": 8.477206759797085,
        "n_hot_stdev": 1703120812718.6902,
        "mse": 12785618.835900497
    },
    "true_params": {
        "t_hot": 368.361,
        "t_hot_stdev": 11.9112
    },
    "histogram": {
        "i": 1e+18,
        "l": 5.0,
        "a": 0.0,
        "filename": "hist_1e18_500_0"
    }
}