{
    "3exp": {
        "a1": 4789429283013675.0,
        "b1": -0.5196998090533215,
        "a2": 162154643670272.88,
        "b2": -0.1201285018359584,
        "a3": 35416769431454.4,
        "b3": -0.04458252572216849,
        "t_hot": 22.43031285916477,
        "n_hot": 35416769431454.4,
        "start_index": 0,
        "end_index": 448,
        "critical_energy": 10.327936463560874,
        "mse": 783141095.7665843
    },
    "2exp": {
        "a1": 157393897617554.25,
        "b1": -0.11706886249766327,
        "a2": 33689964817414.477,
        "b2": -0.04405913621633049,
        "a1_stdev": 3636151051768.758,
        "b1_stdev": 0.006756760494063275,
        "a2_stdev": 548070574220.97626,
        "b2_stdev": 0.012549484890414828,
        "t_hot": 22.696768159275685,
        "n_hot": 33689964817414.477,
        "t_hot_stdev": 6.464782869948901,
        "n_hot_stdev": 548070574220.97626,
        "start_index": 32,
        "end_index": 448,
        "mse": 804266814.5135871
    },
    "nlsq": {
        "a1": 253777501375476.6,
        "b1": -0.16269383754154046,
        "a2": 55733927225399.484,
        "b2": -0.0524822536597656,
        "a0": -4437869643.130413,
        "a1_stdev": 124276270873067.39,
        "b1_stdev": 0.02855854305639021,
        "a2_stdev": 5623996121691.06,
        "b2_stdev": 0.001499125433087572,
        "a0_stdev": 33282601.46355837,
        "start_index": 32,
        "end_index": 448,
        "t_hot": 19.054059806250823,
        "n_hot": 55733927225399.484,
        "t_hot_stdev": 0.5442682748401212,
        "n_hot_stdev": 5623996121691.06,
        "mse": 595525119.397848
    },
    "true_params": {
        "t_hot": 19.498,
        "t_hot_stdev": 0.4464
    },
    "histogram": {
        "i": 1e+18,
        "l": 0.05,
        "a": 5.0,
        "filename": "hist_1e18_005_5"
    }
}