{
    "3exp": {
        "a1": 4181609400644644.0,
        "b1": -1.9816453140248316,
        "a2": 177908346929077.25,
        "b2": -0.4343024591716132,
        "a3": 21455067196982.594,
        "b3": -0.17354582039874913,
        "t_hot": 5.762167004093449,
        "n_hot": 21455067196982.594,
        "start_index": 0,
        "end_index": 466,
        "critical_energy": 2.9160400982608214,
        "mse": 6631797421.833235
    },
    "2exp": {
        "a1": 172889217246962.2,
        "b1": -0.41365172322173815,
        "a2": 17035328647444.203,
        "b2": -0.16375073615221866,
        "a1_stdev": 2220775231274.2524,
        "b1_stdev": 0.03058989928615452,
        "a2_stdev": 456911114593.25305,
        "b2_stdev": 0.04870189674012129,
        "t_hot": 6.106842775170333,
        "n_hot": 17035328647444.203,
        "t_hot_stdev": 1.816265582879773,
        "n_hot_stdev": 456911114593.25305,
        "start_index": 37,
        "end_index": 466,
        "mse": 7318505207.9306
    },
    "nlsq": {
        "a1": 239367229172069.88,
        "b1": -0.6387792980289358,
        "a2": 66774483576616.35,
        "b2": -0.2457541434202393,
        "a0": 0.0,
        "a1_stdev": Infinity,
        "b1_stdev": Infinity,
        "a2_stdev": Infinity,
        "b2_stdev": Infinity,
        "a0_stdev": Infinity,
        "start_index": 37,
        "end_index": 466,
        "t_hot": 4.0691073854653235,
        "n_hot": 66774483576616.35,
        "t_hot_stdev": Infinity,
        "n_hot_stdev": Infinity,
        "mse": 3584714568.2455564
    },
    "true_params": {
        "t_hot": 5.3648,
        "t_hot_stdev": 0.3162
    },
    "histogram": {
        "i": 1e+17,
        "l": 0.02,
        "a": 60.0,
        "filename": "hist_1e17_002_60"
    }
}