{
    "3exp": {
        "a1": 1530321225045468.5,
        "b1": -0.01091369419142319,
        "a2": 588149799841872.4,
        "b2": -0.002996973462540112,
        "a3": 219215377475305.47,
        "b3": -0.0013938658227239658,
        "t_hot": 717.4291697932211,
        "n_hot": 219215377475305.47,
        "start_index": 0,
        "end_index": 883,
        "critical_energy": 204.1190410974176,
        "mse": 54845202.37591029
    },
    "2exp": {
        "a1": 790259312828548.5,
        "b1": -0.0033686124121656245,
        "a2": 221312709009157.88,
        "b2": -0.0014112217184461576,
        "a1_stdev": 2271204114637.4814,
        "b1_stdev": 4.3670259393668085e-05,
        "a2_stdev": 735956116836.5468,
        "b2_stdev": 7.224248300527384e-05,
        "t_hot": 708.6058745616966,
        "n_hot": 221312709009157.88,
        "t_hot_stdev": 36.274560674155104,
        "n_hot_stdev": 735956116836.5468,
        "start_index": 38,
        "end_index": 883,
        "mse": 39256869.42558173
    },
    "nlsq": {
        "a1": 820561803914216.5,
        "b1": -0.003881099252108969,
        "a2": 294817222991748.75,
        "b2": -0.0015243451344120673,
        "a0": -94476779248.63934,
        "a1_stdev": 14129877724108.457,
        "b1_stdev": 6.908768653915801e-05,
        "a2_stdev": 7245261951031.19,
        "b2_stdev": 1.0271363183316981e-05,
        "a0_stdev": 977976.9071163737,
        "start_index": 38,
        "end_index": 883,
        "t_hot": 656.0194128121092,
        "n_hot": 294817222991748.75,
        "t_hot_stdev": 4.420398958335915,
        "n_hot_stdev": 7245261951031.19,
        "mse": 12413786.239870852
    },
    "true_params": {
        "t_hot": 699.6279,
        "t_hot_stdev": 5.4528
    },
    "histogram": {
        "i": 1e+19,
        "l": 2.0,
        "a": 1.0,
        "filename": "hist_1e19_200_1"
    }
}