{
    "3exp": {
        "a1": 9392574344002088.0,
        "b1": -0.04226266087568083,
        "a2": 1775878969844184.5,
        "b2": -0.015052884152777902,
        "a3": 855412357427443.9,
        "b3": -0.005819726392161442,
        "t_hot": 171.82938382582634,
        "n_hot": 855412357427443.9,
        "start_index": 0,
        "end_index": 396,
        "a1_stdev": 8.671977287118678e+19,
        "b1_stdev": 248.43064311260008,
        "a2_stdev": 1.8945780020074344e+19,
        "b2_stdev": 74.34966190392417,
        "a3_stdev": 2.2050629053678528e+18,
        "b3_stdev": 3.6043115029482,
        "t_hot_stdev": 106418.51230361877,
        "n_hot_stdev": 2.2050629053678528e+18,
        "critical_energy": 61.21417077439165,
        "mswe": 6.551266959474725e+17,
        "mse": 7.290912732011192e+21
    },
    "2exp": {
        "a0": 693251346494.3613,
        "a1": 5762298994135200.0,
        "b1": -0.02443972400409983,
        "a2": 1079868756232760.8,
        "b2": -0.006276544763618889,
        "a0_stdev": 3755932921886396.5,
        "a1_stdev": 8.741544397474778e+19,
        "b1_stdev": 115.32827969665306,
        "a2_stdev": 1.808571499077387e+18,
        "b2_stdev": 3.557235218066081,
        "t_hot": 159.32332798713708,
        "n_hot": 1079868756232760.8,
        "t_hot_stdev": 90296.58430231031,
        "n_hot_stdev": 1.808571499077387e+18,
        "start_index": 25,
        "end_index": 396,
        "mswe": 9.126809037740983e+17,
        "mse": 1.5275610450702303e+19
    },
    "2nlsq": {
        "a1": 4266204874161166.5,
        "b1": -0.02160252570853369,
        "a2": 998310633717752.8,
        "b2": -0.006076810643825845,
        "a0": -206033083394.47357,
        "a1_stdev": 922227377545853.0,
        "b1_stdev": 0.0017013396429259777,
        "a2_stdev": 35473006272507.414,
        "b2_stdev": 7.097739148580738e-05,
        "a0_stdev": 74411923271.94261,
        "start_index": 25,
        "end_index": 396,
        "t_hot": 164.5600066567845,
        "n_hot": 998310633717752.8,
        "t_hot_stdev": 1.9220674626833736,
        "n_hot_stdev": 35473006272507.414,
        "mswe": 5.652944071872169e+17,
        "mse": 1.5983774946207572e+19
    },
    "1nlsq": null,
    "true_params": {
        "t_hot": 181.733,
        "t_hot_stdev": 7.2255
    },
    "histogram": {
        "i": 1e+19,
        "l": 0.05,
        "a": 1.0,
        "filename": "hist_1e19_005_1"
    }
}