{
    "3exp": {
        "a1": 904322685426565.6,
        "b1": -0.6587480165495357,
        "a2": 12175971226094.95,
        "b2": -0.21005578473918937,
        "a3": 1152904900287.1582,
        "b3": -0.03184666060013312,
        "t_hot": 31.40046652162393,
        "n_hot": 1152904900287.1582,
        "start_index": 0,
        "end_index": 479,
        "critical_energy": 10.631499563217501,
        "mse": 612626997.9934304
    },
    "2exp": {
        "a1": 10530418954599.955,
        "b1": -0.19849045417286218,
        "a2": 1126500862932.2644,
        "b2": -0.0315562253112421,
        "a1_stdev": 778200198143.4902,
        "b1_stdev": 0.008108364187154254,
        "a2_stdev": 23636234161.13049,
        "b2_stdev": 0.03432756048646024,
        "t_hot": 31.689468247133593,
        "n_hot": 1126500862932.2644,
        "t_hot_stdev": 34.47250510186008,
        "n_hot_stdev": 23636234161.13049,
        "start_index": 55,
        "end_index": 479,
        "mse": 653286979.5229
    },
    "nlsq": {
        "a1": 8980502362051.14,
        "b1": -0.18500159570491947,
        "a2": 1086240702206.2334,
        "b2": -0.02888946742942784,
        "a0": -59177743707.02331,
        "a1_stdev": 8542958202022.441,
        "b1_stdev": 0.06507297621009499,
        "a2_stdev": 211816330427.9512,
        "b2_stdev": 0.005668088034221157,
        "a0_stdev": 276851473.53606266,
        "start_index": 55,
        "end_index": 479,
        "t_hot": 34.614691407615375,
        "n_hot": 1086240702206.2334,
        "t_hot_stdev": 6.791371930100283,
        "n_hot_stdev": 211816330427.9512,
        "mse": 376491927.586184
    },
    "true_params": {
        "t_hot": 28.0104,
        "t_hot_stdev": 1.3527
    },
    "histogram": {
        "i": 1e+17,
        "l": 5.0,
        "a": 4.0,
        "filename": "hist_1e17_500_4"
    }
}