{
    "3exp": {
        "a1": 8778874878587262.0,
        "b1": -0.42562935319144246,
        "a2": 1359100805449520.2,
        "b2": -0.18457158448494657,
        "a3": 334243306751270.7,
        "b3": -0.06308600057535982,
        "t_hot": 15.851377340134965,
        "n_hot": 334243306751270.7,
        "start_index": 0,
        "end_index": 252,
        "a1_stdev": 4.782472591033607e+20,
        "b1_stdev": 14230.270900618692,
        "a2_stdev": 1.3608526399991151e+20,
        "b2_stdev": 5772.79491227221,
        "a3_stdev": 5.264106217730589e+18,
        "b3_stdev": 261.86046643175774,
        "t_hot_stdev": 65796.67479340543,
        "n_hot_stdev": 5.264106217730589e+18
    },
    "2exp": null,
    "2nlsq": null,
    "1nlsq": null,
    "true_params": {
        "t_hot": 21.9595,
        "t_hot_stdev": 1.002
    },
    "histogram": {
        "i": 1e+18,
        "l": 0.01,
        "a": 60.0,
        "filename": "hist_1e18_001_60"
    }
}