{
    "3exp": {
        "a1": 1059894237023863.0,
        "b1": -0.6122160220039302,
        "a2": 135010703419440.6,
        "b2": -0.22735489070006168,
        "a3": 2757036376929.9736,
        "b3": -0.03445733379381012,
        "t_hot": 29.021398056620356,
        "n_hot": 2757036376929.9736,
        "start_index": 0,
        "end_index": 323,
        "a1_stdev": 3.044616177795619e+19,
        "b1_stdev": 8223.738249570632,
        "a2_stdev": 3.738637344959268e+18,
        "b2_stdev": 1937.2973515647338,
        "a3_stdev": 4.658796737730761e+16,
        "b3_stdev": 344.96502209100044,
        "t_hot_stdev": 290543.8732323564,
        "n_hot_stdev": 4.658796737730761e+16,
        "critical_energy": 5.354061967418016,
        "mswe": 1.7549552330366884e+19,
        "mse": 2.357358702260345e+20
    },
    "2exp": {
        "a0": 230128764535.10464,
        "a1": 206158762584824.56,
        "b1": -0.26385088303557075,
        "a2": 4983410221093.055,
        "b2": -0.05966008755472497,
        "a0_stdev": 8148887714692315.0,
        "a1_stdev": 4.573850269698455e+18,
        "b1_stdev": 2393.992202275131,
        "a2_stdev": 2.220705716302296e+17,
        "b2_stdev": 1571.9678894136177,
        "t_hot": 16.761624747578868,
        "n_hot": 4983410221093.055,
        "t_hot_stdev": 441647.6233533091,
        "n_hot_stdev": 2.220705716302296e+17,
        "start_index": 28,
        "end_index": 323,
        "mswe": 1.7505345600314698e+19,
        "mse": 2.376345487363349e+19
    },
    "2nlsq": {
        "a1": 297123120957317.5,
        "b1": -0.3116397880907311,
        "a2": 11279890394122.084,
        "b2": -0.08512255058976685,
        "a0": 152055209061.01883,
        "a1_stdev": 102000268213331.25,
        "b1_stdev": 0.0380019785068124,
        "a2_stdev": 4043866205855.279,
        "b2_stdev": 0.0123456344849315,
        "a0_stdev": 39991594669.95684,
        "start_index": 28,
        "end_index": 323,
        "t_hot": 11.74776828315829,
        "n_hot": 11279890394122.084,
        "t_hot_stdev": 1.7038217514945915,
        "n_hot_stdev": 4043866205855.279,
        "mswe": 1.2243503269253573e+19,
        "mse": 2.8125814637860405e+19
    },
    "1nlsq": null,
    "true_params": {
        "t_hot": 26.8458,
        "t_hot_stdev": 2.912
    },
    "histogram": {
        "i": 1e+17,
        "l": 0.5,
        "a": 45.0,
        "filename": "hist_1e17_050_45"
    }
}