{
    "3exp": {
        "a1": 1293037567209726.8,
        "b1": -0.007706023530930463,
        "a2": 450352703006208.7,
        "b2": -0.0018181056349687395,
        "a3": 46657544811017.38,
        "b3": -0.0009096739835330091,
        "t_hot": 1099.2949321428111,
        "n_hot": 46657544811017.38,
        "start_index": 0,
        "end_index": 822,
        "critical_energy": 488.77927231130985,
        "mse": 60415240.369626425
    },
    "2exp": {
        "a1": 515132893042536.5,
        "b1": -0.001899821002865259,
        "a2": 41116968035589.42,
        "b2": -0.0008671636923652534,
        "a1_stdev": 2329801601396.112,
        "b1_stdev": 0.00012387617244384824,
        "a2_stdev": 791851875549.6656,
        "b2_stdev": 0.00017350191024738452,
        "t_hot": 1153.184812514954,
        "n_hot": 41116968035589.42,
        "t_hot_stdev": 230.72894956416368,
        "n_hot_stdev": 791851875549.6656,
        "start_index": 74,
        "end_index": 822,
        "mse": 76739580.24907187
    },
    "nlsq": {
        "a1": 504110593261156.0,
        "b1": -0.0024991884847282704,
        "a2": 168476604442414.38,
        "b2": -0.001178200164410635,
        "a0": -180443685957.87366,
        "a1_stdev": 10510774913255.281,
        "b1_stdev": 7.726948631990491e-05,
        "a2_stdev": 12313468671933.555,
        "b2_stdev": 2.048542539923963e-05,
        "a0_stdev": 1858645.8657751095,
        "start_index": 74,
        "end_index": 822,
        "t_hot": 848.7522156307158,
        "n_hot": 168476604442414.38,
        "t_hot_stdev": 14.75729737691881,
        "n_hot_stdev": 12313468671933.555,
        "mse": 8848687.001933731
    },
    "true_params": {
        "t_hot": 785.5166,
        "t_hot_stdev": 3.4249
    },
    "histogram": {
        "i": 1e+19,
        "l": 5.0,
        "a": 2.0,
        "filename": "hist_1e19_500_2"
    }
}