{
    "3exp": {
        "a1": 2.183666972219576e+16,
        "b1": -0.0442099654488806,
        "a2": 2801366302460349.5,
        "b2": -0.011377020748419833,
        "a3": 711349975679380.6,
        "b3": -0.005982821240136049,
        "t_hot": 167.1452246126712,
        "n_hot": 711349975679380.6,
        "start_index": 0,
        "end_index": 537,
        "a1_stdev": 2.8178081878707655e+19,
        "b1_stdev": 32.14925623574356,
        "a2_stdev": 2.1849074093378245e+18,
        "b2_stdev": 11.416249563048305,
        "a3_stdev": 2.4718054314450734e+18,
        "b3_stdev": 3.8657325896672963,
        "t_hot_stdev": 107999.0051612791,
        "n_hot_stdev": 2.4718054314450734e+18,
        "critical_energy": 62.54338163716697,
        "mswe": 2.0699615711785718e+17,
        "mse": 4.60812227692194e+21
    },
    "2exp": {
        "a0": 1109698468571.845,
        "a1": 5580739801910528.0,
        "b1": -0.022388367562384697,
        "a2": 1993495433071353.8,
        "b2": -0.007617172600872933,
        "a0_stdev": 1566556439488998.2,
        "a1_stdev": 4.0373404942717444e+19,
        "b1_stdev": 68.99588469393959,
        "a2_stdev": 3.0700888721408384e+18,
        "b2_stdev": 3.2230117326408187,
        "t_hot": 131.2823080686657,
        "n_hot": 1993495433071353.8,
        "t_hot_stdev": 55548.75035193316,
        "n_hot_stdev": 3.0700888721408384e+18,
        "start_index": 31,
        "end_index": 537,
        "mswe": 6.861086689787917e+17,
        "mse": 1.5377901192238895e+19
    },
    "2nlsq": {
        "a1": 3615018662567365.0,
        "b1": -0.015615338512223726,
        "a2": 1356872917879264.5,
        "b2": -0.006844209379908033,
        "a0": 35296785641.227135,
        "a1_stdev": 169406755235237.56,
        "b1_stdev": 0.0006530958220245948,
        "a2_stdev": 80869731122904.12,
        "b2_stdev": 9.676329096713441e-05,
        "a0_stdev": 35851493590.931946,
        "start_index": 31,
        "end_index": 537,
        "t_hot": 146.10891404573556,
        "n_hot": 1356872917879264.5,
        "t_hot_stdev": 2.0656848114850512,
        "n_hot_stdev": 80869731122904.12,
        "mswe": 2.0949101158052304e+17,
        "mse": 1.9495189254190133e+19
    },
    "1nlsq": null,
    "true_params": {
        "t_hot": 197.9116,
        "t_hot_stdev": 6.8016
    },
    "histogram": {
        "i": 1e+19,
        "l": 0.05,
        "a": 45.0,
        "filename": "hist_1e19_005_45"
    }
}