{
    "3exp": {
        "a1": 2747797658476083.5,
        "b1": -0.8872835561245168,
        "a2": 151069840760475.78,
        "b2": -0.325633105586562,
        "a3": 2230933105424.996,
        "b3": -0.05144108378446565,
        "t_hot": 19.43971484329386,
        "n_hot": 2230933105424.996,
        "start_index": 0,
        "end_index": 420,
        "critical_energy": 8.51372755388055,
        "mse": 2245132022.279231
    },
    "2exp": {
        "a1": 46174958311054.02,
        "b1": -0.23189600796719534,
        "a2": 1446931424244.2405,
        "b2": -0.0418595692312479,
        "a1_stdev": 1078634313366.1432,
        "b1_stdev": 0.0070970228565709614,
        "a2_stdev": 45556038389.22932,
        "b2_stdev": 0.020074218470722514,
        "t_hot": 23.889400162615775,
        "n_hot": 1446931424244.2405,
        "t_hot_stdev": 11.45642553915423,
        "n_hot_stdev": 45556038389.22932,
        "start_index": 58,
        "end_index": 420,
        "mse": 2819798328.014917
    },
    "nlsq": {
        "a1": 304749175899230.6,
        "b1": -0.41875582102539166,
        "a2": 5721759081873.9375,
        "b2": -0.08847267832015492,
        "a0": 0.0,
        "a1_stdev": Infinity,
        "b1_stdev": Infinity,
        "a2_stdev": Infinity,
        "b2_stdev": Infinity,
        "a0_stdev": Infinity,
        "start_index": 58,
        "end_index": 420,
        "t_hot": 11.302924461960032,
        "n_hot": 5721759081873.9375,
        "t_hot_stdev": Infinity,
        "n_hot_stdev": Infinity,
        "mse": 1209574241.169964
    },
    "true_params": {
        "t_hot": 12.4532,
        "t_hot_stdev": 0.7287
    },
    "histogram": {
        "i": 1e+17,
        "l": 0.5,
        "a": 4.0,
        "filename": "hist_1e17_050_4"
    }
}