{
    "3exp": {
        "a1": 1224601068613006.0,
        "b1": -0.10572912964491832,
        "a2": 164160823647493.62,
        "b2": -0.031566265015779464,
        "a3": 45736918060234.55,
        "b3": -0.00791985999151648,
        "t_hot": 126.2648583524419,
        "n_hot": 45736918060234.55,
        "start_index": 0,
        "end_index": 574,
        "a1_stdev": 5.895002523111335e+18,
        "b1_stdev": 280.0075998047711,
        "a2_stdev": 7.671651572085658e+17,
        "b2_stdev": 69.10972333960319,
        "a3_stdev": 4.766097022973597e+16,
        "b3_stdev": 2.981937227866974,
        "t_hot_stdev": 47540.47193963117,
        "n_hot_stdev": 4.766097022973597e+16
    },
    "2exp": null,
    "2nlsq": null,
    "1nlsq": null,
    "true_params": {
        "t_hot": 199.4857,
        "t_hot_stdev": 17.8227
    },
    "histogram": {
        "i": 1e+18,
        "l": 1.0,
        "a": 20.0,
        "filename": "hist_1e18_100_20"
    }
}