{
    "3exp": {
        "a1": 2907087498850811.0,
        "b1": -0.6207070379979788,
        "a2": 39281934469128.234,
        "b2": -0.13567793431573735,
        "a3": 2180553982108.9893,
        "b3": -0.03168400791057962,
        "t_hot": 31.561663626087203,
        "n_hot": 2180553982108.9893,
        "start_index": 0,
        "end_index": 312,
        "a1_stdev": 2.936777050146119e+19,
        "b1_stdev": 1659.4209444797866,
        "a2_stdev": 3.041176493184323e+17,
        "b2_stdev": 548.55239368217,
        "a3_stdev": 2.4074056937313904e+16,
        "b3_stdev": 153.48884182847152,
        "t_hot_stdev": 152896.16167941745,
        "n_hot_stdev": 2.4074056937313904e+16,
        "critical_energy": 8.87398763563728,
        "mswe": 2.2718019802657193e+18,
        "mse": 5.035028431008298e+19
    },
    "2exp": {
        "a0": 123745895231.82225,
        "a1": 48159727515908.664,
        "b1": -0.16609429257831576,
        "a2": 5807573228444.813,
        "b2": -0.05640920976778109,
        "a0_stdev": 1724622287027974.8,
        "a1_stdev": 1.2817338685271007e+18,
        "b1_stdev": 2552.2294786256666,
        "a2_stdev": 2.2285271348044362e+17,
        "b2_stdev": 794.724803347245,
        "t_hot": 17.72760164726087,
        "n_hot": 5807573228444.813,
        "t_hot_stdev": 249756.46336716763,
        "n_hot_stdev": 2.2285271348044362e+17,
        "start_index": 35,
        "end_index": 312,
        "mswe": 2.6281319578935716e+18,
        "mse": 3.230695501660334e+18
    },
    "2nlsq": {
        "a1": 39137680944157.27,
        "b1": -0.1365617720702565,
        "a2": 2438531500599.9775,
        "b2": -0.030143154220074315,
        "a0": -139601618052.1032,
        "a1_stdev": 8658528992556.896,
        "b1_stdev": 0.019143364663885044,
        "a2_stdev": 1231912414222.1724,
        "b2_stdev": 0.012948968554380411,
        "a0_stdev": 117089626778.07083,
        "start_index": 35,
        "end_index": 312,
        "t_hot": 33.17502848902369,
        "n_hot": 2438531500599.9775,
        "t_hot_stdev": 14.251408381441209,
        "n_hot_stdev": 1231912414222.1724,
        "mswe": 1.2922323753606336e+18,
        "mse": 3.772817509338251e+18
    },
    "1nlsq": null,
    "true_params": {
        "t_hot": 28.4386,
        "t_hot_stdev": 2.9855
    },
    "histogram": {
        "i": 1e+17,
        "l": 2.0,
        "a": 5.0,
        "filename": "hist_1e17_200_5"
    }
}