{
    "3exp": {
        "a1": 4034025221638490.0,
        "b1": -0.02092063043295734,
        "a2": 596565169518641.2,
        "b2": -0.002342691745171353,
        "a3": 1210449553660.461,
        "b3": -0.00012616414347285987,
        "t_hot": 7926.182292951702,
        "n_hot": 1210449553660.461,
        "start_index": 0,
        "end_index": 728,
        "critical_energy": 390.08109346395423,
        "mse": 125911645.64583172
    },
    "2exp": {
        "a1": 617422791028959.6,
        "b1": -0.002379358048588116,
        "a2": 1947993544648.842,
        "b2": -0.0003070355573319296,
        "a1_stdev": 1149791731334.5142,
        "b1_stdev": 0.00011941533969616979,
        "a2_stdev": 148016801145.93005,
        "b2_stdev": 0.00017443807507222381,
        "t_hot": 3256.9517637949707,
        "n_hot": 1947993544648.842,
        "t_hot_stdev": 1850.392837938567,
        "n_hot_stdev": 148016801145.93005,
        "start_index": 76,
        "end_index": 728,
        "mse": 92018440.97825243
    },
    "nlsq": {
        "a1": 655482077528237.2,
        "b1": -0.00251987956755584,
        "a2": 10570099677359.598,
        "b2": -0.0005569650027175438,
        "a0": -1113995594913.4612,
        "a1_stdev": 9125172879946.945,
        "b1_stdev": 3.677983598574224e-05,
        "a2_stdev": 3147453480960.0967,
        "b2_stdev": 0.00017259537226331856,
        "a0_stdev": 114604160.33042975,
        "start_index": 76,
        "end_index": 728,
        "t_hot": 1795.4449473859213,
        "n_hot": 10570099677359.598,
        "t_hot_stdev": 556.3823356231973,
        "n_hot_stdev": 3147453480960.0967,
        "mse": 28128079.329350512
    },
    "true_params": {
        "t_hot": 623.9831,
        "t_hot_stdev": 12.125
    },
    "histogram": {
        "i": 1e+19,
        "l": 0.6,
        "a": 15.0,
        "filename": "hist_1e19_060_15"
    }
}