{
    "3exp": {
        "a1": 5845956459991849.0,
        "b1": -0.5494106655458985,
        "a2": 175346179037043.38,
        "b2": -0.12698779207876806,
        "a3": 38483469914726.07,
        "b3": -0.04567825120203919,
        "t_hot": 21.892256679812593,
        "n_hot": 38483469914726.07,
        "start_index": 0,
        "end_index": 349,
        "a1_stdev": 1.3393292045904698e+20,
        "b1_stdev": 3120.2606743337483,
        "a2_stdev": 1.2448113836182735e+18,
        "b2_stdev": 518.1211783799379,
        "a3_stdev": 1.936607993627149e+17,
        "b3_stdev": 60.911818731754884,
        "t_hot_stdev": 29193.262338604243,
        "n_hot_stdev": 1.936607993627149e+17
    },
    "2exp": null,
    "2nlsq": null,
    "1nlsq": null,
    "true_params": {
        "t_hot": 19.498,
        "t_hot_stdev": 0.4464
    },
    "histogram": {
        "i": 1e+18,
        "l": 0.05,
        "a": 5.0,
        "filename": "hist_1e18_005_5"
    }
}