{
    "3exp": {
        "a1": 3729942708021372.0,
        "b1": -0.15366929778539729,
        "a2": 394959156342341.3,
        "b2": -0.026031386201685856,
        "a3": -39745777565.95494,
        "b3": 0.012632786803767795,
        "t_hot": 38.41516514918585,
        "n_hot": 394959156342341.3,
        "start_index": 0,
        "end_index": 481,
        "a1_stdev": 4.993002565081524e+18,
        "b1_stdev": 105.2452819989849,
        "a2_stdev": 2.48937609950946e+17,
        "b2_stdev": 8.745826765498913,
        "a3_stdev": 1364351962148811.0,
        "b3_stdev": 137.8641448309705,
        "t_hot_stdev": 12906.434446470328,
        "n_hot_stdev": 2.48937609950946e+17,
        "critical_energy": 17.591683904806278,
        "mswe": 1.4751882986859133e+18,
        "mse": 1.1205185342121796e+20
    },
    "2exp": {
        "a0": -1614760961796.973,
        "a1": 1258784175563329.8,
        "b1": -0.09612277108134762,
        "a2": 314246852478651.5,
        "b2": -0.023143486327533408,
        "a0_stdev": 3236541966367863.5,
        "a1_stdev": 2.1224965823143977e+19,
        "b1_stdev": 584.4671038169508,
        "a2_stdev": 6.381178323690719e+17,
        "b2_stdev": 18.190083360855354,
        "t_hot": 43.20870182857097,
        "n_hot": 314246852478651.5,
        "t_hot_stdev": 33960.73854443418,
        "n_hot_stdev": 6.381178323690719e+17,
        "start_index": 39,
        "end_index": 481,
        "mswe": 4.339102471514365e+18,
        "mse": 6.780972351819472e+19
    },
    "2nlsq": {
        "a1": 3507048045255352.0,
        "b1": -0.1400026279590329,
        "a2": 379687285405631.9,
        "b2": -0.025559934677272717,
        "a0": -775013657039.2299,
        "a1_stdev": 1677429622658674.2,
        "b1_stdev": 0.01570751060531241,
        "a2_stdev": 7141344423654.165,
        "b2_stdev": 0.00019599653390048826,
        "a0_stdev": 28597067874.526745,
        "start_index": 39,
        "end_index": 481,
        "t_hot": 39.12373065996824,
        "n_hot": 379687285405631.9,
        "t_hot_stdev": 0.3000052895060151,
        "n_hot_stdev": 7141344423654.165,
        "mswe": 9.651601023037189e+17,
        "mse": 7.82156868645803e+19
    },
    "1nlsq": null,
    "true_params": {
        "t_hot": 40.169,
        "t_hot_stdev": 0.3862
    },
    "histogram": {
        "i": 1e+18,
        "l": 0.05,
        "a": 30.0,
        "filename": "hist_1e18_005_30"
    }
}