{
    "3exp": {
        "a1": 2624089058830023.5,
        "b1": -0.7096478720939259,
        "a2": 29315646794280.566,
        "b2": -0.14839271151929714,
        "a3": 1877307055072.0295,
        "b3": -0.04064975026101894,
        "t_hot": 24.600397138453015,
        "n_hot": 1877307055072.0295,
        "start_index": 0,
        "end_index": 280,
        "a1_stdev": 1.6815995121751441e+19,
        "b1_stdev": 1341.7204476463298,
        "a2_stdev": 2.3372961600206928e+17,
        "b2_stdev": 904.617695746117,
        "a3_stdev": 5.366894003740629e+16,
        "b3_stdev": 529.0523004972667,
        "t_hot_stdev": 320171.6275173669,
        "n_hot_stdev": 5.366894003740629e+16
    },
    "2exp": null,
    "2nlsq": null,
    "1nlsq": null,
    "true_params": {
        "t_hot": 26.6234,
        "t_hot_stdev": 3.2631
    },
    "histogram": {
        "i": 1e+17,
        "l": 2.0,
        "a": 4.0,
        "filename": "hist_1e17_200_4"
    }
}