{
    "3exp": {
        "a1": 5787684729188965.0,
        "b1": -0.03146380791331097,
        "a2": 1234637826547499.5,
        "b2": -0.008686777805406736,
        "a3": 156374459646166.25,
        "b3": -0.004300470190567071,
        "t_hot": 232.53271286322706,
        "n_hot": 156374459646166.25,
        "start_index": 0,
        "end_index": 511,
        "a1_stdev": 6.456974165913099e+18,
        "b1_stdev": 22.359950844199894,
        "a2_stdev": 7.840904842462867e+17,
        "b2_stdev": 5.121200772040817,
        "a3_stdev": 4.679991586200461e+17,
        "b3_stdev": 2.429492575760976,
        "t_hot_stdev": 131366.21682948465,
        "n_hot_stdev": 4.679991586200461e+17,
        "critical_energy": 67.82950459384135,
        "mswe": 4.9023938488156344e+16,
        "mse": 2.0620068994984054e+20
    },
    "2exp": {
        "a0": 433558571382.85016,
        "a1": 1599173263015332.0,
        "b1": -0.013862703933351182,
        "a2": 643961600282901.5,
        "b2": -0.005955413111219533,
        "a0_stdev": 422545978801521.2,
        "a1_stdev": 3.215154649222161e+18,
        "b1_stdev": 21.93683059036601,
        "a2_stdev": 1.205503891712105e+18,
        "b2_stdev": 2.6553385864471197,
        "t_hot": 167.91446392124806,
        "n_hot": 643961600282901.5,
        "t_hot_stdev": 74867.98093530891,
        "n_hot_stdev": 1.205503891712105e+18,
        "start_index": 27,
        "end_index": 511,
        "mswe": 1.022460335100104e+17,
        "mse": 4.246625795023836e+18
    },
    "2nlsq": {
        "a1": 1512612308780243.2,
        "b1": -0.012118366279804465,
        "a2": 494920032087914.5,
        "b2": -0.00555944244912708,
        "a0": -28508317164.26641,
        "a1_stdev": 76102766064641.55,
        "b1_stdev": 0.0006605218498428023,
        "a2_stdev": 52712758699779.74,
        "b2_stdev": 0.00013544491592222527,
        "a0_stdev": 20578658569.898087,
        "start_index": 27,
        "end_index": 511,
        "t_hot": 179.87415269619632,
        "n_hot": 494920032087914.5,
        "t_hot_stdev": 4.382281085101115,
        "n_hot_stdev": 52712758699779.74,
        "mswe": 3.6662213147517096e+16,
        "mse": 4.421011667190422e+18
    },
    "1nlsq": null,
    "true_params": {
        "t_hot": 185.4967,
        "t_hot_stdev": 5.6875
    },
    "histogram": {
        "i": 1e+19,
        "l": 0.1,
        "a": 4.0,
        "filename": "hist_1e19_010_4"
    }
}