{
    "3exp": {
        "a1": 798779281821900.6,
        "b1": -0.10587562541780085,
        "a2": 45397185483422.33,
        "b2": -0.023553250916662702,
        "a3": 30062936429716.613,
        "b3": -0.01019360125405362,
        "t_hot": 98.10075704131911,
        "n_hot": 30062936429716.613,
        "start_index": 0,
        "end_index": 539,
        "a1_stdev": 1.8499722342411768e+18,
        "b1_stdev": 132.44397185140144,
        "a2_stdev": 1.1950645061993554e+17,
        "b2_stdev": 82.58924315471751,
        "a3_stdev": 1.0502384706474675e+17,
        "b3_stdev": 9.076429741956474,
        "t_hot_stdev": 87349.36816997758,
        "n_hot_stdev": 1.0502384706474675e+17
    },
    "2exp": null,
    "2nlsq": null,
    "1nlsq": null,
    "true_params": {
        "t_hot": 108.0168,
        "t_hot_stdev": 5.1884
    },
    "histogram": {
        "i": 1e+18,
        "l": 1.0,
        "a": 10.0,
        "filename": "hist_1e18_100_10"
    }
}