{
    "3exp": {
        "a1": 5279067161746107.0,
        "b1": -0.023067506581909012,
        "a2": 788912567662912.4,
        "b2": -0.0027933301669106144,
        "a3": 93089292545891.23,
        "b3": -0.0013806336166621166,
        "t_hot": 724.3051218886341,
        "n_hot": 93089292545891.23,
        "start_index": 0,
        "end_index": 798,
        "a1_stdev": 4.407745614123802e+18,
        "b1_stdev": 5.975820125622137,
        "a2_stdev": 3.1469247602591296e+16,
        "b2_stdev": 0.16081875823798922,
        "a3_stdev": 4.042947869854356e+16,
        "b3_stdev": 0.12034348382915813,
        "t_hot_stdev": 63134.3469197254,
        "n_hot_stdev": 4.042947869854356e+16,
        "critical_energy": 93.75715923945566,
        "mswe": 518042552553314.8,
        "mse": 9.704512813859203e+18
    },
    "2exp": {
        "a0": -308980157756.68494,
        "a1": 837475964567250.8,
        "b1": -0.0026639174058209793,
        "a2": 36922023818689.86,
        "b2": -0.0010117947864892582,
        "a0_stdev": 122502680706157.39,
        "a1_stdev": 2.723374323016209e+16,
        "b1_stdev": 0.12647438452573076,
        "a2_stdev": 2.4334417376107084e+16,
        "b2_stdev": 0.21910075633008724,
        "t_hot": 988.3427087718213,
        "n_hot": 36922023818689.86,
        "t_hot_stdev": 214022.28781649508,
        "n_hot_stdev": 2.4334417376107084e+16,
        "start_index": 25,
        "end_index": 798,
        "mswe": 655405773004060.5,
        "mse": 7.439588965373949e+16
    },
    "2nlsq": {
        "a1": 773322586340492.4,
        "b1": -0.0029297565020360316,
        "a2": 135464891673435.75,
        "b2": -0.0015106077265481168,
        "a0": -48052985165.95773,
        "a1_stdev": 8025299630300.74,
        "b1_stdev": 3.5126610617672015e-05,
        "a2_stdev": 11469250851337.725,
        "b2_stdev": 2.8165379095285415e-05,
        "a0_stdev": 6522965152.3310995,
        "start_index": 25,
        "end_index": 798,
        "t_hot": 661.985227816288,
        "n_hot": 135464891673435.75,
        "t_hot_stdev": 12.342757533440128,
        "n_hot_stdev": 11469250851337.725,
        "mswe": 290194719748176.94,
        "mse": 8.298255404005006e+16
    },
    "1nlsq": null,
    "true_params": {
        "t_hot": 592.6299,
        "t_hot_stdev": 5.6191
    },
    "histogram": {
        "i": 1e+19,
        "l": 1.0,
        "a": 0.0,
        "filename": "hist_1e19_100_0"
    }
}