{
    "3exp": {
        "a1": 5.401068907471494e+16,
        "b1": -5.968200812377438,
        "a2": 1668458075359451.8,
        "b2": -2.376473049846685,
        "a3": 130664329208908.8,
        "b3": -1.0724811735473019,
        "t_hot": 0.9324172998696418,
        "n_hot": 130664329208908.8,
        "start_index": 0,
        "end_index": 388,
        "a1_stdev": 4.977729301229351e+21,
        "b1_stdev": 97239.43370165717,
        "a2_stdev": 4.805438692776438e+19,
        "b2_stdev": 17121.720620011507,
        "a3_stdev": 1.6995132259131036e+18,
        "b3_stdev": 2402.3603814281823,
        "t_hot_stdev": 2088.6169710150843,
        "n_hot_stdev": 1.6995132259131036e+18,
        "critical_energy": 0.9681363151544634,
        "mswe": 3.529864924502682e+19,
        "mse": 5.714466191419005e+23
    },
    "2exp": {
        "a0": 27714003435.92799,
        "a1": 3641269946870676.5,
        "b1": -2.9276139888724924,
        "a2": 205046920663378.3,
        "b2": -1.1763540896709221,
        "a0_stdev": 428500218616878.8,
        "a1_stdev": 8.553532816123953e+19,
        "b1_stdev": 17125.15992448738,
        "a2_stdev": 2.1805488764309202e+18,
        "b2_stdev": 2536.2706529478614,
        "t_hot": 0.8500841785484368,
        "n_hot": 205046920663378.3,
        "t_hot_stdev": 1832.8185140163284,
        "n_hot_stdev": 2.1805488764309202e+18,
        "start_index": 25,
        "end_index": 388,
        "mswe": 4.500964684632302e+19,
        "mse": 3.294465806606653e+21
    },
    "2nlsq": {
        "a1": 2735711595714704.5,
        "b1": -2.682639373491122,
        "a2": 160823694488250.28,
        "b2": -1.1161728382665286,
        "a0": -8174942237.375551,
        "a1_stdev": 409650581366771.7,
        "b1_stdev": 0.11331142917764105,
        "a2_stdev": 16533130904180.125,
        "b2_stdev": 0.023323663210137888,
        "a0_stdev": 3947083521.8691835,
        "start_index": 25,
        "end_index": 388,
        "t_hot": 0.8959185940710126,
        "n_hot": 160823694488250.28,
        "t_hot_stdev": 0.01872120771570218,
        "n_hot_stdev": 16533130904180.125,
        "mswe": 3.2704186309608296e+19,
        "mse": 3.337749433077752e+21
    },
    "1nlsq": null,
    "true_params": {
        "t_hot": 0.9211,
        "t_hot_stdev": 0.0192
    },
    "histogram": {
        "i": 1e+17,
        "l": 2.0,
        "a": 50.0,
        "filename": "hist_1e17_200_50"
    }
}