{
    "3exp": {
        "a1": 2732834192464895.5,
        "b1": -0.017486924903397347,
        "a2": 669733051657473.4,
        "b2": -0.002979306934842637,
        "a3": 190675860374709.9,
        "b3": -0.0013793679999257208,
        "t_hot": 724.9696963057357,
        "n_hot": 190675860374709.9,
        "start_index": 0,
        "end_index": 924,
        "critical_energy": 165.29630229176277,
        "mse": 24991212.893650815
    },
    "2exp": {
        "a1": 707650405256919.8,
        "b1": -0.003081201500975864,
        "a2": 197246742582651.2,
        "b2": -0.0013984374783370525,
        "a1_stdev": 1930989743676.4246,
        "b1_stdev": 4.4964418701202465e-05,
        "a2_stdev": 762600913350.8756,
        "b2_stdev": 6.924207797717987e-05,
        "t_hot": 715.0838099599182,
        "n_hot": 197246742582651.2,
        "t_hot_stdev": 35.406580341612994,
        "n_hot_stdev": 762600913350.8756,
        "start_index": 33,
        "end_index": 924,
        "mse": 21686992.588523485
    },
    "nlsq": {
        "a1": 707254299633357.9,
        "b1": -0.003201691424997319,
        "a2": 218209339135360.62,
        "b2": -0.0014290289510166811,
        "a0": -86171248650.66968,
        "a1_stdev": 5446236411928.228,
        "b1_stdev": 3.8735837321503956e-05,
        "a2_stdev": 6826919122417.538,
        "b2_stdev": 1.1295895994536821e-05,
        "a0_stdev": 765317.9362222285,
        "start_index": 33,
        "end_index": 924,
        "t_hot": 699.7758857779271,
        "n_hot": 218209339135360.62,
        "t_hot_stdev": 5.531445405363289,
        "n_hot_stdev": 6826919122417.538,
        "mse": 7827968.2826733785
    },
    "true_params": {
        "t_hot": 659.0293,
        "t_hot_stdev": 3.2061
    },
    "histogram": {
        "i": 1e+19,
        "l": 2.0,
        "a": 4.0,
        "filename": "hist_1e19_200_4"
    }
}