{
    "3exp": {
        "a1": 2701998624980869.0,
        "b1": -0.017433544093928655,
        "a2": 705379790359063.6,
        "b2": -0.002791534924543225,
        "a3": 31469339582493.594,
        "b3": -0.0009592131336847058,
        "t_hot": 1042.521171659333,
        "n_hot": 31469339582493.594,
        "start_index": 0,
        "end_index": 533,
        "a1_stdev": 9.596974443023845e+18,
        "b1_stdev": 26.190789558070982,
        "a2_stdev": 2.4565053515083872e+17,
        "b2_stdev": 1.1361251057754533,
        "a3_stdev": 1.3265446727379773e+17,
        "b3_stdev": 1.3672126354712641,
        "t_hot_stdev": 1485955.590665901,
        "n_hot_stdev": 1.3265446727379773e+17
    },
    "2exp": null,
    "2nlsq": null,
    "1nlsq": null,
    "true_params": {
        "t_hot": 626.312,
        "t_hot_stdev": 8.6018
    },
    "histogram": {
        "i": 1e+19,
        "l": 0.5,
        "a": 10.0,
        "filename": "hist_1e19_050_10"
    }
}