{
    "3exp": {
        "a1": 1.0653988921914526e+16,
        "b1": -0.0547289754604398,
        "a2": 3443304115542058.5,
        "b2": -0.019499185096933686,
        "a3": 712147906321995.1,
        "b3": -0.006671193117307687,
        "t_hot": 149.8982239632081,
        "n_hot": 712147906321995.1,
        "start_index": 0,
        "end_index": 355,
        "critical_energy": 56.294816205165596,
        "mse": 451874280.1667933
    },
    "2exp": {
        "a1": 3924937114976234.5,
        "b1": -0.02017403179501541,
        "a2": 712904020004305.1,
        "b2": -0.00667831223814376,
        "a1_stdev": 34717271767087.164,
        "b1_stdev": 0.00031133883753524047,
        "a2_stdev": 3550353665712.579,
        "b2_stdev": 0.0006543904323346125,
        "t_hot": 149.738431558862,
        "n_hot": 712904020004305.1,
        "t_hot_stdev": 14.672479134061293,
        "n_hot_stdev": 3550353665712.579,
        "start_index": 25,
        "end_index": 355,
        "mse": 458878596.7631122
    },
    "nlsq": {
        "a1": 5211681876046065.0,
        "b1": -0.023484671628821185,
        "a2": 867536051593042.4,
        "b2": -0.007139244263448968,
        "a0": 0.0,
        "a1_stdev": Infinity,
        "b1_stdev": Infinity,
        "a2_stdev": Infinity,
        "b2_stdev": Infinity,
        "a0_stdev": Infinity,
        "start_index": 25,
        "end_index": 355,
        "t_hot": 140.07084827167688,
        "n_hot": 867536051593042.4,
        "t_hot_stdev": Infinity,
        "n_hot_stdev": Infinity,
        "mse": 401637223.3828173
    },
    "true_params": {
        "t_hot": 171.5095,
        "t_hot_stdev": 10.6995
    },
    "histogram": {
        "i": 1e+19,
        "l": 0.02,
        "a": 30.0,
        "filename": "hist_1e19_002_30"
    }
}