{
    "3exp": {
        "a1": 864307687961000.8,
        "b1": -0.6918091555389267,
        "a2": 16654560007993.656,
        "b2": -0.24163588624683136,
        "a3": 837413710308.6459,
        "b3": -0.0301190656877723,
        "t_hot": 33.20156110971193,
        "n_hot": 837413710308.6459,
        "start_index": 0,
        "end_index": 347,
        "a1_stdev": 6.542546978312364e+18,
        "b1_stdev": 2079.169921189141,
        "a2_stdev": 4.9539956041748096e+17,
        "b2_stdev": 2265.781275156798,
        "a3_stdev": 5509462304645191.0,
        "b3_stdev": 134.6233920099404,
        "t_hot_stdev": 148401.2426862679,
        "n_hot_stdev": 5509462304645191.0
    },
    "2exp": null,
    "2nlsq": null,
    "1nlsq": null,
    "true_params": {
        "t_hot": 26.1566,
        "t_hot_stdev": 1.6239
    },
    "histogram": {
        "i": 1e+17,
        "l": 5.0,
        "a": 3.0,
        "filename": "hist_1e17_500_3"
    }
}