{
    "3exp": {
        "a1": 3871059486290708.5,
        "b1": -0.02056387612008924,
        "a2": 652219819692192.5,
        "b2": -0.002359581208086127,
        "a3": 4781819497231.838,
        "b3": -0.00043730870974246133,
        "t_hot": 2286.7141168739067,
        "n_hot": 4781819497231.838,
        "start_index": 0,
        "end_index": 812,
        "critical_energy": 332.7175597836402,
        "mse": 250315254.55585164
    },
    "2exp": {
        "a1": 672513625069592.6,
        "b1": -0.002365322319276953,
        "a2": 2822336068026.464,
        "b2": -0.00039726877174777126,
        "a1_stdev": 1185126066374.5715,
        "b1_stdev": 8.20798379565388e-05,
        "a2_stdev": 193658491585.2412,
        "b2_stdev": 0.00012017537488735482,
        "t_hot": 2517.1875342744206,
        "n_hot": 2822336068026.464,
        "t_hot_stdev": 761.4591860879182,
        "n_hot_stdev": 193658491585.2412,
        "start_index": 62,
        "end_index": 812,
        "mse": 133097868.41261809
    },
    "nlsq": {
        "a1": 721534676221557.6,
        "b1": -0.0026091763309916993,
        "a2": 28001642312516.78,
        "b2": -0.0009728438055797417,
        "a0": -274365611448.9493,
        "a1_stdev": 6945224189613.393,
        "b1_stdev": 3.332505841343503e-05,
        "a2_stdev": 5265453065210.272,
        "b2_stdev": 6.541797926407746e-05,
        "a0_stdev": 8232540.1370966155,
        "start_index": 62,
        "end_index": 812,
        "t_hot": 1027.9142389194483,
        "n_hot": 28001642312516.78,
        "t_hot_stdev": 69.12113946884827,
        "n_hot_stdev": 5265453065210.272,
        "mse": 19254984.52416817
    },
    "true_params": {
        "t_hot": 651.3185,
        "t_hot_stdev": 7.4267
    },
    "histogram": {
        "i": 1e+19,
        "l": 0.8,
        "a": 5.0,
        "filename": "hist_1e19_080_5"
    }
}