{
    "3exp": {
        "a1": 6427805232101323.0,
        "b1": -0.020445835138231044,
        "a2": 787679432160337.2,
        "b2": -0.005678027785274542,
        "a3": 465048574178047.0,
        "b3": -0.0021636691293519163,
        "t_hot": 462.177874811908,
        "n_hot": 465048574178047.0,
        "start_index": 0,
        "end_index": 783,
        "a1_stdev": 4.077915844226501e+18,
        "b1_stdev": 9.561200680530238,
        "a2_stdev": 7.984722385397999e+17,
        "b2_stdev": 4.114106375702866,
        "a3_stdev": 2.0999490583550563e+17,
        "b3_stdev": 0.256160779699031,
        "t_hot_stdev": 54718.091211534454,
        "n_hot_stdev": 2.0999490583550563e+17,
        "critical_energy": 142.15361706678107,
        "mswe": 1.1832868575997786e+16,
        "mse": 4.1184265207117867e+20
    },
    "2exp": {
        "a0": 286589264613.7906,
        "a1": 1282823073322055.8,
        "b1": -0.007770887291024595,
        "a2": 551690625132364.44,
        "b2": -0.0022912006212675627,
        "a0_stdev": 414591908103610.7,
        "a1_stdev": 1.7072599016252603e+18,
        "b1_stdev": 5.877263151077969,
        "a2_stdev": 2.0357056665455136e+17,
        "b2_stdev": 0.2883295346953872,
        "t_hot": 436.4523956207594,
        "n_hot": 551690625132364.44,
        "t_hot_stdev": 54924.09306191654,
        "n_hot_stdev": 2.0357056665455136e+17,
        "start_index": 37,
        "end_index": 783,
        "mswe": 1.7293941464172346e+16,
        "mse": 4.4573236321475226e+17
    },
    "2nlsq": {
        "a1": 1144665760109476.8,
        "b1": -0.006976341037833813,
        "a2": 507147076156420.06,
        "b2": -0.0022160344440024736,
        "a0": -56105577908.279755,
        "a1_stdev": 52277864447931.7,
        "b1_stdev": 0.00021431519349685357,
        "a2_stdev": 9726480021760.72,
        "b2_stdev": 1.402318354487626e-05,
        "a0_stdev": 19826004482.33475,
        "start_index": 37,
        "end_index": 783,
        "t_hot": 451.2565238804942,
        "n_hot": 507147076156420.06,
        "t_hot_stdev": 2.855575226876728,
        "n_hot_stdev": 9726480021760.72,
        "mswe": 1.1299841283681342e+16,
        "mse": 4.696207662893215e+17
    },
    "1nlsq": null,
    "true_params": {
        "t_hot": 478.5817,
        "t_hot_stdev": 6.8191
    },
    "histogram": {
        "i": 1e+19,
        "l": 0.5,
        "a": 40.0,
        "filename": "hist_1e19_050_40"
    }
}