{
    "3exp": {
        "a1": 1.1996635347610034e+16,
        "b1": -0.0597812535477549,
        "a2": 3215485789361687.5,
        "b2": -0.022209629520690215,
        "a3": 937064194348220.9,
        "b3": -0.006008037230796782,
        "t_hot": 166.44370891612812,
        "n_hot": 937064194348220.9,
        "start_index": 0,
        "end_index": 448,
        "a1_stdev": 2.519545205509645e+20,
        "b1_stdev": 609.7787890554789,
        "a2_stdev": 3.5166994792681e+19,
        "b2_stdev": 82.67999976466001,
        "a3_stdev": 1.0435675201523177e+18,
        "b3_stdev": 2.086520634507127,
        "t_hot_stdev": 57803.941586317706,
        "n_hot_stdev": 1.0435675201523177e+18,
        "critical_energy": 35.04367483980229,
        "mswe": 6.558496247372083e+17,
        "mse": 1.0663748770457511e+22
    },
    "2exp": {
        "a0": 83304342508.33444,
        "a1": 4436804781133049.0,
        "b1": -0.024511886483886466,
        "a2": 956677726923636.2,
        "b2": -0.0060545307012419836,
        "a0_stdev": 3930932505829080.0,
        "a1_stdev": 3.905817572602459e+19,
        "b1_stdev": 76.71800210318479,
        "a2_stdev": 1.1505690583137864e+18,
        "b2_stdev": 2.6747564483704487,
        "t_hot": 165.16556762935681,
        "n_hot": 956677726923636.2,
        "t_hot_stdev": 72966.45914682775,
        "n_hot_stdev": 1.1505690583137864e+18,
        "start_index": 25,
        "end_index": 448,
        "mswe": 6.596914921748599e+17,
        "mse": 1.387950040658951e+19
    },
    "2nlsq": {
        "a1": 4732162908860961.0,
        "b1": -0.025177414090501223,
        "a2": 969990985325454.5,
        "b2": -0.0060884713480956415,
        "a0": -122957380338.68808,
        "a1_stdev": 805898537124872.8,
        "b1_stdev": 0.0014743969059710061,
        "a2_stdev": 20805424793386.508,
        "b2_stdev": 4.8296827616610836e-05,
        "a0_stdev": 71311735847.54388,
        "start_index": 25,
        "end_index": 448,
        "t_hot": 164.24483960375062,
        "n_hot": 969990985325454.5,
        "t_hot_stdev": 1.3028729629714653,
        "n_hot_stdev": 20805424793386.508,
        "mswe": 6.192665439086277e+17,
        "mse": 1.3894461221110034e+19
    },
    "1nlsq": null,
    "true_params": {
        "t_hot": 158.7006,
        "t_hot_stdev": 3.7218
    },
    "histogram": {
        "i": 1e+19,
        "l": 0.05,
        "a": 4.0,
        "filename": "hist_1e19_005_4"
    }
}