{
    "3exp": {
        "a1": 2181671314077349.8,
        "b1": -0.017815265980224888,
        "a2": 578652417573291.1,
        "b2": -0.0029587837814327817,
        "a3": 32766318306212.582,
        "b3": -0.0008725290042100494,
        "t_hot": 1146.0937059683847,
        "n_hot": 32766318306212.582,
        "start_index": 0,
        "end_index": 668,
        "a1_stdev": 5.968040218178764e+18,
        "b1_stdev": 20.91252491438839,
        "a2_stdev": 1.8286304729074064e+17,
        "b2_stdev": 0.8138026885174562,
        "a3_stdev": 4.94835036139718e+16,
        "b3_stdev": 0.48352133426606997,
        "t_hot_stdev": 635120.1567281901,
        "n_hot_stdev": 4.94835036139718e+16
    },
    "2exp": null,
    "2nlsq": null,
    "1nlsq": null,
    "true_params": {
        "t_hot": 906.1507,
        "t_hot_stdev": 18.6984
    },
    "histogram": {
        "i": 1e+19,
        "l": 0.5,
        "a": 1.0,
        "filename": "hist_1e19_050_1"
    }
}