{
    "3exp": {
        "a1": 2312387843126671.5,
        "b1": -0.024106647103505914,
        "a2": 339629668544993.1,
        "b2": -0.0076096310578555254,
        "a3": 68814343856394.695,
        "b3": -0.002993521935885126,
        "t_hot": 334.0546758693851,
        "n_hot": 68814343856394.695,
        "start_index": 0,
        "end_index": 570,
        "a1_stdev": 1.9270718598551132e+18,
        "b1_stdev": 15.671866092446578,
        "a2_stdev": 4.907704092638994e+17,
        "b2_stdev": 6.412089455117437,
        "a3_stdev": 9.311376520132619e+16,
        "b3_stdev": 0.9950427828619217,
        "t_hot_stdev": 111039.3380855004,
        "n_hot_stdev": 9.311376520132619e+16,
        "critical_energy": 116.2743703955275,
        "mswe": 1.3146729063679766e+16,
        "mse": 2.2566125459019227e+19
    },
    "2exp": {
        "a0": 211862729032.48062,
        "a1": 1009682717951333.2,
        "b1": -0.01324881049316076,
        "a2": 135765204796231.52,
        "b2": -0.0037211072515506653,
        "a0_stdev": 205374622762038.25,
        "a1_stdev": 2.6669796582802053e+18,
        "b1_stdev": 13.1636859603651,
        "a2_stdev": 1.0988992172846656e+17,
        "b2_stdev": 0.9841431334346228,
        "t_hot": 268.73721513489795,
        "n_hot": 135765204796231.52,
        "t_hot_stdev": 71074.51279807644,
        "n_hot_stdev": 1.0988992172846656e+17,
        "start_index": 36,
        "end_index": 570,
        "mswe": 1.713891277004332e+16,
        "mse": 3.962856017998514e+17
    },
    "2nlsq": {
        "a1": 973014784345256.6,
        "b1": -0.012896829689937672,
        "a2": 128725614817965.11,
        "b2": -0.0036453093289711387,
        "a0": 28681372898.061268,
        "a1_stdev": 156796462831052.1,
        "b1_stdev": 0.0008048022694121443,
        "a2_stdev": 7064648891443.095,
        "b2_stdev": 6.557744903785749e-05,
        "a0_stdev": 14004982487.428514,
        "start_index": 36,
        "end_index": 570,
        "t_hot": 274.32514219094884,
        "n_hot": 128725614817965.11,
        "t_hot_stdev": 4.934983950156947,
        "n_hot_stdev": 7064648891443.095,
        "mswe": 1.122309375009762e+16,
        "mse": 4.0094993344531686e+17
    },
    "1nlsq": null,
    "true_params": {
        "t_hot": 344.3475,
        "t_hot_stdev": 15.6443
    },
    "histogram": {
        "i": 1e+19,
        "l": 0.2,
        "a": 1.0,
        "filename": "hist_1e19_020_1"
    }
}