{
    "3exp": {
        "a1": 5918291589039640.0,
        "b1": -0.026523773533849798,
        "a2": 1139339545534204.5,
        "b2": -0.007670471400445224,
        "a3": 327485866151481.0,
        "b3": -0.0024098484512536725,
        "t_hot": 414.96385363144776,
        "n_hot": 327485866151481.0,
        "start_index": 0,
        "end_index": 639,
        "a1_stdev": 1.09207520053318e+19,
        "b1_stdev": 31.743493725112067,
        "a2_stdev": 1.8569538320534062e+18,
        "b2_stdev": 6.978387645051888,
        "a3_stdev": 2.299780281867043e+17,
        "b3_stdev": 0.5206365930753364,
        "t_hot_stdev": 89651.01805123742,
        "n_hot_stdev": 2.299780281867043e+17
    },
    "2exp": null,
    "2nlsq": null,
    "1nlsq": null,
    "true_params": {
        "t_hot": 401.2418,
        "t_hot_stdev": 2.4016
    },
    "histogram": {
        "i": 1e+19,
        "l": 0.5,
        "a": 45.0,
        "filename": "hist_1e19_050_45"
    }
}