{
    "3exp": {
        "a1": 4548013868003928.0,
        "b1": -0.03053241835921973,
        "a2": 1152316293747083.8,
        "b2": -0.007520007716100955,
        "a3": 125468668145803.0,
        "b3": -0.002537947349712345,
        "t_hot": 394.0192061562434,
        "n_hot": 125468668145803.0,
        "start_index": 0,
        "end_index": 770,
        "critical_energy": 128.2535337676467,
        "mse": 40437348.48024069
    },
    "2exp": {
        "a1": 1196146053531718.5,
        "b1": -0.007658658808192442,
        "a2": 129247790548387.12,
        "b2": -0.0025586665805381052,
        "a1_stdev": 3750802722856.0034,
        "b1_stdev": 5.846045212373991e-05,
        "a2_stdev": 732272191951.3994,
        "b2_stdev": 0.00010906294056032871,
        "t_hot": 390.82856969574095,
        "n_hot": 129247790548387.12,
        "t_hot_stdev": 16.65903380699199,
        "n_hot_stdev": 732272191951.3994,
        "start_index": 43,
        "end_index": 770,
        "mse": 40282524.95434544
    },
    "nlsq": {
        "a1": 1185464280748792.2,
        "b1": -0.0075971350774768015,
        "a2": 126137560938523.72,
        "b2": -0.002540011563744911,
        "a0": -85039815225.54987,
        "a1_stdev": 23523832914405.56,
        "b1_stdev": 0.00010937976233521035,
        "a2_stdev": 5439177175277.845,
        "b2_stdev": 3.5942515875135404e-05,
        "a0_stdev": 5887784.486892741,
        "start_index": 43,
        "end_index": 770,
        "t_hot": 393.6989950256889,
        "n_hot": 126137560938523.72,
        "t_hot_stdev": 5.571050376586707,
        "n_hot_stdev": 5439177175277.845,
        "mse": 35829788.73448865
    },
    "true_params": {
        "t_hot": 373.9101,
        "t_hot_stdev": 4.7886
    },
    "histogram": {
        "i": 1e+19,
        "l": 0.5,
        "a": 50.0,
        "filename": "hist_1e19_050_50"
    }
}