{
    "3exp": {
        "a1": 1.1189115242554988e+16,
        "b1": -0.02260025913781475,
        "a2": 2810083209754919.5,
        "b2": -0.008855275188883672,
        "a3": 821359184252510.4,
        "b3": -0.0026707471408091645,
        "t_hot": 374.42706002374564,
        "n_hot": 821359184252510.4,
        "start_index": 0,
        "end_index": 623,
        "a1_stdev": 1.8115459490831546e+19,
        "b1_stdev": 41.534682375442294,
        "a2_stdev": 1.1914056018893607e+19,
        "b2_stdev": 14.289431475696409,
        "a3_stdev": 5.744267294990385e+17,
        "b3_stdev": 0.5417205534909081,
        "t_hot_stdev": 75946.85063917487,
        "n_hot_stdev": 5.744267294990385e+17,
        "critical_energy": 100.52593459666346,
        "mswe": 1.2239437965803069e+17,
        "mse": 2.3581196205836628e+21
    },
    "2exp": {
        "a0": 464924052557.65424,
        "a1": 4948885445936094.0,
        "b1": -0.0110160471349385,
        "a2": 914899991226857.6,
        "b2": -0.0027822454445548144,
        "a0_stdev": 1860432023838409.5,
        "a1_stdev": 1.167081147134348e+19,
        "b1_stdev": 11.656586216803321,
        "a2_stdev": 6.537960363979677e+17,
        "b2_stdev": 0.742430038897453,
        "t_hot": 359.42192014623265,
        "n_hot": 914899991226857.6,
        "t_hot_stdev": 95910.16877285697,
        "n_hot_stdev": 6.537960363979677e+17,
        "start_index": 29,
        "end_index": 623,
        "mswe": 1.7346934461835923e+17,
        "mse": 2.867457380599789e+18
    },
    "2nlsq": {
        "a1": 4450036608762529.5,
        "b1": -0.010278803100499221,
        "a2": 844075201452283.2,
        "b2": -0.002678500541680217,
        "a0": -531116956311.2206,
        "a1_stdev": 232076636575533.38,
        "b1_stdev": 0.0002603625473816584,
        "a2_stdev": 16516465384552.662,
        "b2_stdev": 1.950401260767006e-05,
        "a0_stdev": 51765204209.438774,
        "start_index": 29,
        "end_index": 623,
        "t_hot": 373.3432136521811,
        "n_hot": 844075201452283.2,
        "t_hot_stdev": 2.7185698239554617,
        "n_hot_stdev": 16516465384552.662,
        "mswe": 8.664771733987541e+16,
        "mse": 2.995356077351715e+18
    },
    "1nlsq": null,
    "true_params": {
        "t_hot": 372.6228,
        "t_hot_stdev": 5.2658
    },
    "histogram": {
        "i": 1e+19,
        "l": 0.2,
        "a": 40.0,
        "filename": "hist_1e19_020_40"
    }
}