{
    "3exp": {
        "a1": 2585207745446771.0,
        "b1": -0.7540294351786101,
        "a2": 44620711795452.625,
        "b2": -0.2392975348777834,
        "a3": 3357328959613.215,
        "b3": -0.06800666090253432,
        "t_hot": 14.704441987427943,
        "n_hot": 3357328959613.215,
        "start_index": 0,
        "end_index": 357,
        "critical_energy": 9.688330611376088,
        "mse": 1221493875.788658
    },
    "2exp": {
        "a1": 26637366164734.027,
        "b1": -0.18309173052383187,
        "a2": 1688978699243.1428,
        "b2": -0.053095947648254746,
        "a1_stdev": 595274539324.4114,
        "b1_stdev": 0.016548443826757322,
        "a2_stdev": 54985568611.849205,
        "b2_stdev": 0.03191387500037827,
        "t_hot": 18.833829026363933,
        "n_hot": 1688978699243.1428,
        "t_hot_stdev": 11.320270038454266,
        "n_hot_stdev": 54985568611.849205,
        "start_index": 60,
        "end_index": 357,
        "mse": 1678239847.0893326
    },
    "nlsq": {
        "a1": 58635672929127.29,
        "b1": -0.2844535399314259,
        "a2": 6117993280466.461,
        "b2": -0.08700709020846117,
        "a0": -26290896701.83039,
        "a1_stdev": 74904975002749.1,
        "b1_stdev": 0.11267925907515756,
        "a2_stdev": 2507230691349.425,
        "b2_stdev": 0.012424712813592743,
        "a0_stdev": 252049702.13853693,
        "start_index": 60,
        "end_index": 357,
        "t_hot": 11.493316206806707,
        "n_hot": 6117993280466.461,
        "t_hot_stdev": 1.6412588077965335,
        "n_hot_stdev": 2507230691349.425,
        "mse": 704778825.5108618
    },
    "true_params": {
        "t_hot": 12.0248,
        "t_hot_stdev": 0.5904
    },
    "histogram": {
        "i": 1e+17,
        "l": 2.0,
        "a": 2.0,
        "filename": "hist_1e17_200_2"
    }
}