{
    "3exp": {
        "a1": 6.2232906463094424e+16,
        "b1": -0.08864099393941682,
        "a2": 5152771872307289.0,
        "b2": -0.028522065725082875,
        "a3": 1294169296272046.0,
        "b3": -0.00984840967937035,
        "t_hot": 101.53923654239514,
        "n_hot": 1294169296272046.0,
        "start_index": 0,
        "end_index": 379,
        "a1_stdev": 6.258770126967492e+20,
        "b1_stdev": 356.14612068939897,
        "a2_stdev": 4.418024161534985e+19,
        "b2_stdev": 107.33963230871882,
        "a3_stdev": 3.7478437098203566e+18,
        "b3_stdev": 7.68201387157282,
        "t_hot_stdev": 79203.2266144988,
        "n_hot_stdev": 3.7478437098203566e+18
    },
    "2exp": null,
    "2nlsq": null,
    "1nlsq": null,
    "true_params": {
        "t_hot": 113.9101,
        "t_hot_stdev": 2.4051
    },
    "histogram": {
        "i": 1e+19,
        "l": 0.01,
        "a": 50.0,
        "filename": "hist_1e19_001_50"
    }
}