{
    "3exp": {
        "a1": 6254846571959118.0,
        "b1": -1.2515018895683974,
        "a2": 422072177682236.56,
        "b2": -0.49912076341696643,
        "a3": 3541947933942.333,
        "b3": -0.10631540634273683,
        "t_hot": 9.405974490434868,
        "n_hot": 3541947933942.333,
        "start_index": 0,
        "end_index": 338,
        "critical_energy": 6.528574309614781,
        "mse": 1717502039.055083
    },
    "2exp": {
        "a1": 250264021220106.78,
        "b1": -0.44236312786728693,
        "a2": 2732576572704.278,
        "b2": -0.0970945969773086,
        "a1_stdev": 3508258805361.442,
        "b1_stdev": 0.009877054799468904,
        "a2_stdev": 69148647611.40306,
        "b2_stdev": 0.023664690347644225,
        "t_hot": 10.299234263608962,
        "n_hot": 2732576572704.278,
        "t_hot_stdev": 2.5102137220170344,
        "n_hot_stdev": 69148647611.40306,
        "start_index": 56,
        "end_index": 338,
        "mse": 2163453233.2319727
    },
    "nlsq": {
        "a1": 858946076364531.8,
        "b1": -0.6044438792787502,
        "a2": 9647594359000.64,
        "b2": -0.1591873234106575,
        "a0": 0.0,
        "a1_stdev": Infinity,
        "b1_stdev": Infinity,
        "a2_stdev": Infinity,
        "b2_stdev": Infinity,
        "a0_stdev": Infinity,
        "start_index": 56,
        "end_index": 338,
        "t_hot": 6.281907243457368,
        "n_hot": 9647594359000.64,
        "t_hot_stdev": Infinity,
        "n_hot_stdev": Infinity,
        "mse": 998096343.751812
    },
    "true_params": {
        "t_hot": 8.9147,
        "t_hot_stdev": 0.6735
    },
    "histogram": {
        "i": 1e+17,
        "l": 1.0,
        "a": 0.0,
        "filename": "hist_1e17_100_0"
    }
}