{
    "3exp": {
        "a1": 8042895975657054.0,
        "b1": -4.015538834459118,
        "a2": 58359422190689.75,
        "b2": -1.2753118999115858,
        "a3": 930132236364.0262,
        "b3": -0.19703500790293957,
        "t_hot": 5.075240235951395,
        "n_hot": 930132236364.0262,
        "start_index": 0,
        "end_index": 165,
        "a1_stdev": 1.5758101270851247e+21,
        "b1_stdev": 179092.73902417906,
        "a2_stdev": 2.5047293392637817e+19,
        "b2_stdev": 220620.45378499804,
        "a3_stdev": 1.1314331610610223e+18,
        "b3_stdev": 205101.09836552205,
        "t_hot_stdev": 5283007.105901167,
        "n_hot_stdev": 1.1314331610610223e+18
    },
    "2exp": null,
    "2nlsq": null,
    "1nlsq": null,
    "true_params": {
        "t_hot": 1.4265,
        "t_hot_stdev": 0.0646
    },
    "histogram": {
        "i": 1e+17,
        "l": 0.01,
        "a": 1.0,
        "filename": "hist_1e17_001_1"
    }
}