{
    "3exp": {
        "a1": 1556999074124558.2,
        "b1": -0.016194341715742314,
        "a2": 1002170922711530.2,
        "b2": -0.005629026833626586,
        "a3": 490069615667647.44,
        "b3": -0.002600036109165866,
        "t_hot": 384.61004309698467,
        "n_hot": 490069615667647.44,
        "start_index": 0,
        "end_index": 764,
        "critical_energy": 85.03326001563003,
        "mse": 6614045.110077034
    },
    "2exp": {
        "a1": 1210293207004322.8,
        "b1": -0.006146399366621124,
        "a2": 512671049620260.5,
        "b2": -0.0026258950206858537,
        "a1_stdev": 2768299604961.388,
        "b1_stdev": 4.4231507303123944e-05,
        "a2_stdev": 799407154921.0691,
        "b2_stdev": 7.498861405941891e-05,
        "t_hot": 380.82253560114196,
        "n_hot": 512671049620260.5,
        "t_hot_stdev": 10.875284016443468,
        "n_hot_stdev": 799407154921.0691,
        "start_index": 25,
        "end_index": 764,
        "mse": 6263324.953795522
    },
    "nlsq": {
        "a1": 1213402544892542.5,
        "b1": -0.006367273719675393,
        "a2": 546312223476650.1,
        "b2": -0.0026745182123222504,
        "a0": 20334540076.1698,
        "a1_stdev": 14204899711865.186,
        "b1_stdev": 7.829266106705003e-05,
        "a2_stdev": 8167322718716.516,
        "b2_stdev": 9.995877841925797e-06,
        "a0_stdev": 703905.8123579352,
        "start_index": 25,
        "end_index": 764,
        "t_hot": 373.8991177523942,
        "n_hot": 546312223476650.1,
        "t_hot_stdev": 1.3974292225931717,
        "n_hot_stdev": 8167322718716.516,
        "mse": 5812966.133080895
    },
    "true_params": {
        "t_hot": 483.801,
        "t_hot_stdev": 9.371
    },
    "histogram": {
        "i": 1e+19,
        "l": 5.0,
        "a": 30.0,
        "filename": "hist_1e19_500_30"
    }
}