{
    "3exp": {
        "a1": 1543868540812719.2,
        "b1": -0.44575001719659285,
        "a2": 99297173736616.89,
        "b2": -0.11834560279300324,
        "a3": 16115943885560.412,
        "b3": -0.047293851919794426,
        "t_hot": 21.14439740911564,
        "n_hot": 16115943885560.412,
        "start_index": 0,
        "end_index": 295,
        "a1_stdev": 3.08282375377579e+19,
        "b1_stdev": 3346.0228436405464,
        "a2_stdev": 1.2508273607414264e+18,
        "b2_stdev": 1077.247566693562,
        "a3_stdev": 3.719702748841707e+17,
        "b3_stdev": 287.69715243929016,
        "t_hot_stdev": 128625.23727108832,
        "n_hot_stdev": 3.719702748841707e+17
    },
    "2exp": null,
    "2nlsq": null,
    "1nlsq": null,
    "true_params": {
        "t_hot": 17.8483,
        "t_hot_stdev": 1.0881
    },
    "histogram": {
        "i": 1e+18,
        "l": 0.05,
        "a": 0.0,
        "filename": "hist_1e18_005_0"
    }
}