{
    "3exp": {
        "a1": 378861449718820.5,
        "b1": -0.12703158943170323,
        "a2": 58184886809633.914,
        "b2": -0.03754811508525979,
        "a3": 18581204328409.93,
        "b3": -0.009921451663136426,
        "t_hot": 100.79170205661964,
        "n_hot": 18581204328409.93,
        "start_index": 0,
        "end_index": 664,
        "a1_stdev": 9.673327867598543e+17,
        "b1_stdev": 189.0853502817466,
        "a2_stdev": 1.3944862889895875e+17,
        "b2_stdev": 43.507279874740604,
        "a3_stdev": 9797303276425092.0,
        "b3_stdev": 1.7820427760216233,
        "t_hot_stdev": 18103.714116784988,
        "n_hot_stdev": 9797303276425092.0,
        "critical_energy": 20.937328816304216,
        "mswe": 1.6890475775109372e+16,
        "mse": 4.228543831074856e+19
    },
    "2exp": {
        "a0": 6501363558.658561,
        "a1": 86877742312723.73,
        "b1": -0.04475069880934625,
        "a2": 19883555665067.14,
        "b2": -0.010211961431693532,
        "a0_stdev": 111807652022922.05,
        "a1_stdev": 1.4396909516174251e+17,
        "b1_stdev": 39.29191915265012,
        "a2_stdev": 1.1252629463294006e+16,
        "b2_stdev": 2.651926783462183,
        "t_hot": 97.92438080469346,
        "n_hot": 19883555665067.14,
        "t_hot_stdev": 25429.814825186866,
        "n_hot_stdev": 1.1252629463294006e+16,
        "start_index": 29,
        "end_index": 664,
        "mswe": 1.64701860451206e+16,
        "mse": 1.4902477385281914e+17
    },
    "2nlsq": {
        "a1": 82039472618457.39,
        "b1": -0.042819557787722576,
        "a2": 19016236648365.996,
        "b2": -0.00994496938619512,
        "a0": -36298409993.054,
        "a1_stdev": 5928275894872.31,
        "b1_stdev": 0.001725380321505084,
        "a2_stdev": 534410557123.95734,
        "b2_stdev": 0.00012895851348140093,
        "a0_stdev": 5670315947.693757,
        "start_index": 29,
        "end_index": 664,
        "t_hot": 100.55335126401967,
        "n_hot": 19016236648365.996,
        "t_hot_stdev": 1.3038964928923016,
        "n_hot_stdev": 534410557123.95734,
        "mswe": 1.3463828510289868e+16,
        "mse": 1.533078873704936e+17
    },
    "1nlsq": null,
    "true_params": {
        "t_hot": 100.1087,
        "t_hot_stdev": 1.2385
    },
    "histogram": {
        "i": 1e+18,
        "l": 2.0,
        "a": 45.0,
        "filename": "hist_1e18_200_45"
    }
}