{
    "3exp": {
        "a1": 129221716846457.2,
        "b1": -0.020997444097879944,
        "a2": 182964740914968.22,
        "b2": -0.008018790819411299,
        "a3": 16052611293573.81,
        "b3": -0.002944915599842528,
        "t_hot": 339.5683054731594,
        "n_hot": 16052611293573.81,
        "start_index": 0,
        "end_index": 616,
        "critical_energy": 115.53274272553661,
        "mse": 14617269.19809757
    },
    "2exp": {
        "a1": 246513338153669.1,
        "b1": -0.009711223728619885,
        "a2": 27405643702435.875,
        "b2": -0.0034299376056434678,
        "a1_stdev": 1066414139631.3158,
        "b1_stdev": 0.00012827636382509253,
        "a2_stdev": 189404578501.52597,
        "b2_stdev": 0.00023178603418534124,
        "t_hot": 291.55049303364706,
        "n_hot": 27405643702435.875,
        "t_hot_stdev": 19.702204621408054,
        "n_hot_stdev": 189404578501.52597,
        "start_index": 43,
        "end_index": 616,
        "mse": 12927988.842005987
    },
    "nlsq": {
        "a1": 231510053191259.62,
        "b1": -0.009323117043839072,
        "a2": 25366045406117.336,
        "b2": -0.0034008605354196348,
        "a0": 6245718098.317241,
        "a1_stdev": 7058980383343.372,
        "b1_stdev": 0.00022021655281879982,
        "a2_stdev": 2141279737941.0315,
        "b2_stdev": 9.068951100738408e-05,
        "a0_stdev": 3507636.2973501547,
        "start_index": 43,
        "end_index": 616,
        "t_hot": 294.0432251146721,
        "n_hot": 25366045406117.336,
        "t_hot_stdev": 7.841143740813045,
        "n_hot_stdev": 2141279737941.0315,
        "mse": 12615927.00719411
    },
    "true_params": {
        "t_hot": 313.1803,
        "t_hot_stdev": 6.594
    },
    "histogram": {
        "i": 1e+18,
        "l": 5.0,
        "a": 4.0,
        "filename": "hist_1e18_500_4"
    }
}