{
    "3exp": {
        "a1": 184163942441020.8,
        "b1": -0.3685633162047989,
        "a2": 37975366227751.17,
        "b2": -0.18215828966404649,
        "a3": 5017750305471.616,
        "b3": -0.04150872210241953,
        "t_hot": 24.0913222414455,
        "n_hot": 5017750305471.616,
        "start_index": 0,
        "end_index": 422,
        "critical_energy": 11.01603441893697,
        "mse": 2789097519.165746
    },
    "2exp": {
        "a1": 44319691907351.51,
        "b1": -0.179840786125173,
        "a2": 4706265906858.9375,
        "b2": -0.04037321138946077,
        "a1_stdev": 1820029020131.2405,
        "b1_stdev": 0.014905049028615789,
        "a2_stdev": 114340539554.6994,
        "b2_stdev": 0.039629329618356614,
        "t_hot": 24.76889911861322,
        "n_hot": 4706265906858.9375,
        "t_hot_stdev": 24.312528869367604,
        "n_hot_stdev": 114340539554.6994,
        "start_index": 77,
        "end_index": 422,
        "mse": 3213227126.5773764
    },
    "nlsq": {
        "a1": 182858245459442.62,
        "b1": -0.30676430577642233,
        "a2": 9749340780110.906,
        "b2": -0.0625355720518367,
        "a0": 0.0,
        "a1_stdev": Infinity,
        "b1_stdev": Infinity,
        "a2_stdev": Infinity,
        "b2_stdev": Infinity,
        "a0_stdev": Infinity,
        "start_index": 77,
        "end_index": 422,
        "t_hot": 15.990898734740679,
        "n_hot": 9749340780110.906,
        "t_hot_stdev": Infinity,
        "n_hot_stdev": Infinity,
        "mse": 2346152982.23038
    },
    "true_params": {
        "t_hot": 18.1601,
        "t_hot_stdev": 1.6525
    },
    "histogram": {
        "i": 1e+17,
        "l": 0.1,
        "a": 10.0,
        "filename": "hist_1e17_010_10"
    }
}