{
    "3exp": {
        "a1": 4740947153000832.0,
        "b1": -0.02201315177401777,
        "a2": 644196815024467.0,
        "b2": -0.00263000429916801,
        "a3": 80406543698873.67,
        "b3": -0.0013054379319789068,
        "t_hot": 766.0264616978802,
        "n_hot": 80406543698873.67,
        "start_index": 0,
        "end_index": 700,
        "critical_energy": 196.8781626485825,
        "mse": 38467284.75770969
    },
    "2exp": {
        "a1": 662509941203407.2,
        "b1": -0.0025955017134179584,
        "a2": 65420412237193.95,
        "b2": -0.001253496842138135,
        "a1_stdev": 2105854444657.4292,
        "b1_stdev": 0.00013497427483221392,
        "a2_stdev": 909864807512.1501,
        "b2_stdev": 0.00018455640355436703,
        "t_hot": 797.7682642536727,
        "n_hot": 65420412237193.95,
        "t_hot_stdev": 117.45800768777899,
        "n_hot_stdev": 909864807512.1501,
        "start_index": 37,
        "end_index": 700,
        "mse": 40669225.24099081
    },
    "nlsq": {
        "a1": 651601910829574.8,
        "b1": -0.0027481234135180864,
        "a2": 100859339264137.11,
        "b2": -0.0013501649197275082,
        "a0": -247413636194.88672,
        "a1_stdev": 9337124635082.436,
        "b1_stdev": 4.983854540036976e-05,
        "a2_stdev": 14197052711463.254,
        "b2_stdev": 4.84256474630145e-05,
        "a0_stdev": 5772855.497487192,
        "start_index": 37,
        "end_index": 700,
        "t_hot": 740.650260859852,
        "n_hot": 100859339264137.11,
        "t_hot_stdev": 26.56450919568221,
        "n_hot_stdev": 14197052711463.254,
        "mse": 13775628.39717323
    },
    "histogram": {
        "i": 1e+19,
        "l": 0.8,
        "a": 10.0,
        "filename": "hist_1e19_080_10"
    }
}