{
    "3exp": {
        "a1": 6943494276320296.0,
        "b1": -0.4866801485242656,
        "a2": 839936741148588.9,
        "b2": -0.14751479998206304,
        "a3": 106574200395187.11,
        "b3": -0.036297411817022576,
        "t_hot": 27.55017368844533,
        "n_hot": 106574200395187.11,
        "start_index": 0,
        "end_index": 319,
        "a1_stdev": 5.753428330850066e+20,
        "b1_stdev": 13475.790926579752,
        "a2_stdev": 2.3337822537848336e+19,
        "b2_stdev": 1653.713455550003,
        "a3_stdev": 1.0303167804779886e+18,
        "b3_stdev": 134.30638544396254,
        "t_hot_stdev": 101940.16766543034,
        "n_hot_stdev": 1.0303167804779886e+18
    },
    "2exp": null,
    "2nlsq": null,
    "1nlsq": null,
    "true_params": {
        "t_hot": 26.6523,
        "t_hot_stdev": 0.2943
    },
    "histogram": {
        "i": 1e+18,
        "l": 0.01,
        "a": 30.0,
        "filename": "hist_1e18_001_30"
    }
}