{
    "3exp": {
        "a1": 1584529560343836.5,
        "b1": -0.03976388964194046,
        "a2": 262617765076083.72,
        "b2": -0.007791998282383552,
        "a3": -49381092739.875374,
        "b3": 0.006312940493762898,
        "t_hot": 128.3367839365209,
        "n_hot": 262617765076083.72,
        "start_index": 0,
        "end_index": 407,
        "a1_stdev": 3.3849545532699976e+18,
        "b1_stdev": 73.35963822161602,
        "a2_stdev": 7.060392982153955e+17,
        "b2_stdev": 13.725630179842794,
        "a3_stdev": 8098142100541375.0,
        "b3_stdev": 280.1696193831134,
        "t_hot_stdev": 226065.66004583822,
        "n_hot_stdev": 7.060392982153955e+17
    },
    "2exp": null,
    "2nlsq": null,
    "1nlsq": null,
    "true_params": {
        "t_hot": 128.8196,
        "t_hot_stdev": 1.2556
    },
    "histogram": {
        "i": 1e+18,
        "l": 0.2,
        "a": 45.0,
        "filename": "hist_1e18_020_45"
    }
}