{
    "3exp": {
        "a1": 4426844690064303.5,
        "b1": -0.04048074941232354,
        "a2": 735552144654567.8,
        "b2": -0.011327042162157021,
        "a3": 103584568719328.47,
        "b3": -0.00329943659049036,
        "t_hot": 303.08204827521195,
        "n_hot": 103584568719328.47,
        "start_index": 0,
        "end_index": 482,
        "a1_stdev": 2.7489457702242623e+19,
        "b1_stdev": 109.0293996424265,
        "a2_stdev": 1.8733874927889021e+18,
        "b2_stdev": 14.237122326647954,
        "a3_stdev": 1.588705619829597e+17,
        "b3_stdev": 1.6336758618581066,
        "t_hot_stdev": 150067.38661285807,
        "n_hot_stdev": 1.588705619829597e+17
    },
    "2exp": null,
    "2nlsq": null,
    "1nlsq": null,
    "true_params": {
        "t_hot": 332.9794,
        "t_hot_stdev": 8.9144
    },
    "histogram": {
        "i": 1e+19,
        "l": 0.2,
        "a": 5.0,
        "filename": "hist_1e19_020_5"
    }
}