{
    "3exp": {
        "a1": 2.7243597961880673e+18,
        "b1": -9.105403865078806,
        "a2": 1931449154600170.8,
        "b2": -3.1219918400859683,
        "a3": 15336609110553.621,
        "b3": -0.7630240490989313,
        "t_hot": 1.3105746813366077,
        "n_hot": 15336609110553.621,
        "start_index": 0,
        "end_index": 264,
        "a1_stdev": 8.734064595059898e+23,
        "b1_stdev": 269655.298994511,
        "a2_stdev": 1.2405825345967147e+20,
        "b2_stdev": 34752.50282849366,
        "a3_stdev": 2.1991845240004842e+17,
        "b3_stdev": 3005.8337282795837,
        "t_hot_stdev": 5162.83803274997,
        "n_hot_stdev": 2.1991845240004842e+17,
        "critical_energy": 1.2119703830449498,
        "mswe": 8.269833495221644e+19,
        "mse": 2.344702873381742e+22
    },
    "2exp": {
        "a0": 16850408439.36899,
        "a1": 7007475073425121.0,
        "b1": -3.808155238736967,
        "a2": 19716328764373.758,
        "b2": -0.8303970959137089,
        "a0_stdev": 1307264204886233.2,
        "a1_stdev": 8.798587781969278e+20,
        "b1_stdev": 66573.99201774709,
        "a2_stdev": 4.204827740458147e+17,
        "b2_stdev": 5663.875346619746,
        "t_hot": 1.204243132497558,
        "n_hot": 19716328764373.758,
        "t_hot_stdev": 8213.760649035108,
        "n_hot_stdev": 4.204827740458147e+17,
        "start_index": 25,
        "end_index": 264,
        "mswe": 8.316496488900177e+19,
        "mse": 6.89829063759582e+20
    },
    "2nlsq": {
        "a1": 5606798593403812.0,
        "b1": -3.688513233313754,
        "a2": 19431653271855.945,
        "b2": -0.8339628614064675,
        "a0": -9008178145.648317,
        "a1_stdev": 5246895811997354.0,
        "b1_stdev": 0.49804923617410096,
        "a2_stdev": 3422794983128.529,
        "b2_stdev": 0.04635091490795647,
        "a0_stdev": 10132593221.94681,
        "start_index": 25,
        "end_index": 264,
        "t_hot": 1.1990941638738122,
        "n_hot": 19431653271855.945,
        "t_hot_stdev": 0.06664458830050157,
        "n_hot_stdev": 3422794983128.529,
        "mswe": 6.8903132637443736e+19,
        "mse": 7.172987220294883e+20
    },
    "1nlsq": null,
    "true_params": {
        "t_hot": 1.2014,
        "t_hot_stdev": 0.0545
    },
    "histogram": {
        "i": 1e+17,
        "l": 0.01,
        "a": 0.0,
        "filename": "hist_1e17_001_0"
    }
}