{
    "3exp": {
        "a1": 2.658621050134838e+16,
        "b1": -0.041974345390735454,
        "a2": 4110424462440256.0,
        "b2": -0.011143333444872632,
        "a3": 930212659870240.1,
        "b3": -0.004273763204704673,
        "t_hot": 233.9858228221847,
        "n_hot": 930212659870240.1,
        "start_index": 0,
        "end_index": 456,
        "a1_stdev": 1.526409720072776e+20,
        "b1_stdev": 118.61275217472385,
        "a2_stdev": 1.2234970974838639e+19,
        "b2_stdev": 23.13686630760487,
        "a3_stdev": 3.138975869837201e+18,
        "b3_stdev": 3.826253536212791,
        "t_hot_stdev": 209484.95251479672,
        "n_hot_stdev": 3.138975869837201e+18
    },
    "2exp": null,
    "2nlsq": null,
    "1nlsq": null,
    "true_params": {
        "t_hot": 230.8242,
        "t_hot_stdev": 3.0336
    },
    "histogram": {
        "i": 1e+19,
        "l": 0.1,
        "a": 45.0,
        "filename": "hist_1e19_010_45"
    }
}