{
    "3exp": {
        "a1": 3880169600995128.0,
        "b1": -0.9704205539991928,
        "a2": 180537980695958.84,
        "b2": -0.24853789808879556,
        "a3": 9543737399713.617,
        "b3": -0.06539224496684386,
        "t_hot": 15.292333219436568,
        "n_hot": 9543737399713.617,
        "start_index": 0,
        "end_index": 113,
        "a1_stdev": 1.5793796753091393e+21,
        "b1_stdev": 100165.01776757032,
        "a2_stdev": 2.2154704707473887e+19,
        "b2_stdev": 21635.045407981073,
        "a3_stdev": 4.764211895111983e+18,
        "b3_stdev": 16901.730285317863,
        "t_hot_stdev": 3952561.831134183,
        "n_hot_stdev": 4.764211895111983e+18
    },
    "2exp": null,
    "2nlsq": null,
    "1nlsq": null,
    "true_params": {
        "t_hot": 11.2066,
        "t_hot_stdev": 0.7525
    },
    "histogram": {
        "i": 1e+18,
        "l": 0.01,
        "a": 0.0,
        "filename": "hist_1e18_001_0"
    }
}