{
    "3exp": {
        "a1": 745919891230052.4,
        "b1": -0.09723262846177479,
        "a2": 75286232034236.19,
        "b2": -0.014528612774997661,
        "a3": 5918138724154.498,
        "b3": -0.005074740835885451,
        "t_hot": 197.0543979169565,
        "n_hot": 5918138724154.498,
        "start_index": 0,
        "end_index": 826,
        "a1_stdev": 6.699106548447209e+17,
        "b1_stdev": 33.95416180307635,
        "a2_stdev": 1.2858145117285134e+16,
        "b2_stdev": 2.440350584286971,
        "a3_stdev": 4995517594189864.0,
        "b3_stdev": 1.2561716895266035,
        "t_hot_stdev": 48777.69406657801,
        "n_hot_stdev": 4995517594189864.0
    },
    "2exp": null,
    "2nlsq": null,
    "1nlsq": null,
    "true_params": {
        "t_hot": 204.8367,
        "t_hot_stdev": 22.0574
    },
    "histogram": {
        "i": 1e+18,
        "l": 1.0,
        "a": 5.0,
        "filename": "hist_1e18_100_5"
    }
}