{
    "3exp": {
        "a1": 7.294311102740496e+16,
        "b1": -0.12920295296653178,
        "a2": 5940417430672542.0,
        "b2": -0.03960960071067554,
        "a3": 1073774366283548.6,
        "b3": -0.012411322171834967,
        "t_hot": 80.57159311111121,
        "n_hot": 1073774366283548.6,
        "start_index": 0,
        "end_index": 465,
        "a1_stdev": 4.317808514048092e+20,
        "b1_stdev": 277.98569010353754,
        "a2_stdev": 2.2022555453810504e+19,
        "b2_stdev": 62.053824145024954,
        "a3_stdev": 1.4218342574367777e+18,
        "b3_stdev": 4.734514534460925,
        "t_hot_stdev": 30735.43441768777,
        "n_hot_stdev": 1.4218342574367777e+18
    },
    "2exp": null,
    "2nlsq": null,
    "1nlsq": null,
    "true_params": {
        "t_hot": 90.4765,
        "t_hot_stdev": 2.4304
    },
    "histogram": {
        "i": 1e+19,
        "l": 0.05,
        "a": 60.0,
        "filename": "hist_1e19_005_60"
    }
}