{
    "3exp": {
        "a1": 4061227726347834.0,
        "b1": -0.020951737033818786,
        "a2": 595921584623838.4,
        "b2": -0.0023302999353355127,
        "a3": 303344550265.1077,
        "b3": 0.0003743586814491904,
        "t_hot": 429.12930856517477,
        "n_hot": 595921584623838.4,
        "start_index": 0,
        "end_index": 629,
        "a1_stdev": 8.211399401004305e+18,
        "b1_stdev": 15.976905267726972,
        "a2_stdev": 1.1126057952609941e+17,
        "b2_stdev": 0.2804883332395966,
        "a3_stdev": 3031511554868432.0,
        "b3_stdev": 3.0652589891463404,
        "t_hot_stdev": 51652.47729639419,
        "n_hot_stdev": 1.1126057952609941e+17
    },
    "2exp": null,
    "2nlsq": null,
    "1nlsq": null,
    "true_params": {
        "t_hot": 623.9831,
        "t_hot_stdev": 12.125
    },
    "histogram": {
        "i": 1e+19,
        "l": 0.6,
        "a": 15.0,
        "filename": "hist_1e19_060_15"
    }
}