{
    "3exp": {
        "a1": 233014294098306.38,
        "b1": -0.0817660346314054,
        "a2": 64772689637296.93,
        "b2": -0.01904470727683004,
        "a3": 8402552131551.736,
        "b3": -0.005825728112865668,
        "t_hot": 171.65236355462207,
        "n_hot": 8402552131551.736,
        "start_index": 0,
        "end_index": 642,
        "critical_energy": 43.752316354500834,
        "mse": 64736437.81025786
    },
    "2exp": {
        "a1": 71615280201369.44,
        "b1": -0.02101496956448401,
        "a2": 10586847690005.611,
        "b2": -0.0063669346756068945,
        "a1_stdev": 496795881620.9791,
        "b1_stdev": 0.00037096801264885495,
        "a2_stdev": 98723988995.27411,
        "b2_stdev": 0.0007450786513256414,
        "t_hot": 157.06145122412147,
        "n_hot": 10586847690005.611,
        "t_hot_stdev": 18.37982329262108,
        "n_hot_stdev": 98723988995.27411,
        "start_index": 48,
        "end_index": 642,
        "mse": 59765988.41987042
    },
    "nlsq": {
        "a1": 65751009379107.61,
        "b1": -0.018153895804080184,
        "a2": 6152215679646.019,
        "b2": -0.004594152775206914,
        "a0": -202327197979.4021,
        "a1_stdev": 2029740930705.8628,
        "b1_stdev": 0.0006447805147908001,
        "a2_stdev": 918683242279.6448,
        "b2_stdev": 0.0004947514794432383,
        "a0_stdev": 86565655.10019463,
        "start_index": 48,
        "end_index": 642,
        "t_hot": 217.66798992768832,
        "n_hot": 6152215679646.019,
        "t_hot_stdev": 23.4410054069892,
        "n_hot_stdev": 918683242279.6448,
        "mse": 52244249.06838915
    },
    "true_params": {
        "t_hot": 170.0001,
        "t_hot_stdev": 7.5737
    },
    "histogram": {
        "i": 1e+18,
        "l": 5.0,
        "a": 30.0,
        "filename": "hist_1e18_500_30"
    }
}