{
    "3exp": {
        "a1": 4.805158618170624e+16,
        "b1": -0.07784481248867181,
        "a2": 3690104225205793.5,
        "b2": -0.02390380300256532,
        "a3": 1101160738222700.0,
        "b3": -0.009432881117179673,
        "t_hot": 106.01214915968208,
        "n_hot": 1101160738222700.0,
        "start_index": 0,
        "end_index": 478,
        "a1_stdev": 1.4590810057973727e+20,
        "b1_stdev": 106.09928306116781,
        "a2_stdev": 1.2161045464454474e+19,
        "b2_stdev": 41.606401462418866,
        "a3_stdev": 1.8942654348261297e+18,
        "b3_stdev": 3.8797475716581507,
        "t_hot_stdev": 43602.837050437935,
        "n_hot_stdev": 1.8942654348261297e+18,
        "critical_energy": 47.581987571653585,
        "mswe": 5.470432150050167e+17,
        "mse": 1.6253459670892961e+22
    },
    "2exp": {
        "a0": 724951881715.1124,
        "a1": 7556164056241563.0,
        "b1": -0.03353480066561453,
        "a2": 1474564473580162.5,
        "b2": -0.010291406759613776,
        "a0_stdev": 1973150344527088.2,
        "a1_stdev": 6.350659602281731e+19,
        "b1_stdev": 98.11063471781598,
        "a2_stdev": 2.4168829199814574e+18,
        "b2_stdev": 4.910543722007407,
        "t_hot": 97.16844580706562,
        "n_hot": 1474564473580162.5,
        "t_hot_stdev": 46363.91434916036,
        "n_hot_stdev": 2.4168829199814574e+18,
        "start_index": 31,
        "end_index": 478,
        "mswe": 1.0038790482891427e+18,
        "mse": 2.614436312540883e+19
    },
    "2nlsq": {
        "a1": 5917232986527771.0,
        "b1": -0.029823848362615604,
        "a2": 1318816518279531.0,
        "b2": -0.009913886398162992,
        "a0": 1697642357.5967689,
        "a1_stdev": 730377975277905.4,
        "b1_stdev": 0.0015114772272527808,
        "a2_stdev": 49163264870010.55,
        "b2_stdev": 0.0001041515046868924,
        "a0_stdev": 40871893960.86778,
        "start_index": 31,
        "end_index": 478,
        "t_hot": 100.86861598346502,
        "n_hot": 1318816518279531.0,
        "t_hot_stdev": 1.059687160860433,
        "n_hot_stdev": 49163264870010.55,
        "mswe": 5.1938669625414803e+17,
        "mse": 2.72502775773897e+19
    },
    "1nlsq": null,
    "true_params": {
        "t_hot": 113.9101,
        "t_hot_stdev": 2.4051
    },
    "histogram": {
        "i": 1e+19,
        "l": 0.01,
        "a": 50.0,
        "filename": "hist_1e19_001_50"
    }
}