{
    "3exp": {
        "a1": 1947975500617732.0,
        "b1": -0.02002288386691356,
        "a2": 233450455517267.94,
        "b2": -0.006564369395604583,
        "a3": 64981273739156.586,
        "b3": -0.003023935190293495,
        "t_hot": 330.69491806897577,
        "n_hot": 64981273739156.586,
        "start_index": 0,
        "end_index": 522,
        "a1_stdev": 1.221738540637939e+18,
        "b1_stdev": 13.577479580799109,
        "a2_stdev": 5.035830356349904e+17,
        "b2_stdev": 11.21945587443432,
        "a3_stdev": 2.1592014791863114e+17,
        "b3_stdev": 2.1775819274432373,
        "t_hot_stdev": 238138.46255561823,
        "n_hot_stdev": 2.1592014791863114e+17
    },
    "2exp": null,
    "2nlsq": null,
    "1nlsq": null,
    "true_params": {
        "t_hot": 313.7168,
        "t_hot_stdev": 19.0078
    },
    "histogram": {
        "i": 1e+19,
        "l": 0.2,
        "a": 0.0,
        "filename": "hist_1e19_020_0"
    }
}