{
    "3exp": {
        "a1": 1270420542932199.5,
        "b1": -0.21296106461636688,
        "a2": 130830588074602.52,
        "b2": -0.07195318679212888,
        "a3": 29293999343408.93,
        "b3": -0.017214027533681772,
        "t_hot": 58.09215757575345,
        "n_hot": 29293999343408.93,
        "start_index": 0,
        "end_index": 595,
        "a1_stdev": 4.963957170824758e+18,
        "b1_stdev": 560.6389535324854,
        "a2_stdev": 1.1203332754923564e+18,
        "b2_stdev": 241.92730752283836,
        "a3_stdev": 3.73923405479473e+16,
        "b3_stdev": 6.7853023517319455,
        "t_hot_stdev": 22898.351512723304,
        "n_hot_stdev": 3.73923405479473e+16,
        "critical_energy": 16.12108507990445,
        "mswe": 5.727716943064411e+17,
        "mse": 4.1490079714408504e+20
    },
    "2exp": {
        "a0": -206612354716.18497,
        "a1": 166599363226670.7,
        "b1": -0.07261252152931824,
        "a2": 25732340610871.664,
        "b2": -0.0156830473256365,
        "a0_stdev": 548109027613336.5,
        "a1_stdev": 5.0943043844065926e+17,
        "b1_stdev": 108.91962914400482,
        "a2_stdev": 3.2296632068802916e+16,
        "b2_stdev": 10.09815348564049,
        "t_hot": 63.7631181769972,
        "n_hot": 25732340610871.664,
        "t_hot_stdev": 41056.418482000496,
        "n_hot_stdev": 3.2296632068802916e+16,
        "start_index": 38,
        "end_index": 595,
        "mswe": 1.9742645648938774e+17,
        "mse": 3.4694280451135954e+18
    },
    "2nlsq": {
        "a1": 170284978141797.72,
        "b1": -0.07404908853988437,
        "a2": 26699779040548.945,
        "b2": -0.01607084804529891,
        "a0": -258147047492.1548,
        "a1_stdev": 20577427489147.06,
        "b1_stdev": 0.0043085392342614385,
        "a2_stdev": 1247600306177.273,
        "b2_stdev": 0.00037795108249920095,
        "a0_stdev": 19305966167.70515,
        "start_index": 38,
        "end_index": 595,
        "t_hot": 62.224469871241354,
        "n_hot": 26699779040548.945,
        "t_hot_stdev": 1.4633829950656574,
        "n_hot_stdev": 1247600306177.273,
        "mswe": 1.3282421852808648e+17,
        "mse": 3.53824394180796e+18
    },
    "1nlsq": null,
    "true_params": {
        "t_hot": 57.6938,
        "t_hot_stdev": 1.1217
    },
    "histogram": {
        "i": 1e+18,
        "l": 0.5,
        "a": 50.0,
        "filename": "hist_1e18_050_50"
    }
}