{
    "3exp": {
        "a1": 7615266791259809.0,
        "b1": -1.1400101867229169,
        "a2": 196158177172977.0,
        "b2": -0.24734121238986467,
        "a3": 15232833857720.033,
        "b3": -0.08517098740021048,
        "t_hot": 11.741087317692982,
        "n_hot": 15232833857720.033,
        "start_index": 0,
        "end_index": 268,
        "critical_energy": 5.8913785943012895,
        "mse": 6261473086.884528
    },
    "2exp": {
        "a1": 211915140575492.6,
        "b1": -0.2576272068591575,
        "a2": 16971728119279.287,
        "b2": -0.08812266507370937,
        "a1_stdev": 5595715187535.91,
        "b1_stdev": 0.02277110817276044,
        "a2_stdev": 537352495439.10785,
        "b2_stdev": 0.04220141394017381,
        "t_hot": 11.347818397951984,
        "n_hot": 16971728119279.287,
        "t_hot_stdev": 5.4344019342733825,
        "n_hot_stdev": 537352495439.10785,
        "start_index": 32,
        "end_index": 268,
        "mse": 6487664375.433747
    },
    "nlsq": {
        "a1": 1815891635709451.2,
        "b1": -0.5386335530815097,
        "a2": 64115970895408.87,
        "b2": -0.13672459406534113,
        "a0": 0.0,
        "a1_stdev": Infinity,
        "b1_stdev": Infinity,
        "a2_stdev": Infinity,
        "b2_stdev": Infinity,
        "a0_stdev": Infinity,
        "start_index": 32,
        "end_index": 268,
        "t_hot": 7.313973077309681,
        "n_hot": 64115970895408.87,
        "t_hot_stdev": Infinity,
        "n_hot_stdev": Infinity,
        "mse": 2829203128.1220484
    },
    "true_params": {
        "t_hot": 9.1726,
        "t_hot_stdev": 0.3264
    },
    "histogram": {
        "i": 1e+18,
        "l": 0.02,
        "a": 0.0,
        "filename": "hist_1e18_002_0"
    }
}