{
    "3exp": {
        "a1": 185261275300563.56,
        "b1": -0.03537444498022395,
        "a2": 154401402106160.56,
        "b2": -0.012326628913391261,
        "a3": 45216121415292.516,
        "b3": -0.004637934555437747,
        "t_hot": 215.61321921361522,
        "n_hot": 45216121415292.516,
        "start_index": 0,
        "end_index": 559,
        "critical_energy": 45.8839802055032,
        "mse": 29587565.648174357
    },
    "2exp": {
        "a1": 180827342279125.66,
        "b1": -0.012915498228978728,
        "a2": 44742830786760.61,
        "b2": -0.004632190871030751,
        "a1_stdev": 977285383836.2646,
        "b1_stdev": 0.0001949806243000048,
        "a2_stdev": 259244531984.57794,
        "b2_stdev": 0.00036059133753085944,
        "t_hot": 215.88056879389362,
        "n_hot": 44742830786760.61,
        "t_hot_stdev": 16.805150136438765,
        "n_hot_stdev": 259244531984.57794,
        "start_index": 26,
        "end_index": 559,
        "mse": 28574616.247722834
    },
    "nlsq": {
        "a1": 185123716975742.7,
        "b1": -0.013608837661728384,
        "a2": 49860561376626.62,
        "b2": -0.004810490601406179,
        "a0": -13046427393.607521,
        "a1_stdev": 4938637137236.756,
        "b1_stdev": 0.00042427554430623593,
        "a2_stdev": 2887189659328.395,
        "b2_stdev": 9.96945503686122e-05,
        "a0_stdev": 13539029.012082756,
        "start_index": 26,
        "end_index": 559,
        "t_hot": 207.8790050452827,
        "n_hot": 49860561376626.62,
        "t_hot_stdev": 4.308168471009146,
        "n_hot_stdev": 2887189659328.395,
        "mse": 26770593.2966472
    },
    "true_params": {
        "t_hot": 202.2083,
        "t_hot_stdev": 3.4866
    },
    "histogram": {
        "i": 1e+18,
        "l": 5.0,
        "a": 10.0,
        "filename": "hist_1e18_500_10"
    }
}