{
    "3exp": {
        "a1": 1472189775427553.8,
        "b1": -0.44207974378317694,
        "a2": 131386957222460.2,
        "b2": -0.13218600854939383,
        "a3": 23662278415671.15,
        "b3": -0.04967523492620613,
        "t_hot": 20.130755324771513,
        "n_hot": 23662278415671.15,
        "start_index": 0,
        "end_index": 355,
        "a1_stdev": 2.0496329375853425e+19,
        "b1_stdev": 2166.0022463172586,
        "a2_stdev": 9.028045641970676e+17,
        "b2_stdev": 422.7426938923214,
        "a3_stdev": 9.360036736487234e+16,
        "b3_stdev": 45.25526122303395,
        "t_hot_stdev": 18339.572871529737,
        "n_hot_stdev": 9.360036736487234e+16,
        "critical_energy": 7.797380517096604,
        "mswe": 6.582867784236517e+17,
        "mse": 5.465346514122557e+20
    },
    "2exp": {
        "a0": 21859002504.25796,
        "a1": 158342255944626.88,
        "b1": -0.14621213282170645,
        "a2": 27982054963384.4,
        "b2": -0.0525380446680567,
        "a0_stdev": 307683281831211.75,
        "a1_stdev": 1.1685209187913843e+18,
        "b1_stdev": 558.3746602814065,
        "a2_stdev": 1.5420148570153517e+17,
        "b2_stdev": 82.51510702891859,
        "t_hot": 19.033825988731614,
        "n_hot": 27982054963384.4,
        "t_hot_stdev": 29894.111944080745,
        "n_hot_stdev": 1.5420148570153517e+17,
        "start_index": 25,
        "end_index": 355,
        "mswe": 7.109264237463132e+17,
        "mse": 1.509973360103333e+19
    },
    "2nlsq": {
        "a1": 358542275759710.4,
        "b1": -0.22672290757680816,
        "a2": 52356901109094.73,
        "b2": -0.06522078146725092,
        "a0": -7646899854.297761,
        "a1_stdev": 306554650724736.0,
        "b1_stdev": 0.05470283632810801,
        "a2_stdev": 5608667387760.843,
        "b2_stdev": 0.002071259925257612,
        "a0_stdev": 6448461365.258744,
        "start_index": 25,
        "end_index": 355,
        "t_hot": 15.332536309797613,
        "n_hot": 52356901109094.73,
        "t_hot_stdev": 0.4869255978937847,
        "n_hot_stdev": 5608667387760.843,
        "mswe": 3.712467934154306e+17,
        "mse": 1.576824696863235e+19
    },
    "1nlsq": null,
    "true_params": {
        "t_hot": 16.6598,
        "t_hot_stdev": 0.5216
    },
    "histogram": {
        "i": 1e+18,
        "l": 0.05,
        "a": 2.0,
        "filename": "hist_1e18_005_2"
    }
}