{
    "3exp": {
        "a1": 2598706442632839.5,
        "b1": -0.07313208586937427,
        "a2": 409785110257742.4,
        "b2": -0.011911271312236228,
        "a3": -309699829815.46735,
        "b3": 0.0011063615134106412,
        "t_hot": 83.95409472141891,
        "n_hot": 409785110257742.4,
        "start_index": 0,
        "end_index": 522,
        "a1_stdev": 2.1872673609581594e+18,
        "b1_stdev": 33.71641395354251,
        "a2_stdev": 1.2688761657932688e+17,
        "b2_stdev": 2.3240152445931552,
        "a3_stdev": 5074485025588949.0,
        "b3_stdev": 28.1380525992193,
        "t_hot_stdev": 16380.333455939486,
        "n_hot_stdev": 1.2688761657932688e+17,
        "critical_energy": 30.17170206776617,
        "mswe": 1.7678754702346006e+17,
        "mse": 1.4401208421377845e+19
    },
    "2exp": {
        "a0": -819534408043.7622,
        "a1": 1110564813574160.8,
        "b1": -0.05267685893104833,
        "a2": 377950181830571.25,
        "b2": -0.011452623624181535,
        "a0_stdev": 698781548924653.4,
        "a1_stdev": 1.043190869623989e+19,
        "b1_stdev": 165.6714484458375,
        "a2_stdev": 2.078350058365377e+17,
        "b2_stdev": 2.444753236336557,
        "t_hot": 87.31623711867728,
        "n_hot": 377950181830571.25,
        "t_hot_stdev": 18639.104914780775,
        "n_hot_stdev": 2.078350058365377e+17,
        "start_index": 33,
        "end_index": 522,
        "mswe": 2.635123778611019e+17,
        "mse": 1.1453030815323437e+19
    },
    "2nlsq": {
        "a1": 3576406158702663.0,
        "b1": -0.07757566060298692,
        "a2": 420443342415182.06,
        "b2": -0.012115824318367005,
        "a0": -489836430945.02985,
        "a1_stdev": 2435940041417956.5,
        "b1_stdev": 0.01157962837782099,
        "a2_stdev": 5880187764921.082,
        "b2_stdev": 7.193106373754806e-05,
        "a0_stdev": 19172519167.11382,
        "start_index": 33,
        "end_index": 522,
        "t_hot": 82.53668704027412,
        "n_hot": 420443342415182.06,
        "t_hot_stdev": 0.49001632412083446,
        "n_hot_stdev": 5880187764921.082,
        "mswe": 1.5754186397307658e+17,
        "mse": 1.3101666611592028e+19
    },
    "1nlsq": null,
    "true_params": {
        "t_hot": 85.6968,
        "t_hot_stdev": 0.6431
    },
    "histogram": {
        "i": 1e+18,
        "l": 0.1,
        "a": 30.0,
        "filename": "hist_1e18_010_30"
    }
}