{
    "3exp": {
        "a1": 452986288888663.6,
        "b1": -0.10584088669266406,
        "a2": 56384288026636.65,
        "b2": -0.01651611393056797,
        "a3": 2098319139860.8635,
        "b3": -0.004386479460208767,
        "t_hot": 227.97325487816295,
        "n_hot": 2098319139860.8635,
        "start_index": 0,
        "end_index": 734,
        "a1_stdev": 8.033082338293185e+17,
        "b1_stdev": 91.04772838903422,
        "a2_stdev": 3.0898088726465956e+16,
        "b2_stdev": 7.976988486905111,
        "a3_stdev": 7546476490595345.0,
        "b3_stdev": 6.332809095740278,
        "t_hot_stdev": 329127.5190444494,
        "n_hot_stdev": 7546476490595345.0,
        "critical_energy": 23.326914299748605,
        "mswe": 6.581696649052132e+16,
        "mse": 1.9257309517452687e+18
    },
    "2exp": {
        "a0": -43193783194.63538,
        "a1": 62264944618879.85,
        "b1": -0.01888111740074594,
        "a2": 5300877840626.825,
        "b2": -0.006207303236959092,
        "a0_stdev": 477733823810683.2,
        "a1_stdev": 2.0118211337934852e+16,
        "b1_stdev": 10.80151269440477,
        "a2_stdev": 2.2556760707793764e+16,
        "b2_stdev": 12.765914109766547,
        "t_hot": 161.10055555943677,
        "n_hot": 5300877840626.825,
        "t_hot_stdev": 331318.7348512642,
        "n_hot_stdev": 2.2556760707793764e+16,
        "start_index": 32,
        "end_index": 734,
        "mswe": 3.17351539258397e+16,
        "mse": 5.791077138412614e+17
    },
    "2nlsq": {
        "a1": 62161269722478.74,
        "b1": -0.018030307616664562,
        "a2": 3600084092533.3604,
        "b2": -0.005062169254759367,
        "a0": -165779952723.92484,
        "a1_stdev": 1097337690125.7734,
        "b1_stdev": 0.000528670665229827,
        "a2_stdev": 960474473025.7784,
        "b2_stdev": 0.0008635427427989312,
        "a0_stdev": 46287897423.05018,
        "start_index": 32,
        "end_index": 734,
        "t_hot": 197.54377020480234,
        "n_hot": 3600084092533.3604,
        "t_hot_stdev": 33.69849575557223,
        "n_hot_stdev": 960474473025.7784,
        "mswe": 1.6513711456923666e+16,
        "mse": 6.032997679738866e+17
    },
    "1nlsq": null,
    "true_params": {
        "t_hot": 147.6695,
        "t_hot_stdev": 8.5192
    },
    "histogram": {
        "i": 1e+18,
        "l": 0.5,
        "a": 0.0,
        "filename": "hist_1e18_050_0"
    }
}