{
    "3exp": {
        "a1": 1468910258024882.0,
        "b1": -0.007480929318473402,
        "a2": 445390220006409.56,
        "b2": -0.0015930101570456295,
        "a3": 22075466821045.043,
        "b3": -0.0008858995692846565,
        "t_hot": 1128.796123930252,
        "n_hot": 22075466821045.043,
        "start_index": 0,
        "end_index": 774,
        "critical_energy": 636.5110318100792,
        "mse": 24252234.83025509
    },
    "2exp": {
        "a1": 449198672581483.0,
        "b1": -0.002313815369691822,
        "a2": 208153598750833.03,
        "b2": -0.0012521001253089155,
        "a1_stdev": 5440103913583.21,
        "b1_stdev": 0.0002424391448450973,
        "a2_stdev": 1662588389804.9768,
        "b2_stdev": 0.00034445231192154526,
        "t_hot": 798.6581742041453,
        "n_hot": 208153598750833.03,
        "t_hot_stdev": 219.71058781883443,
        "n_hot_stdev": 1662588389804.9768,
        "start_index": 89,
        "end_index": 774,
        "mse": 18914425.273798842
    },
    "nlsq": {
        "a1": 692220610646729.4,
        "b1": -0.0036152686550413576,
        "a2": 336088527828591.25,
        "b2": -0.001376631992786316,
        "a0": -86741730573.1292,
        "a1_stdev": 105197796306201.45,
        "b1_stdev": 0.00023376898625964077,
        "a2_stdev": 9870845470380.652,
        "b2_stdev": 1.008565704186415e-05,
        "a0_stdev": 996745.2481090544,
        "start_index": 89,
        "end_index": 774,
        "t_hot": 726.4105478007893,
        "n_hot": 336088527828591.25,
        "t_hot_stdev": 5.32192168647982,
        "n_hot_stdev": 9870845470380.652,
        "mse": 6683057.590080278
    },
    "true_params": {
        "t_hot": 739.8149,
        "t_hot_stdev": 3.4586
    },
    "histogram": {
        "i": 1e+19,
        "l": 5.0,
        "a": 1.0,
        "filename": "hist_1e19_500_1"
    }
}