{
    "3exp": {
        "a1": 3538041597313555.5,
        "b1": -0.02809362497776261,
        "a2": 1129084070072490.2,
        "b2": -0.004213884230728751,
        "a3": 20351558943178.28,
        "b3": -0.0014421013957978059,
        "t_hot": 693.4325165442167,
        "n_hot": 20351558943178.28,
        "start_index": 0,
        "end_index": 579,
        "a1_stdev": 1.0977738716076216e+19,
        "b1_stdev": 34.12949158681704,
        "a2_stdev": 2.1346292131989635e+17,
        "b2_stdev": 0.7648774724790229,
        "a3_stdev": 7.903188097962562e+16,
        "b3_stdev": 1.7528142809277643,
        "t_hot_stdev": 842838.3894503893,
        "n_hot_stdev": 7.903188097962562e+16
    },
    "2exp": null,
    "2nlsq": null,
    "1nlsq": null,
    "true_params": {
        "t_hot": 317.3464,
        "t_hot_stdev": 3.6918
    },
    "histogram": {
        "i": 1e+19,
        "l": 1.0,
        "a": 45.0,
        "filename": "hist_1e19_100_45"
    }
}