{
    "3exp": {
        "a1": 1734527931637923.0,
        "b1": -0.3763083320425736,
        "a2": 204793252729983.9,
        "b2": -0.1355308539005331,
        "a3": 73160344451777.11,
        "b3": -0.034297974156199215,
        "t_hot": 29.156240990964015,
        "n_hot": 73160344451777.11,
        "start_index": 0,
        "end_index": 375,
        "a1_stdev": 5.805155094376546e+19,
        "b1_stdev": 8075.562694329146,
        "a2_stdev": 1.3450324436915673e+19,
        "b2_stdev": 3519.209383767751,
        "a3_stdev": 6.096638058881393e+17,
        "b3_stdev": 107.32451508738728,
        "t_hot_stdev": 91235.10945210246,
        "n_hot_stdev": 6.096638058881393e+17
    },
    "2exp": null,
    "2nlsq": null,
    "1nlsq": null,
    "true_params": {
        "t_hot": 28.0532,
        "t_hot_stdev": 0.4074
    },
    "histogram": {
        "i": 1e+17,
        "l": 0.1,
        "a": 45.0,
        "filename": "hist_1e17_010_45"
    }
}