{
    "3exp": {
        "a1": 1.0653988921914526e+16,
        "b1": -0.0547289754604398,
        "a2": 3443304115542058.5,
        "b2": -0.019499185096933686,
        "a3": 712147906321995.1,
        "b3": -0.006671193117307687,
        "t_hot": 149.8982239632081,
        "n_hot": 712147906321995.1,
        "start_index": 0,
        "end_index": 355,
        "a1_stdev": 2.940512353842831e+20,
        "b1_stdev": 703.9894100013953,
        "a2_stdev": 3.494831069456528e+19,
        "b2_stdev": 76.59576355883524,
        "a3_stdev": 2.1323130895005816e+18,
        "b3_stdev": 5.183830603069657,
        "t_hot_stdev": 116477.96534480517,
        "n_hot_stdev": 2.1323130895005816e+18,
        "critical_energy": 32.06101563276241,
        "mswe": 1.3191420460151555e+18,
        "mse": 6.47621547327795e+21
    },
    "2exp": {
        "a0": -130874236128.89804,
        "a1": 3806009072731854.0,
        "b1": -0.019707678362826095,
        "a2": 681489001723798.6,
        "b2": -0.006567397151154631,
        "a0_stdev": 7679551708710711.0,
        "a1_stdev": 2.739589876462038e+19,
        "b1_stdev": 68.15697838492557,
        "a2_stdev": 2.8254659011932196e+18,
        "b2_stdev": 8.538381919109172,
        "t_hot": 152.267325545279,
        "n_hot": 681489001723798.6,
        "t_hot_stdev": 197965.27442814133,
        "n_hot_stdev": 2.8254659011932196e+18,
        "start_index": 25,
        "end_index": 355,
        "mswe": 1.300686082161964e+18,
        "mse": 1.3213551503175756e+19
    },
    "2nlsq": {
        "a1": 4730770461418254.0,
        "b1": -0.0223644762010476,
        "a2": 817229130650087.0,
        "b2": -0.006988127984243366,
        "a0": -182645273197.33667,
        "a1_stdev": 831625943001423.1,
        "b1_stdev": 0.001563790515841996,
        "a2_stdev": 49015592836704.734,
        "b2_stdev": 0.00013228249447178457,
        "a0_stdev": 115460720648.43477,
        "start_index": 25,
        "end_index": 355,
        "t_hot": 143.09984050875596,
        "n_hot": 817229130650087.0,
        "t_hot_stdev": 2.708823293404858,
        "n_hot_stdev": 49015592836704.734,
        "mswe": 1.1297316230069029e+18,
        "mse": 1.3724294961248535e+19
    },
    "1nlsq": null,
    "true_params": {
        "t_hot": 171.5095,
        "t_hot_stdev": 10.6995
    },
    "histogram": {
        "i": 1e+19,
        "l": 0.02,
        "a": 30.0,
        "filename": "hist_1e19_002_30"
    }
}