{
    "3exp": {
        "a1": 8880335701162062.0,
        "b1": -1.2912161012680576,
        "a2": 584262550654978.2,
        "b2": -0.49604097761945487,
        "a3": 5141686290160.798,
        "b3": -0.10371343887705875,
        "t_hot": 9.641952005712525,
        "n_hot": 5141686290160.798,
        "start_index": 0,
        "end_index": 314,
        "critical_energy": 6.277218382625613,
        "mse": 1186420709.8318315
    },
    "2exp": {
        "a1": 229726876589026.88,
        "b1": -0.40002066197326475,
        "a2": 3474452341424.567,
        "b2": -0.09051021368173234,
        "a1_stdev": 3296176472986.5166,
        "b1_stdev": 0.009217499565200819,
        "a2_stdev": 79492041201.57942,
        "b2_stdev": 0.02237386579047486,
        "t_hot": 11.048476843910377,
        "n_hot": 3474452341424.567,
        "t_hot_stdev": 2.7311518561215347,
        "n_hot_stdev": 79492041201.57942,
        "start_index": 46,
        "end_index": 314,
        "mse": 1499172736.3686993
    },
    "nlsq": {
        "a1": 670613330980542.5,
        "b1": -0.5323633817250528,
        "a2": 9236450789113.18,
        "b2": -0.13419027127564997,
        "a0": 0.0,
        "a1_stdev": Infinity,
        "b1_stdev": Infinity,
        "a2_stdev": Infinity,
        "b2_stdev": Infinity,
        "a0_stdev": Infinity,
        "start_index": 46,
        "end_index": 314,
        "t_hot": 7.452105063159366,
        "n_hot": 9236450789113.18,
        "t_hot_stdev": Infinity,
        "n_hot_stdev": Infinity,
        "mse": 936699979.8115622
    },
    "true_params": {
        "t_hot": 9.1261,
        "t_hot_stdev": 0.5051
    },
    "histogram": {
        "i": 1e+17,
        "l": 1.0,
        "a": 2.0,
        "filename": "hist_1e17_100_2"
    }
}