{
    "3exp": {
        "a1": 6077799141959607.0,
        "b1": -0.16528885213223676,
        "a2": 358292027388743.7,
        "b2": -0.05608222936337421,
        "a3": 389289630201674.56,
        "b3": -0.029517209585016926,
        "t_hot": 33.87854116493467,
        "n_hot": 389289630201674.56,
        "start_index": 0,
        "end_index": 397,
        "critical_energy": 25.923789982447545,
        "mse": 1946264506.8681881
    },
    "2exp": {
        "a1": 674912804601462.0,
        "b1": -0.0763081196548146,
        "a2": 439250215991725.2,
        "b2": -0.030460526253645197,
        "a1_stdev": 26396956945617.746,
        "b1_stdev": 0.00933426834395044,
        "a2_stdev": 2782603226971.1733,
        "b2_stdev": 0.017500551758115428,
        "t_hot": 32.82937371708509,
        "n_hot": 439250215991725.2,
        "t_hot_stdev": 18.861530793599073,
        "n_hot_stdev": 2782603226971.1733,
        "start_index": 52,
        "end_index": 397,
        "mse": 1703067260.1054235
    },
    "nlsq": {
        "a1": 1.2895025251765215e+18,
        "b1": -0.2927767608032059,
        "a2": 584994166224286.0,
        "b2": -0.033436781286123415,
        "a0": 0.0,
        "a1_stdev": Infinity,
        "b1_stdev": Infinity,
        "a2_stdev": Infinity,
        "b2_stdev": Infinity,
        "a0_stdev": Infinity,
        "start_index": 52,
        "end_index": 397,
        "t_hot": 29.907184888487144,
        "n_hot": 584994166224286.0,
        "t_hot_stdev": Infinity,
        "n_hot_stdev": Infinity,
        "mse": 1122479113.6271386
    },
    "true_params": {
        "t_hot": 32.2465,
        "t_hot_stdev": 0.3268
    },
    "histogram": {
        "i": 1e+18,
        "l": 0.02,
        "a": 45.0,
        "filename": "hist_1e18_002_45"
    }
}