{
    "3exp": {
        "a1": 5460705773890003.0,
        "b1": -0.23135609244133284,
        "a2": 484712031673562.0,
        "b2": -0.041413955446503566,
        "a3": -31863013648.68751,
        "b3": 0.009542976852988579,
        "t_hot": 24.146449891552837,
        "n_hot": 484712031673562.0,
        "start_index": 0,
        "end_index": 627,
        "a1_stdev": 3.5220171097784796e+18,
        "b1_stdev": 71.75890592909072,
        "a2_stdev": 1.4629512374183997e+17,
        "b2_stdev": 5.777691287812038,
        "a3_stdev": 574578158188932.1,
        "b3_stdev": 88.09333717924989,
        "t_hot_stdev": 3368.6889278235594,
        "n_hot_stdev": 1.4629512374183997e+17,
        "critical_energy": 12.750084819759673,
        "mswe": 5.952544084907766e+17,
        "mse": 1.1907396502191486e+20
    },
    "2exp": {
        "a0": -377897614661.9682,
        "a1": 2822871272186487.5,
        "b1": -0.17889891152801546,
        "a2": 431622940347076.3,
        "b2": -0.03946090137149238,
        "a0_stdev": 322873179324230.0,
        "a1_stdev": 3.725960929439487e+19,
        "b1_stdev": 622.6030085639721,
        "a2_stdev": 3.1205905700202784e+17,
        "b2_stdev": 9.53639440826081,
        "t_hot": 25.341539732856358,
        "n_hot": 431622940347076.3,
        "t_hot_stdev": 6124.211799675646,
        "n_hot_stdev": 3.1205905700202784e+17,
        "start_index": 41,
        "end_index": 627,
        "mswe": 1.4000250904570647e+18,
        "mse": 8.406955405688565e+19
    },
    "2nlsq": {
        "a1": 1.6734791159802478e+16,
        "b1": -0.27777292565413236,
        "a2": 506585617015760.7,
        "b2": -0.042496464516895,
        "a0": -100501154668.60489,
        "a1_stdev": 1.233997960658499e+16,
        "b1_stdev": 0.03418890247942322,
        "a2_stdev": 6572370888561.925,
        "b2_stdev": 0.00020604110058360244,
        "a0_stdev": 6288521859.318761,
        "start_index": 41,
        "end_index": 627,
        "t_hot": 23.531369288436633,
        "n_hot": 506585617015760.7,
        "t_hot_stdev": 0.11409017859594207,
        "n_hot_stdev": 6572370888561.925,
        "mswe": 3.126391536702565e+17,
        "mse": 1.042095439279617e+20
    },
    "1nlsq": null,
    "true_params": {
        "t_hot": 25.1092,
        "t_hot_stdev": 0.1891
    },
    "histogram": {
        "i": 1e+18,
        "l": 0.05,
        "a": 60.0,
        "filename": "hist_1e18_005_60"
    }
}