{
    "3exp": {
        "a1": 491819476901681.94,
        "b1": -0.22369031315136526,
        "a2": 22925739993768.11,
        "b2": -0.03553856241994308,
        "a3": 4324054433366.8613,
        "b3": -0.010483090078539026,
        "t_hot": 95.39172061940012,
        "n_hot": 4324054433366.8613,
        "start_index": 0,
        "end_index": 691,
        "critical_energy": 22.20336710787887,
        "mse": 1688791242.4149687
    },
    "2exp": {
        "a1": 22972149820655.523,
        "b1": -0.035816454781802384,
        "a2": 4463487523055.956,
        "b2": -0.01067446164785192,
        "a1_stdev": 423775836709.0458,
        "b1_stdev": 0.0027306810563952288,
        "a2_stdev": 105711343949.34038,
        "b2_stdev": 0.005258467262158098,
        "t_hot": 93.68153945274004,
        "n_hot": 4463487523055.956,
        "t_hot_stdev": 46.14952252696872,
        "n_hot_stdev": 105711343949.34038,
        "start_index": 64,
        "end_index": 691,
        "mse": 1794702076.4277663
    },
    "nlsq": {
        "a1": 23986161336968.574,
        "b1": -0.03743934497645003,
        "a2": 4969321871805.736,
        "b2": -0.009513170219344096,
        "a0": -432442888706.7026,
        "a1_stdev": 2233700067930.638,
        "b1_stdev": 0.006445530749565945,
        "a2_stdev": 2138198364177.857,
        "b2_stdev": 0.003684622828340849,
        "a0_stdev": 913532080.0297531,
        "start_index": 64,
        "end_index": 691,
        "t_hot": 105.11742951540994,
        "n_hot": 4969321871805.736,
        "t_hot_stdev": 40.71388102164054,
        "n_hot_stdev": 2138198364177.857,
        "mse": 652815990.9000993
    },
    "true_params": {
        "t_hot": 63.6784,
        "t_hot_stdev": 1.6201
    },
    "histogram": {
        "i": 1e+17,
        "l": 0.2,
        "a": 20.0,
        "filename": "hist_1e17_020_20"
    }
}