{
    "3exp": {
        "a1": 5341863537371530.0,
        "b1": -2.7014082694966497,
        "a2": 414227247459661.0,
        "b2": -1.2480409193871125,
        "a3": 14334341196709.25,
        "b3": -0.6762234502310215,
        "t_hot": 1.478801126548281,
        "n_hot": 14334341196709.25,
        "start_index": 0,
        "end_index": 389,
        "a1_stdev": 3.3344730936651403e+19,
        "b1_stdev": 7756.505531869563,
        "a2_stdev": 5.960552399138949e+18,
        "b2_stdev": 6212.887440662554,
        "a3_stdev": 8.088492913758897e+17,
        "b3_stdev": 5623.362647607613,
        "t_hot_stdev": 12297.46619320978,
        "n_hot_stdev": 8.088492913758897e+17,
        "critical_energy": 1.7593040863210931,
        "mswe": 5.72852308646242e+18,
        "mse": 7.824624349534156e+21
    },
    "2exp": {
        "a0": -812097381.8877182,
        "a1": 1527147647143040.0,
        "b1": -1.8010739360661672,
        "a2": 91925203776131.28,
        "b2": -0.881761729880367,
        "a0_stdev": 157938051741706.94,
        "a1_stdev": 1.1230718069397369e+19,
        "b1_stdev": 4597.9630033826015,
        "a2_stdev": 1.1481103476021434e+18,
        "b2_stdev": 1923.4669237134574,
        "t_hot": 1.1340932205525351,
        "n_hot": 91925203776131.28,
        "t_hot_stdev": 2473.900515546793,
        "n_hot_stdev": 1.1481103476021434e+18,
        "start_index": 38,
        "end_index": 389,
        "mswe": 4.86217956359811e+18,
        "mse": 4.820019156951373e+20
    },
    "2nlsq": {
        "a1": 1643835388677436.2,
        "b1": -1.8584693273201442,
        "a2": 110603649671957.58,
        "b2": -0.9133893682436631,
        "a0": -4518521173.242952,
        "a1_stdev": 203655566082073.1,
        "b1_stdev": 0.07679104684544479,
        "a2_stdev": 19151381918617.664,
        "b2_stdev": 0.027112919713894387,
        "a0_stdev": 2154037370.8850994,
        "start_index": 38,
        "end_index": 389,
        "t_hot": 1.094823341246985,
        "n_hot": 110603649671957.58,
        "t_hot_stdev": 0.032498579887354676,
        "n_hot_stdev": 19151381918617.664,
        "mswe": 4.4631152601191316e+18,
        "mse": 4.844623211328211e+20
    },
    "1nlsq": null,
    "true_params": {
        "t_hot": 1.0636,
        "t_hot_stdev": 0.0147
    },
    "histogram": {
        "i": 1e+17,
        "l": 1.0,
        "a": 50.0,
        "filename": "hist_1e17_100_50"
    }
}