{
    "3exp": {
        "a1": 2776657659140351.0,
        "b1": -0.7363102056951747,
        "a2": 34274708940299.402,
        "b2": -0.17777887552044036,
        "a3": 1943181747036.262,
        "b3": -0.04710463016716174,
        "t_hot": 21.229335554727154,
        "n_hot": 1943181747036.262,
        "start_index": 0,
        "end_index": 321,
        "a1_stdev": 1.5985392072722254e+19,
        "b1_stdev": 1270.6255358643314,
        "a2_stdev": 2.9569063442450304e+17,
        "b2_stdev": 793.2176972936711,
        "a3_stdev": 2.5966651952923252e+16,
        "b3_stdev": 240.20611587006402,
        "t_hot_stdev": 108257.21840945989,
        "n_hot_stdev": 2.5966651952923252e+16,
        "critical_energy": 7.868127053120318,
        "mswe": 2.5320624660294564e+18,
        "mse": 6.246532948966325e+19
    },
    "2exp": {
        "a0": 31863960818.2486,
        "a1": 33992768951343.94,
        "b1": -0.17632957291206,
        "a2": 2084043847768.5447,
        "b2": -0.05259839025195854,
        "a0_stdev": 4510403654031245.0,
        "a1_stdev": 5.1517814187550554e+17,
        "b1_stdev": 2053.236398015138,
        "a2_stdev": 1.4283076149577696e+17,
        "b2_stdev": 1952.6218412483352,
        "t_hot": 19.01198867892662,
        "n_hot": 2084043847768.5447,
        "t_hot_stdev": 705786.3208780593,
        "n_hot_stdev": 1.4283076149577696e+17,
        "start_index": 43,
        "end_index": 321,
        "mswe": 2.7236798947580083e+18,
        "mse": 4.126799942345294e+18
    },
    "2nlsq": null,
    "1nlsq": null,
    "true_params": {
        "t_hot": 20.4529,
        "t_hot_stdev": 1.6617
    },
    "histogram": {
        "i": 1e+17,
        "l": 2.0,
        "a": 3.0,
        "filename": "hist_1e17_200_3"
    }
}