{
    "3exp": {
        "a1": 796811473334381.6,
        "b1": -0.09868396819847072,
        "a2": 70298806173357.82,
        "b2": -0.012481489746859238,
        "a3": 2095234444248.5183,
        "b3": -0.002932341375316319,
        "t_hot": 341.0244142846866,
        "n_hot": 2095234444248.5183,
        "start_index": 0,
        "end_index": 802,
        "a1_stdev": 1.1801734132860175e+18,
        "b1_stdev": 54.19178972126368,
        "a2_stdev": 1.691971249426753e+16,
        "b2_stdev": 2.421719200146973,
        "a3_stdev": 2936755037436511.0,
        "b3_stdev": 1.7318767380182456,
        "t_hot_stdev": 201413.19669243318,
        "n_hot_stdev": 2936755037436511.0,
        "critical_energy": 28.16465758590665,
        "mswe": 1.3133517134567722e+16,
        "mse": 6.870030089403843e+17
    },
    "2exp": {
        "a0": 4405383328023.354,
        "a1": 72374870148909.83,
        "b1": -0.01228452926566459,
        "a2": -3478483697957.7764,
        "b2": 0.0002444012063720849,
        "a0_stdev": 6.082914124043116e+16,
        "a1_stdev": 8479974380009914.0,
        "b1_stdev": 1.1817561281510462,
        "a2_stdev": 5.9827124832330104e+16,
        "b2_stdev": 3.512106561260193,
        "t_hot": 81.40320059271724,
        "n_hot": 72374870148909.83,
        "t_hot_stdev": 7830.884608694703,
        "n_hot_stdev": 8479974380009914.0,
        "start_index": 28,
        "end_index": 802,
        "mswe": 4560976466941610.0,
        "mse": 1.2398399745874472e+17
    },
    "2nlsq": null,
    "1nlsq": null,
    "true_params": {
        "t_hot": 347.0981,
        "t_hot_stdev": 44.3999
    },
    "histogram": {
        "i": 1e+18,
        "l": 1.0,
        "a": 2.0,
        "filename": "hist_1e18_100_2"
    }
}