{
    "3exp": {
        "a1": 5680885229177800.0,
        "b1": -3.8781220626053456,
        "a2": 368824103268343.3,
        "b2": -1.8173101724349803,
        "a3": 68111835924724.56,
        "b3": -1.0390506526263403,
        "t_hot": 0.9624169885003829,
        "n_hot": 68111835924724.56,
        "start_index": 0,
        "end_index": 391,
        "a1_stdev": 1.5112767740897457e+20,
        "b1_stdev": 38495.702623463876,
        "a2_stdev": 1.8436058230163458e+19,
        "b2_stdev": 30717.22807808224,
        "a3_stdev": 2.7857006583377034e+18,
        "b3_stdev": 5662.276102971712,
        "t_hot_stdev": 5244.663194528052,
        "n_hot_stdev": 2.7857006583377034e+18,
        "critical_energy": 1.3269248480862532,
        "mswe": 1.6824285618374648e+19,
        "mse": 1.2658973100435894e+23
    },
    "2exp": {
        "a0": 10958352415.081991,
        "a1": 2211428214517925.8,
        "b1": -2.877897682863648,
        "a2": 144727158443786.1,
        "b2": -1.1776445599680319,
        "a0_stdev": 222054292328926.75,
        "a1_stdev": 6.493516066891086e+19,
        "b1_stdev": 19539.420355692982,
        "a2_stdev": 1.3807046919579346e+18,
        "b2_stdev": 2181.3359669200304,
        "t_hot": 0.8491526509723323,
        "n_hot": 144727158443786.1,
        "t_hot_stdev": 1572.8746023517667,
        "n_hot_stdev": 1.3807046919579346e+18,
        "start_index": 32,
        "end_index": 391,
        "mswe": 1.8128744172454236e+19,
        "mse": 1.5381750871311634e+21
    },
    "2nlsq": {
        "a1": 1857905170013113.0,
        "b1": -2.744241316434905,
        "a2": 131847909302907.62,
        "b2": -1.1567842083972788,
        "a0": -4755553585.526684,
        "a1_stdev": 557994639141762.25,
        "b1_stdev": 0.2052056702479128,
        "a2_stdev": 16245798155273.428,
        "b2_stdev": 0.027437827214989115,
        "a0_stdev": 2711723776.4964333,
        "start_index": 32,
        "end_index": 391,
        "t_hot": 0.8644654661957195,
        "n_hot": 131847909302907.62,
        "t_hot_stdev": 0.020504303155785508,
        "n_hot_stdev": 16245798155273.428,
        "mswe": 1.5091729299064822e+19,
        "mse": 1.5466124634099637e+21
    },
    "1nlsq": null,
    "true_params": {
        "t_hot": 0.9169,
        "t_hot_stdev": 0.021
    },
    "histogram": {
        "i": 1e+17,
        "l": 2.0,
        "a": 60.0,
        "filename": "hist_1e17_200_60"
    }
}