{
    "3exp": {
        "a1": 4201121903823666.0,
        "b1": -0.02136023086389889,
        "a2": 604781628812966.4,
        "b2": -0.0028655325988349058,
        "a3": 159149300233487.7,
        "b3": -0.0015473811920441794,
        "t_hot": 646.2531696400824,
        "n_hot": 159149300233487.7,
        "start_index": 0,
        "end_index": 838,
        "a1_stdev": 2.077590516392558e+18,
        "b1_stdev": 3.9130574126532376,
        "a2_stdev": 4.573001406616005e+16,
        "b2_stdev": 0.2563862827631852,
        "a3_stdev": 6.565800515135081e+16,
        "b3_stdev": 0.11931254009493784,
        "t_hot_stdev": 49830.06618576086,
        "n_hot_stdev": 6.565800515135081e+16,
        "critical_energy": 104.79973298383239,
        "mswe": 468612558808632.06,
        "mse": 2.7916180600400183e+19
    },
    "2exp": {
        "a0": -84591111762.89935,
        "a1": 633260099000654.1,
        "b1": -0.0028774337911220567,
        "a2": 145314811119062.38,
        "b2": -0.001498834420103294,
        "a0_stdev": 42757800017413.66,
        "a1_stdev": 4.9902799006775656e+16,
        "b1_stdev": 0.22987792701797527,
        "a2_stdev": 6.785132030307537e+16,
        "b2_stdev": 0.15505430555231858,
        "t_hot": 667.1851050305369,
        "n_hot": 145314811119062.38,
        "t_hot_stdev": 69020.24783246654,
        "n_hot_stdev": 6.785132030307537e+16,
        "start_index": 25,
        "end_index": 838,
        "mswe": 331861848940745.94,
        "mse": 7.976484388625302e+16
    },
    "2nlsq": {
        "a1": 592109423662024.6,
        "b1": -0.003019570815561857,
        "a2": 196734980667969.56,
        "b2": -0.0016157378821595263,
        "a0": -50007757720.789444,
        "a1_stdev": 10117203263342.547,
        "b1_stdev": 4.8335632048924385e-05,
        "a2_stdev": 13537076831111.852,
        "b2_stdev": 2.357710328559414e-05,
        "a0_stdev": 5841653429.523339,
        "start_index": 25,
        "end_index": 838,
        "t_hot": 618.9122697695511,
        "n_hot": 196734980667969.56,
        "t_hot_stdev": 9.031265943690665,
        "n_hot_stdev": 13537076831111.852,
        "mswe": 315439472243636.75,
        "mse": 7.983305727205397e+16
    },
    "1nlsq": null,
    "true_params": {
        "t_hot": 613.9205,
        "t_hot_stdev": 14.1028
    },
    "histogram": {
        "i": 1e+19,
        "l": 1.0,
        "a": 4.0,
        "filename": "hist_1e19_100_4"
    }
}