{
    "3exp": {
        "a1": 4596015728547197.0,
        "b1": -0.0248968733356768,
        "a2": 554044347643493.0,
        "b2": -0.002270907621269706,
        "a3": 139394506618.46872,
        "b3": 0.0003186186255906663,
        "t_hot": 440.35256680361204,
        "n_hot": 554044347643493.0,
        "start_index": 0,
        "end_index": 772,
        "a1_stdev": 7.102843417505168e+18,
        "b1_stdev": 13.529155073241697,
        "a2_stdev": 6.033651898657232e+16,
        "b2_stdev": 0.15649426676897144,
        "a3_stdev": 1238895324564590.5,
        "b3_stdev": 2.4179307708386197,
        "t_hot_stdev": 30345.863220642786,
        "n_hot_stdev": 6.033651898657232e+16,
        "critical_energy": 93.50762546234182,
        "mswe": 1.700047497042921e+16,
        "mse": 3.139935709214369e+17
    },
    "2exp": {
        "a0": 2135360471216.8042,
        "a1": 560052523319520.25,
        "b1": -0.002282593305369461,
        "a2": -1573902834860.4624,
        "b2": 5.2328152511539074e-05,
        "a0_stdev": 9.455969170367526e+17,
        "a1_stdev": 3.871461577954097e+16,
        "b1_stdev": 0.20251542352395768,
        "a2_stdev": 9.321903313922943e+17,
        "b2_stdev": 26.292494814598125,
        "t_hot": 438.09819193267975,
        "n_hot": 560052523319520.25,
        "t_hot_stdev": 38868.79045672406,
        "n_hot_stdev": 3.871461577954097e+16,
        "start_index": 25,
        "end_index": 772,
        "mswe": 7375411893255713.0,
        "mse": 3.699052423508582e+17
    },
    "2nlsq": null,
    "1nlsq": null,
    "true_params": {
        "t_hot": 540.409,
        "t_hot_stdev": 7.5137
    },
    "histogram": {
        "i": 1e+19,
        "l": 0.8,
        "a": 15.0,
        "filename": "hist_1e19_080_15"
    }
}