{
    "3exp": {
        "a1": 1348615863946024.5,
        "b1": -0.27736543952205867,
        "a2": 124066822787423.61,
        "b2": -0.07750764377732317,
        "a3": 48277931119467.266,
        "b3": -0.02325279278157599,
        "t_hot": 43.00558687265882,
        "n_hot": 48277931119467.266,
        "start_index": 0,
        "end_index": 382,
        "a1_stdev": 2.7802055598144918e+19,
        "b1_stdev": 3391.4710482238643,
        "a2_stdev": 3.797015738048856e+18,
        "b2_stdev": 1576.2445867693782,
        "a3_stdev": 7.051700775299913e+17,
        "b3_stdev": 127.54088860422074,
        "t_hot_stdev": 235884.38671465096,
        "n_hot_stdev": 7.051700775299913e+17
    },
    "2exp": null,
    "2nlsq": null,
    "1nlsq": null,
    "true_params": {
        "t_hot": 39.6727,
        "t_hot_stdev": 0.6319
    },
    "histogram": {
        "i": 1e+17,
        "l": 0.1,
        "a": 40.0,
        "filename": "hist_1e17_010_40"
    }
}