{
    "3exp": {
        "a1": 4437638688933473.0,
        "b1": -0.02622702962373707,
        "a2": 412340390416687.0,
        "b2": -0.0039046167113632956,
        "a3": 360855340873252.25,
        "b3": -0.0021317179391925033,
        "t_hot": 469.10521397535405,
        "n_hot": 360855340873252.25,
        "start_index": 0,
        "end_index": 726,
        "a1_stdev": 6.358052609371708e+18,
        "b1_stdev": 16.65164424804076,
        "a2_stdev": 3.8915201557527616e+17,
        "b2_stdev": 3.7141727976781294,
        "a3_stdev": 5.4827805352977875e+17,
        "b3_stdev": 0.6366228759321007,
        "t_hot_stdev": 140095.04022321998,
        "n_hot_stdev": 5.4827805352977875e+17
    },
    "2exp": null,
    "2nlsq": null,
    "1nlsq": null,
    "true_params": {
        "t_hot": 452.7509,
        "t_hot_stdev": 3.2424
    },
    "histogram": {
        "i": 1e+19,
        "l": 1.0,
        "a": 25.0,
        "filename": "hist_1e19_100_25"
    }
}