{
    "3exp": {
        "a1": 2907087498850811.0,
        "b1": -0.6207070379979788,
        "a2": 39281934469128.234,
        "b2": -0.13567793431573735,
        "a3": 2180553982108.9893,
        "b3": -0.03168400791057962,
        "t_hot": 31.561663626087203,
        "n_hot": 2180553982108.9893,
        "start_index": 0,
        "end_index": 312,
        "critical_energy": 12.215698991685843,
        "mse": 976930067.88361
    },
    "2exp": {
        "a1": 32314831016317.277,
        "b1": -0.12322468396871493,
        "a2": 1687940641250.757,
        "b2": -0.028066167144487578,
        "a1_stdev": 610498196308.8368,
        "b1_stdev": 0.007051468508660408,
        "a2_stdev": 49107452832.91257,
        "b2_stdev": 0.015295689996281212,
        "t_hot": 35.6300878154076,
        "n_hot": 1687940641250.757,
        "t_hot_stdev": 19.41792674999411,
        "n_hot_stdev": 49107452832.91257,
        "start_index": 48,
        "end_index": 312,
        "mse": 1182510084.7542646
    },
    "nlsq": {
        "a1": 98200894274000.77,
        "b1": -0.21310474300158125,
        "a2": 7216597185346.586,
        "b2": -0.05605659019455707,
        "a0": 0.0,
        "a1_stdev": Infinity,
        "b1_stdev": Infinity,
        "a2_stdev": Infinity,
        "b2_stdev": Infinity,
        "a0_stdev": Infinity,
        "start_index": 48,
        "end_index": 312,
        "t_hot": 17.839115731607542,
        "n_hot": 7216597185346.586,
        "t_hot_stdev": Infinity,
        "n_hot_stdev": Infinity,
        "mse": 645583277.7102954
    },
    "true_params": {
        "t_hot": 28.4386,
        "t_hot_stdev": 2.9855
    },
    "histogram": {
        "i": 1e+17,
        "l": 2.0,
        "a": 5.0,
        "filename": "hist_1e17_200_5"
    }
}