{
    "3exp": {
        "a1": 3349307755127654.5,
        "b1": -0.027533065028968774,
        "a2": 1114402471632589.4,
        "b2": -0.004261913574837275,
        "a3": 36220440161330.18,
        "b3": -0.0017815518905659746,
        "t_hot": 561.3083768681662,
        "n_hot": 36220440161330.18,
        "start_index": 0,
        "end_index": 678,
        "critical_energy": 175.79104319251292,
        "mse": 91804451.97220354
    },
    "2exp": {
        "a1": 1159049966814246.0,
        "b1": -0.004281386126634889,
        "a2": 26400414044419.85,
        "b2": -0.0016715721503896888,
        "a1_stdev": 2086543315618.689,
        "b1_stdev": 0.00016800834152942148,
        "a2_stdev": 624764356391.257,
        "b2_stdev": 0.0002329440942392091,
        "t_hot": 598.2392083804895,
        "n_hot": 26400414044419.85,
        "t_hot_stdev": 83.36839693224542,
        "n_hot_stdev": 624764356391.257,
        "start_index": 46,
        "end_index": 678,
        "mse": 88872669.17619838
    },
    "nlsq": {
        "a1": 1134779518436712.8,
        "b1": -0.004803223837397822,
        "a2": 154584284207201.94,
        "b2": -0.0025411097370394487,
        "a0": -84442808696.06256,
        "a1_stdev": 13945241859761.305,
        "b1_stdev": 8.67803272974017e-05,
        "a2_stdev": 23898843068403.027,
        "b2_stdev": 8.140907108970131e-05,
        "a0_stdev": 4147382.3719773144,
        "start_index": 46,
        "end_index": 678,
        "t_hot": 393.5288529353566,
        "n_hot": 154584284207201.94,
        "t_hot_stdev": 12.607412382665517,
        "n_hot_stdev": 23898843068403.027,
        "mse": 21980213.093018007
    },
    "true_params": {
        "t_hot": 317.3464,
        "t_hot_stdev": 3.6918
    },
    "histogram": {
        "i": 1e+19,
        "l": 1.0,
        "a": 45.0,
        "filename": "hist_1e19_100_45"
    }
}