{
    "3exp": {
        "a1": 1767842161199650.8,
        "b1": -0.01365286564479962,
        "a2": 593034318361236.4,
        "b2": -0.002415343990716542,
        "a3": 12731446364350.47,
        "b3": -0.0005473010554487269,
        "t_hot": 1827.1479472666274,
        "n_hot": 12731446364350.47,
        "start_index": 0,
        "end_index": 683,
        "a1_stdev": 4.1109305784300754e+18,
        "b1_stdev": 16.58751390963647,
        "a2_stdev": 2.2870934369239744e+17,
        "b2_stdev": 0.6796746638387815,
        "a3_stdev": 3.432368435776263e+16,
        "b3_stdev": 0.691348436643741,
        "t_hot_stdev": 2308045.7533996915,
        "n_hot_stdev": 3.432368435776263e+16
    },
    "2exp": null,
    "2nlsq": null,
    "1nlsq": null,
    "true_params": {
        "t_hot": 895.6603,
        "t_hot_stdev": 22.7682
    },
    "histogram": {
        "i": 1e+19,
        "l": 0.6,
        "a": 5.0,
        "filename": "hist_1e19_060_5"
    }
}