{
    "3exp": {
        "a1": 6231024221758055.0,
        "b1": -0.017581951773416527,
        "a2": 782858451959786.6,
        "b2": -0.004105777451524558,
        "a3": 328264258690734.56,
        "b3": -0.002134561902731114,
        "t_hot": 468.4802060415897,
        "n_hot": 328264258690734.56,
        "start_index": 0,
        "end_index": 542,
        "critical_energy": 190.54850519907185,
        "mse": 103347511.98979035
    },
    "2exp": {
        "a1": 912240149792808.5,
        "b1": -0.005740697160144031,
        "a2": 531103259368242.94,
        "b2": -0.0023798969931886293,
        "a1_stdev": 13094332487792.414,
        "b1_stdev": 0.0002836501436617811,
        "a2_stdev": 2979942110369.6567,
        "b2_stdev": 0.0005000702427188731,
        "t_hot": 420.1862529605459,
        "n_hot": 531103259368242.94,
        "t_hot_stdev": 88.29064539620595,
        "n_hot_stdev": 2979942110369.6567,
        "start_index": 44,
        "end_index": 542,
        "mse": 106533210.70678346
    },
    "nlsq": {
        "a1": 825590364889271.9,
        "b1": -0.004834536771989713,
        "a2": 443681629620710.94,
        "b2": -0.002294337401616407,
        "a0": 0.0,
        "a1_stdev": Infinity,
        "b1_stdev": Infinity,
        "a2_stdev": Infinity,
        "b2_stdev": Infinity,
        "a0_stdev": Infinity,
        "start_index": 44,
        "end_index": 542,
        "t_hot": 435.85568508602086,
        "n_hot": 443681629620710.94,
        "t_hot_stdev": Infinity,
        "n_hot_stdev": Infinity,
        "mse": 105049823.19166145
    },
    "true_params": {
        "t_hot": 462.4804,
        "t_hot_stdev": 11.2318
    },
    "histogram": {
        "i": 1e+19,
        "l": 0.2,
        "a": 25.0,
        "filename": "hist_1e19_020_25"
    }
}