{
    "3exp": {
        "a1": 2.7243597961880673e+18,
        "b1": -9.105403865078806,
        "a2": 1931449154600170.8,
        "b2": -3.1219918400859683,
        "a3": 15336609110553.621,
        "b3": -0.7630240490989313,
        "t_hot": 1.3105746813366077,
        "n_hot": 15336609110553.621,
        "start_index": 0,
        "end_index": 264,
        "critical_energy": 1.4489272324303117,
        "mse": 6135343077.198311
    },
    "2exp": {
        "a1": 349065786179213.6,
        "b1": -2.3287553255794626,
        "a2": 12682080237150.822,
        "b2": -0.7299980869057401,
        "a1_stdev": 16071866631176.787,
        "b1_stdev": 0.20249353139181941,
        "a2_stdev": 326108803741.5429,
        "b2_stdev": 0.43921259895518544,
        "t_hot": 1.3698666036766252,
        "n_hot": 12682080237150.822,
        "t_hot_stdev": 0.8241975999868781,
        "n_hot_stdev": 326108803741.5429,
        "start_index": 32,
        "end_index": 264,
        "mse": 5859333992.163073
    },
    "nlsq": {
        "a1": 888253799758643.5,
        "b1": -2.897836617425589,
        "a2": 20067526103003.45,
        "b2": -0.8528545047251443,
        "a0": 0.0,
        "a1_stdev": Infinity,
        "b1_stdev": Infinity,
        "a2_stdev": Infinity,
        "b2_stdev": Infinity,
        "a0_stdev": Infinity,
        "start_index": 32,
        "end_index": 264,
        "t_hot": 1.1725329402138496,
        "n_hot": 20067526103003.45,
        "t_hot_stdev": Infinity,
        "n_hot_stdev": Infinity,
        "mse": 4866754384.105796
    },
    "true_params": {
        "t_hot": 1.2014,
        "t_hot_stdev": 0.0545
    },
    "histogram": {
        "i": 1e+17,
        "l": 0.01,
        "a": 0.0,
        "filename": "hist_1e17_001_0"
    }
}