{
    "3exp": {
        "a1": 2111376220726666.0,
        "b1": -0.02408077474873216,
        "a2": 337598193921260.75,
        "b2": -0.008225551233164957,
        "a3": 83974016881051.69,
        "b3": -0.003143091135593467,
        "t_hot": 318.1581305981392,
        "n_hot": 83974016881051.69,
        "start_index": 0,
        "end_index": 643,
        "a1_stdev": 1.157801268272619e+18,
        "b1_stdev": 12.795031798633598,
        "a2_stdev": 4.811934985175402e+17,
        "b2_stdev": 6.0633650322716095,
        "a3_stdev": 6.813516222174718e+16,
        "b3_stdev": 0.6226643400784819,
        "t_hot_stdev": 63028.94630896161,
        "n_hot_stdev": 6.813516222174718e+16,
        "critical_energy": 115.62365150001753,
        "mswe": 7766338724069080.0,
        "mse": 2.7978833271466136e+19
    },
    "2exp": {
        "a0": 169658168015.67172,
        "a1": 1289399225133148.2,
        "b1": -0.01477521819370299,
        "a2": 140224436286631.52,
        "b2": -0.003723794711258371,
        "a0_stdev": 108737297500891.83,
        "a1_stdev": 2.8144779794760786e+18,
        "b1_stdev": 10.818706282957635,
        "a2_stdev": 6.8373000116504376e+16,
        "b2_stdev": 0.6128068642820854,
        "t_hot": 268.54326769857647,
        "n_hot": 140224436286631.52,
        "t_hot_stdev": 44192.865225596244,
        "n_hot_stdev": 6.8373000116504376e+16,
        "start_index": 38,
        "end_index": 643,
        "mswe": 1.1155176885225136e+16,
        "mse": 3.828656134813795e+17
    },
    "2nlsq": {
        "a1": 1381472188833042.8,
        "b1": -0.015124594414951106,
        "a2": 142131493139907.88,
        "b2": -0.0037431564409324655,
        "a0": 5458936091.75835,
        "a1_stdev": 260497865629810.78,
        "b1_stdev": 0.0009306020754532893,
        "a2_stdev": 5640940056356.791,
        "b2_stdev": 5.046444440202817e-05,
        "a0_stdev": 9001213281.38934,
        "start_index": 38,
        "end_index": 643,
        "t_hot": 267.1542094967551,
        "n_hot": 142131493139907.88,
        "t_hot_stdev": 3.6017166166205716,
        "n_hot_stdev": 5640940056356.791,
        "mswe": 6013304404928224.0,
        "mse": 3.90551874639643e+17
    },
    "1nlsq": null,
    "true_params": {
        "t_hot": 335.1351,
        "t_hot_stdev": 12.4912
    },
    "histogram": {
        "i": 1e+19,
        "l": 0.2,
        "a": 4.0,
        "filename": "hist_1e19_020_4"
    }
}