{
    "3exp": {
        "a1": 400105964740686.56,
        "b1": -0.4646866338855828,
        "a2": 63979619662098.914,
        "b2": -0.1511668716716485,
        "a3": 2773480773705.9155,
        "b3": -0.022338316786169855,
        "t_hot": 44.76613030302811,
        "n_hot": 2773480773705.9155,
        "start_index": 0,
        "end_index": 595,
        "a1_stdev": 4.628621103171943e+18,
        "b1_stdev": 3145.9279323808064,
        "a2_stdev": 7.314113254587501e+17,
        "b2_stdev": 634.6403530120133,
        "a3_stdev": 1.2930044294611438e+16,
        "b3_stdev": 54.87869138678856,
        "t_hot_stdev": 109977.24998696611,
        "n_hot_stdev": 1.2930044294611438e+16
    },
    "2exp": null,
    "2nlsq": null,
    "1nlsq": null,
    "true_params": {
        "t_hot": 27.5259,
        "t_hot_stdev": 0.9737
    },
    "histogram": {
        "i": 1e+17,
        "l": 0.2,
        "a": 10.0,
        "filename": "hist_1e17_020_10"
    }
}