{
    "3exp": {
        "a1": 4135624721753598.0,
        "b1": -0.06892956367157775,
        "a2": 678023827794879.0,
        "b2": -0.012652796098849638,
        "a3": -21283754462.835316,
        "b3": 0.010260097831169162,
        "t_hot": 79.03391409989746,
        "n_hot": 678023827794879.0,
        "start_index": 0,
        "end_index": 339,
        "a1_stdev": 1.839561835895273e+19,
        "b1_stdev": 168.78235215598798,
        "a2_stdev": 1.2806334010936945e+18,
        "b2_stdev": 13.117390878138037,
        "a3_stdev": 4660231075644463.0,
        "b3_stdev": 513.0193106061475,
        "t_hot_stdev": 81935.9401493711,
        "n_hot_stdev": 1.2806334010936945e+18
    },
    "2exp": null,
    "2nlsq": null,
    "1nlsq": null,
    "true_params": {
        "t_hot": 78.9469,
        "t_hot_stdev": 0.5668
    },
    "histogram": {
        "i": 1e+18,
        "l": 0.1,
        "a": 40.0,
        "filename": "hist_1e18_010_40"
    }
}