{
    "3exp": {
        "a1": 7217380151330250.0,
        "b1": -1.5828024861099848,
        "a2": 271336717186528.06,
        "b2": -0.5425784753247245,
        "a3": 6681770537666.446,
        "b3": -0.16761614912302414,
        "t_hot": 5.966012256170117,
        "n_hot": 6681770537666.446,
        "start_index": 0,
        "end_index": 274,
        "a1_stdev": 1.0182325620640922e+20,
        "b1_stdev": 6429.528540720459,
        "a2_stdev": 3.295655021724046e+18,
        "b2_stdev": 2208.880894227398,
        "a3_stdev": 1.2277240375312402e+17,
        "b3_stdev": 924.6128508296696,
        "t_hot_stdev": 32910.02465528231,
        "n_hot_stdev": 1.2277240375312402e+17
    },
    "2exp": null,
    "2nlsq": null,
    "1nlsq": null,
    "true_params": {
        "t_hot": 5.4926,
        "t_hot_stdev": 0.2706
    },
    "histogram": {
        "i": 1e+17,
        "l": 0.5,
        "a": 1.0,
        "filename": "hist_1e17_050_1"
    }
}