{
    "3exp": {
        "a1": 4204314140324291.0,
        "b1": -1.2460281101783697,
        "a2": 471572874306681.5,
        "b2": -0.42814882987200076,
        "a3": 88232609679845.28,
        "b3": -0.12312091949722727,
        "t_hot": 8.122096586701664,
        "n_hot": 88232609679845.28,
        "start_index": 0,
        "end_index": 400,
        "critical_energy": 3.4409698917930474,
        "mse": 4339488397.588563
    },
    "2exp": {
        "a1": 521048835955716.6,
        "b1": -0.43741222753711984,
        "a2": 88428157768486.16,
        "b2": -0.12346987647820042,
        "a1_stdev": 7975083210742.681,
        "b1_stdev": 0.009312280072145586,
        "a2_stdev": 681589728827.289,
        "b2_stdev": 0.02244414847803106,
        "t_hot": 8.09914149526632,
        "n_hot": 88428157768486.16,
        "t_hot_stdev": 1.472248449980706,
        "n_hot_stdev": 681589728827.289,
        "start_index": 31,
        "end_index": 400,
        "mse": 4454533653.887069
    },
    "nlsq": {
        "a1": 862750749326810.8,
        "b1": -0.5565131741888135,
        "a2": 113873013590881.02,
        "b2": -0.13703777905424833,
        "a0": 0.0,
        "a1_stdev": Infinity,
        "b1_stdev": Infinity,
        "a2_stdev": Infinity,
        "b2_stdev": Infinity,
        "a0_stdev": Infinity,
        "start_index": 31,
        "end_index": 400,
        "t_hot": 7.297257784688235,
        "n_hot": 113873013590881.02,
        "t_hot_stdev": Infinity,
        "n_hot_stdev": Infinity,
        "mse": 3629009466.187341
    },
    "true_params": {
        "t_hot": 7.9063,
        "t_hot_stdev": 0.1099
    },
    "histogram": {
        "i": 1e+17,
        "l": 0.01,
        "a": 50.0,
        "filename": "hist_1e17_001_50"
    }
}