{
    "3exp": {
        "a1": 883300308982501.9,
        "b1": -0.29171059942403177,
        "a2": 67315801207264.266,
        "b2": -0.11489858264930611,
        "a3": 31272105901140.13,
        "b3": -0.027906759365237867,
        "t_hot": 35.833612456115304,
        "n_hot": 31272105901140.13,
        "start_index": 0,
        "end_index": 538,
        "a1_stdev": 6.114566151238626e+18,
        "b1_stdev": 2049.2691720995117,
        "a2_stdev": 3.4004551652785413e+18,
        "b2_stdev": 2011.0422293851695,
        "a3_stdev": 8.379786689296115e+16,
        "b3_stdev": 21.156557691325165,
        "t_hot_stdev": 27166.030971003413,
        "n_hot_stdev": 8.379786689296115e+16,
        "critical_energy": 14.559362501456532,
        "mswe": 3.983704576654633e+18,
        "mse": 1.1545576354219287e+21
    },
    "2exp": {
        "a0": -204987359277.00626,
        "a1": 142706726349620.94,
        "b1": -0.12903401204465806,
        "a2": 28240623059553.09,
        "b2": -0.02578190267033549,
        "a0_stdev": 1667132773719528.5,
        "a1_stdev": 3.679963394404266e+18,
        "b1_stdev": 1176.0550279936901,
        "a2_stdev": 8.773908393784546e+16,
        "b2_stdev": 41.04635242032432,
        "t_hot": 38.78689687051663,
        "n_hot": 28240623059553.09,
        "t_hot_stdev": 61751.09178694619,
        "n_hot_stdev": 8.773908393784546e+16,
        "start_index": 50,
        "end_index": 538,
        "mswe": 2.16121426066411e+18,
        "mse": 1.3292314443779338e+19
    },
    "2nlsq": {
        "a1": 1557161709273662.2,
        "b1": -0.24865887534420392,
        "a2": 36092132024941.59,
        "b2": -0.02960561617864269,
        "a0": -267311299498.43396,
        "a1_stdev": 2730523189407384.0,
        "b1_stdev": 0.07605680846207238,
        "a2_stdev": 1490420716006.1565,
        "b2_stdev": 0.0006576814841173877,
        "a0_stdev": 22488543339.936604,
        "start_index": 50,
        "end_index": 538,
        "t_hot": 33.7773750076985,
        "n_hot": 36092132024941.59,
        "t_hot_stdev": 0.7503560807722117,
        "n_hot_stdev": 1490420716006.1565,
        "mswe": 7.514075633746409e+17,
        "mse": 1.5039954132540109e+19
    },
    "1nlsq": null,
    "true_params": {
        "t_hot": 34.9524,
        "t_hot_stdev": 0.5989
    },
    "histogram": {
        "i": 1e+17,
        "l": 0.2,
        "a": 45.0,
        "filename": "hist_1e17_020_45"
    }
}