{
    "3exp": {
        "a1": 1362273126562312.5,
        "b1": -0.007896396414213159,
        "a2": 509156427455883.9,
        "b2": -0.0017074566130001801,
        "a3": 19420001792194.523,
        "b3": -0.0008521030923616227,
        "t_hot": 1173.5669180925956,
        "n_hot": 19420001792194.523,
        "start_index": 0,
        "end_index": 765,
        "critical_energy": 603.4113360559758,
        "mse": 28281022.626697633
    },
    "2exp": {
        "a1": 530182541033577.5,
        "b1": -0.002041868956589767,
        "a2": 110422274115919.75,
        "b2": -0.0011614804410864249,
        "a1_stdev": 3399506252760.109,
        "b1_stdev": 0.0002253213370075083,
        "a2_stdev": 1285011621688.4846,
        "b2_stdev": 0.0002978374712657263,
        "t_hot": 860.9701589676539,
        "n_hot": 110422274115919.75,
        "t_hot_stdev": 220.77786754834878,
        "n_hot_stdev": 1285011621688.4846,
        "start_index": 88,
        "end_index": 765,
        "mse": 23170522.205295414
    },
    "nlsq": {
        "a1": 511109871081568.8,
        "b1": -0.002832270233322019,
        "a2": 288946538231030.5,
        "b2": -0.0013770543342493866,
        "a0": -115823603253.23921,
        "a1_stdev": 23370790470762.6,
        "b1_stdev": 0.0001330996864173234,
        "a2_stdev": 16496950485732.217,
        "b2_stdev": 1.6854549344918904e-05,
        "a0_stdev": 1353365.2046056015,
        "start_index": 88,
        "end_index": 765,
        "t_hot": 726.1877582666963,
        "n_hot": 288946538231030.5,
        "t_hot_stdev": 8.888224016268534,
        "n_hot_stdev": 16496950485732.217,
        "mse": 5522246.902511868
    },
    "true_params": {
        "t_hot": 674.6052,
        "t_hot_stdev": 2.4797
    },
    "histogram": {
        "i": 1e+19,
        "l": 5.0,
        "a": 3.0,
        "filename": "hist_1e19_500_3"
    }
}