{
    "3exp": {
        "a1": 777659006021688.8,
        "b1": -0.16326322324639156,
        "a2": 51154749747964.4,
        "b2": -0.0463617947798185,
        "a3": 14914675745084.875,
        "b3": -0.014404466333835212,
        "t_hot": 69.42291209019393,
        "n_hot": 14914675745084.875,
        "start_index": 0,
        "end_index": 548,
        "a1_stdev": 1.238203871675759e+18,
        "b1_stdev": 126.23200840953787,
        "a2_stdev": 1.1234434861856938e+17,
        "b2_stdev": 54.17274345003499,
        "a3_stdev": 1.2524602232419942e+16,
        "b3_stdev": 3.768527068174244,
        "t_hot_stdev": 18162.56967110558,
        "n_hot_stdev": 1.2524602232419942e+16,
        "critical_energy": 23.27972224899544,
        "mswe": 1.5764472405527542e+16,
        "mse": 3.5904923885218992e+19
    },
    "2exp": {
        "a0": 23750110666.261127,
        "a1": 77853010164768.62,
        "b1": -0.05560022227375887,
        "a2": 16673094882397.35,
        "b2": -0.015111500851992185,
        "a0_stdev": 107149783977196.67,
        "a1_stdev": 1.9224116938736435e+17,
        "b1_stdev": 65.61972485511485,
        "a2_stdev": 1.4979737269844162e+16,
        "b2_stdev": 5.3688543171516026,
        "t_hot": 66.17476383017029,
        "n_hot": 16673094882397.35,
        "t_hot_stdev": 23510.746547008912,
        "n_hot_stdev": 1.4979737269844162e+16,
        "start_index": 36,
        "end_index": 548,
        "mswe": 1.4684988066251116e+16,
        "mse": 1.3008923872870146e+17
    },
    "2nlsq": {
        "a1": 89719446594329.19,
        "b1": -0.06052529577875362,
        "a2": 18184089333609.254,
        "b2": -0.015728149680156685,
        "a0": 29423655571.831898,
        "a1_stdev": 11246158729497.996,
        "b1_stdev": 0.0032338013362118194,
        "a2_stdev": 616889300498.8492,
        "b2_stdev": 0.0002112285938393081,
        "a0_stdev": 4115633360.7542324,
        "start_index": 36,
        "end_index": 548,
        "t_hot": 63.58026979242468,
        "n_hot": 18184089333609.254,
        "t_hot_stdev": 0.8538811784784535,
        "n_hot_stdev": 616889300498.8492,
        "mswe": 1.417547808745795e+16,
        "mse": 1.339586713357459e+17
    },
    "1nlsq": null,
    "true_params": {
        "t_hot": 89.0722,
        "t_hot_stdev": 2.5137
    },
    "histogram": {
        "i": 1e+18,
        "l": 5.0,
        "a": 45.0,
        "filename": "hist_1e18_500_45"
    }
}