{
    "3exp": {
        "a1": 455801853684227.8,
        "b1": -0.09826358658140716,
        "a2": 69515909031970.94,
        "b2": -0.0168125403667685,
        "a3": 6510032623246.248,
        "b3": -0.0058495288087164095,
        "t_hot": 170.95394051395994,
        "n_hot": 6510032623246.248,
        "start_index": 0,
        "end_index": 516,
        "a1_stdev": 2.119406828860752e+18,
        "b1_stdev": 235.44095922266516,
        "a2_stdev": 8.828096813900096e+16,
        "b2_stdev": 34.831439686363446,
        "a3_stdev": 8.379978645344435e+16,
        "b3_stdev": 27.7476780825537,
        "t_hot_stdev": 810932.8227013727,
        "n_hot_stdev": 8.379978645344435e+16
    },
    "2exp": null,
    "2nlsq": null,
    "1nlsq": null,
    "true_params": {
        "t_hot": 115.7238,
        "t_hot_stdev": 3.9688
    },
    "histogram": {
        "i": 1e+18,
        "l": 0.5,
        "a": 5.0,
        "filename": "hist_1e18_050_5"
    }
}