{
    "3exp": {
        "a1": 1.357558005802934e+16,
        "b1": -0.05268227154792891,
        "a2": 2939495527884170.0,
        "b2": -0.016838560568790545,
        "a3": 481135575681153.4,
        "b3": -0.007547556093999815,
        "t_hot": 132.49321867180078,
        "n_hot": 481135575681153.4,
        "start_index": 0,
        "end_index": 409,
        "critical_energy": 73.99800237266518,
        "mse": 504376724.96055233
    },
    "2exp": {
        "a1": 3103344606663912.0,
        "b1": -0.01763860659660337,
        "a2": 545688006209964.7,
        "b2": -0.007771053998562549,
        "a1_stdev": 31125396944740.72,
        "b1_stdev": 0.0007918306097750267,
        "a2_stdev": 5483047750501.903,
        "b2_stdev": 0.0012722597536638275,
        "t_hot": 128.68267292763312,
        "n_hot": 545688006209964.7,
        "t_hot_stdev": 21.06764227735351,
        "n_hot_stdev": 5483047750501.903,
        "start_index": 35,
        "end_index": 409,
        "mse": 468429352.43182445
    },
    "nlsq": {
        "a1": 3202496636635638.0,
        "b1": -0.018960005748109292,
        "a2": 710524774365201.2,
        "b2": -0.008343967056008693,
        "a0": -105215000711.08089,
        "a1_stdev": 396589048214744.94,
        "b1_stdev": 0.0014518140793950702,
        "a2_stdev": 103439429839357.44,
        "b2_stdev": 0.00027679963507954764,
        "a0_stdev": 45377626.59408431,
        "start_index": 35,
        "end_index": 409,
        "t_hot": 119.84706953988699,
        "n_hot": 710524774365201.2,
        "t_hot_stdev": 3.9757617559269667,
        "n_hot_stdev": 103439429839357.44,
        "mse": 390416387.68129694
    },
    "true_params": {
        "t_hot": 152.2933,
        "t_hot_stdev": 6.3606
    },
    "histogram": {
        "i": 1e+19,
        "l": 0.02,
        "a": 40.0,
        "filename": "hist_1e19_002_40"
    }
}