{
    "3exp": {
        "a1": 3375014320027659.0,
        "b1": -0.2207005549367379,
        "a2": 202801754229544.03,
        "b2": -0.061921299681848764,
        "a3": 209552654304124.88,
        "b3": -0.02764278165937701,
        "t_hot": 36.17580937845953,
        "n_hot": 209552654304124.88,
        "start_index": 0,
        "end_index": 680,
        "a1_stdev": 5.885269810874078e+18,
        "b1_stdev": 280.5716316458057,
        "a2_stdev": 1.0810223555438404e+18,
        "b2_stdev": 253.60371569853606,
        "a3_stdev": 3.757976746937878e+17,
        "b3_stdev": 9.408255034668267,
        "t_hot_stdev": 12312.481605939869,
        "n_hot_stdev": 3.757976746937878e+17,
        "critical_energy": 14.395586140418208,
        "mswe": 9.929613984185928e+17,
        "mse": 1.3997110771342176e+22
    },
    "2exp": {
        "a0": -433289165765.7903,
        "a1": 606265868274993.8,
        "b1": -0.0888362866673462,
        "a2": 198110230559098.44,
        "b2": -0.026440446954901418,
        "a0_stdev": 356553662005842.25,
        "a1_stdev": 1.849841495055791e+18,
        "b1_stdev": 139.63895481108568,
        "a2_stdev": 1.7599334827583782e+17,
        "b2_stdev": 7.648249920606914,
        "t_hot": 37.820843259785526,
        "n_hot": 198110230559098.44,
        "t_hot_stdev": 10940.180472452974,
        "n_hot_stdev": 1.7599334827583782e+17,
        "start_index": 42,
        "end_index": 680,
        "mswe": 5.5105543716458784e+17,
        "mse": 2.5980968706018992e+19
    },
    "2nlsq": {
        "a1": 1257915843382141.5,
        "b1": -0.13319222785653756,
        "a2": 261874395155894.94,
        "b2": -0.029820806657367697,
        "a0": -159599096277.2616,
        "a1_stdev": 301759849224837.6,
        "b1_stdev": 0.010042230749062544,
        "a2_stdev": 4962014494056.3,
        "b2_stdev": 0.0002050791534664993,
        "a0_stdev": 7567573152.146935,
        "start_index": 42,
        "end_index": 680,
        "t_hot": 33.53363346235754,
        "n_hot": 261874395155894.94,
        "t_hot_stdev": 0.23061244593854996,
        "n_hot_stdev": 4962014494056.3,
        "mswe": 1.7466682779194547e+17,
        "mse": 2.8248776650755187e+19
    },
    "1nlsq": null,
    "true_params": {
        "t_hot": 35.4018,
        "t_hot_stdev": 0.3237
    },
    "histogram": {
        "i": 1e+18,
        "l": 0.1,
        "a": 60.0,
        "filename": "hist_1e18_010_60"
    }
}