{
    "3exp": {
        "a1": 4499422059524950.0,
        "b1": -0.017509008955834782,
        "a2": 882211046427997.9,
        "b2": -0.002504411803165616,
        "a3": 22476509861982.14,
        "b3": -0.0008638289945814756,
        "t_hot": 1157.6365302307306,
        "n_hot": 22476509861982.14,
        "start_index": 0,
        "end_index": 733,
        "critical_energy": 318.36444489678496,
        "mse": 47899340.06772412
    },
    "2exp": {
        "a1": 868860877586805.5,
        "b1": -0.0024393512980848036,
        "a2": 12651969689803.031,
        "b2": -0.0007102194621743202,
        "a1_stdev": 1960563854379.342,
        "b1_stdev": 0.0001195283833000369,
        "a2_stdev": 481277757393.6823,
        "b2_stdev": 0.00017179891725628324,
        "t_hot": 1408.0154843103335,
        "n_hot": 12651969689803.031,
        "t_hot_stdev": 340.5926598294548,
        "n_hot_stdev": 481277757393.6823,
        "start_index": 62,
        "end_index": 733,
        "mse": 52220529.02247317
    },
    "nlsq": {
        "a1": 895293803265158.6,
        "b1": -0.002532517417978457,
        "a2": 22936376717275.453,
        "b2": -0.000751464127209615,
        "a0": -862357351072.0896,
        "a1_stdev": 8102299484283.434,
        "b1_stdev": 3.414408352855989e-05,
        "a2_stdev": 6261598561497.951,
        "b2_stdev": 0.00012330633497281395,
        "a0_stdev": 64111847.26461775,
        "start_index": 62,
        "end_index": 733,
        "t_hot": 1330.7355119042934,
        "n_hot": 22936376717275.453,
        "t_hot_stdev": 218.3578867568734,
        "n_hot_stdev": 6261598561497.951,
        "mse": 27894238.691316858
    },
    "true_params": {
        "t_hot": 625.9867,
        "t_hot_stdev": 9.5873
    },
    "histogram": {
        "i": 1e+19,
        "l": 0.6,
        "a": 25.0,
        "filename": "hist_1e19_060_25"
    }
}