{
    "3exp": {
        "a1": 6603280155956771.0,
        "b1": -3.8514369376873563,
        "a2": 51901747436515.1,
        "b2": -1.5147620736100853,
        "a3": 7461436861394.977,
        "b3": -0.5968201703275512,
        "t_hot": 1.6755465879297824,
        "n_hot": 7461436861394.977,
        "start_index": 0,
        "end_index": 264,
        "a1_stdev": 4.776957064037113e+20,
        "b1_stdev": 70593.23056129731,
        "a2_stdev": 1.5516811512299497e+19,
        "b2_stdev": 140776.1341796963,
        "a3_stdev": 7.980932969184581e+17,
        "b3_stdev": 14776.281897940382,
        "t_hot_stdev": 41483.7667145106,
        "n_hot_stdev": 7.980932969184581e+17,
        "critical_energy": 2.0738740393360566,
        "mswe": 1.3874758216560309e+20,
        "mse": 5.681896063478653e+21
    },
    "2exp": {
        "a0": -207426087250.7596,
        "a1": 114046750579221.98,
        "b1": -1.6435929958746693,
        "a2": 3258490041583.8223,
        "b2": -0.33927283036677064,
        "a0_stdev": 2.6791633423190416e+16,
        "a1_stdev": 2.4215590978787172e+19,
        "b1_stdev": 94702.4536431017,
        "a2_stdev": 3.8449747599533805e+17,
        "b2_stdev": 29344.42052176309,
        "t_hot": 2.947480347656931,
        "n_hot": 3258490041583.8223,
        "t_hot_stdev": 254933.77323428824,
        "n_hot_stdev": 3.8449747599533805e+17,
        "start_index": 54,
        "end_index": 264,
        "mswe": 1.1860946009087548e+20,
        "mse": 5.40168433962975e+20
    },
    "2nlsq": {
        "a1": 4395479539450153.5,
        "b1": -3.1734642919548905,
        "a2": 9248704638057.54,
        "b2": -0.6231823166546471,
        "a0": -47292643421.60352,
        "a1_stdev": 2.1172770633365636e+16,
        "b1_stdev": 1.8395606694422995,
        "a2_stdev": 3775349050386.6455,
        "b2_stdev": 0.09551028991865727,
        "a0_stdev": 30576504978.303173,
        "start_index": 54,
        "end_index": 264,
        "t_hot": 1.6046668419094061,
        "n_hot": 9248704638057.54,
        "t_hot_stdev": 0.24593476290592156,
        "n_hot_stdev": 3775349050386.6455,
        "mswe": 9.99061888056316e+19,
        "mse": 5.886784173199926e+20
    },
    "1nlsq": null,
    "true_params": {
        "t_hot": 1.4265,
        "t_hot_stdev": 0.0646
    },
    "histogram": {
        "i": 1e+17,
        "l": 0.01,
        "a": 1.0,
        "filename": "hist_1e17_001_1"
    }
}