{
    "3exp": {
        "a1": 3460015868793328.0,
        "b1": -0.02388426982230693,
        "a2": 730947770127994.4,
        "b2": -0.0027773394699443774,
        "a3": 65229354419416.25,
        "b3": -0.0015583010099751865,
        "t_hot": 641.7245407650242,
        "n_hot": 65229354419416.25,
        "start_index": 0,
        "end_index": 767,
        "a1_stdev": 3.427742186557719e+18,
        "b1_stdev": 9.259608388272943,
        "a2_stdev": 1.1036216358344253e+17,
        "b2_stdev": 0.40485629223750824,
        "a3_stdev": 1.518028535889149e+17,
        "b3_stdev": 0.6483681516147111,
        "t_hot_stdev": 267004.73892925435,
        "n_hot_stdev": 1.518028535889149e+17
    },
    "2exp": null,
    "2nlsq": null,
    "1nlsq": null,
    "true_params": {
        "t_hot": 479.0443,
        "t_hot_stdev": 5.2686
    },
    "histogram": {
        "i": 1e+19,
        "l": 2.0,
        "a": 20.0,
        "filename": "hist_1e19_200_20"
    }
}