{
    "3exp": {
        "a1": 7518828614678202.0,
        "b1": -0.03236299294161719,
        "a2": 1184136019544414.5,
        "b2": -0.009727134711044697,
        "a3": 582032690890013.9,
        "b3": -0.00509406585791955,
        "t_hot": 196.30684563006545,
        "n_hot": 582032690890013.9,
        "start_index": 0,
        "end_index": 447,
        "critical_energy": 93.82983831980117,
        "mse": 282715965.02156645
    },
    "2exp": {
        "a1": 1543813533913078.8,
        "b1": -0.012222946212062588,
        "a2": 752041519296723.4,
        "b2": -0.0053629843701517715,
        "a1_stdev": 23503838007802.832,
        "b1_stdev": 0.0006567277267646401,
        "a2_stdev": 4818815151200.782,
        "b2_stdev": 0.0011067268479723362,
        "t_hot": 186.4633440972904,
        "n_hot": 752041519296723.4,
        "t_hot_stdev": 38.47931950421389,
        "n_hot_stdev": 4818815151200.782,
        "start_index": 35,
        "end_index": 447,
        "mse": 264130676.69482294
    },
    "nlsq": {
        "a1": 1429758672458343.5,
        "b1": -0.011062961374253426,
        "a2": 664642184612375.5,
        "b2": -0.005216563587180657,
        "a0": -280455467290.4896,
        "a1_stdev": 95544489850293.5,
        "b1_stdev": 0.0009027356613972121,
        "a2_stdev": 83371182775857.06,
        "b2_stdev": 0.00015029247973454184,
        "a0_stdev": 36115659.95382195,
        "start_index": 35,
        "end_index": 447,
        "t_hot": 191.69707860121375,
        "n_hot": 664642184612375.5,
        "t_hot_stdev": 5.522913469634284,
        "n_hot_stdev": 83371182775857.06,
        "mse": 215270386.8743312
    },
    "true_params": {
        "t_hot": 196.8326,
        "t_hot_stdev": 8.6433
    },
    "histogram": {
        "i": 1e+19,
        "l": 0.05,
        "a": 5.0,
        "filename": "hist_1e19_005_5"
    }
}