{
    "3exp": {
        "a1": 3508917138088597.5,
        "b1": -0.01979002612432922,
        "a2": 696933979139646.9,
        "b2": -0.002915360151534411,
        "a3": 141406609255994.03,
        "b3": -0.0013101039083978847,
        "t_hot": 763.2982342773802,
        "n_hot": 141406609255994.03,
        "start_index": 0,
        "end_index": 754,
        "a1_stdev": 5.792811239972495e+18,
        "b1_stdev": 14.022303725777117,
        "a2_stdev": 1.3460664469395133e+17,
        "b2_stdev": 0.8835001548938789,
        "a3_stdev": 1.6284645007679267e+17,
        "b3_stdev": 0.35853858347327267,
        "t_hot_stdev": 208893.25337570606,
        "n_hot_stdev": 1.6284645007679267e+17
    },
    "2exp": null,
    "2nlsq": null,
    "1nlsq": null,
    "true_params": {
        "t_hot": 644.2915,
        "t_hot_stdev": 5.0989
    },
    "histogram": {
        "i": 1e+19,
        "l": 2.0,
        "a": 0.0,
        "filename": "hist_1e19_200_0"
    }
}