{
    "3exp": {
        "a1": 1937819089058561.5,
        "b1": -0.01954359400773342,
        "a2": 224144545246846.53,
        "b2": -0.005814642716054088,
        "a3": 42734579659216.55,
        "b3": -0.0027326373884144035,
        "t_hot": 365.9468337217782,
        "n_hot": 42734579659216.55,
        "start_index": 0,
        "end_index": 621,
        "a1_stdev": 5.923293548356672e+17,
        "b1_stdev": 5.370647706545246,
        "a2_stdev": 1.5569209185815235e+17,
        "b2_stdev": 3.4559928810266882,
        "a3_stdev": 7.564273144343858e+16,
        "b3_stdev": 0.9938770179372898,
        "t_hot_stdev": 133097.11320096973,
        "n_hot_stdev": 7.564273144343858e+16,
        "critical_energy": 157.11522737188244,
        "mswe": 4951519720634713.0,
        "mse": 6.467868752550131e+18
    },
    "2exp": {
        "a0": 203952937484.48724,
        "a1": 2461532239885996.5,
        "b1": -0.017444567962626154,
        "a2": 158556196632745.3,
        "b2": -0.003914013212095508,
        "a0_stdev": 89720797659630.25,
        "a1_stdev": 1.4699525642331763e+19,
        "b1_stdev": 23.74668618181256,
        "a2_stdev": 7.566176113450474e+16,
        "b2_stdev": 0.6168620043214126,
        "t_hot": 255.49223924684046,
        "n_hot": 158556196632745.3,
        "t_hot_stdev": 40266.459577430294,
        "n_hot_stdev": 7.566176113450474e+16,
        "start_index": 46,
        "end_index": 621,
        "mswe": 9315656336846938.0,
        "mse": 2.4095318718944842e+17
    },
    "2nlsq": {
        "a1": 2738892301093145.0,
        "b1": -0.01766854034520773,
        "a2": 152929323908262.88,
        "b2": -0.0038425488196017154,
        "a0": 19634381717.65915,
        "a1_stdev": 1283534456115668.2,
        "b1_stdev": 0.0018515515853501903,
        "a2_stdev": 5745188708582.427,
        "b2_stdev": 4.837278500802372e-05,
        "a0_stdev": 7454036164.593508,
        "start_index": 46,
        "end_index": 621,
        "t_hot": 260.24392843072616,
        "n_hot": 152929323908262.88,
        "t_hot_stdev": 3.276138883494488,
        "n_hot_stdev": 5745188708582.427,
        "mswe": 3956897193370285.5,
        "mse": 2.4311511964649136e+17
    },
    "1nlsq": null,
    "true_params": {
        "t_hot": 313.7168,
        "t_hot_stdev": 19.0078
    },
    "histogram": {
        "i": 1e+19,
        "l": 0.2,
        "a": 0.0,
        "filename": "hist_1e19_020_0"
    }
}