{
    "3exp": {
        "a1": 1750799436710840.5,
        "b1": -0.40065364905806256,
        "a2": 117004948823618.83,
        "b2": -0.09411365850903203,
        "a3": 12625361190211.955,
        "b3": -0.03851237772362769,
        "t_hot": 25.96567802632687,
        "n_hot": 12625361190211.955,
        "start_index": 0,
        "end_index": 402,
        "critical_energy": 13.6193264621076,
        "mse": 804608726.1630131
    },
    "2exp": {
        "a1": 116929709987433.2,
        "b1": -0.09361592463076401,
        "a2": 12270870423893.172,
        "b2": -0.038320296742942524,
        "a1_stdev": 2435839849954.1904,
        "b1_stdev": 0.009788385435222095,
        "a2_stdev": 435871163620.1754,
        "b2_stdev": 0.01570899094643486,
        "t_hot": 26.095831321665607,
        "n_hot": 12270870423893.172,
        "t_hot_stdev": 10.697703640492685,
        "n_hot_stdev": 435871163620.1754,
        "start_index": 38,
        "end_index": 402,
        "mse": 822276822.5191365
    },
    "nlsq": {
        "a1": 117896514833221.52,
        "b1": -0.11306346670027304,
        "a2": 33798302571443.32,
        "b2": -0.053249458766999797,
        "a0": 2912339010.4491186,
        "a1_stdev": 39784908820007.03,
        "b1_stdev": 0.02650650807500931,
        "a2_stdev": 14469926307738.707,
        "b2_stdev": 0.004893437497492859,
        "a0_stdev": 42762562.26298077,
        "start_index": 38,
        "end_index": 402,
        "t_hot": 18.77953359818426,
        "n_hot": 33798302571443.32,
        "t_hot_stdev": 1.7257729190617184,
        "n_hot_stdev": 14469926307738.707,
        "mse": 575137644.9793104
    },
    "true_params": {
        "t_hot": 20.2129,
        "t_hot_stdev": 0.8242
    },
    "histogram": {
        "i": 1e+18,
        "l": 0.05,
        "a": 3.0,
        "filename": "hist_1e18_005_3"
    }
}