{
    "3exp": {
        "a1": 184846565703583.16,
        "b1": -0.015981484978303564,
        "a2": 155598655546755.66,
        "b2": -0.006181295856166843,
        "a3": 4282474589402.9766,
        "b3": -0.0020581733980054064,
        "t_hot": 485.86771210293006,
        "n_hot": 4282474589402.9766,
        "start_index": 0,
        "end_index": 614,
        "critical_energy": 270.4094544648595,
        "mse": 15635771.180391675
    },
    "2exp": {
        "a1": 142859975406709.97,
        "b1": -0.005753814012472547,
        "a2": 1570085479796.9558,
        "b2": -0.0014466965242275753,
        "a1_stdev": 753990698023.9596,
        "b1_stdev": 0.000276323089625804,
        "a2_stdev": 81661704248.05579,
        "b2_stdev": 0.00042874556584358695,
        "t_hot": 691.229973427857,
        "n_hot": 1570085479796.9558,
        "t_hot_stdev": 204.85414952082542,
        "n_hot_stdev": 81661704248.05579,
        "start_index": 84,
        "end_index": 614,
        "mse": 15286191.799168773
    },
    "nlsq": {
        "a1": 155041994127290.06,
        "b1": -0.0060258095671391326,
        "a2": 2647703099670.778,
        "b2": -0.0017307911564684497,
        "a0": -28629396581.743927,
        "a1_stdev": 7263244274974.083,
        "b1_stdev": 0.0001715830667033308,
        "a2_stdev": 1169986931631.5642,
        "b2_stdev": 0.00038549355080851093,
        "a0_stdev": 13450685.350387283,
        "start_index": 84,
        "end_index": 614,
        "t_hot": 577.7704584765879,
        "n_hot": 2647703099670.778,
        "t_hot_stdev": 128.68495702558278,
        "n_hot_stdev": 1169986931631.5642,
        "mse": 12853898.728838366
    },
    "true_params": {
        "t_hot": 409.7926,
        "t_hot_stdev": 12.5375
    },
    "histogram": {
        "i": 1e+18,
        "l": 5.0,
        "a": 5.0,
        "filename": "hist_1e18_500_5"
    }
}