{
    "3exp": {
        "a1": 1.2802336767444646e+16,
        "b1": -0.056074319111713455,
        "a2": 2778983722935814.0,
        "b2": -0.018765941413032408,
        "a3": 875070685323494.2,
        "b3": -0.0059073575478184835,
        "t_hot": 169.28042562266916,
        "n_hot": 875070685323494.2,
        "start_index": 0,
        "end_index": 457,
        "critical_energy": 53.482974516272265,
        "mse": 548158603.7415415
    },
    "2exp": {
        "a1": 3473450757711619.5,
        "b1": -0.019930393241631005,
        "a2": 874413609790283.0,
        "b2": -0.005923419866372716,
        "a1_stdev": 30266863075895.402,
        "b1_stdev": 0.00022525461362361775,
        "a2_stdev": 3284373889308.1035,
        "b2_stdev": 0.0005305556568923983,
        "t_hot": 168.82139415390844,
        "n_hot": 874413609790283.0,
        "t_hot_stdev": 15.121188045659549,
        "n_hot_stdev": 3284373889308.1035,
        "start_index": 26,
        "end_index": 457,
        "mse": 541892188.901925
    },
    "nlsq": {
        "a1": 5266234484183058.0,
        "b1": -0.024972180319755753,
        "a2": 1052562000554123.0,
        "b2": -0.006355499890243398,
        "a0": 0.0,
        "a1_stdev": Infinity,
        "b1_stdev": Infinity,
        "a2_stdev": Infinity,
        "b2_stdev": Infinity,
        "a0_stdev": Infinity,
        "start_index": 26,
        "end_index": 457,
        "t_hot": 157.34403544481893,
        "n_hot": 1052562000554123.0,
        "t_hot_stdev": Infinity,
        "n_hot_stdev": Infinity,
        "mse": 428521962.0797058
    },
    "true_params": {
        "t_hot": 172.0094,
        "t_hot_stdev": 1.8476
    },
    "histogram": {
        "i": 1e+19,
        "l": 0.01,
        "a": 20.0,
        "filename": "hist_1e19_001_20"
    }
}