{
    "3exp": {
        "a1": 5238207223944603.0,
        "b1": -0.027761334568732223,
        "a2": 120002443716752.0,
        "b2": -0.004081841824187316,
        "a3": 682079572739331.8,
        "b3": -0.0027016974917752077,
        "t_hot": 370.13766457729093,
        "n_hot": 682079572739331.8,
        "start_index": 0,
        "end_index": 774,
        "critical_energy": 159.47227078706194,
        "mse": 33032341.559548214
    },
    "2exp": {
        "a1": 104421022805270.23,
        "b1": -0.005795793484257431,
        "a2": 730840916844419.1,
        "b2": -0.0027349362277351045,
        "a1_stdev": 4034075660699.78,
        "b1_stdev": 0.0007915008806205501,
        "a2_stdev": 1247596260862.6233,
        "b2_stdev": 0.001305881470370207,
        "t_hot": 365.63923862609937,
        "n_hot": 730840916844419.1,
        "t_hot_stdev": 174.5859745174068,
        "n_hot_stdev": 1247596260862.6233,
        "start_index": 45,
        "end_index": 774,
        "mse": 31983187.833318356
    },
    "nlsq": {
        "a1": 295743411049834.9,
        "b1": -0.003503132992498093,
        "a2": 512017728243675.5,
        "b2": -0.002578208918067806,
        "a0": -150288197927.0953,
        "a1_stdev": 190192638481021.25,
        "b1_stdev": 0.0005163498971931492,
        "a2_stdev": 197718797138568.03,
        "b2_stdev": 0.00012091629980639658,
        "a0_stdev": 4257392.6468286095,
        "start_index": 45,
        "end_index": 774,
        "t_hot": 387.8661628202856,
        "n_hot": 512017728243675.5,
        "t_hot_stdev": 18.190667521033237,
        "n_hot_stdev": 197718797138568.03,
        "mse": 16752153.567552604
    },
    "true_params": {
        "t_hot": 364.9198,
        "t_hot_stdev": 1.1247
    },
    "histogram": {
        "i": 1e+19,
        "l": 1.0,
        "a": 30.0,
        "filename": "hist_1e19_100_30"
    }
}