{
    "3exp": {
        "a1": 5552262784995386.0,
        "b1": -0.02384896567080183,
        "a2": 752437847860145.0,
        "b2": -0.002906805044400104,
        "a3": 134350173890297.94,
        "b3": -0.0014774196150244745,
        "t_hot": 676.8557759966077,
        "n_hot": 134350173890297.94,
        "start_index": 0,
        "end_index": 739,
        "critical_energy": 166.350201904265,
        "mse": 13612466.075873772
    },
    "2exp": {
        "a1": 770555409708290.2,
        "b1": -0.0028652435511457106,
        "a2": 116740989919946.83,
        "b2": -0.001436620132256308,
        "a1_stdev": 2375096933503.11,
        "b1_stdev": 0.00010314508480259111,
        "a2_stdev": 1051540833419.7736,
        "b2_stdev": 0.00014242657685921935,
        "t_hot": 696.0782308051281,
        "n_hot": 116740989919946.83,
        "t_hot_stdev": 69.00922339441948,
        "n_hot_stdev": 1051540833419.7736,
        "start_index": 31,
        "end_index": 739,
        "mse": 14525427.064597141
    },
    "nlsq": {
        "a1": 759940655548540.9,
        "b1": -0.0029640474357071644,
        "a2": 143834848896959.2,
        "b2": -0.001494780853230217,
        "a0": -84870796391.83386,
        "a1_stdev": 8048445983758.586,
        "b1_stdev": 4.0285487537291074e-05,
        "a2_stdev": 12178859456924.56,
        "b2_stdev": 2.924706922116172e-05,
        "a0_stdev": 2087465.434421262,
        "start_index": 31,
        "end_index": 739,
        "t_hot": 668.9943865945319,
        "n_hot": 143834848896959.2,
        "t_hot_stdev": 13.089627881583151,
        "n_hot_stdev": 12178859456924.56,
        "mse": 8934446.932556462
    },
    "true_params": {
        "t_hot": 576.8624,
        "t_hot_stdev": 4.3229
    },
    "histogram": {
        "i": 1e+19,
        "l": 1.0,
        "a": 3.0,
        "filename": "hist_1e19_100_3"
    }
}