{
    "3exp": {
        "a1": 6129956897240465.0,
        "b1": -0.38286673378052155,
        "a2": 763223536020763.5,
        "b2": -0.11644044366047365,
        "a3": 122495543199768.05,
        "b3": -0.03028054577827008,
        "t_hot": 33.02450382904326,
        "n_hot": 122495543199768.05,
        "start_index": 0,
        "end_index": 435,
        "critical_energy": 11.097622321368544,
        "mse": 1118447341.6640625
    },
    "2exp": {
        "a1": 808151515417115.6,
        "b1": -0.118160357417785,
        "a2": 123050404056994.25,
        "b2": -0.030365424707192484,
        "a1_stdev": 8895935086095.078,
        "b1_stdev": 0.001543821104130786,
        "a2_stdev": 794301467120.7972,
        "b2_stdev": 0.004000866644445176,
        "t_hot": 32.93219211135011,
        "n_hot": 123050404056994.25,
        "t_hot_stdev": 4.339057010309248,
        "n_hot_stdev": 794301467120.7972,
        "start_index": 35,
        "end_index": 435,
        "mse": 1116957814.427281
    },
    "nlsq": {
        "a1": 959035756310359.2,
        "b1": -0.13028736953536948,
        "a2": 139189553028206.14,
        "b2": -0.032149178844828014,
        "a0": 0.0,
        "a1_stdev": Infinity,
        "b1_stdev": Infinity,
        "a2_stdev": Infinity,
        "b2_stdev": Infinity,
        "a0_stdev": Infinity,
        "start_index": 35,
        "end_index": 435,
        "t_hot": 31.10499353114503,
        "n_hot": 139189553028206.14,
        "t_hot_stdev": Infinity,
        "n_hot_stdev": Infinity,
        "mse": 1026730361.1809143
    },
    "true_params": {
        "t_hot": 32.4863,
        "t_hot_stdev": 0.3952
    },
    "histogram": {
        "i": 1e+18,
        "l": 0.02,
        "a": 30.0,
        "filename": "hist_1e18_002_30"
    }
}