{
    "3exp": {
        "a1": 457872964420943.8,
        "b1": -0.09437504236689832,
        "a2": 69602089630806.71,
        "b2": -0.017727354963779043,
        "a3": 8685142340737.54,
        "b3": -0.00650603412416776,
        "t_hot": 153.7034667994334,
        "n_hot": 8685142340737.54,
        "start_index": 0,
        "end_index": 511,
        "a1_stdev": 1.8088868379532782e+18,
        "b1_stdev": 202.23404610982587,
        "a2_stdev": 9.527242030107082e+16,
        "b2_stdev": 36.67522919361239,
        "a3_stdev": 8.420977298253731e+16,
        "b3_stdev": 21.183752026386546,
        "t_hot_stdev": 500460.96656334976,
        "n_hot_stdev": 8.420977298253731e+16
    },
    "2exp": null,
    "2nlsq": null,
    "1nlsq": null,
    "true_params": {
        "t_hot": 114.9707,
        "t_hot_stdev": 3.809
    },
    "histogram": {
        "i": 1e+18,
        "l": 0.5,
        "a": 4.0,
        "filename": "hist_1e18_050_4"
    }
}