{
    "3exp": {
        "a1": 446171759558211.06,
        "b1": -0.2778945861128783,
        "a2": 16051692245074.816,
        "b2": -0.07750754520034371,
        "a3": 3360135371041.2437,
        "b3": -0.013968757049828494,
        "t_hot": 71.58833076077286,
        "n_hot": 3360135371041.2437,
        "start_index": 0,
        "end_index": 439,
        "a1_stdev": 5.755056478161711e+18,
        "b1_stdev": 1637.6566097351008,
        "a2_stdev": 4.4519679224230163e+17,
        "b2_stdev": 967.4060934166347,
        "a3_stdev": 1.7846535947630798e+16,
        "b3_stdev": 34.78038494770348,
        "t_hot_stdev": 178245.61575102867,
        "n_hot_stdev": 1.7846535947630798e+16,
        "critical_energy": 16.592338975671915,
        "mswe": 2.2381686817846e+18,
        "mse": 3.405467784505594e+19
    },
    "2exp": {
        "a0": -1323821863761.0098,
        "a1": 29511955415840.316,
        "b1": -0.08231743347699283,
        "a2": 3408645467515.473,
        "b2": -0.004590750634553273,
        "a0_stdev": 4.3181969976294664e+16,
        "a1_stdev": 4.9156656264322234e+17,
        "b1_stdev": 599.8783595474681,
        "a2_stdev": 2.8604084469191108e+16,
        "b2_stdev": 114.65658179817495,
        "t_hot": 217.82930061007556,
        "n_hot": 3408645467515.473,
        "t_hot_stdev": 5440409.425738444,
        "n_hot_stdev": 2.8604084469191108e+16,
        "start_index": 43,
        "end_index": 439,
        "mswe": 1.3779930290152937e+18,
        "mse": 2.311610344893857e+18
    },
    "2nlsq": {
        "a1": 59029225459863.38,
        "b1": -0.11749725439031544,
        "a2": 4171188696570.3223,
        "b2": -0.015939029344844518,
        "a0": -213003917633.65045,
        "a1_stdev": 52173696513291.48,
        "b1_stdev": 0.032475856564019134,
        "a2_stdev": 592046186406.6136,
        "b2_stdev": 0.002156596760894906,
        "a0_stdev": 64204861359.3209,
        "start_index": 43,
        "end_index": 439,
        "t_hot": 62.73907766682481,
        "n_hot": 4171188696570.3223,
        "t_hot_stdev": 8.48877862952,
        "n_hot_stdev": 592046186406.6136,
        "mswe": 5.861441932480522e+17,
        "mse": 3.1022432439630403e+18
    },
    "1nlsq": null,
    "true_params": {
        "t_hot": 67.3661,
        "t_hot_stdev": 5.7471
    },
    "histogram": {
        "i": 1e+17,
        "l": 0.5,
        "a": 10.0,
        "filename": "hist_1e17_050_10"
    }
}