{
    "3exp": {
        "a1": 445690768188546.2,
        "b1": -0.10444446435021297,
        "a2": 58361351053529.78,
        "b2": -0.018551145008164033,
        "a3": 7078625376728.147,
        "b3": -0.007102194993016654,
        "t_hot": 140.8015410705093,
        "n_hot": 7078625376728.147,
        "start_index": 0,
        "end_index": 752,
        "a1_stdev": 6.003987715364915e+17,
        "b1_stdev": 77.09040096321488,
        "a2_stdev": 3.260701348611299e+16,
        "b2_stdev": 12.087958032742094,
        "a3_stdev": 1.8829973728315708e+16,
        "b3_stdev": 5.105107708387224,
        "t_hot_stdev": 101209.13793251745,
        "n_hot_stdev": 1.8829973728315708e+16,
        "critical_energy": 23.668563615053095,
        "mswe": 4.699809571852541e+16,
        "mse": 9.786669118851092e+18
    },
    "2exp": {
        "a0": 35318101202.840355,
        "a1": 64475942888680.82,
        "b1": -0.024807061612936363,
        "a2": 18921829959995.28,
        "b2": -0.009803268709761311,
        "a0_stdev": 172042909314862.84,
        "a1_stdev": 4.018939830358703e+16,
        "b1_stdev": 25.458214079077333,
        "a2_stdev": 4.626523227085081e+16,
        "b2_stdev": 7.761116437711135,
        "t_hot": 102.0067927959865,
        "n_hot": 18921829959995.28,
        "t_hot_stdev": 80757.4105909008,
        "n_hot_stdev": 4.626523227085081e+16,
        "start_index": 34,
        "end_index": 752,
        "mswe": 3.7097632026004184e+16,
        "mse": 6.296319700704065e+17
    },
    "2nlsq": {
        "a1": 65155006995511.516,
        "b1": -0.022820420092445705,
        "a2": 14478190867109.521,
        "b2": -0.008846512745580716,
        "a0": -74354890116.3392,
        "a1_stdev": 1773349367716.0935,
        "b1_stdev": 0.001078612646656572,
        "a2_stdev": 2213039189437.3223,
        "b2_stdev": 0.0004662301834933343,
        "a0_stdev": 12237602783.212605,
        "start_index": 34,
        "end_index": 752,
        "t_hot": 113.03889213289733,
        "n_hot": 14478190867109.521,
        "t_hot_stdev": 5.95739190533935,
        "n_hot_stdev": 2213039189437.3223,
        "mswe": 1.7590520083726714e+16,
        "mse": 6.615041173475325e+17
    },
    "1nlsq": null,
    "true_params": {
        "t_hot": 108.7935,
        "t_hot_stdev": 4.4689
    },
    "histogram": {
        "i": 1e+18,
        "l": 0.5,
        "a": 3.0,
        "filename": "hist_1e18_050_3"
    }
}