{
    "3exp": {
        "a1": 3402043659247816.5,
        "b1": -0.024793474341886165,
        "a2": 581207849076551.2,
        "b2": -0.006348492740805867,
        "a3": 61974246509119.695,
        "b3": -0.0023539314950733296,
        "t_hot": 424.8211989571294,
        "n_hot": 61974246509119.695,
        "start_index": 0,
        "end_index": 512,
        "critical_energy": 178.49796289331806,
        "mse": 143586834.8742842
    },
    "2exp": {
        "a1": 723135593474572.4,
        "b1": -0.007414339735046932,
        "a2": 93081958163387.88,
        "b2": -0.002639991031028272,
        "a1_stdev": 7896965845572.844,
        "b1_stdev": 0.000247743417020221,
        "a2_stdev": 1211363469788.1216,
        "b2_stdev": 0.0004545645265986418,
        "t_hot": 378.78916566262035,
        "n_hot": 93081958163387.88,
        "t_hot_stdev": 65.22147831049945,
        "n_hot_stdev": 1211363469788.1216,
        "start_index": 48,
        "end_index": 512,
        "mse": 132388774.59169957
    },
    "nlsq": {
        "a1": 676274031295940.6,
        "b1": -0.007220872342812624,
        "a2": 93212530632783.75,
        "b2": -0.0026667642229708595,
        "a0": -164963930381.2921,
        "a1_stdev": 61157911353327.97,
        "b1_stdev": 0.0004759049130080479,
        "a2_stdev": 17372447328175.348,
        "b2_stdev": 0.00015904844459408503,
        "a0_stdev": 29995259.10456503,
        "start_index": 48,
        "end_index": 512,
        "t_hot": 374.9862816465898,
        "n_hot": 93212530632783.75,
        "t_hot_stdev": 22.364551138895838,
        "n_hot_stdev": 17372447328175.348,
        "mse": 111017888.24239033
    },
    "true_params": {
        "t_hot": 383.6997,
        "t_hot_stdev": 27.0015
    },
    "histogram": {
        "i": 1e+19,
        "l": 0.2,
        "a": 10.0,
        "filename": "hist_1e19_020_10"
    }
}