{
    "3exp": {
        "a1": 1782618134730957.2,
        "b1": -0.032925704174969,
        "a2": -32986802835.828728,
        "b2": 0.005527545521842824,
        "a3": 223949346895970.0,
        "b3": -0.00571556220258333,
        "t_hot": 174.96091627662074,
        "n_hot": 223949346895970.0,
        "start_index": 0,
        "end_index": 402,
        "a1_stdev": 3.730472713546307e+18,
        "b1_stdev": 52.80404119571314,
        "a2_stdev": 6176573160126553.0,
        "b2_stdev": 253.09557026607916,
        "a3_stdev": 5.5766457164919123e+17,
        "b3_stdev": 10.106977659796344,
        "t_hot_stdev": 309387.9498583802,
        "n_hot_stdev": 5.5766457164919123e+17
    },
    "2exp": null,
    "2nlsq": null,
    "1nlsq": null,
    "true_params": {
        "t_hot": 174.3355,
        "t_hot_stdev": 1.8059
    },
    "histogram": {
        "i": 1e+18,
        "l": 0.2,
        "a": 40.0,
        "filename": "hist_1e18_020_40"
    }
}