{
    "3exp": {
        "a1": 2042350780246978.5,
        "b1": -0.9108602363476153,
        "a2": 133688669437806.88,
        "b2": -0.36753943533788624,
        "a3": 831612569771.5508,
        "b3": -0.034493131889595276,
        "t_hot": 28.991278704432354,
        "n_hot": 831612569771.5508,
        "start_index": 0,
        "end_index": 359,
        "a1_stdev": 3.044606023089463e+19,
        "b1_stdev": 4469.16133866737,
        "a2_stdev": 1.823796601523104e+18,
        "b2_stdev": 1167.8372585696586,
        "a3_stdev": 3962800680336668.5,
        "b3_stdev": 115.60464535816881,
        "t_hot_stdev": 97165.0386469171,
        "n_hot_stdev": 3962800680336668.5,
        "critical_energy": 5.017925003496514,
        "mswe": 1.5953760711665864e+18,
        "mse": 2.7131560441262137e+19
    },
    "2exp": {
        "a0": 66496113257.512665,
        "a1": 200349261041252.3,
        "b1": -0.4062093260613734,
        "a2": 1129855789063.8127,
        "b2": -0.05344865889870452,
        "a0_stdev": 1309317963431125.8,
        "a1_stdev": 2.7230372009363866e+18,
        "b1_stdev": 1394.503425744356,
        "a2_stdev": 1.3472517885843882e+16,
        "b2_stdev": 578.4325720207833,
        "t_hot": 18.709543337564227,
        "n_hot": 1129855789063.8127,
        "t_hot_stdev": 202478.59342161892,
        "n_hot_stdev": 1.3472517885843882e+16,
        "start_index": 30,
        "end_index": 359,
        "mswe": 1.6119668880892163e+18,
        "mse": 3.7059925408141353e+18
    },
    "2nlsq": {
        "a1": 178394681249465.44,
        "b1": -0.3929456911835603,
        "a2": 948747186277.619,
        "b2": -0.039044421189618345,
        "a0": -23460553655.840485,
        "a1_stdev": 38561692817559.766,
        "b1_stdev": 0.0216883556255596,
        "a2_stdev": 141584999390.94885,
        "b2_stdev": 0.009427082834405194,
        "a0_stdev": 43020739479.47197,
        "start_index": 30,
        "end_index": 359,
        "t_hot": 25.61185361523283,
        "n_hot": 948747186277.619,
        "t_hot_stdev": 6.1838556755877505,
        "n_hot_stdev": 141584999390.94885,
        "mswe": 1.296317783704728e+18,
        "mse": 3.9893254888316995e+18
    },
    "1nlsq": null,
    "true_params": {
        "t_hot": 26.6032,
        "t_hot_stdev": 2.1615
    },
    "histogram": {
        "i": 1e+17,
        "l": 5.0,
        "a": 0.0,
        "filename": "hist_1e17_500_0"
    }
}