{
    "3exp": {
        "a1": 2391931707866984.0,
        "b1": -2.8918520253925513,
        "a2": 17133585178255.13,
        "b2": -0.5505673314515551,
        "a3": 4030458925536.1904,
        "b3": -0.3840607345016229,
        "t_hot": 2.603754849601201,
        "n_hot": 4030458925536.1904,
        "start_index": 0,
        "end_index": 325,
        "a1_stdev": 7.811887938312685e+19,
        "b1_stdev": 23660.129480893447,
        "a2_stdev": 8.485718084981866e+18,
        "b2_stdev": 86422.02529131371,
        "a3_stdev": 9.387279971461345e+18,
        "b3_stdev": 124287.14813082342,
        "t_hot_stdev": 842609.6073285692,
        "n_hot_stdev": 9.387279971461345e+18
    },
    "2exp": null,
    "2nlsq": null,
    "1nlsq": null,
    "true_params": {
        "t_hot": 2.0289,
        "t_hot_stdev": 0.0294
    },
    "histogram": {
        "i": 1e+17,
        "l": 0.02,
        "a": 3.0,
        "filename": "hist_1e17_002_3"
    }
}