{
    "3exp": {
        "a1": 1.0586962343660736e+16,
        "b1": -0.023216585660102672,
        "a2": 2058939121243381.8,
        "b2": -0.012671653056102539,
        "a3": 1171039881987103.5,
        "b3": -0.00419905431147668,
        "t_hot": 238.14886062960454,
        "n_hot": 1171039881987103.5,
        "start_index": 0,
        "end_index": 486,
        "a1_stdev": 5.138115776983567e+19,
        "b1_stdev": 95.7693754092681,
        "a2_stdev": 7.165024710331164e+19,
        "b2_stdev": 113.57574052390473,
        "a3_stdev": 1.5952488774786831e+18,
        "b3_stdev": 1.4442067572685136,
        "t_hot_stdev": 81908.0126725297,
        "n_hot_stdev": 1.5952488774786831e+18
    },
    "2exp": null,
    "2nlsq": null,
    "1nlsq": null,
    "true_params": {
        "t_hot": 232.7056,
        "t_hot_stdev": 1.436
    },
    "histogram": {
        "i": 1e+19,
        "l": 0.2,
        "a": 50.0,
        "filename": "hist_1e19_020_50"
    }
}