{
    "3exp": {
        "a1": 9829146744677484.0,
        "b1": -0.30664330264527206,
        "a2": 1873405849092955.8,
        "b2": -0.11261306521790762,
        "a3": 353199419652027.56,
        "b3": -0.03199901221687635,
        "t_hot": 31.25096466173408,
        "n_hot": 353199419652027.56,
        "start_index": 0,
        "end_index": 272,
        "a1_stdev": 7.184725082156916e+20,
        "b1_stdev": 10205.13014976066,
        "a2_stdev": 8.661347490630599e+19,
        "b2_stdev": 1861.6807011790304,
        "a3_stdev": 3.4341706273854894e+18,
        "b3_stdev": 100.91358213612266,
        "t_hot_stdev": 98554.50436566066,
        "n_hot_stdev": 3.4341706273854894e+18
    },
    "2exp": null,
    "2nlsq": null,
    "1nlsq": null,
    "true_params": {
        "t_hot": 30.2318,
        "t_hot_stdev": 0.3401
    },
    "histogram": {
        "i": 1e+18,
        "l": 0.01,
        "a": 45.0,
        "filename": "hist_1e18_001_45"
    }
}