{
    "3exp": {
        "a1": 613716133503891.8,
        "b1": -0.21520674912255627,
        "a2": 38003518190968.086,
        "b2": -0.028079388667244513,
        "a3": -12790919274.458593,
        "b3": 0.005060589279400952,
        "t_hot": 35.613310953828965,
        "n_hot": 38003518190968.086,
        "start_index": 0,
        "end_index": 484,
        "a1_stdev": 1.99980737433419e+18,
        "b1_stdev": 357.2721882853975,
        "a2_stdev": 8.360463735451288e+16,
        "b2_stdev": 66.62969788630807,
        "a3_stdev": 1.3372612177911074e+16,
        "b3_stdev": 5713.774941269944,
        "t_hot_stdev": 84506.9733427935,
        "n_hot_stdev": 8.360463735451288e+16
    },
    "2exp": null,
    "2nlsq": null,
    "1nlsq": null,
    "true_params": {
        "t_hot": 36.2435,
        "t_hot_stdev": 0.7237
    },
    "histogram": {
        "i": 1e+18,
        "l": 0.1,
        "a": 5.0,
        "filename": "hist_1e18_010_5"
    }
}