{
    "3exp": {
        "a1": 316434607430812.8,
        "b1": -0.07609089633664498,
        "a2": 52345386149389.58,
        "b2": -0.013693859423158894,
        "a3": 18481374895210.715,
        "b3": -0.0059599789874669505,
        "t_hot": 167.78582644382942,
        "n_hot": 18481374895210.715,
        "start_index": 0,
        "end_index": 703,
        "a1_stdev": 7.235537096892773e+17,
        "b1_stdev": 103.53009997045577,
        "a2_stdev": 4.422749310338329e+16,
        "b2_stdev": 18.42807388345252,
        "a3_stdev": 4.892229819066932e+16,
        "b3_stdev": 3.768196811708084,
        "t_hot_stdev": 106082.59149654425,
        "n_hot_stdev": 4.892229819066932e+16,
        "critical_energy": 28.835548912177895,
        "mswe": 5.3285242515269416e+16,
        "mse": 3.1378916389236077e+19
    },
    "2exp": {
        "a0": -194265462791.0983,
        "a1": 63563679805599.82,
        "b1": -0.014694942092189443,
        "a2": 16416707033089.125,
        "b2": -0.005307218699313096,
        "a0_stdev": 499591682250318.0,
        "a1_stdev": 2.4888957879925828e+16,
        "b1_stdev": 10.812434856881268,
        "a2_stdev": 3.6382399678113944e+16,
        "b2_stdev": 5.006877113109745,
        "t_hot": 188.42261015726152,
        "n_hot": 16416707033089.125,
        "t_hot_stdev": 177759.55878940813,
        "n_hot_stdev": 3.6382399678113944e+16,
        "start_index": 31,
        "end_index": 703,
        "mswe": 1.8286500733559124e+16,
        "mse": 2.7097339345454074e+17
    },
    "2nlsq": {
        "a1": 63385860734642.34,
        "b1": -0.014889749123003186,
        "a2": 17074326227658.861,
        "b2": -0.005345145664272931,
        "a0": -264337682079.57257,
        "a1_stdev": 1363904184173.7302,
        "b1_stdev": 0.0006052565188360689,
        "a2_stdev": 1959529681525.0044,
        "b2_stdev": 0.0002610192654189729,
        "a0_stdev": 26579788871.664047,
        "start_index": 31,
        "end_index": 703,
        "t_hot": 187.0856404688878,
        "n_hot": 17074326227658.861,
        "t_hot_stdev": 9.135944932619461,
        "n_hot_stdev": 1959529681525.0044,
        "mswe": 1.1482857985483458e+16,
        "mse": 2.7355517801853104e+17
    },
    "1nlsq": null,
    "true_params": {
        "t_hot": 144.5773,
        "t_hot_stdev": 2.186
    },
    "histogram": {
        "i": 1e+18,
        "l": 1.0,
        "a": 45.0,
        "filename": "hist_1e18_100_45"
    }
}