{
    "3exp": {
        "a1": 3794006684565261.5,
        "b1": -0.020664296196525794,
        "a2": 801653844590113.6,
        "b2": -0.0024372086895721136,
        "a3": 80156857815.99583,
        "b3": 0.000531810907068285,
        "t_hot": 410.30544666881366,
        "n_hot": 801653844590113.6,
        "start_index": 0,
        "end_index": 670,
        "critical_energy": 507.8738138600097,
        "mse": 260948901.98871502
    },
    "2exp": {
        "a1": 984197341589870.0,
        "b1": -0.0026859936204898503,
        "a2": 9474757520323.434,
        "b2": -0.0008816111373613779,
        "a1_stdev": 2524526251282.3853,
        "b1_stdev": 0.0001861255025234268,
        "a2_stdev": 444630877296.66205,
        "b2_stdev": 0.00026155013872006255,
        "t_hot": 1134.2869408308004,
        "n_hot": 9474757520323.434,
        "t_hot_stdev": 336.5122037938175,
        "n_hot_stdev": 444630877296.66205,
        "start_index": 92,
        "end_index": 670,
        "mse": 74784293.53739224
    },
    "nlsq": {
        "a1": 1051722145071100.2,
        "b1": -0.0028710942383528516,
        "a2": 36608038481736.555,
        "b2": -0.001197077644840819,
        "a0": -322275667855.18506,
        "a1_stdev": 17712497960417.312,
        "b1_stdev": 5.570423122660811e-05,
        "a2_stdev": 12561939212928.105,
        "b2_stdev": 0.0001264474348217334,
        "a0_stdev": 14563657.321841085,
        "start_index": 92,
        "end_index": 670,
        "t_hot": 835.3677009255107,
        "n_hot": 36608038481736.555,
        "t_hot_stdev": 88.23997622059507,
        "n_hot_stdev": 12561939212928.105,
        "mse": 17148892.187120046
    },
    "true_params": {
        "t_hot": 522.5313,
        "t_hot_stdev": 9.2643
    },
    "histogram": {
        "i": 1e+19,
        "l": 0.8,
        "a": 20.0,
        "filename": "hist_1e19_080_20"
    }
}