{
    "3exp": {
        "a1": 3297649805774624.5,
        "b1": -0.5138254135136737,
        "a2": 92298076286046.98,
        "b2": -0.15937070309540968,
        "a3": 20913575708583.523,
        "b3": -0.07416844782770993,
        "t_hot": 13.482822268614228,
        "n_hot": 20913575708583.523,
        "start_index": 0,
        "end_index": 184,
        "a1_stdev": 7.48113599985561e+19,
        "b1_stdev": 4065.2261507055987,
        "a2_stdev": 3.112131845479049e+18,
        "b2_stdev": 4003.723387120015,
        "a3_stdev": 1.2611514188917796e+18,
        "b3_stdev": 991.9477941882986,
        "t_hot_stdev": 180322.7140448263,
        "n_hot_stdev": 1.2611514188917796e+18
    },
    "2exp": null,
    "2nlsq": null,
    "1nlsq": null,
    "true_params": {
        "t_hot": 10.5468,
        "t_hot_stdev": 0.2654
    },
    "histogram": {
        "i": 1e+18,
        "l": 0.02,
        "a": 2.0,
        "filename": "hist_1e18_002_2"
    }
}