{
    "3exp": {
        "a1": 1272145374011199.5,
        "b1": -0.41326967161334,
        "a2": 98048764072428.48,
        "b2": -0.11197010019847302,
        "a3": 14002603088186.682,
        "b3": -0.044579771276601024,
        "t_hot": 22.431698758510205,
        "n_hot": 14002603088186.682,
        "start_index": 0,
        "end_index": 413,
        "a1_stdev": 8.51439158376712e+18,
        "b1_stdev": 1025.891614351896,
        "a2_stdev": 3.512076436691783e+17,
        "b2_stdev": 230.2458381944306,
        "a3_stdev": 6.3034465480258104e+16,
        "b3_stdev": 46.426089522633376,
        "t_hot_stdev": 23360.7312214712,
        "n_hot_stdev": 6.3034465480258104e+16,
        "critical_energy": 8.506467717795331,
        "mswe": 3.9904726405629434e+17,
        "mse": 2.1613997428771737e+20
    },
    "2exp": {
        "a0": 7684312738.334582,
        "a1": 121461166064818.53,
        "b1": -0.12463089716253434,
        "a2": 17050675967698.812,
        "b2": -0.047083245914061704,
        "a0_stdev": 226866277194024.9,
        "a1_stdev": 4.179864146271376e+17,
        "b1_stdev": 284.3885869768198,
        "a2_stdev": 9.763041742821474e+16,
        "b2_stdev": 77.17361065130135,
        "t_hot": 21.238977487347444,
        "n_hot": 17050675967698.812,
        "t_hot_stdev": 34812.56543425316,
        "n_hot_stdev": 9.763041742821474e+16,
        "start_index": 28,
        "end_index": 413,
        "mswe": 4.0129572889367565e+17,
        "mse": 8.760497667550212e+18
    },
    "2nlsq": {
        "a1": 153434202503577.0,
        "b1": -0.16651224299116085,
        "a2": 38539946469494.81,
        "b2": -0.06227913648462467,
        "a0": 431179074.0556237,
        "a1_stdev": 60154384963959.6,
        "b1_stdev": 0.029792048260684763,
        "a2_stdev": 6404641018328.448,
        "b2_stdev": 0.002688815532855659,
        "a0_stdev": 5257280632.584649,
        "start_index": 28,
        "end_index": 413,
        "t_hot": 16.056741574232934,
        "n_hot": 38539946469494.81,
        "t_hot_stdev": 0.6932275973753319,
        "n_hot_stdev": 6404641018328.448,
        "mswe": 2.4636571448078912e+17,
        "mse": 9.254048396782805e+18
    },
    "1nlsq": null,
    "true_params": {
        "t_hot": 17.2386,
        "t_hot_stdev": 0.7019
    },
    "histogram": {
        "i": 1e+18,
        "l": 0.05,
        "a": 1.0,
        "filename": "hist_1e18_005_1"
    }
}