{
    "3exp": {
        "a1": 428241154617460.1,
        "b1": -0.10151441425991319,
        "a2": 61384748259563.47,
        "b2": -0.0191403702825138,
        "a3": 6459594642964.178,
        "b3": -0.006953185049607514,
        "t_hot": 143.81898264831122,
        "n_hot": 6459594642964.178,
        "start_index": 0,
        "end_index": 712,
        "critical_energy": 44.35348345448847,
        "mse": 252476285.92354944
    },
    "2exp": {
        "a1": 61825974458672.73,
        "b1": -0.018879169945701206,
        "a2": 5957850355703.622,
        "b2": -0.006842860391817982,
        "a1_stdev": 437246805062.23114,
        "b1_stdev": 0.000818089119986322,
        "a2_stdev": 119440682533.74222,
        "b2_stdev": 0.001311786685703583,
        "t_hot": 146.13771767077134,
        "n_hot": 5957850355703.622,
        "t_hot_stdev": 28.014821484425557,
        "n_hot_stdev": 119440682533.74222,
        "start_index": 57,
        "end_index": 712,
        "mse": 260960462.4208511
    },
    "nlsq": {
        "a1": 63988788870429.96,
        "b1": -0.019662298007541077,
        "a2": 6940512800537.797,
        "b2": -0.0069992922659570245,
        "a0": -97855592820.85529,
        "a1_stdev": 2218596781042.8726,
        "b1_stdev": 0.0009795830464219832,
        "a2_stdev": 1861002334862.0745,
        "b2_stdev": 0.0007553428438644009,
        "a0_stdev": 34912202.75364878,
        "start_index": 57,
        "end_index": 712,
        "t_hot": 142.87158786950133,
        "n_hot": 6940512800537.797,
        "t_hot_stdev": 15.418277646963796,
        "n_hot_stdev": 1861002334862.0745,
        "mse": 98420434.0219516
    },
    "true_params": {
        "t_hot": 123.3058,
        "t_hot_stdev": 6.5299
    },
    "histogram": {
        "i": 1e+18,
        "l": 0.5,
        "a": 1.0,
        "filename": "hist_1e18_050_1"
    }
}