{
    "3exp": {
        "a1": 3907308743441505.5,
        "b1": -0.9794734819830497,
        "a2": 188459482403096.72,
        "b2": -0.2626033223346032,
        "a3": 13895074909632.594,
        "b3": -0.07856826314600764,
        "t_hot": 12.727785494527811,
        "n_hot": 13895074909632.594,
        "start_index": 0,
        "end_index": 212,
        "a1_stdev": 7.32924701223147e+20,
        "b1_stdev": 43267.806222649124,
        "a2_stdev": 7.768533686128088e+18,
        "b2_stdev": 4863.0229744348435,
        "a3_stdev": 5.936004310925256e+17,
        "b3_stdev": 1128.838093700668,
        "t_hot_stdev": 182867.8468807906,
        "n_hot_stdev": 5.936004310925256e+17,
        "critical_energy": 4.2291076535371115,
        "mswe": 7.274308889054567e+19,
        "mse": 3.127192108371057e+21
    },
    "2exp": {
        "a0": 164378017733.88538,
        "a1": 183065521977656.0,
        "b1": -0.268752391218563,
        "a2": 17799429458941.758,
        "b2": -0.09154972649774716,
        "a0_stdev": 3.323519819479253e+16,
        "a1_stdev": 1.289920951165161e+19,
        "b1_stdev": 11744.953110679848,
        "a2_stdev": 2.7169961505716716e+18,
        "b2_stdev": 5594.750123095004,
        "t_hot": 10.923025532191053,
        "n_hot": 17799429458941.758,
        "t_hot_stdev": 667523.550081819,
        "n_hot_stdev": 2.7169961505716716e+18,
        "start_index": 25,
        "end_index": 212,
        "mswe": 7.648908900161313e+19,
        "mse": 1.719281509041592e+20
    },
    "2nlsq": {
        "a1": 261486193228493.56,
        "b1": -0.32696309712358884,
        "a2": 29078648193003.547,
        "b2": -0.10704862558562188,
        "a0": -9686057367.40165,
        "a1_stdev": 213826456622567.4,
        "b1_stdev": 0.11170612072024473,
        "a2_stdev": 17873581087927.06,
        "b2_stdev": 0.02381568865730209,
        "a0_stdev": 136106058977.29247,
        "start_index": 25,
        "end_index": 212,
        "t_hot": 9.341549174773467,
        "n_hot": 29078648193003.547,
        "t_hot_stdev": 2.0782651389142517,
        "n_hot_stdev": 17873581087927.06,
        "mswe": 5.533845270529935e+19,
        "mse": 1.8621321076300228e+20
    },
    "1nlsq": null,
    "true_params": {
        "t_hot": 11.2066,
        "t_hot_stdev": 0.7525
    },
    "histogram": {
        "i": 1e+18,
        "l": 0.01,
        "a": 0.0,
        "filename": "hist_1e18_001_0"
    }
}