{
    "3exp": {
        "a1": 4201121903823666.0,
        "b1": -0.02136023086389889,
        "a2": 604781628812966.4,
        "b2": -0.0028655325988349058,
        "a3": 159149300233487.7,
        "b3": -0.0015473811920441794,
        "t_hot": 646.2531696400824,
        "n_hot": 159149300233487.7,
        "start_index": 0,
        "end_index": 838,
        "critical_energy": 165.2091539557757,
        "mse": 12717050.480436755
    },
    "2exp": {
        "a1": 620814400678742.5,
        "b1": -0.0028419388624626243,
        "a2": 147054198665357.22,
        "b2": -0.0015247038562113053,
        "a1_stdev": 1978049324952.6829,
        "b1_stdev": 0.00010452006885891866,
        "a2_stdev": 955141725363.2334,
        "b2_stdev": 0.00014220258796761542,
        "t_hot": 655.8650690927434,
        "n_hot": 147054198665357.22,
        "t_hot_stdev": 61.16972145285997,
        "n_hot_stdev": 955141725363.2334,
        "start_index": 33,
        "end_index": 838,
        "mse": 13041881.988467684
    },
    "nlsq": {
        "a1": 592652090273740.6,
        "b1": -0.002992091678861782,
        "a2": 191185459660351.47,
        "b2": -0.0016072223484447318,
        "a0": -51176287163.261475,
        "a1_stdev": 10260518514667.137,
        "b1_stdev": 5.2476138006905366e-05,
        "a2_stdev": 14418299301762.678,
        "b2_stdev": 2.5303070094701397e-05,
        "a0_stdev": 1172860.2571809127,
        "start_index": 33,
        "end_index": 838,
        "t_hot": 622.1914478526724,
        "n_hot": 191185459660351.47,
        "t_hot_stdev": 9.79538010566762,
        "n_hot_stdev": 14418299301762.678,
        "mse": 8487950.827228988
    },
    "true_params": {
        "t_hot": 613.9205,
        "t_hot_stdev": 14.1028
    },
    "histogram": {
        "i": 1e+19,
        "l": 1.0,
        "a": 4.0,
        "filename": "hist_1e19_100_4"
    }
}