{
    "3exp": {
        "a1": 2.3572529825672948e+16,
        "b1": -4.998707027530956,
        "a2": 315147675024564.94,
        "b2": -1.996415180126679,
        "a3": 14747515962151.535,
        "b3": -0.4842053489467737,
        "t_hot": 2.065239473655474,
        "n_hot": 14747515962151.535,
        "start_index": 0,
        "end_index": 314,
        "a1_stdev": 4.800395799223224e+21,
        "b1_stdev": 176787.0123906991,
        "a2_stdev": 4.1213706791090545e+19,
        "b2_stdev": 54806.635433044896,
        "a3_stdev": 2.0359457843800822e+17,
        "b3_stdev": 2124.8662813415335,
        "t_hot_stdev": 9063.009588827246,
        "n_hot_stdev": 2.0359457843800822e+17
    },
    "2exp": null,
    "2nlsq": null,
    "1nlsq": null,
    "true_params": {
        "t_hot": 1.9419,
        "t_hot_stdev": 0.0201
    },
    "histogram": {
        "i": 1e+17,
        "l": 0.02,
        "a": 2.0,
        "filename": "hist_1e17_002_2"
    }
}