{
    "3exp": {
        "a1": 292064608368972.2,
        "b1": -0.2602029084915197,
        "a2": 17475367031339.105,
        "b2": -0.06888041918330272,
        "a3": 1911600479685.9165,
        "b3": -0.011796024272656183,
        "t_hot": 84.77432539012773,
        "n_hot": 1911600479685.9165,
        "start_index": 0,
        "end_index": 451,
        "a1_stdev": 3.136101859425528e+18,
        "b1_stdev": 1131.191744757832,
        "a2_stdev": 1.6515486324337277e+17,
        "b2_stdev": 291.7019172637777,
        "a3_stdev": 6084628644630431.0,
        "b3_stdev": 18.602266011349602,
        "t_hot_stdev": 133688.64927613133,
        "n_hot_stdev": 6084628644630431.0,
        "critical_energy": 14.71955941191536,
        "mswe": 4.114072320953419e+17,
        "mse": 8.389818029655925e+18
    },
    "2exp": {
        "a0": 7685607729.000568,
        "a1": 19118746247165.645,
        "b1": -0.07167683623088067,
        "a2": 1985909716452.7932,
        "b2": -0.012252382062914433,
        "a0_stdev": 1839399928684919.5,
        "a1_stdev": 1.9148637313754032e+17,
        "b1_stdev": 395.17550443821204,
        "a2_stdev": 1.4556840733301316e+16,
        "b2_stdev": 90.72096540951554,
        "t_hot": 81.61678234200716,
        "n_hot": 1985909716452.7932,
        "t_hot_stdev": 604319.4906643274,
        "n_hot_stdev": 1.4556840733301316e+16,
        "start_index": 34,
        "end_index": 451,
        "mswe": 4.064320920705163e+17,
        "mse": 6.227843282634668e+17
    },
    "2nlsq": {
        "a1": 15541511300631.45,
        "b1": -0.06121335506167145,
        "a2": 1707550675586.338,
        "b2": -0.007681962784781945,
        "a0": -293209960030.65753,
        "a1_stdev": 3210078490466.2456,
        "b1_stdev": 0.008071224249602169,
        "a2_stdev": 210094483011.55035,
        "b2_stdev": 0.0027243944435821695,
        "a0_stdev": 156442110190.14297,
        "start_index": 34,
        "end_index": 451,
        "t_hot": 130.1750643703991,
        "n_hot": 1707550675586.338,
        "t_hot_stdev": 46.16635513598539,
        "n_hot_stdev": 210094483011.55035,
        "mswe": 1.8269989148586483e+17,
        "mse": 7.454986118584055e+17
    },
    "1nlsq": null,
    "true_params": {
        "t_hot": 77.0037,
        "t_hot_stdev": 4.4358
    },
    "histogram": {
        "i": 1e+17,
        "l": 2.0,
        "a": 10.0,
        "filename": "hist_1e17_200_10"
    }
}