{
    "3exp": {
        "a1": 4653493185851860.0,
        "b1": -1.7575441277616262,
        "a2": 248112286222615.88,
        "b2": -0.48295720434265976,
        "a3": 10894545440253.229,
        "b3": -0.14390662931779893,
        "t_hot": 6.948950195974857,
        "n_hot": 10894545440253.229,
        "start_index": 0,
        "end_index": 359,
        "a1_stdev": 2.0154177945620647e+20,
        "b1_stdev": 17807.155828845083,
        "a2_stdev": 2.086665620918546e+18,
        "b2_stdev": 1594.7643190751849,
        "a3_stdev": 1.0312704508744547e+17,
        "b3_stdev": 411.24257646720037,
        "t_hot_stdev": 19858.044037874668,
        "n_hot_stdev": 1.0312704508744547e+17
    },
    "2exp": null,
    "2nlsq": null,
    "1nlsq": null,
    "true_params": {
        "t_hot": 6.4115,
        "t_hot_stdev": 0.3142
    },
    "histogram": {
        "i": 1e+17,
        "l": 0.2,
        "a": 60.0,
        "filename": "hist_1e17_020_60"
    }
}