{
    "3exp": {
        "a1": 1726757768393699.0,
        "b1": -0.31452394372342596,
        "a2": 124234738383626.31,
        "b2": -0.10497087720817973,
        "a3": 2628891976519.8755,
        "b3": -0.017599382950732972,
        "t_hot": 56.82017391174231,
        "n_hot": 2628891976519.8755,
        "start_index": 0,
        "end_index": 396,
        "critical_energy": 21.848776450878443,
        "mse": 1896419120.7061691
    },
    "2exp": {
        "a1": 89060143845541.53,
        "b1": -0.09309102960808896,
        "a2": 2055292955502.9883,
        "b2": -0.015502638585517202,
        "a1_stdev": 1877132923870.334,
        "b1_stdev": 0.002420335994893598,
        "a2_stdev": 67883487235.123825,
        "b2_stdev": 0.006933362639401856,
        "t_hot": 64.50514823548909,
        "n_hot": 2055292955502.9883,
        "t_hot_stdev": 28.849126705619952,
        "n_hot_stdev": 67883487235.123825,
        "start_index": 59,
        "end_index": 396,
        "mse": 2370016563.594221
    },
    "nlsq": {
        "a1": 77280294485995.73,
        "b1": -0.08929879142068509,
        "a2": 2404899139641.1626,
        "b2": -0.018077314462740857,
        "a0": -122850458838.1414,
        "a1_stdev": 31212560691964.438,
        "b1_stdev": 0.014448182334369807,
        "a2_stdev": 1366403148600.207,
        "b2_stdev": 0.007926360392060645,
        "a0_stdev": 623906838.3368493,
        "start_index": 59,
        "end_index": 396,
        "t_hot": 55.317951239997484,
        "n_hot": 2404899139641.1626,
        "t_hot_stdev": 24.25526305814884,
        "n_hot_stdev": 1366403148600.207,
        "mse": 827351854.3465877
    },
    "true_params": {
        "t_hot": 48.6756,
        "t_hot_stdev": 6.0016
    },
    "histogram": {
        "i": 1e+18,
        "l": 0.5,
        "a": 60.0,
        "filename": "hist_1e18_050_60"
    }
}