{
    "3exp": {
        "a1": 1.4214503890360652e+16,
        "b1": -0.062428648862303315,
        "a2": 2082843281534614.8,
        "b2": -0.01951245493476673,
        "a3": 750018148583239.6,
        "b3": -0.006035816985595456,
        "t_hot": 165.67765430703267,
        "n_hot": 750018148583239.6,
        "start_index": 0,
        "end_index": 425,
        "a1_stdev": 2.0486108207687447e+20,
        "b1_stdev": 432.8543090612638,
        "a2_stdev": 2.1399790989162467e+19,
        "b2_stdev": 93.579499953075,
        "a3_stdev": 1.7781288677075666e+18,
        "b3_stdev": 4.362190840415118,
        "t_hot_stdev": 119738.14776100295,
        "n_hot_stdev": 1.7781288677075666e+18
    },
    "2exp": null,
    "2nlsq": null,
    "1nlsq": null,
    "true_params": {
        "t_hot": 175.2707,
        "t_hot_stdev": 5.2967
    },
    "histogram": {
        "i": 1e+19,
        "l": 0.05,
        "a": 3.0,
        "filename": "hist_1e19_005_3"
    }
}