{
    "3exp": {
        "a1": 5545554578347106.0,
        "b1": -0.02659224464787313,
        "a2": 798353162967469.5,
        "b2": -0.002528249084600007,
        "a3": 4648086502194.2295,
        "b3": -0.0006525384675744507,
        "t_hot": 1532.4767039667377,
        "n_hot": 4648086502194.2295,
        "start_index": 0,
        "end_index": 749,
        "a1_stdev": 1.158489791957716e+19,
        "b1_stdev": 17.962428008051823,
        "a2_stdev": 7.479077222882518e+16,
        "b2_stdev": 0.20927979178363568,
        "a3_stdev": 1.6742555305189304e+16,
        "b3_stdev": 0.9683304193961846,
        "t_hot_stdev": 2274109.3180038226,
        "n_hot_stdev": 1.6742555305189304e+16,
        "critical_energy": 80.54360067337485,
        "mswe": 1.2882766106668508e+16,
        "mse": 4.8142046264994285e+17
    },
    "2exp": {
        "a0": 1373855431574.7368,
        "a1": 806979213748135.6,
        "b1": -0.002517591617989534,
        "a2": -192599153286.7672,
        "b2": 0.0005354970606122732,
        "a0_stdev": 3744124880342162.5,
        "a1_stdev": 2.776137462672846e+16,
        "b1_stdev": 0.0673368055786475,
        "a2_stdev": 1646134944396140.0,
        "b2_stdev": 1.585703226851928,
        "t_hot": 397.2050084908398,
        "n_hot": 806979213748135.6,
        "t_hot_stdev": 10623.850286319113,
        "n_hot_stdev": 2.776137462672846e+16,
        "start_index": 25,
        "end_index": 749,
        "mswe": 1933685559632574.5,
        "mse": 2.2444013873003725e+17
    },
    "2nlsq": null,
    "1nlsq": null,
    "true_params": {
        "t_hot": 469.3716,
        "t_hot_stdev": 4.5486
    },
    "histogram": {
        "i": 1e+19,
        "l": 1.0,
        "a": 20.0,
        "filename": "hist_1e19_100_20"
    }
}