{
    "3exp": {
        "a1": 1556066184234486.0,
        "b1": -0.015911435857785795,
        "a2": 576067746380088.1,
        "b2": -0.00312089800333355,
        "a3": 40938959005437.27,
        "b3": -0.000957729115533836,
        "t_hot": 1044.1365765961937,
        "n_hot": 40938959005437.27,
        "start_index": 0,
        "end_index": 772,
        "critical_energy": 243.2730659229927,
        "mse": 49340443.63745467
    },
    "2exp": {
        "a1": 582647194771454.4,
        "b1": -0.003121882084873847,
        "a2": 40070533098635.66,
        "b2": -0.0009654803327965347,
        "a1_stdev": 2257982055051.5283,
        "b1_stdev": 4.4641929389944644e-05,
        "a2_stdev": 527763994776.5235,
        "b2_stdev": 7.783349321334291e-05,
        "t_hot": 1035.7538792152072,
        "n_hot": 40070533098635.66,
        "t_hot_stdev": 83.49868950212941,
        "n_hot_stdev": 527763994776.5235,
        "start_index": 44,
        "end_index": 772,
        "mse": 44800248.355114594
    },
    "nlsq": {
        "a1": 584822108211084.2,
        "b1": -0.0030430808189165267,
        "a2": 29401068500807.996,
        "b2": -0.0007848589702596704,
        "a0": -594704500543.6436,
        "a1_stdev": 8954219835554.88,
        "b1_stdev": 4.051513503511885e-05,
        "a2_stdev": 2345660821175.488,
        "b2_stdev": 3.465559285427921e-05,
        "a0_stdev": 13403671.295648636,
        "start_index": 44,
        "end_index": 772,
        "t_hot": 1274.1142522320288,
        "n_hot": 29401068500807.996,
        "t_hot_stdev": 56.2587502320052,
        "n_hot_stdev": 2345660821175.488,
        "mse": 22952585.051838763
    },
    "true_params": {
        "t_hot": 909.2089,
        "t_hot_stdev": 17.6015
    },
    "histogram": {
        "i": 1e+19,
        "l": 0.5,
        "a": 0.0,
        "filename": "hist_1e19_050_0"
    }
}