{
    "3exp": {
        "a1": 6829500023997436.0,
        "b1": -2.395783818101645,
        "a2": 529270629661613.75,
        "b2": -1.1190210272599845,
        "a3": 15719795523214.62,
        "b3": -0.4067824464377444,
        "t_hot": 2.458316500028828,
        "n_hot": 15719795523214.62,
        "start_index": 0,
        "end_index": 299,
        "a1_stdev": 1.4862266562783796e+20,
        "b1_stdev": 23786.562851961367,
        "a2_stdev": 2.7882868886827565e+19,
        "b2_stdev": 15299.478371840749,
        "a3_stdev": 7.53526297330481e+17,
        "b3_stdev": 4766.9707367239325,
        "t_hot_stdev": 28808.32966089283,
        "n_hot_stdev": 7.53526297330481e+17
    },
    "2exp": null,
    "2nlsq": null,
    "1nlsq": null,
    "true_params": {
        "t_hot": 2.1348,
        "t_hot_stdev": 0.0511
    },
    "histogram": {
        "i": 1e+17,
        "l": 1.0,
        "a": 45.0,
        "filename": "hist_1e17_100_45"
    }
}