{
    "3exp": {
        "a1": 3851188923066111.5,
        "b1": -1.5411828109836587,
        "a2": 206018139588602.7,
        "b2": -0.36674630996764485,
        "a3": 23762747776923.066,
        "b3": -0.09624762429630032,
        "t_hot": 10.38986683891001,
        "n_hot": 23762747776923.066,
        "start_index": 0,
        "end_index": 459,
        "a1_stdev": 3.463027598808883e+20,
        "b1_stdev": 36260.628361056966,
        "a2_stdev": 4.2321673474079324e+18,
        "b2_stdev": 3737.5387082157035,
        "a3_stdev": 3.275961891978576e+17,
        "b3_stdev": 493.5508668563317,
        "t_hot_stdev": 53278.48684430336,
        "n_hot_stdev": 3.275961891978576e+17,
        "critical_energy": 2.493257802438939,
        "mswe": 9.82768322425262e+19,
        "mse": 1.7822868040160639e+22
    },
    "2exp": {
        "a0": 126675014252.27573,
        "a1": 245322548387213.53,
        "b1": -0.4078786919014803,
        "a2": 29114887229514.98,
        "b2": -0.1072904279468867,
        "a0_stdev": 1.4329856741918604e+16,
        "a1_stdev": 4.860761381751535e+18,
        "b1_stdev": 4920.868679198694,
        "a2_stdev": 6.798222193257638e+17,
        "b2_stdev": 1263.3142623975837,
        "t_hot": 9.32049595789703,
        "n_hot": 29114887229514.98,
        "t_hot_stdev": 109746.18800159254,
        "n_hot_stdev": 6.798222193257638e+17,
        "start_index": 25,
        "end_index": 459,
        "mswe": 9.879809219471661e+19,
        "mse": 4.886251491851361e+20
    },
    "2nlsq": {
        "a1": 227473845338215.2,
        "b1": -0.3835672985503168,
        "a2": 25007590348062.586,
        "b2": -0.09861093521633693,
        "a0": -103874186777.01013,
        "a1_stdev": 21346373396143.617,
        "b1_stdev": 0.023645049925043994,
        "a2_stdev": 3452910029410.567,
        "b2_stdev": 0.0074400931839008,
        "a0_stdev": 96303504603.91316,
        "start_index": 25,
        "end_index": 459,
        "t_hot": 10.140863158899739,
        "n_hot": 25007590348062.586,
        "t_hot_stdev": 0.7651176484826706,
        "n_hot_stdev": 3452910029410.567,
        "mswe": 8.954422306391446e+19,
        "mse": 5.019518516357123e+20
    },
    "1nlsq": null,
    "true_params": {
        "t_hot": 9.4946,
        "t_hot_stdev": 0.2415
    },
    "histogram": {
        "i": 1e+17,
        "l": 0.01,
        "a": 30.0,
        "filename": "hist_1e17_001_30"
    }
}