{
    "3exp": {
        "a1": 2.726000531303374e+16,
        "b1": -4.5808411391410635,
        "a2": 491712934012486.56,
        "b2": -1.6317432758187038,
        "a3": 3745824311140.713,
        "b3": -0.5399893059473242,
        "t_hot": 1.8518885262841662,
        "n_hot": 3745824311140.713,
        "start_index": 0,
        "end_index": 230,
        "critical_energy": 2.2006583177764987,
        "mse": 8528786797.278779
    },
    "2exp": {
        "a1": 1872804400521091.8,
        "b1": -2.2137195500835896,
        "a2": 25470548817049.297,
        "b2": -0.8434420764770383,
        "a1_stdev": 79878769885358.08,
        "b1_stdev": 0.4599779772584874,
        "a2_stdev": 1051962162637.3868,
        "b2_stdev": 0.7976784726718587,
        "t_hot": 1.1856178721565402,
        "n_hot": 25470548817049.297,
        "t_hot_stdev": 1.121288443878143,
        "n_hot_stdev": 1051962162637.3868,
        "start_index": 62,
        "end_index": 230,
        "mse": 8396517156.337915
    },
    "nlsq": {
        "a1": 1.4232378000693268e+16,
        "b1": -3.131197139581972,
        "a2": 92369496647461.58,
        "b2": -1.117784292787133,
        "a0": 0.0,
        "a1_stdev": Infinity,
        "b1_stdev": Infinity,
        "a2_stdev": Infinity,
        "b2_stdev": Infinity,
        "a0_stdev": Infinity,
        "start_index": 62,
        "end_index": 230,
        "t_hot": 0.8946269923927411,
        "n_hot": 92369496647461.58,
        "t_hot_stdev": Infinity,
        "n_hot_stdev": Infinity,
        "mse": 6800954960.468367
    },
    "true_params": {
        "t_hot": 0.9338,
        "t_hot_stdev": 0.0244
    },
    "histogram": {
        "i": 1e+17,
        "l": 5.0,
        "a": 45.0,
        "filename": "hist_1e17_500_45"
    }
}