{
    "3exp": {
        "a1": 279765389240043.25,
        "b1": -0.1331493419711895,
        "a2": 54356994368335.49,
        "b2": -0.03936376360761024,
        "a3": 14834023174904.658,
        "b3": -0.01591465002722868,
        "t_hot": 62.83518634020106,
        "n_hot": 14834023174904.658,
        "start_index": 0,
        "end_index": 517,
        "a1_stdev": 8.516239791059986e+17,
        "b1_stdev": 339.0218157245688,
        "a2_stdev": 2.1877216510448717e+17,
        "b2_stdev": 111.6863096611359,
        "a3_stdev": 5.939407858870012e+16,
        "b3_stdev": 14.988375082870757,
        "t_hot_stdev": 59178.01143334421,
        "n_hot_stdev": 5.939407858870012e+16,
        "critical_energy": 17.46940295552502,
        "mswe": 2.050843717500217e+17,
        "mse": 8.282826878552644e+19
    },
    "2exp": {
        "a0": 23057928411.001514,
        "a1": 90424363723634.56,
        "b1": -0.057200000711292685,
        "a2": 24070206431573.156,
        "b2": -0.018568965389470095,
        "a0_stdev": 282754506045724.25,
        "a1_stdev": 3.3552465574263405e+17,
        "b1_stdev": 141.8527085994171,
        "a2_stdev": 6.606356488351109e+16,
        "b2_stdev": 17.668241476862736,
        "t_hot": 53.853296563688474,
        "n_hot": 24070206431573.156,
        "t_hot_stdev": 51241.03729289697,
        "n_hot_stdev": 6.606356488351109e+16,
        "start_index": 33,
        "end_index": 517,
        "mswe": 1.8033613898314698e+17,
        "mse": 2.293116774696288e+18
    },
    "2nlsq": {
        "a1": 116663816229992.25,
        "b1": -0.07176740581071783,
        "a2": 32142137801018.336,
        "b2": -0.020842450212201036,
        "a0": -40478548075.48518,
        "a1_stdev": 34045273032021.695,
        "b1_stdev": 0.009972308867048401,
        "a2_stdev": 2762349714317.0234,
        "b2_stdev": 0.0006261832405669491,
        "a0_stdev": 8750019562.805723,
        "start_index": 33,
        "end_index": 517,
        "t_hot": 47.979003899196385,
        "n_hot": 32142137801018.336,
        "t_hot_stdev": 1.4414643112922354,
        "n_hot_stdev": 2762349714317.0234,
        "mswe": 8.763261053349406e+16,
        "mse": 2.3677704786752225e+18
    },
    "1nlsq": null,
    "true_params": {
        "t_hot": 57.3069,
        "t_hot_stdev": 2.675
    },
    "histogram": {
        "i": 1e+18,
        "l": 0.2,
        "a": 3.0,
        "filename": "hist_1e18_020_3"
    }
}