{
    "3exp": {
        "a1": 399862416444231.3,
        "b1": -0.20298986403045688,
        "a2": 28147253661753.582,
        "b2": -0.03186110899490953,
        "a3": 93335812184.3344,
        "b3": -0.010035477448674978,
        "t_hot": 99.64647971303386,
        "n_hot": 93335812184.3344,
        "start_index": 0,
        "end_index": 519,
        "a1_stdev": 6.543416599266646e+17,
        "b1_stdev": 184.20037161387484,
        "a2_stdev": 2.6022634036175216e+16,
        "b2_stdev": 61.85197499059608,
        "a3_stdev": 3.3391163405731124e+16,
        "b3_stdev": 1645.9544546414327,
        "t_hot_stdev": 16343374.59396718,
        "n_hot_stdev": 3.3391163405731124e+16,
        "critical_energy": 15.506866391536043,
        "mswe": 4.230688086550954e+17,
        "mse": 6.809705142770392e+18
    },
    "2exp": {
        "a0": -49508600800.85078,
        "a1": 1034305354660377.4,
        "b1": -0.21755091753371084,
        "a2": 25112279392865.94,
        "b2": -0.02969278772488299,
        "a0_stdev": 274760127473761.72,
        "a1_stdev": 3.3759165812127814e+19,
        "b1_stdev": 1283.7024674452387,
        "a2_stdev": 2.7136074952835348e+16,
        "b2_stdev": 15.325758344268207,
        "t_hot": 33.678212004391405,
        "n_hot": 25112279392865.94,
        "t_hot_stdev": 17382.81172615527,
        "n_hot_stdev": 2.7136074952835348e+16,
        "start_index": 47,
        "end_index": 519,
        "mswe": 3.221952368539054e+17,
        "mse": 6.138061485703503e+18
    },
    "2nlsq": {
        "a1": 4236202222180958.0,
        "b1": -0.27727324917401003,
        "a2": 27079977284800.2,
        "b2": -0.031214060853847425,
        "a0": -67634135299.71322,
        "a1_stdev": 7204648194859629.0,
        "b1_stdev": 0.06693589142873174,
        "a2_stdev": 932815229502.5352,
        "b2_stdev": 0.0005206541307632019,
        "a0_stdev": 8602802479.06536,
        "start_index": 47,
        "end_index": 519,
        "t_hot": 32.03684405826807,
        "n_hot": 27079977284800.2,
        "t_hot_stdev": 0.5343782493939052,
        "n_hot_stdev": 932815229502.5352,
        "mswe": 2.6121593627796154e+17,
        "mse": 6.334578279030281e+18
    },
    "1nlsq": null,
    "true_params": {
        "t_hot": 31.7386,
        "t_hot_stdev": 0.6593
    },
    "histogram": {
        "i": 1e+18,
        "l": 0.1,
        "a": 2.0,
        "filename": "hist_1e18_010_2"
    }
}