{
    "3exp": {
        "a1": 3601408020327525.0,
        "b1": -1.2813522790777756,
        "a2": 276281185661880.16,
        "b2": -0.35427333988551823,
        "a3": 38728730565864.34,
        "b3": -0.08240211526803458,
        "t_hot": 12.135610800126146,
        "n_hot": 38728730565864.34,
        "start_index": 0,
        "end_index": 482,
        "critical_energy": 3.780389364851769,
        "mse": 5134724978.644983
    },
    "2exp": {
        "a1": 315487738853195.44,
        "b1": -0.3691020350455034,
        "a2": 39243691703686.46,
        "b2": -0.08320797111127547,
        "a1_stdev": 4309151152771.62,
        "b1_stdev": 0.004770426059076321,
        "a2_stdev": 333622484433.3032,
        "b2_stdev": 0.013869110595062722,
        "t_hot": 12.018079357597635,
        "n_hot": 39243691703686.46,
        "t_hot_stdev": 2.0031743296307245,
        "n_hot_stdev": 333622484433.3032,
        "start_index": 32,
        "end_index": 482,
        "mse": 5155647347.898508
    },
    "nlsq": {
        "a1": 569214186248923.6,
        "b1": -0.4892146434590187,
        "a2": 54384668829780.16,
        "b2": -0.09848387861276141,
        "a0": 0.0,
        "a1_stdev": Infinity,
        "b1_stdev": Infinity,
        "a2_stdev": Infinity,
        "b2_stdev": Infinity,
        "a0_stdev": Infinity,
        "start_index": 32,
        "end_index": 482,
        "t_hot": 10.153946149216967,
        "n_hot": 54384668829780.16,
        "t_hot_stdev": Infinity,
        "n_hot_stdev": Infinity,
        "mse": 3770317243.575943
    },
    "true_params": {
        "t_hot": 11.5437,
        "t_hot_stdev": 0.2561
    },
    "histogram": {
        "i": 1e+17,
        "l": 0.02,
        "a": 30.0,
        "filename": "hist_1e17_002_30"
    }
}