{
    "3exp": {
        "a1": 354398958892681.4,
        "b1": -0.27779212494741556,
        "a2": 94045859869555.11,
        "b2": -0.14807937012701347,
        "a3": 19897545373560.195,
        "b3": -0.032319315275632074,
        "t_hot": 30.94124957387244,
        "n_hot": 19897545373560.195,
        "start_index": 0,
        "end_index": 593,
        "critical_energy": 11.7317551742504,
        "mse": 707259348.732766
    },
    "2exp": {
        "a1": 261461372281602.53,
        "b1": -0.18276071651341963,
        "a2": 19998658957756.93,
        "b2": -0.03249181007408597,
        "a1_stdev": 7204569124685.654,
        "b1_stdev": 0.0024529408932165092,
        "a2_stdev": 164781987035.15176,
        "b2_stdev": 0.009603785877340846,
        "t_hot": 30.776986499670443,
        "n_hot": 19998658957756.93,
        "t_hot_stdev": 9.09692589051488,
        "n_hot_stdev": 164781987035.15176,
        "start_index": 41,
        "end_index": 593,
        "mse": 708356080.6387162
    },
    "nlsq": {
        "a1": 357956387147796.44,
        "b1": -0.20055865375624943,
        "a2": 21411972683901.004,
        "b2": -0.03407646088748206,
        "a0": -40267922711.864174,
        "a1_stdev": 204185485361521.22,
        "b1_stdev": 0.028231956639846137,
        "a2_stdev": 974986563952.6427,
        "b2_stdev": 0.000685843870525917,
        "a0_stdev": 33724100.05790525,
        "start_index": 41,
        "end_index": 593,
        "t_hot": 29.345770480741106,
        "n_hot": 21411972683901.004,
        "t_hot_stdev": 0.590631077462336,
        "n_hot_stdev": 974986563952.6427,
        "mse": 461140695.30670744
    },
    "true_params": {
        "t_hot": 30.0439,
        "t_hot_stdev": 0.7214
    },
    "histogram": {
        "i": 1e+18,
        "l": 0.1,
        "a": 1.0,
        "filename": "hist_1e18_010_1"
    }
}