{
    "3exp": {
        "a1": 1.7334254961851684e+16,
        "b1": -4.577730656676729,
        "a2": 52745614984774.85,
        "b2": -1.3155745232195313,
        "a3": 4649560822945.958,
        "b3": -0.4676236774244228,
        "t_hot": 2.138471699097443,
        "n_hot": 4649560822945.958,
        "start_index": 0,
        "end_index": 187,
        "a1_stdev": 3.472820519796166e+21,
        "b1_stdev": 166641.65428295257,
        "a2_stdev": 1.7383691404150082e+19,
        "b2_stdev": 219166.1664582952,
        "a3_stdev": 2.528534208658311e+18,
        "b3_stdev": 82132.8913096618,
        "t_hot_stdev": 375598.73913601134,
        "n_hot_stdev": 2.528534208658311e+18
    },
    "2exp": null,
    "2nlsq": null,
    "1nlsq": null,
    "true_params": {
        "t_hot": 1.5132,
        "t_hot_stdev": 0.1257
    },
    "histogram": {
        "i": 1e+17,
        "l": 0.01,
        "a": 2.0,
        "filename": "hist_1e17_001_2"
    }
}