{
    "3exp": {
        "a1": 5380063673270586.0,
        "b1": -0.032578901117240495,
        "a2": 1127236874130829.8,
        "b2": -0.008944361522930723,
        "a3": 150561040137893.22,
        "b3": -0.004757533932012445,
        "t_hot": 210.19293068436366,
        "n_hot": 150561040137893.22,
        "start_index": 0,
        "end_index": 523,
        "critical_energy": 128.53742521649727,
        "mse": 259747280.32042918
    },
    "2exp": {
        "a1": 1178219612036946.8,
        "b1": -0.01002212082446573,
        "a2": 268332797639764.22,
        "b2": -0.005300868160724292,
        "a1_stdev": 14001503379199.242,
        "b1_stdev": 0.0011565778547498239,
        "a2_stdev": 3969810332479.1567,
        "b2_stdev": 0.0016228427709533545,
        "t_hot": 188.6483439466194,
        "n_hot": 268332797639764.22,
        "t_hot_stdev": 57.75404932618859,
        "n_hot_stdev": 3969810332479.1567,
        "start_index": 51,
        "end_index": 523,
        "mse": 248434017.00244394
    },
    "nlsq": {
        "a1": 1460156197727852.2,
        "b1": -0.01562565112915626,
        "a2": 709617600387428.9,
        "b2": -0.006581149417411574,
        "a0": 5542388972.738599,
        "a1_stdev": 595949910657253.6,
        "b1_stdev": 0.0027855242630192576,
        "a2_stdev": 71123054657041.05,
        "b2_stdev": 0.00014509556090712425,
        "a0_stdev": 11582466.18201188,
        "start_index": 51,
        "end_index": 523,
        "t_hot": 151.94914088325154,
        "n_hot": 709617600387428.9,
        "t_hot_stdev": 3.3500448671597507,
        "n_hot_stdev": 71123054657041.05,
        "mse": 201410270.16097474
    },
    "true_params": {
        "t_hot": 177.2035,
        "t_hot_stdev": 5.973
    },
    "histogram": {
        "i": 1e+19,
        "l": 0.1,
        "a": 3.0,
        "filename": "hist_1e19_010_3"
    }
}