{
    "3exp": {
        "a1": 1556999074124558.2,
        "b1": -0.016194341715742314,
        "a2": 1002170922711530.2,
        "b2": -0.005629026833626586,
        "a3": 490069615667647.44,
        "b3": -0.002600036109165866,
        "t_hot": 384.61004309698467,
        "n_hot": 490069615667647.44,
        "start_index": 0,
        "end_index": 764,
        "a1_stdev": 4.565708502817538e+17,
        "b1_stdev": 5.757686784211735,
        "a2_stdev": 2.5366894440943206e+17,
        "b2_stdev": 0.9828021827977851,
        "a3_stdev": 8.622377407152934e+16,
        "b3_stdev": 0.09496045070276266,
        "t_hot_stdev": 14047.013773595521,
        "n_hot_stdev": 8.622377407152934e+16,
        "critical_energy": 41.701712958910285,
        "mswe": 324989919451767.25,
        "mse": 2.227023191721306e+20
    },
    "2exp": {
        "a0": -5272095746.83202,
        "a1": 1212299338626518.0,
        "b1": -0.006100611042255656,
        "a2": 504227582596736.44,
        "b2": -0.0026127618807239663,
        "a0_stdev": 21411782291957.65,
        "a1_stdev": 8.953019419923856e+16,
        "b1_stdev": 0.5099427719260741,
        "a2_stdev": 5.953675090115529e+16,
        "b2_stdev": 0.07590208631078214,
        "t_hot": 382.7367535394812,
        "n_hot": 504227582596736.44,
        "t_hot_stdev": 11118.700986793594,
        "n_hot_stdev": 5.953675090115529e+16,
        "start_index": 25,
        "end_index": 764,
        "mswe": 316973110679720.3,
        "mse": 6.886626822265107e+16
    },
    "2nlsq": {
        "a1": 1213400832168916.8,
        "b1": -0.006367259605822103,
        "a2": 546310801917391.94,
        "b2": -0.0026745165732984244,
        "a0": 20334349364.64451,
        "a1_stdev": 14206094164357.691,
        "b1_stdev": 7.829575631691975e-05,
        "a2_stdev": 8167130177638.421,
        "b2_stdev": 9.995568086883644e-06,
        "a0_stdev": 2847195421.528032,
        "start_index": 25,
        "end_index": 764,
        "t_hot": 373.8993468889674,
        "n_hot": 546310801917391.94,
        "t_hot_stdev": 1.3973876313882112,
        "n_hot_stdev": 8167130177638.421,
        "mswe": 281997531466915.25,
        "mse": 6.768303314524868e+16
    },
    "1nlsq": null,
    "true_params": {
        "t_hot": 483.801,
        "t_hot_stdev": 9.371
    },
    "histogram": {
        "i": 1e+19,
        "l": 5.0,
        "a": 30.0,
        "filename": "hist_1e19_500_30"
    }
}