{
    "3exp": {
        "a1": 6108176033966796.0,
        "b1": -0.07143046935405131,
        "a2": 894677294600859.9,
        "b2": -0.020362485565382244,
        "a3": 124321112823077.6,
        "b3": -0.007918931558969153,
        "t_hot": 126.27966191567579,
        "n_hot": 124321112823077.6,
        "start_index": 0,
        "end_index": 568,
        "critical_energy": 61.31981343075357,
        "mse": 108097390.57730682
    },
    "2exp": {
        "a1": 1068982818600115.9,
        "b1": -0.022883545480599864,
        "a2": 158816679064116.6,
        "b2": -0.008444087283169624,
        "a1_stdev": 6284825511574.287,
        "b1_stdev": 0.00039120343403361283,
        "a2_stdev": 929813026176.8986,
        "b2_stdev": 0.0007190506939485883,
        "t_hot": 118.42606151089356,
        "n_hot": 158816679064116.6,
        "t_hot_stdev": 10.08449330938727,
        "n_hot_stdev": 929813026176.8986,
        "start_index": 46,
        "end_index": 568,
        "mse": 107529880.1431069
    },
    "nlsq": {
        "a1": 919079305781584.8,
        "b1": -0.020795019785905953,
        "a2": 133173142505780.02,
        "b2": -0.008122099237582857,
        "a0": -18664472106.638172,
        "a1_stdev": 40644689410196.77,
        "b1_stdev": 0.0006639767392817842,
        "a2_stdev": 11824187997570.578,
        "b2_stdev": 0.0002030478859875647,
        "a0_stdev": 23934796.582335446,
        "start_index": 46,
        "end_index": 568,
        "t_hot": 123.12087931316643,
        "n_hot": 133173142505780.02,
        "t_hot_stdev": 3.0779523290961883,
        "n_hot_stdev": 11824187997570.578,
        "mse": 105358690.68540736
    },
    "true_params": {
        "t_hot": 139.41,
        "t_hot_stdev": 4.7401
    },
    "histogram": {
        "i": 1e+19,
        "l": 0.5,
        "a": 60.0,
        "filename": "hist_1e19_050_60"
    }
}