{
    "3exp": {
        "a1": 1275909127696849.5,
        "b1": -0.4053175217592314,
        "a2": 35174498846643.848,
        "b2": -0.09204164577229694,
        "a3": 2728503847143.812,
        "b3": -0.011768271250644793,
        "t_hot": 84.97424801839176,
        "n_hot": 2728503847143.812,
        "start_index": 0,
        "end_index": 340,
        "a1_stdev": 4.447722331834852e+19,
        "b1_stdev": 3996.247160000427,
        "a2_stdev": 6.403631053572305e+17,
        "b2_stdev": 778.0149823081217,
        "a3_stdev": 2.262945863127815e+16,
        "b3_stdev": 70.41079981099185,
        "t_hot_stdev": 508409.8283326647,
        "n_hot_stdev": 2.262945863127815e+16
    },
    "2exp": null,
    "2nlsq": null,
    "1nlsq": null,
    "true_params": {
        "t_hot": 67.3661,
        "t_hot_stdev": 5.7471
    },
    "histogram": {
        "i": 1e+17,
        "l": 0.5,
        "a": 10.0,
        "filename": "hist_1e17_050_10"
    }
}