{
    "3exp": {
        "a1": 1444136744178389.5,
        "b1": -0.008292286944065835,
        "a2": 467667808150851.7,
        "b2": -0.001651195848046103,
        "a3": 302820985088.61566,
        "b3": -2.244390049982441e-05,
        "t_hot": 44555.53525590721,
        "n_hot": 302820985088.61566,
        "start_index": 0,
        "end_index": 794,
        "a1_stdev": 3.702996845954127e+17,
        "b1_stdev": 1.6026469836757742,
        "a2_stdev": 5.152903277470227e+16,
        "b2_stdev": 0.09744867500602832,
        "a3_stdev": 1537004326493981.8,
        "b3_stdev": 0.9556408823965038,
        "t_hot_stdev": 1897134191.4448795,
        "n_hot_stdev": 1537004326493981.8,
        "critical_energy": 169.7776411455659,
        "mswe": 2824413121605905.0,
        "mse": 1.5977777061059955e+17
    },
    "2exp": {
        "a0": 424330240645.967,
        "a1": 2280934012656372.5,
        "b1": -0.00933239714632094,
        "a2": 469446620649849.9,
        "b2": -0.0016593979295234775,
        "a0_stdev": 138910302259920.77,
        "a1_stdev": 7.590817044819196e+18,
        "b1_stdev": 9.274409786341014,
        "a2_stdev": 7.530534787987896e+16,
        "b2_stdev": 0.10879322780025817,
        "t_hot": 602.6282076217643,
        "n_hot": 469446620649849.9,
        "t_hot_stdev": 39509.43092322829,
        "n_hot_stdev": 7.530534787987896e+16,
        "start_index": 30,
        "end_index": 794,
        "mswe": 5857558226678904.0,
        "mse": 1.2289079380105758e+17
    },
    "2nlsq": {
        "a1": 3751539835713079.5,
        "b1": -0.010473953113247076,
        "a2": 457652676144691.56,
        "b2": -0.0016202957399017162,
        "a0": 7509906037.534717,
        "a1_stdev": 592351291992270.5,
        "b1_stdev": 0.00043493790005664384,
        "a2_stdev": 2967381184490.3965,
        "b2_stdev": 4.472103931640619e-06,
        "a0_stdev": 6443191148.501153,
        "start_index": 30,
        "end_index": 794,
        "t_hot": 617.1712826083576,
        "n_hot": 457652676144691.56,
        "t_hot_stdev": 1.7034261409685243,
        "n_hot_stdev": 2967381184490.3965,
        "mswe": 816722930360520.9,
        "mse": 1.0471846543998206e+17
    },
    "1nlsq": null,
    "true_params": {
        "t_hot": 697.0808,
        "t_hot_stdev": 3.3528
    },
    "histogram": {
        "i": 1e+19,
        "l": 5.0,
        "a": 4.0,
        "filename": "hist_1e19_500_4"
    }
}