{
    "3exp": {
        "a1": 1582247534395852.5,
        "b1": -0.012854747700397932,
        "a2": 580201897386767.8,
        "b2": -0.002444756777990971,
        "a3": 20349408569974.723,
        "b3": -0.0007017407990833747,
        "t_hot": 1425.0275903955082,
        "n_hot": 20349408569974.723,
        "start_index": 0,
        "end_index": 782,
        "critical_energy": 358.2281975276138,
        "mse": 148943136.24892253
    },
    "2exp": {
        "a1": 615273205990042.1,
        "b1": -0.002445955190945068,
        "a2": 14351483453887.033,
        "b2": -0.0006504807759761504,
        "a1_stdev": 1877924470361.8953,
        "b1_stdev": 5.53881006676691e-05,
        "a2_stdev": 381324893773.8733,
        "b2_stdev": 8.744914487146508e-05,
        "t_hot": 1537.3244482119248,
        "n_hot": 14351483453887.033,
        "t_hot_stdev": 206.67437586358255,
        "n_hot_stdev": 381324893773.8733,
        "start_index": 59,
        "end_index": 782,
        "mse": 125789036.24299519
    },
    "nlsq": {
        "a1": 695055678024353.4,
        "b1": -0.002756659497334036,
        "a2": 35588330693103.14,
        "b2": -0.0008457699474415907,
        "a0": -443792401465.54596,
        "a1_stdev": 13246513944462.115,
        "b1_stdev": 4.508491042714232e-05,
        "a2_stdev": 3981467063454.5938,
        "b2_stdev": 4.06652384644275e-05,
        "a0_stdev": 9902927.219478896,
        "start_index": 59,
        "end_index": 782,
        "t_hot": 1182.3546143072913,
        "n_hot": 35588330693103.14,
        "t_hot_stdev": 56.848475741853775,
        "n_hot_stdev": 3981467063454.5938,
        "mse": 26024467.024365712
    },
    "true_params": {
        "t_hot": 895.6603,
        "t_hot_stdev": 22.7682
    },
    "histogram": {
        "i": 1e+19,
        "l": 0.6,
        "a": 5.0,
        "filename": "hist_1e19_060_5"
    }
}