{
    "3exp": {
        "a1": 2598706442632839.5,
        "b1": -0.07313208586937427,
        "a2": 409785110257742.4,
        "b2": -0.011911271312236228,
        "a3": -309699829815.46735,
        "b3": 0.0011063615134106412,
        "t_hot": 83.95409472141891,
        "n_hot": 409785110257742.4,
        "start_index": 0,
        "end_index": 522,
        "critical_energy": NaN,
        "mse": 344774838.7832666
    },
    "2exp": {
        "a1": 1201908478243909.0,
        "b1": -0.05603794803903364,
        "a2": 405247837610667.4,
        "b2": -0.012064560115902819,
        "a1_stdev": 17507127859449.355,
        "b1_stdev": 0.0009224379864062812,
        "a2_stdev": 991022695239.2739,
        "b2_stdev": 0.0030512966460141257,
        "t_hot": 82.88739832974571,
        "n_hot": 405247837610667.4,
        "t_hot_stdev": 20.963386819799005,
        "n_hot_stdev": 991022695239.2739,
        "start_index": 25,
        "end_index": 522,
        "mse": 1666539308.0804417
    },
    "nlsq": {
        "a1": 5.0296912972743944e+16,
        "b1": -0.1412654100843756,
        "a2": 499812282081554.9,
        "b2": -0.013393615897363651,
        "a0": 0.0,
        "a1_stdev": Infinity,
        "b1_stdev": Infinity,
        "a2_stdev": Infinity,
        "b2_stdev": Infinity,
        "a0_stdev": Infinity,
        "start_index": 25,
        "end_index": 522,
        "t_hot": 74.66243676562624,
        "n_hot": 499812282081554.9,
        "t_hot_stdev": Infinity,
        "n_hot_stdev": Infinity,
        "mse": 905288101.069331
    },
    "true_params": {
        "t_hot": 85.6968,
        "t_hot_stdev": 0.6431
    },
    "histogram": {
        "i": 1e+18,
        "l": 0.1,
        "a": 30.0,
        "filename": "hist_1e18_010_30"
    }
}