{
    "3exp": {
        "a1": 2.1613177673035645e+18,
        "b1": -9.165222223220379,
        "a2": 3105963063386910.0,
        "b2": -2.7632076562821766,
        "a3": 63250737171050.56,
        "b3": -0.918666367048229,
        "t_hot": 1.0885344624219828,
        "n_hot": 63250737171050.56,
        "start_index": 0,
        "end_index": 224,
        "a1_stdev": 9.328529504938025e+23,
        "b1_stdev": 407645.17567264603,
        "a2_stdev": 1.9044499103999486e+20,
        "b2_stdev": 39746.96700353597,
        "a3_stdev": 2.5338305762174234e+18,
        "b3_stdev": 8883.68513867442,
        "t_hot_stdev": 10526.343157445148,
        "n_hot_stdev": 2.5338305762174234e+18
    },
    "2exp": null,
    "2nlsq": null,
    "1nlsq": null,
    "true_params": {
        "t_hot": 1.3439,
        "t_hot_stdev": 0.046
    },
    "histogram": {
        "i": 1e+17,
        "l": 5.0,
        "a": 30.0,
        "filename": "hist_1e17_500_30"
    }
}