{
    "3exp": {
        "a1": 4635105654016853.0,
        "b1": -0.0167338783391864,
        "a2": 745789833678425.5,
        "b2": -0.0022688269429089773,
        "a3": 3127961237532.4873,
        "b3": -0.00022472635348066362,
        "t_hot": 4449.856389833888,
        "n_hot": 3127961237532.4873,
        "start_index": 0,
        "end_index": 610,
        "a1_stdev": 8.038366613826339e+18,
        "b1_stdev": 12.832327371903427,
        "a2_stdev": 2.1858903706561757e+17,
        "b2_stdev": 0.5301131994712994,
        "a3_stdev": 2.8003597519811104e+16,
        "b3_stdev": 2.627539287761947,
        "t_hot_stdev": 52028488.46204913,
        "n_hot_stdev": 2.8003597519811104e+16
    },
    "2exp": null,
    "2nlsq": null,
    "1nlsq": null,
    "true_params": {
        "t_hot": 692.8792032742878,
        "t_hot_stdev": 0.0
    },
    "histogram": {
        "i": 1e+19,
        "l": 0.5,
        "a": 20.0,
        "filename": "hist_1e19_050_20"
    }
}