{
    "3exp": {
        "a1": 1842660828781116.2,
        "b1": -2.338160256024598,
        "a2": 27778358712369.617,
        "b2": -0.3830918305880458,
        "a3": -1230935538510.7495,
        "b3": -0.2083359318127759,
        "t_hot": 4.799940131780361,
        "n_hot": -1230935538510.7495,
        "start_index": 0,
        "end_index": 500,
        "a1_stdev": 7.616555645354502e+18,
        "b1_stdev": 2507.8105386055545,
        "a2_stdev": 7.451091429910586e+16,
        "b2_stdev": 1210.569113142564,
        "a3_stdev": 1.252646536158193e+17,
        "b3_stdev": 4499.974225371323,
        "t_hot_stdev": 103676.81987640931,
        "n_hot_stdev": 1.252646536158193e+17,
        "critical_energy": 2.1455559304594423,
        "mswe": 2.1081280500251817e+18,
        "mse": 3.204163060921853e+20
    },
    "2exp": {
        "a0": -25302204180.362305,
        "a1": 898344807116895.9,
        "b1": -2.064028092206654,
        "a2": 26482248454261.734,
        "b2": -0.3988932550356283,
        "a0_stdev": 124106559420166.69,
        "a1_stdev": 5.905505236163934e+19,
        "b1_stdev": 21952.246480515234,
        "a2_stdev": 4.605546332191883e+16,
        "b2_stdev": 237.68796930623665,
        "t_hot": 2.506936347947729,
        "n_hot": 26482248454261.734,
        "t_hot_stdev": 1493.804676317395,
        "n_hot_stdev": 4.605546332191883e+16,
        "start_index": 41,
        "end_index": 500,
        "mswe": 2.4497166957809736e+18,
        "mse": 9.074811220450922e+19
    },
    "2nlsq": {
        "a1": 3.9644092133006797e+18,
        "b1": -4.916120706147002,
        "a2": 30599558144147.293,
        "b2": -0.4238551188552058,
        "a0": -14768732088.100876,
        "a1_stdev": 1.5536509862583714e+19,
        "b1_stdev": 1.2937748174861958,
        "a2_stdev": 583969321826.2324,
        "b2_stdev": 0.00315154558222104,
        "a0_stdev": 1795454458.203987,
        "start_index": 41,
        "end_index": 500,
        "t_hot": 2.3592967396522404,
        "n_hot": 30599558144147.293,
        "t_hot_stdev": 0.017542388628175462,
        "n_hot_stdev": 583969321826.2324,
        "mswe": 2.11781619062349e+18,
        "mse": 9.095888062130396e+19
    },
    "1nlsq": null,
    "true_params": {
        "t_hot": 2.2651,
        "t_hot_stdev": 0.0198
    },
    "histogram": {
        "i": 1e+17,
        "l": 0.05,
        "a": 0.0,
        "filename": "hist_1e17_005_0"
    }
}