{
    "3exp": {
        "a1": 1293037567209726.8,
        "b1": -0.007706023530930463,
        "a2": 450352703006208.7,
        "b2": -0.0018181056349687395,
        "a3": 46657544811017.38,
        "b3": -0.0009096739835330091,
        "t_hot": 1099.2949321428111,
        "n_hot": 46657544811017.38,
        "start_index": 0,
        "end_index": 822,
        "a1_stdev": 3.1239628746692326e+17,
        "b1_stdev": 1.8862194877937697,
        "a2_stdev": 6.4094907708938824e+16,
        "b2_stdev": 0.3902493894331983,
        "a3_stdev": 8.030728758877974e+16,
        "b3_stdev": 0.3047807241234035,
        "t_hot_stdev": 368312.06729956577,
        "n_hot_stdev": 8.030728758877974e+16,
        "critical_energy": 179.13265623983494,
        "mswe": 2152972637300170.0,
        "mse": 3.235853639209289e+18
    },
    "2exp": {
        "a0": 200105109621.16,
        "a1": 548862561572742.4,
        "b1": -0.0037514687151791225,
        "a2": 318930562981454.06,
        "b2": -0.0014085952490858868,
        "a0_stdev": 89525223787906.56,
        "a1_stdev": 2.0596009182170723e+17,
        "b1_stdev": 1.4959136180569563,
        "a2_stdev": 1.0629436898083114e+17,
        "b2_stdev": 0.13850422051527464,
        "t_hot": 709.9271424129491,
        "n_hot": 318930562981454.06,
        "t_hot_stdev": 69805.64895867153,
        "n_hot_stdev": 1.0629436898083114e+17,
        "start_index": 30,
        "end_index": 822,
        "mswe": 2472746949308458.0,
        "mse": 2.3544215142430336e+17
    },
    "2nlsq": {
        "a1": 536358772018651.06,
        "b1": -0.0029654527447334432,
        "a2": 225056235912660.8,
        "b2": -0.0012587529928007508,
        "a0": -145914647500.7863,
        "a1_stdev": 7714902982127.359,
        "b1_stdev": 6.684946894391233e-05,
        "a2_stdev": 8854158746743.816,
        "b2_stdev": 1.3539511779808399e-05,
        "a0_stdev": 9305306632.628738,
        "start_index": 30,
        "end_index": 822,
        "t_hot": 794.4370386559954,
        "n_hot": 225056235912660.8,
        "t_hot_stdev": 8.545194891069126,
        "n_hot_stdev": 8854158746743.816,
        "mswe": 475996429274979.56,
        "mse": 2.908285385205021e+17
    },
    "1nlsq": null,
    "true_params": {
        "t_hot": 785.5166,
        "t_hot_stdev": 3.4249
    },
    "histogram": {
        "i": 1e+19,
        "l": 5.0,
        "a": 2.0,
        "filename": "hist_1e19_500_2"
    }
}