{
    "3exp": {
        "a1": 3438042396490464.5,
        "b1": -0.5252381618527828,
        "a2": 106722210196537.11,
        "b2": -0.18739422007373976,
        "a3": 30968390538569.11,
        "b3": -0.08172845346242016,
        "t_hot": 12.235640803601079,
        "n_hot": 30968390538569.11,
        "start_index": 0,
        "end_index": 283,
        "a1_stdev": 2.355522229842276e+19,
        "b1_stdev": 1281.4048829685598,
        "a2_stdev": 1.4820988074272768e+18,
        "b2_stdev": 1080.3068116818404,
        "a3_stdev": 1.6887382835550752e+17,
        "b3_stdev": 89.97428098223412,
        "t_hot_stdev": 13470.131111279348,
        "n_hot_stdev": 1.6887382835550752e+17,
        "critical_energy": 10.27820184408787,
        "mswe": 2.9975127389203725e+17,
        "mse": 4.52606047334566e+20
    },
    "2exp": {
        "a0": -21816955475.967266,
        "a1": 85637281834022.7,
        "b1": -0.13959067553024157,
        "a2": 12627950311940.355,
        "b2": -0.06566249026575355,
        "a0_stdev": 342727755233378.2,
        "a1_stdev": 4.5564999837624096e+17,
        "b1_stdev": 666.0806588444123,
        "a2_stdev": 2.5574225038327946e+17,
        "b2_stdev": 312.9825493328117,
        "t_hot": 15.229394985671945,
        "n_hot": 12627950311940.355,
        "t_hot_stdev": 72591.44220879396,
        "n_hot_stdev": 2.5574225038327946e+17,
        "start_index": 35,
        "end_index": 283,
        "mswe": 3.118255416322396e+17,
        "mse": 8.893038203760316e+18
    },
    "2nlsq": {
        "a1": 202246646170003.7,
        "b1": -0.26022729742645007,
        "a2": 47922750357658.08,
        "b2": -0.09313760818555149,
        "a0": 33176755.076599002,
        "a1_stdev": 490326128118609.56,
        "b1_stdev": 0.1544591737128523,
        "a2_stdev": 9111767474852.744,
        "b2_stdev": 0.004121375039273792,
        "a0_stdev": 4699984974.820005,
        "start_index": 35,
        "end_index": 283,
        "t_hot": 10.736801378963593,
        "n_hot": 47922750357658.08,
        "t_hot_stdev": 0.47510759688765103,
        "n_hot_stdev": 9111767474852.744,
        "mswe": 2.4931246420964317e+17,
        "mse": 9.251267289753086e+18
    },
    "1nlsq": null,
    "true_params": {
        "t_hot": 10.5468,
        "t_hot_stdev": 0.2654
    },
    "histogram": {
        "i": 1e+18,
        "l": 0.02,
        "a": 2.0,
        "filename": "hist_1e18_002_2"
    }
}