{
    "3exp": {
        "a1": 1.9517662132525544e+16,
        "b1": -1.7436156968728491,
        "a2": 219383524129712.38,
        "b2": -0.390443353010361,
        "a3": 31522874516709.72,
        "b3": -0.14128365893412256,
        "t_hot": 7.077959387124012,
        "n_hot": 31522874516709.72,
        "start_index": 0,
        "end_index": 117,
        "a1_stdev": 1.724146986159459e+22,
        "b1_stdev": 275047.70947034645,
        "a2_stdev": 4.131366586321299e+19,
        "b2_stdev": 65542.28465271328,
        "a3_stdev": 1.6987185916095926e+19,
        "b3_stdev": 26597.94454656677,
        "t_hot_stdev": 1332490.768584619,
        "n_hot_stdev": 1.6987185916095926e+19
    },
    "2exp": null,
    "2nlsq": null,
    "1nlsq": null,
    "true_params": {
        "t_hot": 7.6036,
        "t_hot_stdev": 0.2888
    },
    "histogram": {
        "i": 1e+18,
        "l": 0.01,
        "a": 2.0,
        "filename": "hist_1e18_001_2"
    }
}