{
    "3exp": {
        "a1": 905069749839538.0,
        "b1": -0.3584809643948309,
        "a2": 41951730002509.41,
        "b2": -0.0995472917598616,
        "a3": 3129791009007.093,
        "b3": -0.01440597363865795,
        "t_hot": 69.415648333309,
        "n_hot": 3129791009007.093,
        "start_index": 0,
        "end_index": 428,
        "critical_energy": 16.47037980843638,
        "mse": 3982917824.0253115
    },
    "2exp": {
        "a1": 41590483171293.78,
        "b1": -0.09906521000470066,
        "a2": 3153489919334.085,
        "b2": -0.014594075496797516,
        "a1_stdev": 1289470197567.365,
        "b1_stdev": 0.002250277607791996,
        "a2_stdev": 62324141868.82294,
        "b2_stdev": 0.008831832051290912,
        "t_hot": 68.52095565898897,
        "n_hot": 3153489919334.085,
        "t_hot_stdev": 41.466523350995274,
        "n_hot_stdev": 62324141868.82294,
        "start_index": 53,
        "end_index": 428,
        "mse": 4372040538.356535
    },
    "nlsq": {
        "a1": 1389406112656105.5,
        "b1": -0.26918955171890063,
        "a2": 9283326219596.494,
        "b2": -0.031979098160014194,
        "a0": 0.0,
        "a1_stdev": Infinity,
        "b1_stdev": Infinity,
        "a2_stdev": Infinity,
        "b2_stdev": Infinity,
        "a0_stdev": Infinity,
        "start_index": 53,
        "end_index": 428,
        "t_hot": 31.27042529455609,
        "n_hot": 9283326219596.494,
        "t_hot_stdev": Infinity,
        "n_hot_stdev": Infinity,
        "mse": 1428485755.1024675
    },
    "true_params": {
        "t_hot": 64.2528,
        "t_hot_stdev": 5.3294
    },
    "histogram": {
        "i": 1e+17,
        "l": 0.5,
        "a": 40.0,
        "filename": "hist_1e17_050_40"
    }
}