{
    "3exp": {
        "a1": 3851188923066111.5,
        "b1": -1.5411828109836587,
        "a2": 206018139588602.7,
        "b2": -0.36674630996764485,
        "a3": 23762747776923.066,
        "b3": -0.09624762429630032,
        "t_hot": 10.38986683891001,
        "n_hot": 23762747776923.066,
        "start_index": 0,
        "end_index": 459,
        "critical_energy": 3.52127770344875,
        "mse": 3164638313.9371486
    },
    "2exp": {
        "a1": 218632104293134.47,
        "b1": -0.37621118368099127,
        "a2": 24454770667485.305,
        "b2": -0.09747319238377608,
        "a1_stdev": 3265816950172.525,
        "b1_stdev": 0.008713560272124232,
        "a2_stdev": 341787638172.0056,
        "b2_stdev": 0.020902058108793184,
        "t_hot": 10.259231031058802,
        "n_hot": 24454770667485.305,
        "t_hot_stdev": 2.199979685885589,
        "n_hot_stdev": 341787638172.0056,
        "start_index": 35,
        "end_index": 459,
        "mse": 3206088655.4281116
    },
    "nlsq": {
        "a1": 231687775859294.5,
        "b1": -0.3967646899504935,
        "a2": 28268514267809.1,
        "b2": -0.10609807203543527,
        "a0": 0.0,
        "a1_stdev": Infinity,
        "b1_stdev": Infinity,
        "a2_stdev": Infinity,
        "b2_stdev": Infinity,
        "a0_stdev": Infinity,
        "start_index": 35,
        "end_index": 459,
        "t_hot": 9.425241956008533,
        "n_hot": 28268514267809.1,
        "t_hot_stdev": Infinity,
        "n_hot_stdev": Infinity,
        "mse": 2957859294.8465004
    },
    "true_params": {
        "t_hot": 9.4946,
        "t_hot_stdev": 0.2415
    },
    "histogram": {
        "i": 1e+17,
        "l": 0.01,
        "a": 30.0,
        "filename": "hist_1e17_001_30"
    }
}