{
    "3exp": {
        "a1": 279186691066514.12,
        "b1": -0.032490602501679955,
        "a2": 185956789794493.78,
        "b2": -0.008301952111553006,
        "a3": 12744677348950.639,
        "b3": -0.0026708197097779105,
        "t_hot": 374.4168864483758,
        "n_hot": 12744677348950.639,
        "start_index": 0,
        "end_index": 641,
        "a1_stdev": 5.004890881339426e+17,
        "b1_stdev": 35.57659861391766,
        "a2_stdev": 6.1883387289853944e+16,
        "b2_stdev": 1.706598090530557,
        "a3_stdev": 9677298972685098.0,
        "b3_stdev": 0.6313530529140463,
        "t_hot_stdev": 88508.12484883549,
        "n_hot_stdev": 9677298972685098.0,
        "critical_energy": 16.79987768257228,
        "mswe": 2407222173108881.5,
        "mse": 2.2630712014136338e+18
    },
    "2exp": {
        "a0": 72090672266.61983,
        "a1": 202709318759779.4,
        "b1": -0.009054740354557885,
        "a2": 19760450819203.32,
        "b2": -0.0031994655676786674,
        "a0_stdev": 112512084795258.03,
        "a1_stdev": 3.944729580211736e+16,
        "b1_stdev": 2.006932499656174,
        "a2_stdev": 2.1909555266606776e+16,
        "b2_stdev": 1.2423094398260284,
        "t_hot": 312.55219937420287,
        "n_hot": 19760450819203.32,
        "t_hot_stdev": 121359.81447760214,
        "n_hot_stdev": 2.1909555266606776e+16,
        "start_index": 25,
        "end_index": 641,
        "mswe": 2543227419653215.0,
        "mse": 5.312709392096914e+16
    },
    "2nlsq": {
        "a1": 202214160730217.4,
        "b1": -0.008879814534385149,
        "a2": 17115310646897.12,
        "b2": -0.0030166460549777363,
        "a0": 25716486996.428654,
        "a1_stdev": 2781684507784.9434,
        "b1_stdev": 0.0001344522191783545,
        "a2_stdev": 1404791027936.3723,
        "b2_stdev": 9.154494358758203e-05,
        "a0_stdev": 9232302874.514395,
        "start_index": 25,
        "end_index": 641,
        "t_hot": 331.4939776742818,
        "n_hot": 17115310646897.12,
        "t_hot_stdev": 10.059714309453273,
        "n_hot_stdev": 1404791027936.3723,
        "mswe": 2309917948907110.0,
        "mse": 5.334652321652626e+16
    },
    "1nlsq": null,
    "true_params": {
        "t_hot": 365.4781,
        "t_hot_stdev": 13.3679
    },
    "histogram": {
        "i": 1e+18,
        "l": 5.0,
        "a": 1.0,
        "filename": "hist_1e18_500_1"
    }
}