{
    "3exp": {
        "a1": 8880335701162062.0,
        "b1": -1.2912161012680576,
        "a2": 584262550654978.2,
        "b2": -0.49604097761945487,
        "a3": 5141686290160.798,
        "b3": -0.10371343887705875,
        "t_hot": 9.641952005712525,
        "n_hot": 5141686290160.798,
        "start_index": 0,
        "end_index": 314,
        "a1_stdev": 1.589455887237042e+20,
        "b1_stdev": 6115.101843370889,
        "a2_stdev": 4.783799942737153e+18,
        "b2_stdev": 979.9773476156155,
        "a3_stdev": 2.7137005854409696e+16,
        "b3_stdev": 187.82824618521428,
        "t_hot_stdev": 17461.87335646808,
        "n_hot_stdev": 2.7137005854409696e+16,
        "critical_energy": 3.422194814307633,
        "mswe": 2.9806356466648776e+18,
        "mse": 3.955394164595747e+20
    },
    "2exp": {
        "a0": 81783225620.0813,
        "a1": 913078039150628.5,
        "b1": -0.5626304154297166,
        "a2": 10560503380190.156,
        "b2": -0.14576412379137987,
        "a0_stdev": 547476773670711.8,
        "a1_stdev": 1.0608095013085925e+19,
        "b1_stdev": 1713.252411478932,
        "a2_stdev": 1.3250649067047237e+17,
        "b2_stdev": 634.6086116644118,
        "t_hot": 6.860398663193814,
        "n_hot": 10560503380190.156,
        "t_hot_stdev": 29867.898615058784,
        "n_hot_stdev": 1.3250649067047237e+17,
        "start_index": 25,
        "end_index": 314,
        "mswe": 4.3689620701784535e+18,
        "mse": 1.5911160083846668e+19
    },
    "2nlsq": {
        "a1": 883539972812793.8,
        "b1": -0.5551434928532912,
        "a2": 8825056901801.291,
        "b2": -0.13100410459654477,
        "a0": -5463851765.321776,
        "a1_stdev": 135525345520091.2,
        "b1_stdev": 0.02209549599939989,
        "a2_stdev": 1402836706686.0356,
        "b2_stdev": 0.008018976993751497,
        "a0_stdev": 9445464022.720636,
        "start_index": 25,
        "end_index": 314,
        "t_hot": 7.633348612089021,
        "n_hot": 8825056901801.291,
        "t_hot_stdev": 0.4672498399507494,
        "n_hot_stdev": 1402836706686.0356,
        "mswe": 2.1045616292014241e+18,
        "mse": 1.6880205429350089e+19
    },
    "1nlsq": null,
    "true_params": {
        "t_hot": 9.1261,
        "t_hot_stdev": 0.5051
    },
    "histogram": {
        "i": 1e+17,
        "l": 1.0,
        "a": 2.0,
        "filename": "hist_1e17_100_2"
    }
}