{
    "3exp": {
        "a1": 7210757492127555.0,
        "b1": -0.03224747989158799,
        "a2": 1156871903112550.5,
        "b2": -0.0034585982283575323,
        "a3": 4089026361190.291,
        "b3": -0.0006254924699912198,
        "t_hot": 1598.7402694296818,
        "n_hot": 4089026361190.291,
        "start_index": 0,
        "end_index": 552,
        "a1_stdev": 3.2864753442768003e+19,
        "b1_stdev": 47.41761403842171,
        "a2_stdev": 2.4882383452624234e+17,
        "b2_stdev": 0.6722945914734396,
        "a3_stdev": 5.100911578487632e+16,
        "b3_stdev": 5.371511117558904,
        "t_hot_stdev": 13729423.683471682,
        "n_hot_stdev": 5.100911578487632e+16
    },
    "2exp": null,
    "2nlsq": null,
    "1nlsq": null,
    "true_params": {
        "t_hot": 339.6243,
        "t_hot_stdev": 2.3622
    },
    "histogram": {
        "i": 1e+19,
        "l": 1.0,
        "a": 40.0,
        "filename": "hist_1e19_100_40"
    }
}