{
    "3exp": {
        "a1": 4145015287984692.5,
        "b1": -0.06893520495641002,
        "a2": 675972147174543.4,
        "b2": -0.012587791576832022,
        "a3": -541610897453.4578,
        "b3": 0.0013081657837996522,
        "t_hot": 79.44205255515286,
        "n_hot": 675972147174543.4,
        "start_index": 0,
        "end_index": 438,
        "a1_stdev": 6.774815971735436e+18,
        "b1_stdev": 60.677374901262354,
        "a2_stdev": 4.2831496484437024e+17,
        "b2_stdev": 4.616444208584868,
        "a3_stdev": 1.2956152929272418e+16,
        "b3_stdev": 42.38319031962265,
        "t_hot_stdev": 29134.562738655364,
        "n_hot_stdev": 4.2831496484437024e+17,
        "critical_energy": 32.1844388996519,
        "mswe": 7.750967212408716e+17,
        "mse": 2.827824203822594e+19
    },
    "2exp": {
        "a0": -1414626141051.1223,
        "a1": 2037981321666568.8,
        "b1": -0.05241471823067987,
        "a2": 623262729855775.4,
        "b2": -0.012117566090183267,
        "a0_stdev": 1993753206480223.5,
        "a1_stdev": 4.450831863534237e+19,
        "b1_stdev": 350.66448805001806,
        "a2_stdev": 7.289357494971075e+17,
        "b2_stdev": 5.119503546462614,
        "t_hot": 82.52482326546782,
        "n_hot": 623262729855775.4,
        "t_hot_stdev": 34865.59282899469,
        "n_hot_stdev": 7.289357494971075e+17,
        "start_index": 32,
        "end_index": 438,
        "mswe": 1.2575517572053266e+18,
        "mse": 2.2039982667657306e+19
    },
    "2nlsq": {
        "a1": 1.096818804868907e+16,
        "b1": -0.08471951158954105,
        "a2": 713065327678949.5,
        "b2": -0.012972351292047183,
        "a0": -618611785924.4304,
        "a1_stdev": 1.0553286519759702e+16,
        "b1_stdev": 0.014781582590343465,
        "a2_stdev": 9545819979884.709,
        "b2_stdev": 6.997803941478295e-05,
        "a0_stdev": 25727585153.405346,
        "start_index": 32,
        "end_index": 438,
        "t_hot": 77.08702743912424,
        "n_hot": 713065327678949.5,
        "t_hot_stdev": 0.4158381871612261,
        "n_hot_stdev": 9545819979884.709,
        "mswe": 3.198814021625847e+17,
        "mse": 2.698548241995736e+19
    },
    "1nlsq": null,
    "true_params": {
        "t_hot": 78.9469,
        "t_hot_stdev": 0.5668
    },
    "histogram": {
        "i": 1e+18,
        "l": 0.1,
        "a": 40.0,
        "filename": "hist_1e18_010_40"
    }
}