{
    "3exp": {
        "a1": 1.5735308161317344e+16,
        "b1": -4.523498145756829,
        "a2": 76981013781186.81,
        "b2": -1.8196456042134919,
        "a3": 13113897055398.2,
        "b3": -0.653358597291094,
        "t_hot": 1.530553059447177,
        "n_hot": 13113897055398.2,
        "start_index": 0,
        "end_index": 286,
        "critical_energy": 1.8319726700123498,
        "mse": 7922178965.3210125
    },
    "2exp": {
        "a1": 318741009571894.8,
        "b1": -2.350281394493201,
        "a2": 13949115280675.088,
        "b2": -0.6659030261772689,
        "a1_stdev": 43883236412025.92,
        "b1_stdev": 0.4268613968877906,
        "a2_stdev": 364352158177.69196,
        "b2_stdev": 1.076956099359477,
        "t_hot": 1.501720161478575,
        "n_hot": 13949115280675.088,
        "t_hot_stdev": 2.4287120254127132,
        "n_hot_stdev": 364352158177.69196,
        "start_index": 42,
        "end_index": 286,
        "mse": 7601150730.602886
    },
    "nlsq": null,
    "true_params": {
        "t_hot": 1.5132,
        "t_hot_stdev": 0.1257
    },
    "histogram": {
        "i": 1e+17,
        "l": 0.01,
        "a": 2.0,
        "filename": "hist_1e17_001_2"
    }
}