{
    "3exp": {
        "a1": 409183050214474.6,
        "b1": -0.1109812504967373,
        "a2": 53059447248543.02,
        "b2": -0.029908183535306644,
        "a3": 3949647000942.007,
        "b3": -0.006302985137313584,
        "t_hot": 158.6549830301858,
        "n_hot": 3949647000942.007,
        "start_index": 0,
        "end_index": 673,
        "a1_stdev": 7.429159740108631e+17,
        "b1_stdev": 142.08099954840534,
        "a2_stdev": 1.3427037930885654e+17,
        "b2_stdev": 39.25844669866171,
        "a3_stdev": 9005220937356849.0,
        "b3_stdev": 6.523477714510174,
        "t_hot_stdev": 164205.0906904931,
        "n_hot_stdev": 9005220937356849.0,
        "critical_energy": 25.196403156330398,
        "mswe": 1.4287890997832998e+17,
        "mse": 7.496325593836937e+18
    },
    "2exp": {
        "a0": 236412712869.34637,
        "a1": 108771423050236.81,
        "b1": -0.04770088450175088,
        "a2": 11645539237205.438,
        "b2": -0.012100092327298393,
        "a0_stdev": 444851472480186.6,
        "a1_stdev": 4.7284292642701056e+17,
        "b1_stdev": 109.51379113166969,
        "a2_stdev": 4.343633813835473e+16,
        "b2_stdev": 20.04169370870783,
        "t_hot": 82.64399749611428,
        "n_hot": 11645539237205.438,
        "t_hot_stdev": 136885.3757374717,
        "n_hot_stdev": 4.343633813835473e+16,
        "start_index": 41,
        "end_index": 673,
        "mswe": 2.0186154140935424e+17,
        "mse": 3.2484480592142554e+17
    },
    "2nlsq": {
        "a1": 65759879180230.14,
        "b1": -0.031197186224195175,
        "a2": 3389409379974.201,
        "b2": -0.00367425646345567,
        "a0": -551598392824.988,
        "a1_stdev": 2821162497800.1504,
        "b1_stdev": 0.0009143054525418457,
        "a2_stdev": 188600506512.6357,
        "b2_stdev": 0.0006454049196160895,
        "a0_stdev": 157766706375.38242,
        "start_index": 41,
        "end_index": 673,
        "t_hot": 272.163908520281,
        "n_hot": 3389409379974.201,
        "t_hot_stdev": 47.807203239081126,
        "n_hot_stdev": 188600506512.6357,
        "mswe": 8.68721309016886e+16,
        "mse": 5.391662468296446e+17
    },
    "1nlsq": null,
    "true_params": {
        "t_hot": 160.6538,
        "t_hot_stdev": 10.9333
    },
    "histogram": {
        "i": 1e+18,
        "l": 2.0,
        "a": 30.0,
        "filename": "hist_1e18_200_30"
    }
}