{
    "3exp": {
        "a1": 1712829640182290.8,
        "b1": -0.008854997549349524,
        "a2": 495623071554104.5,
        "b2": -0.0016353196640509335,
        "a3": 107871807466.9964,
        "b3": 0.00025412138311255405,
        "t_hot": 611.501238554699,
        "n_hot": 495623071554104.5,
        "start_index": 0,
        "end_index": 660,
        "a1_stdev": 6.884643982426817e+17,
        "b1_stdev": 2.3863991157298297,
        "a2_stdev": 7.060698180215901e+16,
        "b2_stdev": 0.12742837678386,
        "a3_stdev": 1330217061026591.8,
        "b3_stdev": 2.641792347877079,
        "t_hot_stdev": 47649.772667271165,
        "n_hot_stdev": 7.060698180215901e+16
    },
    "2exp": null,
    "2nlsq": null,
    "1nlsq": null,
    "true_params": {
        "t_hot": 686.3973,
        "t_hot_stdev": 3.4146
    },
    "histogram": {
        "i": 1e+19,
        "l": 5.0,
        "a": 5.0,
        "filename": "hist_1e19_500_5"
    }
}