{
    "3exp": {
        "a1": 6897895739350378.0,
        "b1": -1.5571537379081608,
        "a2": 251783586559283.22,
        "b2": -0.5257063956942568,
        "a3": 5340588038134.764,
        "b3": -0.1553094119246393,
        "t_hot": 6.438759812478264,
        "n_hot": 5340588038134.764,
        "start_index": 0,
        "end_index": 373,
        "a1_stdev": 4.50098508648626e+19,
        "b1_stdev": 2871.8922069764653,
        "a2_stdev": 1.2805088903179203e+18,
        "b2_stdev": 833.8889535032122,
        "a3_stdev": 3.101380470755441e+16,
        "b3_stdev": 247.0933014297155,
        "t_hot_stdev": 10243.902152885737,
        "n_hot_stdev": 3.101380470755441e+16,
        "critical_energy": 3.209472367834365,
        "mswe": 2.0358403615310948e+18,
        "mse": 4.9950248380723475e+20
    },
    "2exp": {
        "a0": 36382901305.17008,
        "a1": 330901867713331.94,
        "b1": -0.5832989661773178,
        "a2": 11003468451359.713,
        "b2": -0.20271607780390782,
        "a0_stdev": 271267415776143.66,
        "a1_stdev": 2.3122279485874125e+18,
        "b1_stdev": 1514.1990787222107,
        "a2_stdev": 1.3929628620485907e+17,
        "b2_stdev": 732.1660760590777,
        "t_hot": 4.933007834570104,
        "n_hot": 11003468451359.713,
        "t_hot_stdev": 17816.94391749057,
        "n_hot_stdev": 1.3929628620485907e+17,
        "start_index": 32,
        "end_index": 373,
        "mswe": 2.610642746308146e+18,
        "mse": 2.62529895324706e+19
    },
    "2nlsq": {
        "a1": 311008918988448.5,
        "b1": -0.5674073947757567,
        "a2": 9130537657641.85,
        "b2": -0.1892629407644396,
        "a0": -9158471613.72655,
        "a1_stdev": 36210448838941.766,
        "b1_stdev": 0.024705587336890253,
        "a2_stdev": 2078905214561.113,
        "b2_stdev": 0.013052908775166495,
        "a0_stdev": 5686462980.2948,
        "start_index": 32,
        "end_index": 373,
        "t_hot": 5.283654559952229,
        "n_hot": 9130537657641.85,
        "t_hot_stdev": 0.3643981261835442,
        "n_hot_stdev": 2078905214561.113,
        "mswe": 1.3192955738919442e+18,
        "mse": 2.7339424996143915e+19
    },
    "1nlsq": null,
    "true_params": {
        "t_hot": 5.4926,
        "t_hot_stdev": 0.2706
    },
    "histogram": {
        "i": 1e+17,
        "l": 0.5,
        "a": 1.0,
        "filename": "hist_1e17_050_1"
    }
}