{
    "3exp": {
        "a1": 880291885706729.0,
        "b1": -0.6994180148674483,
        "a2": 19734533489180.582,
        "b2": -0.25699252557413726,
        "a3": 892092248596.0753,
        "b3": -0.03159466962706517,
        "t_hot": 31.6509085805842,
        "n_hot": 892092248596.0753,
        "start_index": 0,
        "end_index": 446,
        "critical_energy": 10.323747026750105,
        "mse": 903616888.7355655
    },
    "2exp": {
        "a1": 32721076637169.77,
        "b1": -0.28052754077866726,
        "a2": 889648005754.6797,
        "b2": -0.0316762278278696,
        "a1_stdev": 2202287666116.482,
        "b1_stdev": 0.006265058089232481,
        "a2_stdev": 19242319864.43346,
        "b2_stdev": 0.03689157056506248,
        "t_hot": 31.569415570378396,
        "n_hot": 889648005754.6797,
        "t_hot_stdev": 36.767172169020405,
        "n_hot_stdev": 19242319864.43346,
        "start_index": 58,
        "end_index": 446,
        "mse": 971457862.4223274
    },
    "nlsq": {
        "a1": 147301318106750.12,
        "b1": -0.38639057540598476,
        "a2": 1134348786000.7974,
        "b2": -0.038924459907516584,
        "a0": -31023698818.229836,
        "a1_stdev": 331459807805867.8,
        "b1_stdev": 0.14789711083675106,
        "a2_stdev": 166354402783.39624,
        "b2_stdev": 0.0052785766979820984,
        "a0_stdev": 199289819.13725382,
        "start_index": 58,
        "end_index": 446,
        "t_hot": 25.690786779725954,
        "n_hot": 1134348786000.7974,
        "t_hot_stdev": 3.4839478510554898,
        "n_hot_stdev": 166354402783.39624,
        "mse": 528657275.43164265
    },
    "true_params": {
        "t_hot": 26.1566,
        "t_hot_stdev": 1.6239
    },
    "histogram": {
        "i": 1e+17,
        "l": 5.0,
        "a": 3.0,
        "filename": "hist_1e17_500_3"
    }
}