{
    "3exp": {
        "a1": 890148543510969.8,
        "b1": -0.734605969240261,
        "a2": 23175753783340.207,
        "b2": -0.28160661563132044,
        "a3": 805648253752.2299,
        "b3": -0.03254940850696774,
        "t_hot": 30.722524490297065,
        "n_hot": 805648253752.2299,
        "start_index": 0,
        "end_index": 391,
        "critical_energy": 9.981384385565931,
        "mse": 731058376.5048313
    },
    "2exp": {
        "a1": 39091303452247.016,
        "b1": -0.30792584072340046,
        "a2": 813935915351.4794,
        "b2": -0.033049078258825956,
        "a1_stdev": 2647740985464.145,
        "b1_stdev": 0.007123393023748871,
        "a2_stdev": 18732819342.745388,
        "b2_stdev": 0.043085101493914583,
        "t_hot": 30.258029956794452,
        "n_hot": 813935915351.4794,
        "t_hot_stdev": 39.446494739872016,
        "n_hot_stdev": 18732819342.745388,
        "start_index": 61,
        "end_index": 391,
        "mse": 767804073.4323661
    },
    "nlsq": {
        "a1": 228605844144488.16,
        "b1": -0.443835611779266,
        "a2": 1146865721255.3447,
        "b2": -0.04723539566357048,
        "a0": 0.0,
        "a1_stdev": Infinity,
        "b1_stdev": Infinity,
        "a2_stdev": Infinity,
        "b2_stdev": Infinity,
        "a0_stdev": Infinity,
        "start_index": 61,
        "end_index": 391,
        "t_hot": 21.17056469945553,
        "n_hot": 1146865721255.3447,
        "t_hot_stdev": Infinity,
        "n_hot_stdev": Infinity,
        "mse": 545209011.5914288
    },
    "true_params": {
        "t_hot": 26.9896,
        "t_hot_stdev": 2.0229
    },
    "histogram": {
        "i": 1e+17,
        "l": 5.0,
        "a": 2.0,
        "filename": "hist_1e17_500_2"
    }
}