{
    "3exp": {
        "a1": 771491617919179.9,
        "b1": -0.5873285567587028,
        "a2": 5726911476519.022,
        "b2": -0.13047570273693204,
        "a3": 812178959141.8881,
        "b3": -0.022199428912445376,
        "t_hot": 45.046203843531444,
        "n_hot": 812178959141.8881,
        "start_index": 0,
        "end_index": 419,
        "a1_stdev": 3.2594853665486264e+18,
        "b1_stdev": 843.2909420976081,
        "a2_stdev": 7.95401598936131e+16,
        "b2_stdev": 1029.8986145527351,
        "a3_stdev": 6488813619782418.0,
        "b3_stdev": 117.85276577819914,
        "t_hot_stdev": 239142.17485984563,
        "n_hot_stdev": 6488813619782418.0
    },
    "2exp": null,
    "2nlsq": null,
    "1nlsq": null,
    "true_params": {
        "t_hot": 34.6732,
        "t_hot_stdev": 1.8113
    },
    "histogram": {
        "i": 1e+17,
        "l": 5.0,
        "a": 5.0,
        "filename": "hist_1e17_500_5"
    }
}