{
    "3exp": {
        "a1": 2490851991019476.0,
        "b1": -2.2280822898399517,
        "a2": 47080079148402.016,
        "b2": -0.4156946788401999,
        "a3": -18595098529.10535,
        "b3": 0.025159539529534383,
        "t_hot": 2.4056117407853974,
        "n_hot": 47080079148402.016,
        "start_index": 0,
        "end_index": 457,
        "a1_stdev": 1.1555938577001396e+19,
        "b1_stdev": 2760.4549989098346,
        "a2_stdev": 9.378563832990674e+16,
        "b2_stdev": 423.8149298154799,
        "a3_stdev": 2682738129734964.0,
        "b3_stdev": 8299.074641707162,
        "t_hot_stdev": 2452.6033720921982,
        "n_hot_stdev": 9.378563832990674e+16,
        "critical_energy": 2.189669642618492,
        "mswe": 5.412932498843254e+18,
        "mse": 1.3548053355751791e+20
    },
    "2exp": {
        "a0": -41490658059.78506,
        "a1": 1100148170354674.6,
        "b1": -1.888542067683283,
        "a2": 43475972095563.664,
        "b2": -0.40329711843004984,
        "a0_stdev": 285764095939873.6,
        "a1_stdev": 7.921183812959817e+19,
        "b1_stdev": 23501.305390292164,
        "a2_stdev": 1.1058402485116493e+17,
        "b2_stdev": 340.1821283564729,
        "t_hot": 2.479561480361645,
        "n_hot": 43475972095563.664,
        "t_hot_stdev": 2091.5163120027423,
        "n_hot_stdev": 1.1058402485116493e+17,
        "start_index": 42,
        "end_index": 457,
        "mswe": 5.686840743730791e+18,
        "mse": 1.2926280925830493e+20
    },
    "2nlsq": {
        "a1": 1.3196207225941134e+16,
        "b1": -2.7624683870585987,
        "a2": 49105885868584.41,
        "b2": -0.42390575606372133,
        "a0": -24189373177.815544,
        "a1_stdev": 2.398707315271033e+16,
        "b1_stdev": 0.5773507639307163,
        "a2_stdev": 1188728792215.5996,
        "b2_stdev": 0.003614847019863587,
        "a0_stdev": 3115186455.474689,
        "start_index": 42,
        "end_index": 457,
        "t_hot": 2.3590149123846302,
        "n_hot": 49105885868584.41,
        "t_hot_stdev": 0.020116447828006125,
        "n_hot_stdev": 1188728792215.5996,
        "mswe": 5.16869871433617e+18,
        "mse": 1.3539664816833334e+20
    },
    "1nlsq": null,
    "true_params": {
        "t_hot": 2.2641,
        "t_hot_stdev": 0.0193
    },
    "histogram": {
        "i": 1e+17,
        "l": 0.1,
        "a": 1.0,
        "filename": "hist_1e17_010_1"
    }
}