{
    "3exp": {
        "a1": 1.117584208178396e+16,
        "b1": -0.020089865472466592,
        "a2": 565694112748805.2,
        "b2": -0.005850413177066256,
        "a3": 874457207503410.8,
        "b3": -0.004030390294725893,
        "t_hot": 248.11492854887643,
        "n_hot": 874457207503410.8,
        "start_index": 0,
        "end_index": 585,
        "critical_energy": 209.5204375526546,
        "mse": 269499577.664295
    },
    "2exp": {
        "a1": 1.3624339788557582e+16,
        "b1": -0.01891779764538909,
        "a2": 1220595355186315.8,
        "b2": -0.00427475234480995,
        "a1_stdev": 448415725542143.7,
        "b1_stdev": 0.0005775698167553557,
        "a2_stdev": 2825020136022.068,
        "b2_stdev": 0.0018424639065907566,
        "t_hot": 233.93168056018897,
        "n_hot": 1220595355186315.8,
        "t_hot_stdev": 100.82705225334611,
        "n_hot_stdev": 2825020136022.068,
        "start_index": 66,
        "end_index": 585,
        "mse": 203070765.16218603
    },
    "nlsq": {
        "a1": 7.82141056857806e+17,
        "b1": -0.03287935250426655,
        "a2": 1283558308253841.0,
        "b2": -0.00433727891748281,
        "a0": -204168434380.66577,
        "a1_stdev": 1.7878823568068298e+18,
        "b1_stdev": 0.007509082808766262,
        "a2_stdev": 17452228191644.107,
        "b2_stdev": 2.0151305609071087e-05,
        "a0_stdev": 6856754.5603755275,
        "start_index": 66,
        "end_index": 585,
        "t_hot": 230.5593020474601,
        "n_hot": 1283558308253841.0,
        "t_hot_stdev": 1.0711948770103303,
        "n_hot_stdev": 17452228191644.107,
        "mse": 111887316.65811002
    },
    "true_params": {
        "t_hot": 232.7056,
        "t_hot_stdev": 1.436
    },
    "histogram": {
        "i": 1e+19,
        "l": 0.2,
        "a": 50.0,
        "filename": "hist_1e19_020_50"
    }
}