{
    "3exp": {
        "a1": 4.161311563081847e+16,
        "b1": -5.618522524688871,
        "a2": 788258708430804.0,
        "b2": -2.865033507401955,
        "a3": 20364512069471.66,
        "b3": -0.6492692927448922,
        "t_hot": 1.540192969503203,
        "n_hot": 20364512069471.66,
        "start_index": 0,
        "end_index": 298,
        "critical_energy": 1.5339079211345974,
        "mse": 16415732725.513878
    },
    "2exp": {
        "a1": 452920130753906.2,
        "b1": -2.6435265597451294,
        "a2": 20152430525867.812,
        "b2": -0.6530748716591399,
        "a1_stdev": 48749679485818.58,
        "b1_stdev": 0.30607552443471336,
        "a2_stdev": 359064511029.5813,
        "b2_stdev": 0.8783584928625399,
        "t_hot": 1.5312180017882102,
        "n_hot": 20152430525867.812,
        "t_hot_stdev": 2.0594244161895388,
        "n_hot_stdev": 359064511029.5813,
        "start_index": 41,
        "end_index": 298,
        "mse": 15690669821.140356
    },
    "nlsq": {
        "a1": 3.31387344117309e+18,
        "b1": -7.166603410946756,
        "a2": 31644651495274.22,
        "b2": -0.7852747185989644,
        "a0": 0.0,
        "a1_stdev": Infinity,
        "b1_stdev": Infinity,
        "a2_stdev": Infinity,
        "b2_stdev": Infinity,
        "a0_stdev": Infinity,
        "start_index": 41,
        "end_index": 298,
        "t_hot": 1.273439697363662,
        "n_hot": 31644651495274.22,
        "t_hot_stdev": Infinity,
        "n_hot_stdev": Infinity,
        "mse": 11506824668.432089
    },
    "true_params": {
        "t_hot": 1.4806,
        "t_hot_stdev": 0.078
    },
    "histogram": {
        "i": 1e+17,
        "l": 0.01,
        "a": 5.0,
        "filename": "hist_1e17_001_5"
    }
}