{
    "3exp": {
        "a1": 755368414830194.8,
        "b1": -0.1017217486435836,
        "a2": 46960227333591.625,
        "b2": -0.019361931337743988,
        "a3": 21375211208267.094,
        "b3": -0.009311510120779007,
        "t_hot": 107.3939658582833,
        "n_hot": 21375211208267.094,
        "start_index": 0,
        "end_index": 638,
        "a1_stdev": 9.73462552868333e+17,
        "b1_stdev": 66.52045473319419,
        "a2_stdev": 4.384905361424202e+16,
        "b2_stdev": 29.37604226678463,
        "a3_stdev": 6.189390284699999e+16,
        "b3_stdev": 5.9428778510988485,
        "t_hot_stdev": 68541.96717422061,
        "n_hot_stdev": 6.189390284699999e+16,
        "critical_energy": 33.72888225414384,
        "mswe": 3.631236660010844e+16,
        "mse": 4.100777133005593e+19
    },
    "2exp": {
        "a0": 97805936619.40942,
        "a1": 90783410708624.78,
        "b1": -0.043283882115554596,
        "a2": 44251309124873.74,
        "b2": -0.011712380864661441,
        "a0_stdev": 161266528875075.2,
        "a1_stdev": 7.525632896313386e+17,
        "b1_stdev": 159.16884508038962,
        "a2_stdev": 4.6802013400157496e+16,
        "b2_stdev": 4.5246063739696964,
        "t_hot": 85.37973718197611,
        "n_hot": 44251309124873.74,
        "t_hot_stdev": 32983.020918231836,
        "n_hot_stdev": 4.6802013400157496e+16,
        "start_index": 40,
        "end_index": 638,
        "mswe": 5.295323966446655e+16,
        "mse": 3.333510299893461e+17
    },
    "2nlsq": {
        "a1": 57272850695311.81,
        "b1": -0.028574759493061222,
        "a2": 34047508188322.094,
        "b2": -0.010543899344207472,
        "a0": -36880370134.83106,
        "a1_stdev": 6472315613428.992,
        "b1_stdev": 0.0031971523278241883,
        "a2_stdev": 3010702239850.957,
        "b2_stdev": 0.0002997506707029094,
        "a0_stdev": 9570016627.86385,
        "start_index": 40,
        "end_index": 638,
        "t_hot": 94.84157306085935,
        "n_hot": 34047508188322.094,
        "t_hot_stdev": 2.6962344961240157,
        "n_hot_stdev": 3010702239850.957,
        "mswe": 2.6749987316715656e+16,
        "mse": 3.623406008803141e+17
    },
    "1nlsq": null,
    "true_params": {
        "t_hot": 108.0168,
        "t_hot_stdev": 5.1884
    },
    "histogram": {
        "i": 1e+18,
        "l": 1.0,
        "a": 10.0,
        "filename": "hist_1e18_100_10"
    }
}