{
    "3exp": {
        "a1": 5276166656636793.0,
        "b1": -0.03499916507247989,
        "a2": 1049054970265297.8,
        "b2": -0.011188594127164731,
        "a3": 431906240690551.3,
        "b3": -0.005798414847456831,
        "t_hot": 172.46092704777706,
        "n_hot": 431906240690551.3,
        "start_index": 0,
        "end_index": 436,
        "a1_stdev": 1.2845600747288318e+19,
        "b1_stdev": 68.90028046004305,
        "a2_stdev": 2.7667529837238907e+18,
        "b2_stdev": 30.323949232690058,
        "a3_stdev": 2.171546847943372e+18,
        "b3_stdev": 5.448781944423269,
        "t_hot_stdev": 162061.87555355357,
        "n_hot_stdev": 2.171546847943372e+18
    },
    "2exp": null,
    "2nlsq": null,
    "1nlsq": null,
    "true_params": {
        "t_hot": 206.385,
        "t_hot_stdev": 8.0474
    },
    "histogram": {
        "i": 1e+19,
        "l": 0.1,
        "a": 2.0,
        "filename": "hist_1e19_010_2"
    }
}