{
    "3exp": {
        "a1": 2820659901498959.5,
        "b1": -0.7416602252615132,
        "a2": 93428569082183.5,
        "b2": -0.34199921996275623,
        "a3": 8569817658611.572,
        "b3": -0.08317160509796058,
        "t_hot": 12.02333415138721,
        "n_hot": 8569817658611.572,
        "start_index": 0,
        "end_index": 214,
        "a1_stdev": 4.806157677478618e+19,
        "b1_stdev": 5830.535268376077,
        "a2_stdev": 8.795662289601949e+18,
        "b2_stdev": 7707.429738505672,
        "a3_stdev": 8.401597094903486e+16,
        "b3_stdev": 283.2370763955052,
        "t_hot_stdev": 40944.91154227646,
        "n_hot_stdev": 8.401597094903486e+16
    },
    "2exp": null,
    "2nlsq": null,
    "1nlsq": null,
    "true_params": {
        "t_hot": 31.5871,
        "t_hot_stdev": 13.9912
    },
    "histogram": {
        "i": 1e+17,
        "l": 2.0,
        "a": 30.0,
        "filename": "hist_1e17_200_30"
    }
}