{
    "3exp": {
        "a1": 3091939821747744.0,
        "b1": -0.8485589611931963,
        "a2": 81221059335807.83,
        "b2": -0.3086931139775355,
        "a3": 3746593209360.7075,
        "b3": -0.07595932848101906,
        "t_hot": 13.16493997507999,
        "n_hot": 3746593209360.7075,
        "start_index": 0,
        "end_index": 411,
        "critical_energy": 8.692350750691645,
        "mse": 790268944.1015432
    },
    "2exp": {
        "a1": 53860326046688.37,
        "b1": -0.2644580915723367,
        "a2": 2943990414465.7383,
        "b2": -0.069983494948886,
        "a1_stdev": 1179997131625.677,
        "b1_stdev": 0.010192241935802487,
        "a2_stdev": 57244559251.93122,
        "b2_stdev": 0.02395873702367133,
        "t_hot": 14.289083457897782,
        "n_hot": 2943990414465.7383,
        "t_hot_stdev": 4.891844757497562,
        "n_hot_stdev": 57244559251.93122,
        "start_index": 61,
        "end_index": 411,
        "mse": 916451919.8823202
    },
    "nlsq": {
        "a1": 141015034970191.44,
        "b1": -0.37164830407006033,
        "a2": 6255388954347.123,
        "b2": -0.0959761134019789,
        "a0": -6375682671.504793,
        "a1_stdev": 145045312063014.9,
        "b1_stdev": 0.09067422486716159,
        "a2_stdev": 1384103238196.248,
        "b2_stdev": 0.007606815590202395,
        "a0_stdev": 129047087.6976427,
        "start_index": 61,
        "end_index": 411,
        "t_hot": 10.419259173495364,
        "n_hot": 6255388954347.123,
        "t_hot_stdev": 0.8258032161330434,
        "n_hot_stdev": 1384103238196.248,
        "mse": 566526624.2510834
    },
    "true_params": {
        "t_hot": 12.2693,
        "t_hot_stdev": 0.5717
    },
    "histogram": {
        "i": 1e+17,
        "l": 2.0,
        "a": 0.0,
        "filename": "hist_1e17_200_0"
    }
}