{
    "3exp": {
        "a1": 5080238024357739.0,
        "b1": -0.09019560890721846,
        "a2": 632792442132828.4,
        "b2": -0.01631533711043059,
        "a3": -827124960251.0497,
        "b3": 0.0014313369682071601,
        "t_hot": 61.292021931970254,
        "n_hot": 632792442132828.4,
        "start_index": 0,
        "end_index": 436,
        "a1_stdev": 1.0662280297881598e+19,
        "b1_stdev": 101.33466860033984,
        "a2_stdev": 6.715868404255395e+17,
        "b2_stdev": 10.97511735846416,
        "a3_stdev": 3.143529515860829e+16,
        "b3_stdev": 93.00237790029051,
        "t_hot_stdev": 41230.35456073266,
        "n_hot_stdev": 6.715868404255395e+17
    },
    "2exp": null,
    "2nlsq": null,
    "1nlsq": null,
    "true_params": {
        "t_hot": 62.0673,
        "t_hot_stdev": 0.4933
    },
    "histogram": {
        "i": 1e+18,
        "l": 0.1,
        "a": 50.0,
        "filename": "hist_1e18_010_50"
    }
}