{
    "3exp": {
        "a1": 1559711297961847.5,
        "b1": -0.016046241839393946,
        "a2": 996727292617187.2,
        "b2": -0.0055686036911644175,
        "a3": 482241324217639.5,
        "b3": -0.002590526990536754,
        "t_hot": 386.02184175382837,
        "n_hot": 482241324217639.5,
        "start_index": 0,
        "end_index": 665,
        "a1_stdev": 7.318057293975261e+17,
        "b1_stdev": 9.261244741694544,
        "a2_stdev": 4.1083363884819066e+17,
        "b2_stdev": 1.6256785528976674,
        "a3_stdev": 1.4795675379916774e+17,
        "b3_stdev": 0.16419690592462485,
        "t_hot_stdev": 24467.45093444125,
        "n_hot_stdev": 1.4795675379916774e+17
    },
    "2exp": null,
    "2nlsq": null,
    "1nlsq": null,
    "true_params": {
        "t_hot": 483.801,
        "t_hot_stdev": 9.371
    },
    "histogram": {
        "i": 1e+19,
        "l": 5.0,
        "a": 30.0,
        "filename": "hist_1e19_500_30"
    }
}