{
    "3exp": {
        "a1": 2490851991019476.0,
        "b1": -2.2280822898399517,
        "a2": 47080079148402.016,
        "b2": -0.4156946788401999,
        "a3": -18595098529.10535,
        "b3": 0.025159539529534383,
        "t_hot": 2.4056117407853974,
        "n_hot": 47080079148402.016,
        "start_index": 0,
        "end_index": 457,
        "critical_energy": NaN,
        "mse": 1052693311.7425302
    },
    "2exp": {
        "a1": 2341544750544929.0,
        "b1": -2.194222779749794,
        "a2": 48014835714089.32,
        "b2": -0.42188840169558206,
        "a1_stdev": 35861768202140.17,
        "b1_stdev": 0.020640126501935977,
        "a2_stdev": 192151315870.30475,
        "b2_stdev": 0.07537688401318339,
        "t_hot": 2.3702950732491583,
        "n_hot": 48014835714089.32,
        "t_hot_stdev": 0.423489852044427,
        "n_hot_stdev": 192151315870.30475,
        "start_index": 25,
        "end_index": 457,
        "mse": 1289002479.7514844
    },
    "nlsq": {
        "a1": 6022638732953579.0,
        "b1": -2.608059685056849,
        "a2": 53428626883200.45,
        "b2": -0.4404600098406984,
        "a0": 0.0,
        "a1_stdev": Infinity,
        "b1_stdev": Infinity,
        "a2_stdev": Infinity,
        "b2_stdev": Infinity,
        "a0_stdev": Infinity,
        "start_index": 25,
        "end_index": 457,
        "t_hot": 2.270353670385811,
        "n_hot": 53428626883200.45,
        "t_hot_stdev": Infinity,
        "n_hot_stdev": Infinity,
        "mse": 1121388310.867889
    },
    "true_params": {
        "t_hot": 2.2641,
        "t_hot_stdev": 0.0193
    },
    "histogram": {
        "i": 1e+17,
        "l": 0.1,
        "a": 1.0,
        "filename": "hist_1e17_010_1"
    }
}