{
    "3exp": {
        "a1": 829569219833657.5,
        "b1": -0.5019548322083474,
        "a2": 8968554587337.97,
        "b2": -0.11985962049617743,
        "a3": 2354011988118.515,
        "b3": -0.020442411666822764,
        "t_hot": 48.91790735351255,
        "n_hot": 2354011988118.515,
        "start_index": 0,
        "end_index": 445,
        "critical_energy": 12.17992558889559,
        "mse": 1046968690.9787318
    },
    "2exp": {
        "a1": 16390839378796.098,
        "b1": -0.1322469560462706,
        "a2": 2219993849143.078,
        "b2": -0.020356670868000176,
        "a1_stdev": 777356697935.1196,
        "b1_stdev": 0.003333734775844782,
        "a2_stdev": 31403799517.46947,
        "b2_stdev": 0.014692621587732598,
        "t_hot": 49.12394597743178,
        "n_hot": 2219993849143.078,
        "t_hot_stdev": 35.45567710077779,
        "n_hot_stdev": 31403799517.46947,
        "start_index": 39,
        "end_index": 445,
        "mse": 1019038191.7048299
    },
    "nlsq": {
        "a1": 26659932291551.86,
        "b1": -0.1515760906186328,
        "a2": 2251554126559.4155,
        "b2": -0.016635375067689136,
        "a0": -185804262747.29556,
        "a1_stdev": 19942416526933.79,
        "b1_stdev": 0.03541298911239489,
        "a2_stdev": 179134634496.51605,
        "b2_stdev": 0.0017760648684308174,
        "a0_stdev": 249489830.78695723,
        "start_index": 39,
        "end_index": 445,
        "t_hot": 60.112861653615404,
        "n_hot": 2251554126559.4155,
        "t_hot_stdev": 6.4179101035838135,
        "n_hot_stdev": 179134634496.51605,
        "mse": 311556933.4830981
    },
    "true_params": {
        "t_hot": 43.6223,
        "t_hot_stdev": 1.7326
    },
    "histogram": {
        "i": 1e+17,
        "l": 5.0,
        "a": 10.0,
        "filename": "hist_1e17_500_10"
    }
}