{
    "3exp": {
        "a1": 3.779862003899042e+16,
        "b1": -0.05209254637952312,
        "a2": 4564942509573052.0,
        "b2": -0.013789657524689653,
        "a3": 1108616262259081.1,
        "b3": -0.00580096886082882,
        "t_hot": 172.38499705670267,
        "n_hot": 1108616262259081.1,
        "start_index": 0,
        "end_index": 600,
        "critical_energy": 76.237625873679,
        "mse": 236904983.85537517
    },
    "2exp": {
        "a1": 4974025161051143.0,
        "b1": -0.014647827339470594,
        "a2": 1217428503165221.2,
        "b2": -0.005932411302564247,
        "a1_stdev": 22566068731236.34,
        "b1_stdev": 0.00019362553566037053,
        "a2_stdev": 4443929351538.473,
        "b2_stdev": 0.00033767624595808465,
        "t_hot": 168.56552066235804,
        "n_hot": 1217428503165221.2,
        "t_hot_stdev": 9.59484589186044,
        "n_hot_stdev": 4443929351538.473,
        "start_index": 37,
        "end_index": 600,
        "mse": 221534733.35023007
    },
    "nlsq": {
        "a1": 4816628020217536.0,
        "b1": -0.014243913557316225,
        "a2": 1162913904917356.8,
        "b2": -0.00586937717287137,
        "a0": -233969021045.58072,
        "a1_stdev": 148356888877528.94,
        "b1_stdev": 0.0003364242317496342,
        "a2_stdev": 49996217296167.78,
        "b2_stdev": 6.342014348505085e-05,
        "a0_stdev": 18903532.41039108,
        "start_index": 37,
        "end_index": 600,
        "t_hot": 170.3758287373425,
        "n_hot": 1162913904917356.8,
        "t_hot_stdev": 1.840955042870528,
        "n_hot_stdev": 49996217296167.78,
        "mse": 174422256.5596714
    },
    "true_params": {
        "t_hot": 169.5584,
        "t_hot_stdev": 2.4348
    },
    "histogram": {
        "i": 1e+19,
        "l": 0.1,
        "a": 50.0,
        "filename": "hist_1e19_010_50"
    }
}