{
    "3exp": {
        "a1": 3877607755557077.5,
        "b1": -0.020705067406104168,
        "a2": 605643968958598.1,
        "b2": -0.0027423668466206638,
        "a3": 112696315469490.72,
        "b3": -0.0014362929158680524,
        "t_hot": 696.2368114136592,
        "n_hot": 112696315469490.72,
        "start_index": 0,
        "end_index": 729,
        "a1_stdev": 3.590063427863037e+18,
        "b1_stdev": 7.455072979540945,
        "a2_stdev": 9.274958218792102e+16,
        "b2_stdev": 0.5165182783439879,
        "a3_stdev": 1.3644478323335941e+17,
        "b3_stdev": 0.35332535200388443,
        "t_hot_stdev": 171272.94422539105,
        "n_hot_stdev": 1.3644478323335941e+17
    },
    "2exp": null,
    "2nlsq": null,
    "1nlsq": null,
    "true_params": {
        "t_hot": 598.7934,
        "t_hot_stdev": 5.455
    },
    "histogram": {
        "i": 1e+19,
        "l": 1.0,
        "a": 5.0,
        "filename": "hist_1e19_100_5"
    }
}