{
    "3exp": {
        "a1": 5473690175376249.0,
        "b1": -0.03022946949966729,
        "a2": 1131584610760044.8,
        "b2": -0.008063474012940119,
        "a3": 105014561767063.56,
        "b3": -0.003839350763372724,
        "t_hot": 260.46070328868257,
        "n_hot": 105014561767063.56,
        "start_index": 0,
        "end_index": 490,
        "critical_energy": 149.8140006173425,
        "mse": 229379532.40819484
    },
    "2exp": {
        "a1": 1188743001085479.5,
        "b1": -0.008236263616460925,
        "a2": 110094668754801.0,
        "b2": -0.003860534678096307,
        "a1_stdev": 10257660408232.598,
        "b1_stdev": 0.0008051865050320026,
        "a2_stdev": 2619931044629.552,
        "b2_stdev": 0.0011463642573875492,
        "t_hot": 259.0314770836656,
        "n_hot": 110094668754801.0,
        "t_hot_stdev": 76.91795350312576,
        "n_hot_stdev": 2619931044629.552,
        "start_index": 54,
        "end_index": 490,
        "mse": 248292753.05520132
    },
    "nlsq": {
        "a1": 1158446911399756.5,
        "b1": -0.008874544603620438,
        "a2": 210855711832644.22,
        "b2": -0.004553080095541975,
        "a0": -117036746461.29912,
        "a1_stdev": 57154572118984.086,
        "b1_stdev": 0.0007108783087930782,
        "a2_stdev": 87258910603738.66,
        "b2_stdev": 0.000404459276375424,
        "a0_stdev": 41256428.26249974,
        "start_index": 54,
        "end_index": 490,
        "t_hot": 219.63154150947685,
        "n_hot": 210855711832644.22,
        "t_hot_stdev": 19.510312246674367,
        "n_hot_stdev": 87258910603738.66,
        "mse": 185332736.74322084
    },
    "true_params": {
        "t_hot": 225.445,
        "t_hot_stdev": 7.0521
    },
    "histogram": {
        "i": 1e+19,
        "l": 0.1,
        "a": 5.0,
        "filename": "hist_1e19_010_5"
    }
}