{
    "3exp": {
        "a1": 785741284882883.4,
        "b1": -0.5928979554754905,
        "a2": 6948925435616.178,
        "b2": -0.15112614998044877,
        "a3": 986523767099.2843,
        "b3": -0.025516562757100326,
        "t_hot": 39.190231439841426,
        "n_hot": 986523767099.2843,
        "start_index": 0,
        "end_index": 518,
        "a1_stdev": 2.865600830905295e+18,
        "b1_stdev": 756.0435913485751,
        "a2_stdev": 9.185848455280547e+16,
        "b2_stdev": 880.7340202484653,
        "a3_stdev": 3221662273232333.0,
        "b3_stdev": 41.67624993697796,
        "t_hot_stdev": 64009.47871085633,
        "n_hot_stdev": 3221662273232333.0,
        "critical_energy": 10.702449751886139,
        "mswe": 5.431221507422202e+17,
        "mse": 8.844684098427526e+18
    },
    "2exp": {
        "a0": 324069347212.4492,
        "a1": 3096261653775.2886,
        "b1": -0.07669768067316353,
        "a2": -52690865307.98322,
        "b2": 0.016500909316651397,
        "a0_stdev": 6436534162601961.0,
        "a1_stdev": 1.721052889458545e+16,
        "b1_stdev": 397.38396379580547,
        "a2_stdev": 3484517834343604.0,
        "b2_stdev": 429.1923590905211,
        "t_hot": 13.038203909468404,
        "n_hot": 3096261653775.2886,
        "t_hot_stdev": 67553.19202416783,
        "n_hot_stdev": 1.721052889458545e+16,
        "start_index": 55,
        "end_index": 518,
        "mswe": 4.232212736538895e+17,
        "mse": 8.193504723678872e+17
    },
    "2nlsq": null,
    "1nlsq": null,
    "true_params": {
        "t_hot": 34.6732,
        "t_hot_stdev": 1.8113
    },
    "histogram": {
        "i": 1e+17,
        "l": 5.0,
        "a": 5.0,
        "filename": "hist_1e17_500_5"
    }
}