{
    "3exp": {
        "a1": 689803841362301.5,
        "b1": -1.3440610030562754,
        "a2": 87248396383937.38,
        "b2": -0.29383501546400803,
        "a3": 3594649145987.7456,
        "b3": -0.06360139483507223,
        "t_hot": 15.722925614967206,
        "n_hot": 3594649145987.7456,
        "start_index": 0,
        "end_index": 563,
        "a1_stdev": 4.722425068340122e+19,
        "b1_stdev": 25600.018243412127,
        "a2_stdev": 5.759132648868803e+17,
        "b2_stdev": 904.8241383790455,
        "a3_stdev": 2.777832940809442e+16,
        "b3_stdev": 196.6494132510189,
        "t_hot_stdev": 48613.77812216979,
        "n_hot_stdev": 2.777832940809442e+16,
        "critical_energy": 1.9687649252266919,
        "mswe": 1.4932222060143747e+19,
        "mse": 4.7846694079640646e+20
    },
    "2exp": {
        "a0": -85434300417.44943,
        "a1": 92053409636264.14,
        "b1": -0.2929404792886754,
        "a2": 2899801914225.2197,
        "b2": -0.05183421643955683,
        "a0_stdev": 4778737515462148.0,
        "a1_stdev": 4.183416034875506e+17,
        "b1_stdev": 829.6749658359432,
        "a2_stdev": 4.007090707327207e+16,
        "b2_stdev": 683.585009973664,
        "t_hot": 19.292275811019277,
        "n_hot": 2899801914225.2197,
        "t_hot_stdev": 254424.80775355274,
        "n_hot_stdev": 4.007090707327207e+16,
        "start_index": 25,
        "end_index": 563,
        "mswe": 1.3807418164200815e+19,
        "mse": 5.781684485737344e+19
    },
    "2nlsq": {
        "a1": 108453122595131.27,
        "b1": -0.37113263770501853,
        "a2": 13252503272725.336,
        "b2": -0.12610992074570165,
        "a0": -2862590798.426885,
        "a1_stdev": 13796284140436.76,
        "b1_stdev": 0.031952341978235425,
        "a2_stdev": 2918629300350.157,
        "b2_stdev": 0.009154151961356539,
        "a0_stdev": 10745659679.462378,
        "start_index": 25,
        "end_index": 563,
        "t_hot": 7.929590266070198,
        "n_hot": 13252503272725.336,
        "t_hot_stdev": 0.5755984450523441,
        "n_hot_stdev": 2918629300350.157,
        "mswe": 5.122489406316124e+18,
        "mse": 7.068303062106214e+19
    },
    "1nlsq": null,
    "true_params": {
        "t_hot": 9.9542,
        "t_hot_stdev": 0.6897
    },
    "histogram": {
        "i": 1e+17,
        "l": 0.05,
        "a": 10.0,
        "filename": "hist_1e17_005_10"
    }
}