{
    "3exp": {
        "a1": 3023573807839702.0,
        "b1": -0.0192380262863836,
        "a2": 540836967906234.7,
        "b2": -0.002309487640704703,
        "a3": 29631138570536.836,
        "b3": -0.0014984760529489756,
        "t_hot": 667.3446652897902,
        "n_hot": 29631138570536.836,
        "start_index": 0,
        "end_index": 792,
        "critical_energy": 260.7376705056382,
        "mse": 28397550.929202717
    },
    "2exp": {
        "a1": 562319940544517.06,
        "b1": -0.0022413128099145327,
        "a2": 1246853308256.024,
        "b2": -0.0006752616204579879,
        "a1_stdev": 838883867382.7396,
        "b1_stdev": 0.000463266407074082,
        "a2_stdev": 253443381592.66602,
        "b2_stdev": 0.0006319099455109346,
        "t_hot": 1480.9075026680212,
        "n_hot": 1246853308256.024,
        "t_hot_stdev": 1385.8335065496371,
        "n_hot_stdev": 253443381592.66602,
        "start_index": 57,
        "end_index": 792,
        "mse": 32955382.277359392
    },
    "nlsq": {
        "a1": 129417060865182.06,
        "b1": -0.0031220805940524745,
        "a2": 453009556206156.25,
        "b2": -0.0021163223271161106,
        "a0": -88276244303.76924,
        "a1_stdev": 91030661753081.9,
        "b1_stdev": 0.0008147435766982101,
        "a2_stdev": 101812542356247.78,
        "b2_stdev": 6.817736920908788e-05,
        "a0_stdev": 2709911.4599141176,
        "start_index": 57,
        "end_index": 792,
        "t_hot": 472.51781412838426,
        "n_hot": 453009556206156.25,
        "t_hot_stdev": 15.222171527907603,
        "n_hot_stdev": 101812542356247.78,
        "mse": 14583950.874100862
    },
    "true_params": {
        "t_hot": 496.6052,
        "t_hot_stdev": 4.8845
    },
    "histogram": {
        "i": 1e+19,
        "l": 1.0,
        "a": 15.0,
        "filename": "hist_1e19_100_15"
    }
}