{
    "3exp": {
        "a1": 1.8272691175772516e+16,
        "b1": -0.06416375633204602,
        "a2": 2974719520826996.0,
        "b2": -0.018603442181211814,
        "a3": 836571294802594.4,
        "b3": -0.005824141339170277,
        "t_hot": 171.6991298398783,
        "n_hot": 836571294802594.4,
        "start_index": 0,
        "end_index": 358,
        "a1_stdev": 5.885390656033602e+20,
        "b1_stdev": 794.6746692877202,
        "a2_stdev": 3.2130440165665124e+19,
        "b2_stdev": 97.64043443921672,
        "a3_stdev": 2.968332398437841e+18,
        "b3_stdev": 6.3049927984001695,
        "t_hot_stdev": 185874.91513147808,
        "n_hot_stdev": 2.968332398437841e+18
    },
    "2exp": null,
    "2nlsq": null,
    "1nlsq": null,
    "true_params": {
        "t_hot": 172.0094,
        "t_hot_stdev": 1.8476
    },
    "histogram": {
        "i": 1e+19,
        "l": 0.01,
        "a": 20.0,
        "filename": "hist_1e19_001_20"
    }
}