{
    "3exp": {
        "a1": 1.082032907689548e+16,
        "b1": -0.31232391836119505,
        "a2": 1593068555190972.8,
        "b2": -0.10078812696669859,
        "a3": 309392199577310.4,
        "b3": -0.028865029887724544,
        "t_hot": 34.643996693911994,
        "n_hot": 309392199577310.4,
        "start_index": 0,
        "end_index": 374,
        "a1_stdev": 4.5060714828767055e+20,
        "b1_stdev": 5066.8053325994215,
        "a2_stdev": 3.0235992966841496e+19,
        "b2_stdev": 762.1605907724796,
        "a3_stdev": 1.5025708873527066e+18,
        "b3_stdev": 43.920277165816024,
        "t_hot_stdev": 52713.40244048421,
        "n_hot_stdev": 1.5025708873527066e+18
    },
    "2exp": null,
    "2nlsq": null,
    "1nlsq": null,
    "true_params": {
        "t_hot": 33.3202,
        "t_hot_stdev": 0.345
    },
    "histogram": {
        "i": 1e+18,
        "l": 0.02,
        "a": 40.0,
        "filename": "hist_1e18_002_40"
    }
}