{
    "3exp": {
        "a1": 717762566624211.1,
        "b1": -0.06626297707810823,
        "a2": 120174238891730.28,
        "b2": -0.015014628897633093,
        "a3": 16650441507466.443,
        "b3": -0.003880822502112617,
        "t_hot": 257.6773350122626,
        "n_hot": 16650441507466.443,
        "start_index": 0,
        "end_index": 621,
        "critical_energy": 60.33299298089139,
        "mse": 79502488.09438367
    },
    "2exp": {
        "a1": 130544641347373.97,
        "b1": -0.015610575256459897,
        "a2": 17396498305956.746,
        "b2": -0.003976039274225879,
        "a1_stdev": 752135792707.0538,
        "b1_stdev": 0.00013993567947153442,
        "a2_stdev": 117346009848.36192,
        "b2_stdev": 0.00033233234314734476,
        "t_hot": 251.5065699884709,
        "n_hot": 17396498305956.746,
        "t_hot_stdev": 21.021866726277157,
        "n_hot_stdev": 117346009848.36192,
        "start_index": 43,
        "end_index": 621,
        "mse": 74851722.15330221
    },
    "nlsq": {
        "a1": 120416446898975.52,
        "b1": -0.013639550189690564,
        "a2": 10910769465032.697,
        "b2": -0.002528412867966525,
        "a0": -767075194013.3492,
        "a1_stdev": 3517166315792.2217,
        "b1_stdev": 0.00031775836447838564,
        "a2_stdev": 621734136029.0432,
        "b2_stdev": 0.0001547910059915356,
        "a0_stdev": 89498587.18941762,
        "start_index": 43,
        "end_index": 621,
        "t_hot": 395.5050271533579,
        "n_hot": 10910769465032.697,
        "t_hot_stdev": 24.213063381936724,
        "n_hot_stdev": 621734136029.0432,
        "mse": 34204003.6421636
    },
    "true_params": {
        "t_hot": 249.824,
        "t_hot_stdev": 8.8254
    },
    "histogram": {
        "i": 1e+18,
        "l": 2.0,
        "a": 4.0,
        "filename": "hist_1e18_200_4"
    }
}