{
    "3exp": {
        "a1": 1.2922854741112114e+16,
        "b1": -0.059003521631393864,
        "a2": 1893847768124651.2,
        "b2": -0.018599398604884507,
        "a3": 731995019023188.2,
        "b3": -0.0059895383505428786,
        "t_hot": 166.95777562044697,
        "n_hot": 731995019023188.2,
        "start_index": 0,
        "end_index": 524,
        "critical_energy": 54.15512702732551,
        "mse": 252540003.5764813
    },
    "2exp": {
        "a1": 2296769497258608.5,
        "b1": -0.020027613613726226,
        "a2": 748256678121138.1,
        "b2": -0.006026307146525033,
        "a1_stdev": 19600986591550.895,
        "b1_stdev": 0.00021848844151137027,
        "a2_stdev": 2315274796464.8013,
        "b2_stdev": 0.0005132296530727923,
        "t_hot": 165.93910261886217,
        "n_hot": 748256678121138.1,
        "t_hot_stdev": 14.132181781905684,
        "n_hot_stdev": 2315274796464.8013,
        "start_index": 29,
        "end_index": 524,
        "mse": 256838067.85496432
    },
    "nlsq": {
        "a1": 2659894074403499.5,
        "b1": -0.02201667708883808,
        "a2": 804362983301090.1,
        "b2": -0.006197432289728755,
        "a0": 0.0,
        "a1_stdev": Infinity,
        "b1_stdev": Infinity,
        "a2_stdev": Infinity,
        "b2_stdev": Infinity,
        "a0_stdev": Infinity,
        "start_index": 29,
        "end_index": 524,
        "t_hot": 161.35714813009557,
        "n_hot": 804362983301090.1,
        "t_hot_stdev": Infinity,
        "n_hot_stdev": Infinity,
        "mse": 245644266.65044993
    },
    "true_params": {
        "t_hot": 175.2707,
        "t_hot_stdev": 5.2967
    },
    "histogram": {
        "i": 1e+19,
        "l": 0.05,
        "a": 3.0,
        "filename": "hist_1e19_005_3"
    }
}