{
    "3exp": {
        "a1": 1.357558005802934e+16,
        "b1": -0.05268227154792891,
        "a2": 2939495527884170.0,
        "b2": -0.016838560568790545,
        "a3": 481135575681153.4,
        "b3": -0.007547556093999815,
        "t_hot": 132.49321867180078,
        "n_hot": 481135575681153.4,
        "start_index": 0,
        "end_index": 409,
        "a1_stdev": 5.585327861023811e+19,
        "b1_stdev": 113.58493016562689,
        "a2_stdev": 6.620855247959743e+18,
        "b2_stdev": 21.471784986538818,
        "a3_stdev": 1.4502958526048463e+18,
        "b3_stdev": 4.625035439165426,
        "t_hot_stdev": 81189.9672124766,
        "n_hot_stdev": 1.4502958526048463e+18,
        "critical_energy": 42.6862781646246,
        "mswe": 2.998386944233237e+17,
        "mse": 2.824445335013572e+21
    },
    "2exp": {
        "a0": 726168362095.5771,
        "a1": 4713843090816057.0,
        "b1": -0.023811851275439572,
        "a2": 1033633221202594.2,
        "b2": -0.009206701569951934,
        "a0_stdev": 1454474766541184.2,
        "a1_stdev": 2.4884304727836918e+19,
        "b1_stdev": 61.81821233061712,
        "a2_stdev": 3.2722526533649413e+18,
        "b2_stdev": 7.303875940443927,
        "t_hot": 108.6165324684485,
        "n_hot": 1033633221202594.2,
        "t_hot_stdev": 86167.84982147405,
        "n_hot_stdev": 3.2722526533649413e+18,
        "start_index": 25,
        "end_index": 409,
        "mswe": 6.902588205984754e+17,
        "mse": 1.7941406864129034e+19
    },
    "2nlsq": {
        "a1": 4143120485399148.0,
        "b1": -0.021378161557546908,
        "a2": 824480400579981.9,
        "b2": -0.00861287866341545,
        "a0": -74000856578.48082,
        "a1_stdev": 368366434998632.94,
        "b1_stdev": 0.0011150464404354524,
        "a2_stdev": 74133461257733.62,
        "b2_stdev": 0.00019235237135620576,
        "a0_stdev": 40079506388.20911,
        "start_index": 25,
        "end_index": 409,
        "t_hot": 116.10520002419824,
        "n_hot": 824480400579981.9,
        "t_hot_stdev": 2.5929902677376044,
        "n_hot_stdev": 74133461257733.62,
        "mswe": 2.3643161269081098e+17,
        "mse": 1.8274467798122529e+19
    },
    "1nlsq": null,
    "true_params": {
        "t_hot": 152.2933,
        "t_hot_stdev": 6.3606
    },
    "histogram": {
        "i": 1e+19,
        "l": 0.02,
        "a": 40.0,
        "filename": "hist_1e19_002_40"
    }
}