{
    "3exp": {
        "a1": 313453229714354.1,
        "b1": -0.18677268460902374,
        "a2": 20178164226493.984,
        "b2": -0.0407853951364405,
        "a3": 6413664535518.38,
        "b3": -0.009349265351132605,
        "t_hot": 106.96027574817484,
        "n_hot": 6413664535518.38,
        "start_index": 0,
        "end_index": 443,
        "a1_stdev": 4.1747131786021924e+18,
        "b1_stdev": 1191.8973117459664,
        "a2_stdev": 2.6117877345545664e+17,
        "b2_stdev": 409.117485700714,
        "a3_stdev": 5.108229176149095e+16,
        "b3_stdev": 38.6275925139877,
        "t_hot_stdev": 441918.99487415224,
        "n_hot_stdev": 5.108229176149095e+16
    },
    "2exp": null,
    "2nlsq": null,
    "1nlsq": null,
    "true_params": {
        "t_hot": 95.8447,
        "t_hot_stdev": 2.749
    },
    "histogram": {
        "i": 1e+17,
        "l": 0.5,
        "a": 20.0,
        "filename": "hist_1e17_050_20"
    }
}