{
    "3exp": {
        "a1": 1.2872645663402146e+16,
        "b1": -0.03673105157759678,
        "a2": 2717254283480716.5,
        "b2": -0.010154181971273874,
        "a3": 244121832058516.97,
        "b3": -0.004850305553119849,
        "t_hot": 206.17257800527076,
        "n_hot": 244121832058516.97,
        "start_index": 0,
        "end_index": 483,
        "critical_energy": 124.37577314776989,
        "mse": 337760427.2340706
    },
    "2exp": {
        "a1": 2591961360909292.0,
        "b1": -0.009547313923084895,
        "a2": 145120164086648.06,
        "b2": -0.004341278901038796,
        "a1_stdev": 12804743732569.111,
        "b1_stdev": 0.0006475065697703605,
        "a2_stdev": 3160287542952.0376,
        "b2_stdev": 0.0009071846466090687,
        "t_hot": 230.3468684678878,
        "n_hot": 145120164086648.06,
        "t_hot_stdev": 48.13492688031263,
        "n_hot_stdev": 3160287542952.0376,
        "start_index": 50,
        "end_index": 483,
        "mse": 380676896.0267075
    },
    "nlsq": {
        "a1": 2555535635707124.5,
        "b1": -0.00946144767714477,
        "a2": 141156909111893.0,
        "b2": -0.004361842472135718,
        "a0": -318227109833.83954,
        "a1_stdev": 68393052665184.29,
        "b1_stdev": 0.0003222792720510575,
        "a2_stdev": 62680463224188.15,
        "b2_stdev": 0.0004884354326047189,
        "a0_stdev": 77185140.93866524,
        "start_index": 50,
        "end_index": 483,
        "t_hot": 229.2609158602565,
        "n_hot": 141156909111893.0,
        "t_hot_stdev": 25.67244354487872,
        "n_hot_stdev": 62680463224188.15,
        "mse": 258138841.6874087
    },
    "true_params": {
        "t_hot": 212.0327,
        "t_hot_stdev": 11.035
    },
    "histogram": {
        "i": 1e+19,
        "l": 0.05,
        "a": 40.0,
        "filename": "hist_1e19_005_40"
    }
}