{
    "3exp": {
        "a1": 291567042053818.9,
        "b1": -0.2599131422950376,
        "a2": 17392993297903.688,
        "b2": -0.06873013469744266,
        "a3": 1911702272759.613,
        "b3": -0.011802301140775828,
        "t_hot": 84.72923949932908,
        "n_hot": 1911702272759.613,
        "start_index": 0,
        "end_index": 352,
        "a1_stdev": 4.0210827231560986e+18,
        "b1_stdev": 1493.6621820149553,
        "a2_stdev": 2.3427453207506426e+17,
        "b2_stdev": 462.96691995173404,
        "a3_stdev": 1.3976785723783382e+16,
        "b3_stdev": 54.112540462744164,
        "t_hot_stdev": 388476.310348034,
        "n_hot_stdev": 1.3976785723783382e+16
    },
    "2exp": null,
    "2nlsq": null,
    "1nlsq": null,
    "true_params": {
        "t_hot": 77.0037,
        "t_hot_stdev": 4.4358
    },
    "histogram": {
        "i": 1e+17,
        "l": 2.0,
        "a": 10.0,
        "filename": "hist_1e17_200_10"
    }
}