{
    "3exp": {
        "a1": 316767787383712.8,
        "b1": -0.11776798840706047,
        "a2": 67045396533499.7,
        "b2": -0.036343530903724754,
        "a3": 18311378722213.09,
        "b3": -0.013571043780817518,
        "t_hot": 73.6862997534122,
        "n_hot": 18311378722213.09,
        "start_index": 0,
        "end_index": 450,
        "a1_stdev": 1.6869730698945057e+18,
        "b1_stdev": 571.6704576052152,
        "a2_stdev": 5.432267541814611e+17,
        "b2_stdev": 198.8413430315533,
        "a3_stdev": 1.2866023900644547e+17,
        "b3_stdev": 26.30542703863996,
        "t_hot_stdev": 142829.80831957585,
        "n_hot_stdev": 1.2866023900644547e+17
    },
    "2exp": null,
    "2nlsq": null,
    "1nlsq": null,
    "true_params": {
        "t_hot": 66.648,
        "t_hot_stdev": 3.7649
    },
    "histogram": {
        "i": 1e+18,
        "l": 0.2,
        "a": 5.0,
        "filename": "hist_1e18_020_5"
    }
}