{
    "3exp": {
        "a1": 5495267364248147.0,
        "b1": -1.359500393856524,
        "a2": 768862461831673.4,
        "b2": -0.506933546492231,
        "a3": 135738938853566.1,
        "b3": -0.12446479933466152,
        "t_hot": 8.034400130362926,
        "n_hot": 135738938853566.1,
        "start_index": 0,
        "end_index": 378,
        "a1_stdev": 7.52952545959665e+20,
        "b1_stdev": 71319.56708477742,
        "a2_stdev": 6.250142824650748e+19,
        "b2_stdev": 12963.946567950214,
        "a3_stdev": 1.3234103233837962e+18,
        "b3_stdev": 419.8534331161224,
        "t_hot_stdev": 27102.204766276373,
        "n_hot_stdev": 1.3234103233837962e+18
    },
    "2exp": null,
    "2nlsq": null,
    "1nlsq": null,
    "true_params": {
        "t_hot": 7.8105,
        "t_hot_stdev": 0.0815
    },
    "histogram": {
        "i": 1e+17,
        "l": 0.02,
        "a": 50.0,
        "filename": "hist_1e17_002_50"
    }
}