{
    "3exp": {
        "a1": 6870984405029105.0,
        "b1": -1.4508186011047044,
        "a2": 267168792536019.38,
        "b2": -0.4620272655042718,
        "a3": 3713616210236.613,
        "b3": -0.0968825153598088,
        "t_hot": 10.321779903072631,
        "n_hot": 3713616210236.613,
        "start_index": 0,
        "end_index": 393,
        "critical_energy": 5.556434031803463,
        "mse": 2056381262.79543
    },
    "2exp": {
        "a1": 237613893441436.06,
        "b1": -0.4462533106925634,
        "a2": 3377837552316.031,
        "b2": -0.0936175423867865,
        "a1_stdev": 2817227098875.1655,
        "b1_stdev": 0.00674067251245507,
        "a2_stdev": 73242728697.49564,
        "b2_stdev": 0.017244738059929193,
        "t_hot": 10.681758722830384,
        "n_hot": 3377837552316.031,
        "t_hot_stdev": 1.9676240851690312,
        "n_hot_stdev": 73242728697.49564,
        "start_index": 50,
        "end_index": 393,
        "mse": 2358958025.322734
    },
    "nlsq": {
        "a1": 471337473330503.56,
        "b1": -0.5491200549507192,
        "a2": 8383137958156.496,
        "b2": -0.14143705615507213,
        "a0": 0.0,
        "a1_stdev": Infinity,
        "b1_stdev": Infinity,
        "a2_stdev": Infinity,
        "b2_stdev": Infinity,
        "a0_stdev": Infinity,
        "start_index": 50,
        "end_index": 393,
        "t_hot": 7.0702829031141325,
        "n_hot": 8383137958156.496,
        "t_hot_stdev": Infinity,
        "n_hot_stdev": Infinity,
        "mse": 1211323949.1931407
    },
    "true_params": {
        "t_hot": 7.9947,
        "t_hot_stdev": 0.4991
    },
    "histogram": {
        "i": 1e+17,
        "l": 0.5,
        "a": 3.0,
        "filename": "hist_1e17_050_3"
    }
}