{
    "3exp": {
        "a1": 7518828614678202.0,
        "b1": -0.03236299294161719,
        "a2": 1184136019544414.5,
        "b2": -0.009727134711044697,
        "a3": 582032690890013.9,
        "b3": -0.00509406585791955,
        "t_hot": 196.30684563006545,
        "n_hot": 582032690890013.9,
        "start_index": 0,
        "end_index": 447,
        "a1_stdev": 1.5524074441754808e+19,
        "b1_stdev": 47.92097766622063,
        "a2_stdev": 2.4664925015034557e+18,
        "b2_stdev": 21.935792465614586,
        "a3_stdev": 2.102684039897998e+18,
        "b3_stdev": 3.330737404934104,
        "t_hot_stdev": 128354.5544602989,
        "n_hot_stdev": 2.102684039897998e+18,
        "critical_energy": 81.65791314118712,
        "mswe": 1.6515407447954982e+17,
        "mse": 2.424488649777562e+21
    },
    "2exp": {
        "a0": 537230575605.909,
        "a1": 2034960674360804.5,
        "b1": -0.01582709479058186,
        "a2": 970541877559878.1,
        "b2": -0.005779927454419912,
        "a0_stdev": 1353543867574036.5,
        "a1_stdev": 1.4518875555433402e+19,
        "b1_stdev": 57.04016737049671,
        "a2_stdev": 1.8535055731846426e+18,
        "b2_stdev": 2.9878411765790793,
        "t_hot": 173.01255212732812,
        "n_hot": 970541877559878.1,
        "t_hot_stdev": 89436.07534654536,
        "n_hot_stdev": 1.8535055731846426e+18,
        "start_index": 31,
        "end_index": 447,
        "mswe": 3.176527382738783e+17,
        "mse": 8.521268495931441e+18
    },
    "2nlsq": {
        "a1": 1589666173921205.2,
        "b1": -0.012150789855107884,
        "a2": 735013270851455.0,
        "b2": -0.005331936987229707,
        "a0": -251476949446.4604,
        "a1_stdev": 122189045494871.05,
        "b1_stdev": 0.0008882547426376042,
        "a2_stdev": 65353132937147.11,
        "b2_stdev": 0.0001158635713153175,
        "a0_stdev": 46159808395.49983,
        "start_index": 31,
        "end_index": 447,
        "t_hot": 187.5491031486413,
        "n_hot": 735013270851455.0,
        "t_hot_stdev": 4.075462433226666,
        "n_hot_stdev": 65353132937147.11,
        "mswe": 1.252262429960783e+17,
        "mse": 9.024592346444252e+18
    },
    "1nlsq": null,
    "true_params": {
        "t_hot": 196.8326,
        "t_hot_stdev": 8.6433
    },
    "histogram": {
        "i": 1e+19,
        "l": 0.05,
        "a": 5.0,
        "filename": "hist_1e19_005_5"
    }
}