{
    "3exp": {
        "a1": 6276394393317504.0,
        "b1": -1.6384867039629434,
        "a2": 133553540914649.67,
        "b2": -0.36106278778237205,
        "a3": 22163587984085.77,
        "b3": -0.13447698662770152,
        "t_hot": 7.436216597926098,
        "n_hot": 22163587984085.77,
        "start_index": 0,
        "end_index": 211,
        "a1_stdev": 1.4265530457261904e+21,
        "b1_stdev": 86359.93246079609,
        "a2_stdev": 9.04141028248233e+18,
        "b2_stdev": 23888.498694998005,
        "a3_stdev": 4.3117882666581494e+18,
        "b3_stdev": 8601.601134145105,
        "t_hot_stdev": 475645.46712778346,
        "n_hot_stdev": 4.3117882666581494e+18
    },
    "2exp": null,
    "2nlsq": null,
    "1nlsq": null,
    "true_params": {
        "t_hot": 6.7531,
        "t_hot_stdev": 0.2567
    },
    "histogram": {
        "i": 1e+18,
        "l": 0.01,
        "a": 1.0,
        "filename": "hist_1e18_001_1"
    }
}