{
    "3exp": {
        "a1": 1004175001084733.5,
        "b1": -0.32580350882542347,
        "a2": 106116574918761.16,
        "b2": -0.12455164806624337,
        "a3": 30076464407333.0,
        "b3": -0.027408175506687126,
        "t_hot": 36.48546397245658,
        "n_hot": 30076464407333.0,
        "start_index": 0,
        "end_index": 439,
        "a1_stdev": 1.4446011012560167e+19,
        "b1_stdev": 3909.0968976842505,
        "a2_stdev": 5.688529796580807e+18,
        "b2_stdev": 2411.608198046566,
        "a3_stdev": 1.668312425536047e+17,
        "b3_stdev": 61.71896776721717,
        "t_hot_stdev": 82159.61599992671,
        "n_hot_stdev": 1.668312425536047e+17
    },
    "2exp": null,
    "2nlsq": null,
    "1nlsq": null,
    "true_params": {
        "t_hot": 34.9524,
        "t_hot_stdev": 0.5989
    },
    "histogram": {
        "i": 1e+17,
        "l": 0.2,
        "a": 45.0,
        "filename": "hist_1e17_020_45"
    }
}