{
    "3exp": {
        "a1": 852278798534069.4,
        "b1": -0.27300219180267205,
        "a2": 110279002989270.72,
        "b2": -0.08738059317686715,
        "a3": 25164198671710.203,
        "b3": -0.0175409264271127,
        "t_hot": 57.00953163193921,
        "n_hot": 25164198671710.203,
        "start_index": 0,
        "end_index": 506,
        "a1_stdev": 1.5443391128958446e+19,
        "b1_stdev": 3309.3154959735944,
        "a2_stdev": 3.265958206084331e+18,
        "b2_stdev": 1133.1467617029919,
        "a3_stdev": 1.4355580394428029e+17,
        "b3_stdev": 46.192322677025516,
        "t_hot_stdev": 150129.05343119305,
        "n_hot_stdev": 1.4355580394428029e+17,
        "critical_energy": 11.016499003205578,
        "mswe": 1.0816635561029081e+19,
        "mse": 1.535773138458398e+21
    },
    "2exp": {
        "a0": -1784419925463.3567,
        "a1": 117327927345276.36,
        "b1": -0.07619110790458719,
        "a2": 18996918724269.23,
        "b2": -0.011260180271156144,
        "a0_stdev": 5.284312733485346e+16,
        "a1_stdev": 1.1492971121270071e+18,
        "b1_stdev": 552.4606284391601,
        "a2_stdev": 1.3670594193616494e+17,
        "b2_stdev": 149.4262900778794,
        "t_hot": 88.80852490093612,
        "n_hot": 18996918724269.23,
        "t_hot_stdev": 1178518.2904423713,
        "n_hot_stdev": 1.3670594193616494e+17,
        "start_index": 34,
        "end_index": 506,
        "mswe": 8.022232557532751e+18,
        "mse": 1.877012872134338e+19
    },
    "2nlsq": {
        "a1": 118639264859168.7,
        "b1": -0.07715103294074309,
        "a2": 19359866758366.26,
        "b2": -0.011799415713039533,
        "a0": -1703022871452.8423,
        "a1_stdev": 10572238342393.79,
        "b1_stdev": 0.005040178375559733,
        "a2_stdev": 1300044968929.9932,
        "b2_stdev": 0.001309907756088243,
        "a0_stdev": 420614398292.3303,
        "start_index": 34,
        "end_index": 506,
        "t_hot": 84.74995917763115,
        "n_hot": 19359866758366.26,
        "t_hot_stdev": 9.408485263576123,
        "n_hot_stdev": 1300044968929.9932,
        "mswe": 7.613040372888052e+18,
        "mse": 1.9168078159798874e+19
    },
    "1nlsq": null,
    "true_params": {
        "t_hot": 57.1452,
        "t_hot_stdev": 1.7542
    },
    "histogram": {
        "i": 1e+17,
        "l": 0.1,
        "a": 30.0,
        "filename": "hist_1e17_010_30"
    }
}