{
    "3exp": {
        "a1": 3407319551902893.0,
        "b1": -1.890010467489894,
        "a2": 71044423935285.7,
        "b2": -0.2918357805857094,
        "a3": 3617277869.814868,
        "b3": 0.17164589833425162,
        "t_hot": 3.4265846291808946,
        "n_hot": 71044423935285.7,
        "start_index": 0,
        "end_index": 302,
        "a1_stdev": 1.4660720483265113e+20,
        "b1_stdev": 17291.08869584208,
        "a2_stdev": 3.2923103868723674e+17,
        "b2_stdev": 624.619578409546,
        "a3_stdev": 822837442613016.2,
        "b3_stdev": 10018.838656385968,
        "t_hot_stdev": 7333.959674745953,
        "n_hot_stdev": 3.2923103868723674e+17
    },
    "2exp": null,
    "2nlsq": null,
    "1nlsq": null,
    "true_params": {
        "t_hot": 3.6274,
        "t_hot_stdev": 0.0434
    },
    "histogram": {
        "i": 1e+17,
        "l": 0.1,
        "a": 5.0,
        "filename": "hist_1e17_010_5"
    }
}