{
    "3exp": {
        "a1": 5341863537371530.0,
        "b1": -2.7014082694966497,
        "a2": 414227247459661.0,
        "b2": -1.2480409193871125,
        "a3": 14334341196709.25,
        "b3": -0.6762234502310215,
        "t_hot": 1.478801126548281,
        "n_hot": 14334341196709.25,
        "start_index": 0,
        "end_index": 389,
        "critical_energy": 2.9235216712990466,
        "mse": 1396473307.422871
    },
    "2exp": {
        "a1": 2330471389701800.5,
        "b1": -1.9206572655819165,
        "a2": 97997510595294.73,
        "b2": -0.8906523671468911,
        "a1_stdev": 76761807249525.31,
        "b1_stdev": 0.28171176145561466,
        "a2_stdev": 1426823258498.2817,
        "b2_stdev": 0.4529975010758449,
        "t_hot": 1.1227725169623612,
        "n_hot": 97997510595294.73,
        "t_hot_stdev": 0.5710568603661536,
        "n_hot_stdev": 1426823258498.2817,
        "start_index": 89,
        "end_index": 389,
        "mse": 1057976767.9965492
    },
    "nlsq": {
        "a1": 1.513578213804049e+16,
        "b1": -2.5956022708550517,
        "a2": 165440630731204.6,
        "b2": -0.9746802640882977,
        "a0": 0.0,
        "a1_stdev": Infinity,
        "b1_stdev": Infinity,
        "a2_stdev": Infinity,
        "b2_stdev": Infinity,
        "a0_stdev": Infinity,
        "start_index": 89,
        "end_index": 389,
        "t_hot": 1.0259774788149487,
        "n_hot": 165440630731204.6,
        "t_hot_stdev": Infinity,
        "n_hot_stdev": Infinity,
        "mse": 954297950.9627475
    },
    "true_params": {
        "t_hot": 1.0636,
        "t_hot_stdev": 0.0147
    },
    "histogram": {
        "i": 1e+17,
        "l": 1.0,
        "a": 50.0,
        "filename": "hist_1e17_100_50"
    }
}