{
    "3exp": {
        "a1": 6129956897240465.0,
        "b1": -0.38286673378052155,
        "a2": 763223536020763.5,
        "b2": -0.11644044366047365,
        "a3": 122495543199768.05,
        "b3": -0.03028054577827008,
        "t_hot": 33.02450382904326,
        "n_hot": 122495543199768.05,
        "start_index": 0,
        "end_index": 435,
        "a1_stdev": 1.762541294867056e+20,
        "b1_stdev": 4723.954014416044,
        "a2_stdev": 1.3486804174609826e+19,
        "b2_stdev": 887.4517354162806,
        "a3_stdev": 7.251896816094746e+17,
        "b3_stdev": 63.17772490445,
        "t_hot_stdev": 68902.7547024764,
        "n_hot_stdev": 7.251896816094746e+17,
        "critical_energy": 7.8197689809864785,
        "mswe": 2.6170663011956244e+19,
        "mse": 2.5448140404123343e+22
    },
    "2exp": {
        "a0": -37576112575.16793,
        "a1": 936363198272439.2,
        "b1": -0.12563160016676087,
        "a2": 127860016552419.39,
        "b2": -0.03073675776769701,
        "a0_stdev": 1.925870865998767e+16,
        "a1_stdev": 1.2042137209327258e+19,
        "b1_stdev": 847.1564444974078,
        "a2_stdev": 1.0818043440395594e+18,
        "b2_stdev": 128.5935624069699,
        "t_hot": 32.5343358449783,
        "n_hot": 127860016552419.39,
        "t_hot_stdev": 136114.1008583354,
        "n_hot_stdev": 1.0818043440395594e+18,
        "start_index": 26,
        "end_index": 435,
        "mswe": 2.503251740410672e+19,
        "mse": 1.5592644283634228e+20
    },
    "2nlsq": {
        "a1": 874955410509558.1,
        "b1": -0.11996717909682898,
        "a2": 118285646494481.45,
        "b2": -0.02935533302420072,
        "a0": -483518984659.2963,
        "a1_stdev": 64658669636411.76,
        "b1_stdev": 0.004920154048380274,
        "a2_stdev": 6667984341868.884,
        "b2_stdev": 0.0008466491938945146,
        "a0_stdev": 136877064856.07497,
        "start_index": 26,
        "end_index": 435,
        "t_hot": 34.06536042958851,
        "n_hot": 118285646494481.45,
        "t_hot_stdev": 0.9824930251569679,
        "n_hot_stdev": 6667984341868.884,
        "mswe": 2.3034120941143982e+19,
        "mse": 1.5920220603795777e+20
    },
    "1nlsq": null,
    "true_params": {
        "t_hot": 32.4863,
        "t_hot_stdev": 0.3952
    },
    "histogram": {
        "i": 1e+18,
        "l": 0.02,
        "a": 30.0,
        "filename": "hist_1e18_002_30"
    }
}