{
    "3exp": {
        "a1": 7615266791259809.0,
        "b1": -1.1400101867229169,
        "a2": 196158177172977.0,
        "b2": -0.24734121238986467,
        "a3": 15232833857720.033,
        "b3": -0.08517098740021048,
        "t_hot": 11.741087317692982,
        "n_hot": 15232833857720.033,
        "start_index": 0,
        "end_index": 268,
        "a1_stdev": 7.260947527356884e+20,
        "b1_stdev": 21142.638588216043,
        "a2_stdev": 2.1794426803035768e+18,
        "b2_stdev": 1416.4175490954462,
        "a3_stdev": 2.455267976322931e+17,
        "b3_stdev": 360.52712688920116,
        "t_hot_stdev": 49699.79339693116,
        "n_hot_stdev": 2.455267976322931e+17,
        "critical_energy": 4.0989314569400666,
        "mswe": 1.6814373110957052e+19,
        "mse": 2.1481977832412802e+21
    },
    "2exp": {
        "a0": 20259025049.512306,
        "a1": 229396844631545.4,
        "b1": -0.2678160961095614,
        "a2": 19098310558818.945,
        "b2": -0.09199374831201665,
        "a0_stdev": 4359266448850602.0,
        "a1_stdev": 4.4203348344307364e+18,
        "b1_stdev": 2804.2019329163677,
        "a2_stdev": 6.702863985373821e+17,
        "b2_stdev": 1124.6706758316534,
        "t_hot": 10.870303888567342,
        "n_hot": 19098310558818.945,
        "t_hot_stdev": 132895.03085997782,
        "n_hot_stdev": 6.702863985373821e+17,
        "start_index": 25,
        "end_index": 268,
        "mswe": 1.634206218355308e+19,
        "mse": 1.1437279739044499e+20
    },
    "2nlsq": {
        "a1": 339666813564679.8,
        "b1": -0.3330907961407572,
        "a2": 34832845119725.457,
        "b2": -0.11122202077894033,
        "a0": -93887347677.54945,
        "a1_stdev": 150122078568940.75,
        "b1_stdev": 0.057264805594814304,
        "a2_stdev": 9857874615405.92,
        "b2_stdev": 0.00983233648831743,
        "a0_stdev": 31857907566.164223,
        "start_index": 25,
        "end_index": 268,
        "t_hot": 8.991025275359391,
        "n_hot": 34832845119725.457,
        "t_hot_stdev": 0.7948316822799475,
        "n_hot_stdev": 9857874615405.92,
        "mswe": 6.447314102156026e+18,
        "mse": 1.2281057938658728e+20
    },
    "1nlsq": null,
    "true_params": {
        "t_hot": 9.1726,
        "t_hot_stdev": 0.3264
    },
    "histogram": {
        "i": 1e+18,
        "l": 0.02,
        "a": 0.0,
        "filename": "hist_1e18_002_0"
    }
}