{
    "3exp": {
        "a1": 1586139381809696.0,
        "b1": -0.024619384481821546,
        "a2": 1160699964678319.0,
        "b2": -0.0062581640575063045,
        "a3": 178174399776490.3,
        "b3": -0.002797804218866956,
        "t_hot": 357.4231510755875,
        "n_hot": 178174399776490.3,
        "start_index": 0,
        "end_index": 710,
        "critical_energy": 100.18960175843578,
        "mse": 23145961.182578385
    },
    "2exp": {
        "a1": 1215227890075047.8,
        "b1": -0.006264982349057969,
        "a2": 163870269894956.75,
        "b2": -0.0027507175806035893,
        "a1_stdev": 2354201304759.43,
        "b1_stdev": 7.983176086364291e-05,
        "a2_stdev": 790419944970.6592,
        "b2_stdev": 0.00011995556453620653,
        "t_hot": 363.5415016981024,
        "n_hot": 163870269894956.75,
        "t_hot_stdev": 15.853618116246993,
        "n_hot_stdev": 790419944970.6592,
        "start_index": 32,
        "end_index": 710,
        "mse": 23301714.96668024
    },
    "nlsq": {
        "a1": 1225317498478273.2,
        "b1": -0.006573127446611318,
        "a2": 206285099431327.1,
        "b2": -0.002907474938431123,
        "a0": -53930885541.832275,
        "a1_stdev": 9186994407167.629,
        "b1_stdev": 6.907583300473638e-05,
        "a2_stdev": 9078394186586.463,
        "b2_stdev": 3.227718074867667e-05,
        "a0_stdev": 3021319.61937717,
        "start_index": 32,
        "end_index": 710,
        "t_hot": 343.9410557876042,
        "n_hot": 206285099431327.1,
        "t_hot_stdev": 3.818243616757551,
        "n_hot_stdev": 9078394186586.463,
        "mse": 15860234.021359967
    },
    "true_params": {
        "t_hot": 306.2733,
        "t_hot_stdev": 2.514
    },
    "histogram": {
        "i": 1e+19,
        "l": 1.0,
        "a": 50.0,
        "filename": "hist_1e19_100_50"
    }
}