{
    "3exp": {
        "a1": 235503636475583.25,
        "b1": -0.08260230350321966,
        "a2": 65178140832349.59,
        "b2": -0.019241520704383407,
        "a3": 8723926393829.771,
        "b3": -0.005918432175494071,
        "t_hot": 168.9636664487956,
        "n_hot": 8723926393829.771,
        "start_index": 0,
        "end_index": 543,
        "a1_stdev": 7.890420065817686e+17,
        "b1_stdev": 188.49635140023258,
        "a2_stdev": 1.0650757818595723e+17,
        "b2_stdev": 27.153646003674016,
        "a3_stdev": 3.2158139161884276e+16,
        "b3_stdev": 8.268665351977345,
        "t_hot_stdev": 236059.81670163907,
        "n_hot_stdev": 3.2158139161884276e+16
    },
    "2exp": null,
    "2nlsq": null,
    "1nlsq": null,
    "true_params": {
        "t_hot": 170.0001,
        "t_hot_stdev": 7.5737
    },
    "histogram": {
        "i": 1e+18,
        "l": 5.0,
        "a": 30.0,
        "filename": "hist_1e18_500_30"
    }
}