{
    "3exp": {
        "a1": 341830484443825.56,
        "b1": -0.03744102811001128,
        "a2": 193672668529195.56,
        "b2": -0.00861651833564728,
        "a3": 15235277830003.65,
        "b3": -0.002847719242688789,
        "t_hot": 351.1582128636423,
        "n_hot": 15235277830003.65,
        "start_index": 0,
        "end_index": 542,
        "a1_stdev": 1.157504909602047e+18,
        "b1_stdev": 63.6163431140686,
        "a2_stdev": 8.029411636656456e+16,
        "b2_stdev": 2.555055657241685,
        "a3_stdev": 1.7617487310748514e+16,
        "b3_stdev": 1.0464176301580335,
        "t_hot_stdev": 129035.94547064703,
        "n_hot_stdev": 1.7617487310748514e+16
    },
    "2exp": null,
    "2nlsq": null,
    "1nlsq": null,
    "true_params": {
        "t_hot": 365.4781,
        "t_hot_stdev": 13.3679
    },
    "histogram": {
        "i": 1e+18,
        "l": 5.0,
        "a": 1.0,
        "filename": "hist_1e18_500_1"
    }
}