{
    "3exp": {
        "a1": 835754173720377.9,
        "b1": -0.4217783632857196,
        "a2": 118434732343958.12,
        "b2": -0.17268309882183328,
        "a3": 19706582599489.44,
        "b3": -0.03925228153095671,
        "t_hot": 25.476226119782105,
        "n_hot": 19706582599489.44,
        "start_index": 0,
        "end_index": 499,
        "a1_stdev": 7.608508366786638e+18,
        "b1_stdev": 4063.6878296761483,
        "a2_stdev": 4.744816624459996e+18,
        "b2_stdev": 2282.138051416961,
        "a3_stdev": 1.0447920907415806e+17,
        "b3_stdev": 75.00737276958114,
        "t_hot_stdev": 48682.64250631091,
        "n_hot_stdev": 1.0447920907415806e+17
    },
    "2exp": null,
    "2nlsq": null,
    "1nlsq": null,
    "true_params": {
        "t_hot": 24.604,
        "t_hot_stdev": 0.5746
    },
    "histogram": {
        "i": 1e+17,
        "l": 0.2,
        "a": 50.0,
        "filename": "hist_1e17_020_50"
    }
}