{
    "3exp": {
        "a1": 1887070476191665.2,
        "b1": -0.014480732063842037,
        "a2": 709593157373854.9,
        "b2": -0.0023580912361026293,
        "a3": 6401336523415.049,
        "b3": -0.0004751327058699822,
        "t_hot": 2104.6751521113874,
        "n_hot": 6401336523415.049,
        "start_index": 0,
        "end_index": 660,
        "critical_energy": 406.0000537828345,
        "mse": 126042340.84513971
    },
    "2exp": {
        "a1": 727845356661181.1,
        "b1": -0.002362387088720883,
        "a2": 4836612575164.594,
        "b2": -0.00045513275015890653,
        "a1_stdev": 1843230699089.063,
        "b1_stdev": 8.93335171263198e-05,
        "a2_stdev": 271883069895.66113,
        "b2_stdev": 0.00013323810660069899,
        "t_hot": 2197.1611571587778,
        "n_hot": 4836612575164.594,
        "t_hot_stdev": 643.209244718659,
        "n_hot_stdev": 271883069895.66113,
        "start_index": 64,
        "end_index": 660,
        "mse": 92554413.31966251
    },
    "nlsq": {
        "a1": 806722281618364.6,
        "b1": -0.0025909591945280897,
        "a2": 22035120820214.29,
        "b2": -0.0007607261362024976,
        "a0": -619447143482.1416,
        "a1_stdev": 13980653731772.107,
        "b1_stdev": 4.093024541015241e-05,
        "a2_stdev": 4746391494121.69,
        "b2_stdev": 8.555564992843478e-05,
        "a0_stdev": 28214604.358468696,
        "start_index": 64,
        "end_index": 660,
        "t_hot": 1314.533512667179,
        "n_hot": 22035120820214.29,
        "t_hot_stdev": 147.84002241643975,
        "n_hot_stdev": 4746391494121.69,
        "mse": 24881798.93162721
    },
    "histogram": {
        "i": 1e+19,
        "l": 0.6,
        "a": 10.0,
        "filename": "hist_1e19_060_10"
    }
}