{
    "3exp": {
        "a1": 8536742102545404.0,
        "b1": -0.04259869043418224,
        "a2": 2008302901929662.5,
        "b2": -0.01480806977913075,
        "a3": 684382465149262.1,
        "b3": -0.00490094471727611,
        "t_hot": 204.0422934123176,
        "n_hot": 684382465149262.1,
        "start_index": 0,
        "end_index": 407,
        "a1_stdev": 9.922250474072323e+19,
        "b1_stdev": 378.3174522301031,
        "a2_stdev": 2.93641347687035e+19,
        "b2_stdev": 102.36976495690375,
        "a3_stdev": 2.878503464479851e+18,
        "b3_stdev": 6.065912975724588,
        "t_hot_stdev": 252543.71689674605,
        "n_hot_stdev": 2.878503464479851e+18
    },
    "2exp": null,
    "2nlsq": null,
    "1nlsq": null,
    "true_params": {
        "t_hot": 204.6993,
        "t_hot_stdev": 2.99
    },
    "histogram": {
        "i": 1e+19,
        "l": 0.02,
        "a": 1.0,
        "filename": "hist_1e19_002_1"
    }
}