{
    "3exp": {
        "a1": 4.6631153635426216e+16,
        "b1": -0.08103440450976963,
        "a2": 1591120595181364.8,
        "b2": -0.02526619902383954,
        "a3": 930151189309564.1,
        "b3": -0.011681083119415289,
        "t_hot": 85.60849963800756,
        "n_hot": 930151189309564.1,
        "start_index": 0,
        "end_index": 360,
        "a1_stdev": 1.8689050950558283e+20,
        "b1_stdev": 123.61696938846612,
        "a2_stdev": 1.0340474664011581e+19,
        "b2_stdev": 98.69428143968227,
        "a3_stdev": 2.757144244116043e+18,
        "b3_stdev": 7.031818589747267,
        "t_hot_stdev": 51534.89903640433,
        "n_hot_stdev": 2.757144244116043e+18,
        "critical_energy": 60.56910521761479,
        "mswe": 3.537295095221086e+17,
        "mse": 6.509324946354707e+21
    },
    "2exp": {
        "a0": 375054457304.8272,
        "a1": 2988173704258180.0,
        "b1": -0.03471372275317021,
        "a2": 1141751277305191.5,
        "b2": -0.012355146959822427,
        "a0_stdev": 1188455016763234.8,
        "a1_stdev": 8.49780751910799e+19,
        "b1_stdev": 295.56248621258175,
        "a2_stdev": 2.815745014974065e+18,
        "b2_stdev": 7.379098922395647,
        "t_hot": 80.93792839954794,
        "n_hot": 1141751277305191.5,
        "t_hot_stdev": 48340.09519888577,
        "n_hot_stdev": 2.815745014974065e+18,
        "start_index": 34,
        "end_index": 360,
        "mswe": 4.99581767670592e+17,
        "mse": 1.613516772477299e+19
    },
    "2nlsq": {
        "a1": 7408945473493912.0,
        "b1": -0.04407961674617589,
        "a2": 1205073229827714.5,
        "b2": -0.012507932099141248,
        "a0": 64892715163.31407,
        "a1_stdev": 8618837023976594.0,
        "b1_stdev": 0.010929258109421379,
        "a2_stdev": 54282592815651.1,
        "b2_stdev": 0.00015083719288100952,
        "a0_stdev": 30262906805.12632,
        "start_index": 34,
        "end_index": 360,
        "t_hot": 79.94926675918369,
        "n_hot": 1205073229827714.5,
        "t_hot_stdev": 0.9641340291316599,
        "n_hot_stdev": 54282592815651.1,
        "mswe": 3.3011738696314406e+17,
        "mse": 1.631562666862913e+19
    },
    "1nlsq": null,
    "true_params": {
        "t_hot": 106.0277,
        "t_hot_stdev": 4.4844
    },
    "histogram": {
        "i": 1e+19,
        "l": 0.02,
        "a": 60.0,
        "filename": "hist_1e19_002_60"
    }
}