{
    "3exp": {
        "a1": 611795627361914.2,
        "b1": -0.0468071115536188,
        "a2": 157693322845801.1,
        "b2": -0.012782845705426777,
        "a3": 29353323383547.688,
        "b3": -0.0037196173372860937,
        "t_hot": 268.84485938266425,
        "n_hot": 29353323383547.688,
        "start_index": 0,
        "end_index": 704,
        "a1_stdev": 1.4072016704460785e+18,
        "b1_stdev": 87.6280526769985,
        "a2_stdev": 3.394563560321655e+17,
        "b2_stdev": 15.91049899615974,
        "a3_stdev": 3.81715223649887e+16,
        "b3_stdev": 1.4616334345771536,
        "t_hot_stdev": 105643.29595113713,
        "n_hot_stdev": 3.81715223649887e+16,
        "critical_energy": 39.84644777824703,
        "mswe": 9.366201169396869e+16,
        "mse": 4.1147012396065595e+19
    },
    "2exp": {
        "a0": 224894019153.3597,
        "a1": 248377415844706.4,
        "b1": -0.017808309009759063,
        "a2": 46056377030974.445,
        "b2": -0.004600310819283378,
        "a0_stdev": 646517839207032.8,
        "a1_stdev": 4.277551029213272e+17,
        "b1_stdev": 22.344631019198708,
        "a2_stdev": 7.69154289183317e+16,
        "b2_stdev": 3.432543442541692,
        "t_hot": 217.37661633823623,
        "n_hot": 46056377030974.445,
        "t_hot_stdev": 162196.57938024885,
        "n_hot_stdev": 7.69154289183317e+16,
        "start_index": 29,
        "end_index": 704,
        "mswe": 1.1922713904294314e+17,
        "mse": 4.997900672395096e+17
    },
    "2nlsq": {
        "a1": 210280416851629.94,
        "b1": -0.014019265286178756,
        "a2": 26344818419061.754,
        "b2": -0.003239143079529308,
        "a0": -556596708342.8446,
        "a1_stdev": 5890637390851.943,
        "b1_stdev": 0.0003447469018219405,
        "a2_stdev": 1418987861869.954,
        "b2_stdev": 0.0001047144174026257,
        "a0_stdev": 44969653406.383125,
        "start_index": 29,
        "end_index": 704,
        "t_hot": 308.7236270357387,
        "n_hot": 26344818419061.754,
        "t_hot_stdev": 9.980360221744373,
        "n_hot_stdev": 1418987861869.954,
        "mswe": 2.294411272019076e+16,
        "mse": 6.777763386803077e+17
    },
    "1nlsq": null,
    "true_params": {
        "t_hot": 253.64209201942705,
        "t_hot_stdev": 0.0
    },
    "histogram": {
        "i": 1e+18,
        "l": 0.5,
        "a": 20.0,
        "filename": "hist_1e18_050_20"
    }
}