{
    "3exp": {
        "a1": 2.2980040878622332e+16,
        "b1": -0.05952680676290996,
        "a2": 2835066497972064.5,
        "b2": -0.015463570681444848,
        "a3": 796655547618999.8,
        "b3": -0.004471447414228655,
        "t_hot": 223.64123008981076,
        "n_hot": 796655547618999.8,
        "start_index": 0,
        "end_index": 490,
        "critical_energy": 61.06506198226273,
        "mse": 194646102.33520523
    },
    "2exp": {
        "a1": 2907255482606677.0,
        "b1": -0.015552751910110938,
        "a2": 795224343002175.8,
        "b2": -0.004470705050021141,
        "a1_stdev": 27095592304284.9,
        "b1_stdev": 0.00016739775121009037,
        "a2_stdev": 2972785943979.395,
        "b2_stdev": 0.0004083516470652701,
        "t_hot": 223.67836589785122,
        "n_hot": 795224343002175.8,
        "t_hot_stdev": 20.430654249227146,
        "n_hot_stdev": 2972785943979.395,
        "start_index": 25,
        "end_index": 490,
        "mse": 201501016.58452648
    },
    "nlsq": {
        "a1": 3134634463097989.5,
        "b1": -0.016379022061263352,
        "a2": 834951924691057.1,
        "b2": -0.0045644737591684125,
        "a0": 0.0,
        "a1_stdev": Infinity,
        "b1_stdev": Infinity,
        "a2_stdev": Infinity,
        "b2_stdev": Infinity,
        "a0_stdev": Infinity,
        "start_index": 25,
        "end_index": 490,
        "t_hot": 219.08330571324984,
        "n_hot": 834951924691057.1,
        "t_hot_stdev": Infinity,
        "n_hot_stdev": Infinity,
        "mse": 195623544.64816645
    },
    "true_params": {
        "t_hot": 218.4978,
        "t_hot_stdev": 2.5447
    },
    "histogram": {
        "i": 1e+19,
        "l": 0.01,
        "a": 3.0,
        "filename": "hist_1e19_001_3"
    }
}