{
    "3exp": {
        "a1": 5137058823846827.0,
        "b1": -1.3860270940321782,
        "a2": 186050234084329.25,
        "b2": -0.45874138958232924,
        "a3": 3576698968122.6724,
        "b3": -0.12267947432146759,
        "t_hot": 8.151322831557087,
        "n_hot": 3576698968122.6724,
        "start_index": 0,
        "end_index": 273,
        "a1_stdev": 6.730259835187091e+19,
        "b1_stdev": 5568.512280192186,
        "a2_stdev": 2.4263717912136474e+18,
        "b2_stdev": 2102.0125373806677,
        "a3_stdev": 8.603534339027394e+16,
        "b3_stdev": 1071.4797487246312,
        "t_hot_stdev": 71193.46889638396,
        "n_hot_stdev": 8.603534339027394e+16
    },
    "2exp": null,
    "2nlsq": null,
    "1nlsq": null,
    "true_params": {
        "t_hot": 6.7654,
        "t_hot_stdev": 0.3756
    },
    "histogram": {
        "i": 1e+17,
        "l": 0.5,
        "a": 2.0,
        "filename": "hist_1e17_050_2"
    }
}