{
    "3exp": {
        "a1": 4683852744059398.0,
        "b1": -0.016855731988536404,
        "a2": 746446231125936.5,
        "b2": -0.0023007023867866287,
        "a3": 8555230864596.365,
        "b3": -0.0005794371671532092,
        "t_hot": 1725.8126621615036,
        "n_hot": 8555230864596.365,
        "start_index": 0,
        "end_index": 709,
        "critical_energy": 387.3936582273815,
        "mse": 63379196.18883165
    },
    "2exp": {
        "a1": 745708054982557.1,
        "b1": -0.002271820821129244,
        "a2": 4971836947591.825,
        "b2": -0.00045136868840640675,
        "a1_stdev": 1699260544474.0444,
        "b1_stdev": 0.00011599728029466829,
        "a2_stdev": 291777549057.25525,
        "b2_stdev": 0.00016959787854363715,
        "t_hot": 2215.483762355293,
        "n_hot": 4971836947591.825,
        "t_hot_stdev": 832.4488510045261,
        "n_hot_stdev": 291777549057.25525,
        "start_index": 70,
        "end_index": 709,
        "mse": 65174617.9457106
    },
    "nlsq": {
        "a1": 785722330554787.1,
        "b1": -0.002430433436469364,
        "a2": 22634290154505.94,
        "b2": -0.0007782685282000281,
        "a0": -650457426550.4585,
        "a1_stdev": 10114080834324.814,
        "b1_stdev": 4.754132450276705e-05,
        "a2_stdev": 8573970369661.21,
        "b2_stdev": 0.00015612799948015938,
        "a0_stdev": 60894147.22275482,
        "start_index": 70,
        "end_index": 709,
        "t_hot": 1284.9035567618162,
        "n_hot": 22634290154505.94,
        "t_hot_stdev": 257.76375964492786,
        "n_hot_stdev": 8573970369661.21,
        "mse": 32876813.288573418
    },
    "true_params": {
        "t_hot": 692.8792032742878,
        "t_hot_stdev": 0.0
    },
    "histogram": {
        "i": 1e+19,
        "l": 0.5,
        "a": 20.0,
        "filename": "hist_1e19_050_20"
    }
}