{
    "3exp": {
        "a1": 1.3184789342495278e+16,
        "b1": -3.7790905912896573,
        "a2": 255116845813836.97,
        "b2": -1.3268334939907165,
        "a3": 4482812541.353652,
        "b3": 0.6801442602039135,
        "t_hot": 0.7536740702801378,
        "n_hot": 255116845813836.97,
        "start_index": 0,
        "end_index": 164,
        "a1_stdev": 1.2063206855721505e+21,
        "b1_stdev": 82559.17900737525,
        "a2_stdev": 2.260984891367874e+19,
        "b2_stdev": 30564.289321332075,
        "a3_stdev": 1.0439897345078458e+16,
        "b3_stdev": 428668.7563357658,
        "t_hot_stdev": 17361.268344789965,
        "n_hot_stdev": 2.260984891367874e+19
    },
    "2exp": null,
    "2nlsq": null,
    "1nlsq": null,
    "true_params": {
        "t_hot": 1.0249,
        "t_hot_stdev": 0.025
    },
    "histogram": {
        "i": 1e+17,
        "l": 5.0,
        "a": 40.0,
        "filename": "hist_1e17_500_40"
    }
}