{
    "3exp": {
        "a1": 1.578835545553581e+17,
        "b1": -0.12286882981081662,
        "a2": 7068037940596735.0,
        "b2": -0.04428192591472663,
        "a3": 1202778341711975.8,
        "b3": -0.012440418809973784,
        "t_hot": 80.38314587916251,
        "n_hot": 1202778341711975.8,
        "start_index": 0,
        "end_index": 261,
        "a1_stdev": 7.634306514800965e+21,
        "b1_stdev": 1464.4413292710549,
        "a2_stdev": 1.7644385185708006e+20,
        "b2_stdev": 316.8030890980419,
        "a3_stdev": 3.287767788935122e+18,
        "b3_stdev": 9.924920273463362,
        "t_hot_stdev": 64129.37750465848,
        "n_hot_stdev": 3.287767788935122e+18
    },
    "2exp": null,
    "2nlsq": null,
    "1nlsq": null,
    "true_params": {
        "t_hot": 106.0277,
        "t_hot_stdev": 4.4844
    },
    "histogram": {
        "i": 1e+19,
        "l": 0.02,
        "a": 60.0,
        "filename": "hist_1e19_002_60"
    }
}