{
    "3exp": {
        "a1": 467283034391697.94,
        "b1": -0.10033197057328813,
        "a2": 68177334029482.336,
        "b2": -0.017882330918238026,
        "a3": 10322790473121.55,
        "b3": -0.0069956216444004874,
        "t_hot": 142.946552977237,
        "n_hot": 10322790473121.55,
        "start_index": 0,
        "end_index": 615,
        "critical_energy": 40.847762624220174,
        "mse": 347642917.98661804
    },
    "2exp": {
        "a1": 68949900912293.375,
        "b1": -0.017369550478134602,
        "a2": 8814636704957.943,
        "b2": -0.006704883185152607,
        "a1_stdev": 571504667745.3016,
        "b1_stdev": 0.0010958776191331402,
        "a2_stdev": 179842585257.52252,
        "b2_stdev": 0.0017140798884240532,
        "t_hot": 149.14502943383337,
        "n_hot": 8814636704957.943,
        "t_hot_stdev": 38.12840408272207,
        "n_hot_stdev": 179842585257.52252,
        "start_index": 48,
        "end_index": 615,
        "mse": 371640255.233141
    },
    "nlsq": {
        "a1": 71365602949197.5,
        "b1": -0.018615772258275928,
        "a2": 11092640337849.828,
        "b2": -0.006711551550662662,
        "a0": -224213304867.5931,
        "a1_stdev": 2535685307159.297,
        "b1_stdev": 0.0012773986644489662,
        "a2_stdev": 3469794055848.957,
        "b2_stdev": 0.0009098566628542824,
        "a0_stdev": 93901836.32655686,
        "start_index": 48,
        "end_index": 615,
        "t_hot": 148.99684409058372,
        "n_hot": 11092640337849.828,
        "t_hot_stdev": 20.19887209637737,
        "n_hot_stdev": 3469794055848.957,
        "mse": 135875733.04487473
    },
    "true_params": {
        "t_hot": 115.7238,
        "t_hot_stdev": 3.9688
    },
    "histogram": {
        "i": 1e+18,
        "l": 0.5,
        "a": 5.0,
        "filename": "hist_1e18_050_5"
    }
}