{
    "3exp": {
        "a1": 4254912380180515.5,
        "b1": -0.018644456654147566,
        "a2": 752637090569503.9,
        "b2": -0.0043769736919381545,
        "a3": 144237191451895.66,
        "b3": -0.0021902870885758146,
        "t_hot": 456.56115365690613,
        "n_hot": 144237191451895.66,
        "start_index": 0,
        "end_index": 592,
        "a1_stdev": 5.17114912375622e+18,
        "b1_stdev": 15.840308339226818,
        "a2_stdev": 5.444865848825222e+17,
        "b2_stdev": 4.931213554704159,
        "a3_stdev": 7.521920823795885e+17,
        "b3_stdev": 2.3838934923171964,
        "t_hot_stdev": 496918.0381532694,
        "n_hot_stdev": 7.521920823795885e+17,
        "critical_energy": 121.41218552653233,
        "mswe": 6.9795712323758776e+16,
        "mse": 9.805890093847724e+19
    },
    "2exp": {
        "a0": 868544035101.4277,
        "a1": 1699149151670672.2,
        "b1": -0.01113669693881338,
        "a2": 608623085973239.6,
        "b2": -0.0031887183204006874,
        "a0_stdev": 1197689421364473.5,
        "a1_stdev": 1.0756705532365363e+19,
        "b1_stdev": 29.611001214876442,
        "a2_stdev": 6.154926223416461e+17,
        "b2_stdev": 1.069433291739035,
        "t_hot": 313.6056244297998,
        "n_hot": 608623085973239.6,
        "t_hot_stdev": 105177.14691076669,
        "n_hot_stdev": 6.154926223416461e+17,
        "start_index": 33,
        "end_index": 592,
        "mswe": 1.075480165197844e+17,
        "mse": 1.0688629986497094e+18
    },
    "2nlsq": {
        "a1": 1139709040013301.0,
        "b1": -0.008479134751710467,
        "a2": 504301024082147.3,
        "b2": -0.002978221333144408,
        "a0": 171609133206.90417,
        "a1_stdev": 116398253825823.39,
        "b1_stdev": 0.0005731265590642885,
        "a2_stdev": 24372493088688.15,
        "b2_stdev": 4.3582172342235816e-05,
        "a0_stdev": 42977264629.42446,
        "start_index": 33,
        "end_index": 592,
        "t_hot": 335.7708807169813,
        "n_hot": 504301024082147.3,
        "t_hot_stdev": 4.913544949817949,
        "n_hot_stdev": 24372493088688.15,
        "mswe": 6.4866166334841576e+16,
        "mse": 1.2062622334276332e+18
    },
    "1nlsq": null,
    "true_params": {
        "t_hot": 451.0376,
        "t_hot_stdev": 16.0578
    },
    "histogram": {
        "i": 1e+19,
        "l": 0.2,
        "a": 20.0,
        "filename": "hist_1e19_020_20"
    }
}