{
    "3exp": {
        "a1": 4422262607149565.0,
        "b1": -0.01730728039024155,
        "a2": 884410133157417.8,
        "b2": -0.002461999399037158,
        "a3": 11579269273916.002,
        "b3": -0.0006211781965260304,
        "t_hot": 1609.8440118995632,
        "n_hot": 11579269273916.002,
        "start_index": 0,
        "end_index": 634,
        "a1_stdev": 7.070125284757962e+18,
        "b1_stdev": 12.879241096473825,
        "a2_stdev": 2.1806923540116195e+17,
        "b2_stdev": 0.630820498894508,
        "a3_stdev": 7.405045028381963e+16,
        "b3_stdev": 1.9521808261778308,
        "t_hot_stdev": 5059267.422364893,
        "n_hot_stdev": 7.405045028381963e+16
    },
    "2exp": null,
    "2nlsq": null,
    "1nlsq": null,
    "true_params": {
        "t_hot": 625.9867,
        "t_hot_stdev": 9.5873
    },
    "histogram": {
        "i": 1e+19,
        "l": 0.6,
        "a": 25.0,
        "filename": "hist_1e19_060_25"
    }
}