{
    "3exp": {
        "a1": 354398958892681.4,
        "b1": -0.27779212494741556,
        "a2": 94045859869555.11,
        "b2": -0.14807937012701347,
        "a3": 19897545373560.195,
        "b3": -0.032319315275632074,
        "t_hot": 30.94124957387244,
        "n_hot": 19897545373560.195,
        "start_index": 0,
        "end_index": 593,
        "a1_stdev": 1.7464892937468022e+18,
        "b1_stdev": 1999.427222955159,
        "a2_stdev": 3.264580766126786e+18,
        "b2_stdev": 1182.3685492885204,
        "a3_stdev": 2.0943338546527188e+16,
        "b3_stdev": 10.762343639387389,
        "t_hot_stdev": 10303.447263845266,
        "n_hot_stdev": 2.0943338546527188e+16,
        "critical_energy": 10.227527344163969,
        "mswe": 2.8777866719928355e+17,
        "mse": 3.3165382639029964e+20
    },
    "2exp": {
        "a0": -22687264271.15753,
        "a1": 153931111266867.94,
        "b1": -0.1560532335085875,
        "a2": 18720371484993.766,
        "b2": -0.031374601968975235,
        "a0_stdev": 178466596954608.03,
        "a1_stdev": 1.0658552616935926e+18,
        "b1_stdev": 375.86785596272705,
        "a2_stdev": 2.222940571154387e+16,
        "b2_stdev": 16.449913069172542,
        "t_hot": 31.872914307848422,
        "n_hot": 18720371484993.766,
        "t_hot_stdev": 16711.181552000333,
        "n_hot_stdev": 2.222940571154387e+16,
        "start_index": 36,
        "end_index": 593,
        "mswe": 2.4867625015926467e+17,
        "mse": 5.521974310601833e+18
    },
    "2nlsq": {
        "a1": 220425031732462.66,
        "b1": -0.1794733118444916,
        "a2": 21106525095185.97,
        "b2": -0.03390766705809291,
        "a0": -41196383762.440445,
        "a1_stdev": 86114550918801.97,
        "b1_stdev": 0.021115767223077654,
        "a2_stdev": 1012694713391.1748,
        "b2_stdev": 0.0007088969510223018,
        "a0_stdev": 6429780991.39096,
        "start_index": 36,
        "end_index": 593,
        "t_hot": 29.49185499216836,
        "n_hot": 21106525095185.97,
        "t_hot_stdev": 0.6165769543543428,
        "n_hot_stdev": 1012694713391.1748,
        "mswe": 1.809774549777722e+17,
        "mse": 5.843912819241099e+18
    },
    "1nlsq": null,
    "true_params": {
        "t_hot": 30.0439,
        "t_hot_stdev": 0.7214
    },
    "histogram": {
        "i": 1e+18,
        "l": 0.1,
        "a": 1.0,
        "filename": "hist_1e18_010_1"
    }
}