{
    "3exp": {
        "a1": 3404818357930902.0,
        "b1": -0.018092558882250268,
        "a2": 565955890756385.4,
        "b2": -0.002938217477385373,
        "a3": 46107515169891.5,
        "b3": -0.0012186084388600615,
        "t_hot": 820.6081363882912,
        "n_hot": 46107515169891.5,
        "start_index": 0,
        "end_index": 678,
        "a1_stdev": 4.1417362236905876e+18,
        "b1_stdev": 9.2534854500141,
        "a2_stdev": 1.0117352707825979e+17,
        "b2_stdev": 0.6204136607516161,
        "a3_stdev": 6.646138572029134e+16,
        "b3_stdev": 0.4318612363718484,
        "t_hot_stdev": 290814.3691249638,
        "n_hot_stdev": 6.646138572029134e+16,
        "critical_energy": 118.41034063385004,
        "mswe": 6604136207315918.0,
        "mse": 5.883422817591603e+18
    },
    "2exp": {
        "a0": -100355683656.61758,
        "a1": 599813963824381.0,
        "b1": -0.003115060222161386,
        "a2": 59701748425602.266,
        "b2": -0.0012857908771053044,
        "a0_stdev": 475275535473258.8,
        "a1_stdev": 8.08881724933979e+16,
        "b1_stdev": 0.7268401625973917,
        "a2_stdev": 1.1301558774090666e+17,
        "b2_stdev": 0.7699532826870931,
        "t_hot": 777.7314474740215,
        "n_hot": 59701748425602.266,
        "t_hot_stdev": 465718.71965659084,
        "n_hot_stdev": 1.1301558774090666e+17,
        "start_index": 25,
        "end_index": 678,
        "mswe": 4807763616523615.0,
        "mse": 2.3054247202524694e+17
    },
    "2nlsq": {
        "a1": 587758929189066.1,
        "b1": -0.0032378469571427513,
        "a2": 83915113654686.23,
        "b2": -0.0014372420072960217,
        "a0": -136569507001.18974,
        "a1_stdev": 8576385749311.532,
        "b1_stdev": 7.736104915137097e-05,
        "a2_stdev": 12928063849156.938,
        "b2_stdev": 6.2675827373128e-05,
        "a0_stdev": 31472102231.261806,
        "start_index": 25,
        "end_index": 678,
        "t_hot": 695.7770472360226,
        "n_hot": 83915113654686.23,
        "t_hot_stdev": 30.341725249732328,
        "n_hot_stdev": 12928063849156.938,
        "mswe": 3937615480015720.0,
        "mse": 2.3035331033719408e+17
    },
    "1nlsq": null,
    "histogram": {
        "i": 1e+19,
        "l": 0.4,
        "a": 10.0,
        "filename": "hist_1e19_040_10"
    }
}