{
    "3exp": {
        "a1": 2161175749523576.5,
        "b1": -0.6346892611864704,
        "a2": 40198066681452.38,
        "b2": -0.2064061608598769,
        "a3": 1854486066967.9053,
        "b3": -0.04199264784120175,
        "t_hot": 23.81369242972181,
        "n_hot": 1854486066967.9053,
        "start_index": 0,
        "end_index": 407,
        "critical_energy": 11.913008978388529,
        "mse": 2899440277.396627
    },
    "2exp": {
        "a1": 12680643506509.24,
        "b1": -0.12753620409583047,
        "a2": 841186095859.4707,
        "b2": -0.029334831042563708,
        "a1_stdev": 409527434230.4632,
        "b1_stdev": 0.011738619673359688,
        "a2_stdev": 37315811065.417145,
        "b2_stdev": 0.026108517747884526,
        "t_hot": 34.089168556963514,
        "n_hot": 841186095859.4707,
        "t_hot_stdev": 30.33996210814127,
        "n_hot_stdev": 37315811065.417145,
        "start_index": 61,
        "end_index": 407,
        "mse": 4041950226.206896
    },
    "nlsq": null,
    "true_params": {
        "t_hot": 18.4685,
        "t_hot_stdev": 1.3282
    },
    "histogram": {
        "i": 1e+17,
        "l": 1.0,
        "a": 4.0,
        "filename": "hist_1e17_100_4"
    }
}