{
    "3exp": {
        "a1": 5.401068907471494e+16,
        "b1": -5.968200812377438,
        "a2": 1668458075359451.8,
        "b2": -2.376473049846685,
        "a3": 130664329208908.8,
        "b3": -1.0724811735473019,
        "t_hot": 0.9324172998696418,
        "n_hot": 130664329208908.8,
        "start_index": 0,
        "end_index": 388,
        "critical_energy": 1.230525036962759,
        "mse": 3284747891.6202507
    },
    "2exp": {
        "a1": 2862768769843061.0,
        "b1": -2.7211778862174016,
        "a2": 165306600342620.1,
        "b2": -1.1193190616086666,
        "a1_stdev": 32219966075513.992,
        "b1_stdev": 0.0953066016145451,
        "a2_stdev": 1414444196164.7253,
        "b2_stdev": 0.16439673704243773,
        "t_hot": 0.893400313010677,
        "n_hot": 165306600342620.1,
        "t_hot_stdev": 0.1312155768352285,
        "n_hot_stdev": 1414444196164.7253,
        "start_index": 28,
        "end_index": 388,
        "mse": 3129221807.629176
    },
    "nlsq": {
        "a1": 3130559551937480.5,
        "b1": -2.8071401757036942,
        "a2": 185193642158827.03,
        "b2": -1.1508591026259511,
        "a0": 0.0,
        "a1_stdev": Infinity,
        "b1_stdev": Infinity,
        "a2_stdev": Infinity,
        "b2_stdev": Infinity,
        "a0_stdev": Infinity,
        "start_index": 28,
        "end_index": 388,
        "t_hot": 0.8689160973035437,
        "n_hot": 185193642158827.03,
        "t_hot_stdev": Infinity,
        "n_hot_stdev": Infinity,
        "mse": 3047694818.441213
    },
    "true_params": {
        "t_hot": 0.9211,
        "t_hot_stdev": 0.0192
    },
    "histogram": {
        "i": 1e+17,
        "l": 2.0,
        "a": 50.0,
        "filename": "hist_1e17_200_50"
    }
}