{
    "3exp": {
        "a1": 2198439720267713.2,
        "b1": -0.7919744548091661,
        "a2": 201941782682587.2,
        "b2": -0.3098926413670584,
        "a3": 100648936191419.42,
        "b3": -0.10453692780080567,
        "t_hot": 9.565997595658182,
        "n_hot": 100648936191419.42,
        "start_index": 0,
        "end_index": 525,
        "a1_stdev": 2.85742866056887e+19,
        "b1_stdev": 8892.496412838287,
        "a2_stdev": 1.2224037230331324e+19,
        "b2_stdev": 7175.903842573181,
        "a3_stdev": 7.020330418293057e+17,
        "b3_stdev": 183.31946932747644,
        "t_hot_stdev": 16775.254828279525,
        "n_hot_stdev": 7.020330418293057e+17,
        "critical_energy": 4.95252808087572,
        "mswe": 4.7418064396885885e+19,
        "mse": 6.732095008450437e+22
    },
    "2exp": {
        "a0": -475941931062.54193,
        "a1": 434526660493535.0,
        "b1": -0.34517722948962415,
        "a2": 82084879943633.6,
        "b2": -0.09351637025839359,
        "a0_stdev": 3470154223948487.5,
        "a1_stdev": 6.940445587764753e+18,
        "b1_stdev": 2389.6813754125533,
        "a2_stdev": 4.3301958256340134e+17,
        "b2_stdev": 197.25345994173526,
        "t_hot": 10.693314948355203,
        "n_hot": 82084879943633.6,
        "t_hot_stdev": 22555.33834323966,
        "n_hot_stdev": 4.3301958256340134e+17,
        "start_index": 46,
        "end_index": 525,
        "mswe": 1.7185400645666755e+19,
        "mse": 3.0633179179081905e+20
    },
    "2nlsq": {
        "a1": 631152614279872.9,
        "b1": -0.416720284457534,
        "a2": 99660216687804.62,
        "b2": -0.10256458592800141,
        "a0": -360980095713.51855,
        "a1_stdev": 176211736562223.88,
        "b1_stdev": 0.03932614162993679,
        "a2_stdev": 4721125926028.778,
        "b2_stdev": 0.0019102334496294297,
        "a0_stdev": 29080606449.673855,
        "start_index": 46,
        "end_index": 525,
        "t_hot": 9.749954050435917,
        "n_hot": 99660216687804.62,
        "t_hot_stdev": 0.18158985570874187,
        "n_hot_stdev": 4721125926028.778,
        "mswe": 1.5472610244374675e+19,
        "mse": 3.180196853079207e+20
    },
    "1nlsq": null,
    "true_params": {
        "t_hot": 9.0443,
        "t_hot_stdev": 0.1104
    },
    "histogram": {
        "i": 1e+17,
        "l": 0.02,
        "a": 45.0,
        "filename": "hist_1e17_002_45"
    }
}