{
    "3exp": {
        "a1": 607231824657402.0,
        "b1": -0.07066171927162251,
        "a2": 62620662661852.555,
        "b2": -0.0167978268876468,
        "a3": 5449008236443.804,
        "b3": -0.0037783733898603803,
        "t_hot": 264.66415486716954,
        "n_hot": 5449008236443.804,
        "start_index": 0,
        "end_index": 614,
        "a1_stdev": 8.566527990418154e+17,
        "b1_stdev": 68.0256761118686,
        "a2_stdev": 1.2431492222986693e+17,
        "b2_stdev": 22.50510040632948,
        "a3_stdev": 1.7557180953405044e+16,
        "b3_stdev": 6.154990635071255,
        "t_hot_stdev": 431139.33604816976,
        "n_hot_stdev": 1.7557180953405044e+16
    },
    "2exp": null,
    "2nlsq": null,
    "1nlsq": null,
    "true_params": {
        "t_hot": 242.1108,
        "t_hot_stdev": 10.4131
    },
    "histogram": {
        "i": 1e+18,
        "l": 2.0,
        "a": 20.0,
        "filename": "hist_1e18_200_20"
    }
}