{
    "3exp": {
        "a1": 4619237767011806.0,
        "b1": -0.023464684754284683,
        "a2": 705872997152442.2,
        "b2": -0.002469809144210217,
        "a3": 35636944363.8325,
        "b3": 0.0005597836798934163,
        "t_hot": 404.8895852314025,
        "n_hot": 705872997152442.2,
        "start_index": 0,
        "end_index": 824,
        "a1_stdev": 3.2965817357007217e+18,
        "b1_stdev": 6.723283474305146,
        "a2_stdev": 4.830619918473483e+16,
        "b2_stdev": 0.09608756443477187,
        "a3_stdev": 357603516809672.94,
        "b3_stdev": 2.819674461290475,
        "t_hot_stdev": 15752.17024404177,
        "n_hot_stdev": 4.830619918473483e+16,
        "critical_energy": 89.47657939327947,
        "mswe": 8677806755284850.0,
        "mse": 3.6441877986874323e+17
    },
    "2exp": {
        "a0": 65815083409.979576,
        "a1": 290425653944240.3,
        "b1": -0.0034963303973736767,
        "a2": 481610815228171.7,
        "b2": -0.002262250752958565,
        "a0_stdev": 200465078160678.5,
        "a1_stdev": 1.0070491597979955e+18,
        "b1_stdev": 4.646612341634209,
        "a2_stdev": 1.091656582342936e+18,
        "b2_stdev": 0.843357207823688,
        "t_hot": 442.03764710530123,
        "n_hot": 481610815228171.7,
        "t_hot_stdev": 164789.70570708773,
        "n_hot_stdev": 1.091656582342936e+18,
        "start_index": 25,
        "end_index": 824,
        "mswe": 5134519876356080.0,
        "mse": 8.233754989888735e+17
    },
    "2nlsq": {
        "a1": 733668497271441.0,
        "b1": -0.002566166804298323,
        "a2": 6790282709530.285,
        "b2": -0.0007896438351205604,
        "a0": -425298505107.0911,
        "a1_stdev": 3127904197179.8877,
        "b1_stdev": 2.0383080209015348e-05,
        "a2_stdev": 4075191401200.277,
        "b2_stdev": 0.00029295143038915607,
        "a0_stdev": 191831215440.5366,
        "start_index": 25,
        "end_index": 824,
        "t_hot": 1266.3937278093522,
        "n_hot": 6790282709530.285,
        "t_hot_stdev": 469.8217569709303,
        "n_hot_stdev": 4075191401200.277,
        "mswe": 3360023200917094.0,
        "mse": 9.5531078789613e+17
    },
    "1nlsq": null,
    "true_params": {
        "t_hot": 461.0446,
        "t_hot_stdev": 6.3428
    },
    "histogram": {
        "i": 1e+19,
        "l": 0.8,
        "a": 25.0,
        "filename": "hist_1e19_080_25"
    }
}