{
    "3exp": {
        "a1": 2690644617682383.0,
        "b1": -2.8505784148114794,
        "a2": 24135075082673.13,
        "b2": -0.4150100659050574,
        "a3": -2022545436250.2458,
        "b3": -0.26791623903118783,
        "t_hot": 3.7325098456745325,
        "n_hot": -2022545436250.2458,
        "start_index": 0,
        "end_index": 465,
        "a1_stdev": 2.612365884795382e+19,
        "b1_stdev": 6019.46113652419,
        "a2_stdev": 4.391538238924916e+17,
        "b2_stdev": 3541.9951888754613,
        "a3_stdev": 5.228831384873638e+17,
        "b3_stdev": 11134.582237592575,
        "t_hot_stdev": 155122.87713343537,
        "n_hot_stdev": 5.228831384873638e+17,
        "critical_energy": 1.9354291168948274,
        "mswe": 5.714688552853015e+18,
        "mse": 7.773024193265975e+20
    },
    "2exp": {
        "a0": -31010619836.52175,
        "a1": 17700566448860.797,
        "b1": -0.8118847072524222,
        "a2": 17085645345126.66,
        "b2": -0.4101792565702331,
        "a0_stdev": 406929086454959.7,
        "a1_stdev": 2.907498329830009e+17,
        "b1_stdev": 21049.56342499744,
        "a2_stdev": 4.0942120971565203e+17,
        "b2_stdev": 2172.749464598252,
        "t_hot": 2.4379584876174123,
        "n_hot": 17085645345126.66,
        "t_hot_stdev": 12914.044076669448,
        "n_hot_stdev": 4.0942120971565203e+17,
        "start_index": 36,
        "end_index": 465,
        "mswe": 6.226183242186274e+18,
        "mse": 2.1808611706625566e+20
    },
    "2nlsq": {
        "a1": 7101157258817.993,
        "b1": -0.47735713949951303,
        "a2": 19799309114912.207,
        "b2": -0.4773541731158801,
        "a0": -12832464994.704647,
        "a1_stdev": 1.3598332459824564e+19,
        "b1_stdev": 154.86413296786728,
        "a2_stdev": 1.3598332417344817e+19,
        "b2_stdev": 55.24347635722286,
        "a0_stdev": 4778240976.265747,
        "start_index": 36,
        "end_index": 465,
        "t_hot": 2.094880607144593,
        "n_hot": 19799309114912.207,
        "t_hot_stdev": 242.43736372218396,
        "n_hot_stdev": 1.3598332417344817e+19,
        "mswe": 5.416020001107491e+18,
        "mse": 2.2611812072546674e+20
    },
    "1nlsq": null,
    "true_params": {
        "t_hot": 2.186,
        "t_hot_stdev": 0.0315
    },
    "histogram": {
        "i": 1e+17,
        "l": 0.02,
        "a": 5.0,
        "filename": "hist_1e17_002_5"
    }
}