{
    "3exp": {
        "a1": 2261698462911043.5,
        "b1": -0.6669855347630118,
        "a2": 18148575938008.824,
        "b2": -0.14242071199251255,
        "a3": 1766535939366.1934,
        "b3": -0.04717208364012485,
        "t_hot": 21.19897877797779,
        "n_hot": 1766535939366.1934,
        "start_index": 0,
        "end_index": 313,
        "critical_energy": 11.543555237047332,
        "mse": 1118850421.352669
    },
    "2exp": {
        "a1": 13266894853531.66,
        "b1": -0.10504390479697123,
        "a2": 156406368000.6383,
        "b2": -0.008169592121348598,
        "a1_stdev": 171778609571.12024,
        "b1_stdev": 0.017910225399692788,
        "a2_stdev": 12291798618.920155,
        "b2_stdev": 0.030169321670189427,
        "t_hot": 122.40513175520992,
        "n_hot": 156406368000.6383,
        "t_hot_stdev": 452.0274377413157,
        "n_hot_stdev": 12291798618.920155,
        "start_index": 56,
        "end_index": 313,
        "mse": 1625725097.2918983
    },
    "nlsq": null,
    "true_params": {
        "t_hot": 31.5871,
        "t_hot_stdev": 13.9912
    },
    "histogram": {
        "i": 1e+17,
        "l": 2.0,
        "a": 30.0,
        "filename": "hist_1e17_200_30"
    }
}