{
    "3exp": {
        "a1": 1.4489944623652842e+16,
        "b1": -0.3177453279210362,
        "a2": 2389226890112587.5,
        "b2": -0.1173701421840771,
        "a3": 433908849686421.3,
        "b3": -0.0343610801848695,
        "t_hot": 29.1026939380194,
        "n_hot": 433908849686421.3,
        "start_index": 0,
        "end_index": 236,
        "a1_stdev": 1.3073060221632635e+21,
        "b1_stdev": 12714.103502784466,
        "a2_stdev": 1.5100969741046697e+20,
        "b2_stdev": 2674.078902447998,
        "a3_stdev": 6.580138484998952e+18,
        "b3_stdev": 168.50594921867375,
        "t_hot_stdev": 142718.9436554998,
        "n_hot_stdev": 6.580138484998952e+18
    },
    "2exp": null,
    "2nlsq": null,
    "1nlsq": null,
    "true_params": {
        "t_hot": 26.8161,
        "t_hot_stdev": 0.2326
    },
    "histogram": {
        "i": 1e+18,
        "l": 0.01,
        "a": 50.0,
        "filename": "hist_1e18_001_50"
    }
}