{
    "3exp": {
        "a1": 7028292193730711.0,
        "b1": -0.030467576084767703,
        "a2": 1585618808060190.5,
        "b2": -0.01102960980203361,
        "a3": 655732945571303.5,
        "b3": -0.0043760974102541456,
        "t_hot": 228.51410886256394,
        "n_hot": 655732945571303.5,
        "start_index": 0,
        "end_index": 440,
        "critical_energy": 90.90881520355994,
        "mse": 204014241.9914426
    },
    "2exp": {
        "a1": 2548768237646376.5,
        "b1": -0.013702212695006776,
        "a2": 742756837314485.0,
        "b2": -0.004518140306819562,
        "a1_stdev": 29540028493802.535,
        "b1_stdev": 0.0002733256627211477,
        "a2_stdev": 3439359482109.0415,
        "b2_stdev": 0.0005865383129481684,
        "t_hot": 221.33000130399364,
        "n_hot": 742756837314485.0,
        "t_hot_stdev": 28.73273443361546,
        "n_hot_stdev": 3439359482109.0415,
        "start_index": 33,
        "end_index": 440,
        "mse": 203719299.343661
    },
    "nlsq": {
        "a1": 2491658721345077.0,
        "b1": -0.013675401098489335,
        "a2": 753082041953609.0,
        "b2": -0.004553847978655345,
        "a0": 0.0,
        "a1_stdev": Infinity,
        "b1_stdev": Infinity,
        "a2_stdev": Infinity,
        "b2_stdev": Infinity,
        "a0_stdev": Infinity,
        "start_index": 33,
        "end_index": 440,
        "t_hot": 219.5945065990716,
        "n_hot": 753082041953609.0,
        "t_hot_stdev": Infinity,
        "n_hot_stdev": Infinity,
        "mse": 202107254.56473914
    },
    "true_params": {
        "t_hot": 268.2205,
        "t_hot_stdev": 11.4266
    },
    "histogram": {
        "i": 1e+19,
        "l": 0.02,
        "a": 10.0,
        "filename": "hist_1e19_002_10"
    }
}