{
    "3exp": {
        "a1": 7037253318167691.0,
        "b1": -0.016750526445932876,
        "a2": 1024975103545549.6,
        "b2": -0.0026391126224498823,
        "a3": 78460836421901.78,
        "b3": -0.0011427578753282672,
        "t_hot": 875.0760083038074,
        "n_hot": 78460836421901.78,
        "start_index": 0,
        "end_index": 537,
        "a1_stdev": 1.3960939137742254e+19,
        "b1_stdev": 15.483051318917934,
        "a2_stdev": 4.07776600643862e+17,
        "b2_stdev": 1.9528311162496714,
        "a3_stdev": 6.218807624310536e+17,
        "b3_stdev": 2.498584752454403,
        "t_hot_stdev": 1913311.3136135493,
        "n_hot_stdev": 6.218807624310536e+17
    },
    "2exp": null,
    "2nlsq": null,
    "1nlsq": null,
    "true_params": {
        "t_hot": 564.6326,
        "t_hot_stdev": 7.7144
    },
    "histogram": {
        "i": 1e+19,
        "l": 0.5,
        "a": 30.0,
        "filename": "hist_1e19_050_30"
    }
}