{
    "3exp": {
        "a1": 6231024221758055.0,
        "b1": -0.017581951773416527,
        "a2": 782858451959786.6,
        "b2": -0.004105777451524558,
        "a3": 328264258690734.56,
        "b3": -0.002134561902731114,
        "t_hot": 468.4802060415897,
        "n_hot": 328264258690734.56,
        "start_index": 0,
        "end_index": 542,
        "a1_stdev": 1.147536423359038e+19,
        "b1_stdev": 22.652866729432866,
        "a2_stdev": 1.3516804282499223e+18,
        "b2_stdev": 11.682115612802873,
        "a3_stdev": 2.382262317233294e+18,
        "b3_stdev": 3.1928056873449187,
        "t_hot_stdev": 700736.8886066573,
        "n_hot_stdev": 2.382262317233294e+18,
        "critical_energy": 153.92677826739205,
        "mswe": 1.9293618306105533e+17,
        "mse": 4.309792170902779e+20
    },
    "2exp": {
        "a0": 1370372016889.7815,
        "a1": 2737483058674580.5,
        "b1": -0.01134393627565793,
        "a2": 786082520201007.9,
        "b2": -0.0027344147116733115,
        "a0_stdev": 3760740827589114.5,
        "a1_stdev": 3.855000115451493e+19,
        "b1_stdev": 52.91855795151945,
        "a2_stdev": 9.070606926606836e+17,
        "b2_stdev": 1.1849434769003335,
        "t_hot": 365.70897447668244,
        "n_hot": 786082520201007.9,
        "t_hot_stdev": 158477.95943318063,
        "n_hot_stdev": 9.070606926606836e+17,
        "start_index": 37,
        "end_index": 542,
        "mswe": 2.3827046792274026e+17,
        "mse": 1.8548026114353756e+18
    },
    "2nlsq": {
        "a1": 1725420850583489.5,
        "b1": -0.009106396946809004,
        "a2": 711413524857703.2,
        "b2": -0.0026199693047294697,
        "a0": 532931424397.5351,
        "a1_stdev": 323247999225541.5,
        "b1_stdev": 0.0007668220798381722,
        "a2_stdev": 22957510096497.203,
        "b2_stdev": 2.9874971083482346e-05,
        "a0_stdev": 88097441740.63242,
        "start_index": 37,
        "end_index": 542,
        "t_hot": 381.6838610264776,
        "n_hot": 711413524857703.2,
        "t_hot_stdev": 4.352262559188772,
        "n_hot_stdev": 22957510096497.203,
        "mswe": 1.9174302708702755e+17,
        "mse": 1.9472935738407729e+18
    },
    "1nlsq": null,
    "true_params": {
        "t_hot": 462.4804,
        "t_hot_stdev": 11.2318
    },
    "histogram": {
        "i": 1e+19,
        "l": 0.2,
        "a": 25.0,
        "filename": "hist_1e19_020_25"
    }
}