{
    "3exp": {
        "a1": 7008577199626445.0,
        "b1": -0.020644538766535013,
        "a2": 866898233214246.0,
        "b2": -0.0026995411877549203,
        "a3": 63694570370610.07,
        "b3": -0.0011836045883521537,
        "t_hot": 844.8767517809533,
        "n_hot": 63694570370610.07,
        "start_index": 0,
        "end_index": 751,
        "critical_energy": 241.55010379819092,
        "mse": 55874126.04507469
    },
    "2exp": {
        "a1": 863672262675824.1,
        "b1": -0.002703750640568152,
        "a2": 67337175207139.41,
        "b2": -0.0012155277364108775,
        "a1_stdev": 2714210463449.242,
        "b1_stdev": 0.00014034339132150495,
        "a2_stdev": 1045318124317.7567,
        "b2_stdev": 0.00019534077173537595,
        "t_hot": 822.6879322003197,
        "n_hot": 67337175207139.41,
        "t_hot_stdev": 132.20964915856854,
        "n_hot_stdev": 1045318124317.7567,
        "start_index": 52,
        "end_index": 751,
        "mse": 52315286.82946479
    },
    "nlsq": {
        "a1": 889112507236857.5,
        "b1": -0.002715206783987077,
        "a2": 54549471945374.93,
        "b2": -0.0010398918104932325,
        "a0": -815488158858.9966,
        "a1_stdev": 7245456101605.03,
        "b1_stdev": 4.2910394422487476e-05,
        "a2_stdev": 11290281706118.252,
        "b2_stdev": 8.615413841623911e-05,
        "a0_stdev": 35751862.876222916,
        "start_index": 52,
        "end_index": 751,
        "t_hot": 961.6384992258845,
        "n_hot": 54549471945374.93,
        "t_hot_stdev": 79.67091915974896,
        "n_hot_stdev": 11290281706118.252,
        "mse": 28941983.988976736
    },
    "true_params": {
        "t_hot": 631.4978,
        "t_hot_stdev": 11.0663
    },
    "histogram": {
        "i": 1e+19,
        "l": 0.6,
        "a": 30.0,
        "filename": "hist_1e19_060_30"
    }
}