{
    "3exp": {
        "a1": 811766104067863.6,
        "b1": -0.010604547970659524,
        "a2": 866655665438574.6,
        "b2": -0.0051549685382590695,
        "a3": 224691150663391.28,
        "b3": -0.0024923727857559907,
        "t_hot": 401.22408883415824,
        "n_hot": 224691150663391.28,
        "start_index": 0,
        "end_index": 565,
        "a1_stdev": 2.6528024605623624e+18,
        "b1_stdev": 25.48757627459059,
        "a2_stdev": 2.7786633997380547e+18,
        "b2_stdev": 7.92417224174072,
        "a3_stdev": 5.7288164149618605e+17,
        "b3_stdev": 1.2054927961195299,
        "t_hot_stdev": 194061.15789877382,
        "n_hot_stdev": 5.7288164149618605e+17
    },
    "2exp": null,
    "2nlsq": null,
    "1nlsq": null,
    "true_params": {
        "t_hot": 352.021,
        "t_hot_stdev": 1.3828
    },
    "histogram": {
        "i": 1e+19,
        "l": 5.0,
        "a": 45.0,
        "filename": "hist_1e19_500_45"
    }
}