{
    "3exp": {
        "a1": 1.1472181108033764e+16,
        "b1": -2.692991418551702,
        "a2": 160894777624592.53,
        "b2": -0.4786503253916088,
        "a3": 19041753010838.17,
        "b3": -0.2211435603335988,
        "t_hot": 4.521949445380562,
        "n_hot": 19041753010838.17,
        "start_index": 0,
        "end_index": 229,
        "a1_stdev": 3.2381431753380054e+21,
        "b1_stdev": 145391.9234185504,
        "a2_stdev": 4.014973468264947e+18,
        "b2_stdev": 28104.501161654356,
        "a3_stdev": 8.642584662466138e+18,
        "b3_stdev": 26747.1102083016,
        "t_hot_stdev": 546925.6260028936,
        "n_hot_stdev": 8.642584662466138e+18
    },
    "2exp": null,
    "2nlsq": null,
    "1nlsq": null,
    "true_params": {
        "t_hot": 3.1843,
        "t_hot_stdev": 0.0507
    },
    "histogram": {
        "i": 1e+17,
        "l": 0.01,
        "a": 60.0,
        "filename": "hist_1e17_001_60"
    }
}