{
    "3exp": {
        "a1": 1283594473567497.0,
        "b1": -0.4150996553865748,
        "a2": 98817073712674.97,
        "b2": -0.11292669594295042,
        "a3": 14424890953749.639,
        "b3": -0.044964676092651715,
        "t_hot": 22.239679830884484,
        "n_hot": 14424890953749.639,
        "start_index": 0,
        "end_index": 314,
        "a1_stdev": 1.9449752944951423e+19,
        "b1_stdev": 2385.5300637502187,
        "a2_stdev": 8.53332125150754e+17,
        "b2_stdev": 635.9832582248521,
        "a3_stdev": 2.048928556248057e+17,
        "b3_stdev": 161.16526781862217,
        "t_hot_stdev": 79712.88281404211,
        "n_hot_stdev": 2.048928556248057e+17
    },
    "2exp": null,
    "2nlsq": null,
    "1nlsq": null,
    "true_params": {
        "t_hot": 17.2386,
        "t_hot_stdev": 0.7019
    },
    "histogram": {
        "i": 1e+18,
        "l": 0.05,
        "a": 1.0,
        "filename": "hist_1e18_005_1"
    }
}