{
    "3exp": {
        "a1": 405790054111059.06,
        "b1": -0.4725232403067293,
        "a2": 67030919447468.35,
        "b2": -0.15462661226321392,
        "a3": 2899416833488.9116,
        "b3": -0.02298892315431494,
        "t_hot": 43.499210175588566,
        "n_hot": 2899416833488.9116,
        "start_index": 0,
        "end_index": 694,
        "a1_stdev": 3.6993809093774546e+18,
        "b1_stdev": 2459.968017798107,
        "a2_stdev": 5.5619108875191725e+17,
        "b2_stdev": 455.187598406994,
        "a3_stdev": 7945991603490040.0,
        "b3_stdev": 28.858272080699418,
        "t_hot_stdev": 54605.08237451069,
        "n_hot_stdev": 7945991603490040.0,
        "critical_energy": 5.664363071751394,
        "mswe": 2.048893364364283e+18,
        "mse": 5.5333782660565475e+19
    },
    "2exp": {
        "a0": 51250854279.52126,
        "a1": 104745739281813.58,
        "b1": -0.18364752719354355,
        "a2": 3698616470294.772,
        "b2": -0.028079399453751205,
        "a0_stdev": 883909522426941.2,
        "a1_stdev": 4.826229104734284e+17,
        "b1_stdev": 377.13382244688484,
        "a2_stdev": 1.5880137488946208e+16,
        "b2_stdev": 88.86046706484387,
        "t_hot": 35.613297273222386,
        "n_hot": 3698616470294.772,
        "t_hot_stdev": 112702.34730732115,
        "n_hot_stdev": 1.5880137488946208e+16,
        "start_index": 30,
        "end_index": 694,
        "mswe": 1.9593348668896658e+18,
        "mse": 5.922134593368448e+18
    },
    "2nlsq": {
        "a1": 109763333739015.8,
        "b1": -0.1924883706071532,
        "a2": 5150079308745.6045,
        "b2": -0.03687580102506348,
        "a0": -25726213612.123,
        "a1_stdev": 14035613918975.6,
        "b1_stdev": 0.01110786241993188,
        "a2_stdev": 599222210328.6864,
        "b2_stdev": 0.0023410447480045242,
        "a0_stdev": 12269603130.3149,
        "start_index": 30,
        "end_index": 694,
        "t_hot": 27.118054990055054,
        "n_hot": 5150079308745.6045,
        "t_hot_stdev": 1.721578337170697,
        "n_hot_stdev": 599222210328.6864,
        "mswe": 7.599320674788079e+17,
        "mse": 7.165770857052056e+18
    },
    "1nlsq": null,
    "true_params": {
        "t_hot": 27.5259,
        "t_hot_stdev": 0.9737
    },
    "histogram": {
        "i": 1e+17,
        "l": 0.2,
        "a": 10.0,
        "filename": "hist_1e17_020_10"
    }
}