{
    "3exp": {
        "a1": 1643686306271096.2,
        "b1": -0.3797442722898283,
        "a2": 105254833760202.56,
        "b2": -0.09332794562416326,
        "a3": 17988147133315.47,
        "b3": -0.04160323252807758,
        "t_hot": 24.036593774897433,
        "n_hot": 17988147133315.47,
        "start_index": 0,
        "end_index": 411,
        "critical_energy": 13.352368292588205,
        "mse": 997921546.3541211
    },
    "2exp": {
        "a1": 108902771986400.27,
        "b1": -0.09484190939088327,
        "a2": 18561884483874.97,
        "b2": -0.041924684112895905,
        "a1_stdev": 2858289613664.478,
        "b1_stdev": 0.013774402105300294,
        "a2_stdev": 587720977306.8082,
        "b2_stdev": 0.021617883431012914,
        "t_hot": 23.852296592317153,
        "n_hot": 18561884483874.97,
        "t_hot_stdev": 12.299106796037865,
        "n_hot_stdev": 587720977306.8082,
        "start_index": 41,
        "end_index": 411,
        "mse": 1020884825.2410265
    },
    "nlsq": {
        "a1": 182282862736444.25,
        "b1": -0.15844754703089275,
        "a2": 55524695325683.484,
        "b2": -0.05775743150729056,
        "a0": -1920346915.43438,
        "a1_stdev": 188492114415018.62,
        "b1_stdev": 0.055645494488754284,
        "a2_stdev": 9456456538677.188,
        "b2_stdev": 0.002454762812711732,
        "a0_stdev": 39676153.34471676,
        "start_index": 41,
        "end_index": 411,
        "t_hot": 17.313789306468255,
        "n_hot": 55524695325683.484,
        "t_hot_stdev": 0.7358576208722077,
        "n_hot_stdev": 9456456538677.188,
        "mse": 676210914.9759254
    },
    "true_params": {
        "t_hot": 18.6441,
        "t_hot_stdev": 0.5828
    },
    "histogram": {
        "i": 1e+18,
        "l": 0.05,
        "a": 4.0,
        "filename": "hist_1e18_005_4"
    }
}