{
    "3exp": {
        "a1": 7762742175499389.0,
        "b1": -0.03322382026862352,
        "a2": 1635968596251253.8,
        "b2": -0.01105267683830741,
        "a3": 694708359571463.8,
        "b3": -0.004407977711811358,
        "t_hot": 226.86140116372613,
        "n_hot": 694708359571463.8,
        "start_index": 0,
        "end_index": 425,
        "a1_stdev": 5.533819368179231e+19,
        "b1_stdev": 178.1906516430268,
        "a2_stdev": 1.437579748884284e+19,
        "b2_stdev": 56.45353143338082,
        "a3_stdev": 2.840358991898608e+18,
        "b3_stdev": 4.460303492051063,
        "t_hot_stdev": 229554.4047581764,
        "n_hot_stdev": 2.840358991898608e+18,
        "critical_energy": 70.230956163718,
        "mswe": 1.0157273334470118e+18,
        "mse": 5.344756238444049e+21
    },
    "2exp": {
        "a0": 1163539130657.9216,
        "a1": 3525595705577299.5,
        "b1": -0.017001430885608723,
        "a2": 957622363841727.1,
        "b2": -0.004910369951481921,
        "a0_stdev": 8933039969503694.0,
        "a1_stdev": 3.6567127044687847e+19,
        "b1_stdev": 76.43872293977451,
        "a2_stdev": 2.3969852264927073e+18,
        "b2_stdev": 4.312343201422756,
        "t_hot": 203.6506434099137,
        "n_hot": 957622363841727.1,
        "t_hot_stdev": 178848.33042143233,
        "n_hot_stdev": 2.3969852264927073e+18,
        "start_index": 27,
        "end_index": 425,
        "mswe": 1.1524807279482177e+18,
        "mse": 1.0359888534119209e+19
    },
    "2nlsq": {
        "a1": 3120872998139419.0,
        "b1": -0.0157315301166001,
        "a2": 890307028219902.1,
        "b2": -0.004760960240279642,
        "a0": 297928176667.3383,
        "a1_stdev": 368652836368677.2,
        "b1_stdev": 0.0009034256324324062,
        "a2_stdev": 34129966063907.625,
        "b2_stdev": 6.343250550397871e-05,
        "a0_stdev": 132478717812.67938,
        "start_index": 27,
        "end_index": 425,
        "t_hot": 210.04166166724036,
        "n_hot": 890307028219902.1,
        "t_hot_stdev": 2.7984835384782554,
        "n_hot_stdev": 34129966063907.625,
        "mswe": 9.801428442643301e+17,
        "mse": 1.062200559238695e+19
    },
    "1nlsq": null,
    "true_params": {
        "t_hot": 225.2596,
        "t_hot_stdev": 3.5231
    },
    "histogram": {
        "i": 1e+19,
        "l": 0.01,
        "a": 10.0,
        "filename": "hist_1e19_001_10"
    }
}