{
    "3exp": {
        "a1": 1725587317203381.0,
        "b1": -0.016305840228607527,
        "a2": 638914697326159.4,
        "b2": -0.0030764580534625506,
        "a3": 33927174583218.496,
        "b3": -0.0008927307753173675,
        "t_hot": 1120.1585378800212,
        "n_hot": 33927174583218.496,
        "start_index": 0,
        "end_index": 625,
        "a1_stdev": 6.032148073648881e+18,
        "b1_stdev": 27.05082354413839,
        "a2_stdev": 2.8472610106116893e+17,
        "b2_stdev": 1.0542800199089466,
        "a3_stdev": 5.934717636941655e+16,
        "b3_stdev": 0.5574861902786685,
        "t_hot_stdev": 699508.6682979595,
        "n_hot_stdev": 5.934717636941655e+16
    },
    "2exp": null,
    "2nlsq": null,
    "1nlsq": null,
    "true_params": {
        "t_hot": 809.7023,
        "t_hot_stdev": 18.3736
    },
    "histogram": {
        "i": 1e+19,
        "l": 0.5,
        "a": 5.0,
        "filename": "hist_1e19_050_5"
    }
}