{
    "3exp": {
        "a1": 7182230707683568.0,
        "b1": -0.0169795635873022,
        "a2": 992107354586355.8,
        "b2": -0.0027448343644683594,
        "a3": 129790199548746.0,
        "b3": -0.0013258917077442719,
        "t_hot": 754.2094080226894,
        "n_hot": 129790199548746.0,
        "start_index": 0,
        "end_index": 636,
        "critical_energy": 256.39006815903815,
        "mse": 57553391.31483103
    },
    "2exp": {
        "a1": 993398996031479.0,
        "b1": -0.0026711952813643037,
        "a2": 106536699731371.05,
        "b2": -0.001275913288111029,
        "a1_stdev": 3994120402711.753,
        "b1_stdev": 0.0001705566185495168,
        "a2_stdev": 1557116359168.3098,
        "b2_stdev": 0.00023594605255187445,
        "t_hot": 783.7523202540553,
        "n_hot": 106536699731371.05,
        "t_hot_stdev": 144.93403890799905,
        "n_hot_stdev": 1557116359168.3098,
        "start_index": 47,
        "end_index": 636,
        "mse": 57407690.251916796
    },
    "nlsq": {
        "a1": 1026141223971277.8,
        "b1": -0.002691463131765667,
        "a2": 91744242035268.2,
        "b2": -0.001146749767255839,
        "a0": -810290442360.7595,
        "a1_stdev": 13099869580365.887,
        "b1_stdev": 6.186651983259524e-05,
        "a2_stdev": 22521017922094.156,
        "b2_stdev": 9.542477177316606e-05,
        "a0_stdev": 39858246.087439165,
        "start_index": 47,
        "end_index": 636,
        "t_hot": 872.0298259950732,
        "n_hot": 91744242035268.2,
        "t_hot_stdev": 72.56443341087574,
        "n_hot_stdev": 22521017922094.156,
        "mse": 35269078.794627555
    },
    "true_params": {
        "t_hot": 564.6326,
        "t_hot_stdev": 7.7144
    },
    "histogram": {
        "i": 1e+19,
        "l": 0.5,
        "a": 30.0,
        "filename": "hist_1e19_050_30"
    }
}