{
    "3exp": {
        "a1": 961430308101305.6,
        "b1": -0.020593437257377667,
        "a2": 645908666968225.1,
        "b2": -0.00796550016225449,
        "a3": 118075641063083.55,
        "b3": -0.003358749114596421,
        "t_hot": 297.72988868213145,
        "n_hot": 118075641063083.55,
        "start_index": 0,
        "end_index": 595,
        "a1_stdev": 1.6082106092825364e+18,
        "b1_stdev": 53.07393864656512,
        "a2_stdev": 1.9891995241198282e+18,
        "b2_stdev": 15.76442742103834,
        "a3_stdev": 5.3160356625094483e+17,
        "b3_stdev": 3.6363742264861756,
        "t_hot_stdev": 322339.4355217836,
        "n_hot_stdev": 5.3160356625094483e+17
    },
    "2exp": null,
    "2nlsq": null,
    "1nlsq": null,
    "true_params": {
        "t_hot": 293.9221,
        "t_hot_stdev": 4.0971
    },
    "histogram": {
        "i": 1e+19,
        "l": 2.0,
        "a": 60.0,
        "filename": "hist_1e19_200_60"
    }
}