{
    "3exp": {
        "a1": 473706495880079.4,
        "b1": -0.21645094649805877,
        "a2": 28986523609894.906,
        "b2": -0.029900110684865255,
        "a3": -160805672920.0763,
        "b3": -0.0038005571919618357,
        "t_hot": 263.11931369300174,
        "n_hot": -160805672920.0763,
        "start_index": 0,
        "end_index": 459,
        "a1_stdev": 1.5806675314310484e+18,
        "b1_stdev": 388.2783413884544,
        "a2_stdev": 5.6856581077802024e+16,
        "b2_stdev": 139.55966822901573,
        "a3_stdev": 6.144118326652406e+16,
        "b3_stdev": 2096.7502724772253,
        "t_hot_stdev": 145161739.4014372,
        "n_hot_stdev": 6.144118326652406e+16
    },
    "2exp": null,
    "2nlsq": null,
    "1nlsq": null,
    "true_params": {
        "t_hot": 31.6801,
        "t_hot_stdev": 0.5829
    },
    "histogram": {
        "i": 1e+18,
        "l": 0.1,
        "a": 3.0,
        "filename": "hist_1e18_010_3"
    }
}