{
    "3exp": {
        "a1": 9203650261244374.0,
        "b1": -0.05429359515697814,
        "a2": 1754935020911246.5,
        "b2": -0.016669869871789336,
        "a3": 535657753293345.1,
        "b3": -0.0062926840811607125,
        "t_hot": 158.91469953081543,
        "n_hot": 535657753293345.1,
        "start_index": 0,
        "end_index": 436,
        "a1_stdev": 8.216025833906314e+19,
        "b1_stdev": 236.03211061728814,
        "a2_stdev": 8.315646946340869e+18,
        "b2_stdev": 41.8690701727296,
        "a3_stdev": 1.204941968946967e+18,
        "b3_stdev": 3.540230088170455,
        "t_hot_stdev": 89404.55193291495,
        "n_hot_stdev": 1.204941968946967e+18
    },
    "2exp": null,
    "2nlsq": null,
    "1nlsq": null,
    "true_params": {
        "t_hot": 180.0035,
        "t_hot_stdev": 7.5767
    },
    "histogram": {
        "i": 1e+19,
        "l": 0.1,
        "a": 0.0,
        "filename": "hist_1e19_010_0"
    }
}