{
    "3exp": {
        "a1": 3399833967078526.5,
        "b1": -2.3772847597580267,
        "a2": 62446184726419.96,
        "b2": -0.4853386434842628,
        "a3": 8061649980646.372,
        "b3": -0.2693070923827677,
        "t_hot": 3.713233064722612,
        "n_hot": 8061649980646.372,
        "start_index": 0,
        "end_index": 466,
        "a1_stdev": 3.8183015831051936e+19,
        "b1_stdev": 6919.851960626577,
        "a2_stdev": 2.28673874146428e+17,
        "b2_stdev": 3093.6439482012843,
        "a3_stdev": 4.5622618926620614e+17,
        "b3_stdev": 2752.741085243182,
        "t_hot_stdev": 37955.0687874845,
        "n_hot_stdev": 4.5622618926620614e+17,
        "critical_energy": 2.112732862930991,
        "mswe": 1.1245178555253088e+19,
        "mse": 3.204179876067997e+21
    },
    "2exp": {
        "a0": 50688155446.84027,
        "a1": 518388270408752.2,
        "b1": -1.6057211380083318,
        "a2": 55122581992945.28,
        "b2": -0.40302607199936613,
        "a0_stdev": 362099316709165.7,
        "a1_stdev": 6.061292652964662e+19,
        "b1_stdev": 38552.04886779007,
        "a2_stdev": 2.6165660040914784e+17,
        "b2_stdev": 580.9245669219948,
        "t_hot": 2.48122905557726,
        "n_hot": 55122581992945.28,
        "t_hot_stdev": 3576.4607172802384,
        "n_hot_stdev": 2.6165660040914784e+17,
        "start_index": 36,
        "end_index": 466,
        "mswe": 1.4881279780683446e+19,
        "mse": 1.2811524856619098e+20
    },
    "2nlsq": {
        "a1": 547673448957084.06,
        "b1": -1.6064259382366848,
        "a2": 53757891150349.25,
        "b2": -0.39725495846995235,
        "a0": -8305842255.905425,
        "a1_stdev": 658636317551569.9,
        "b1_stdev": 0.39518056330424156,
        "a2_stdev": 2709293180221.525,
        "b2_stdev": 0.006147412157330211,
        "a0_stdev": 4034470135.639171,
        "start_index": 36,
        "end_index": 466,
        "t_hot": 2.5172750614656914,
        "n_hot": 53757891150349.25,
        "t_hot_stdev": 0.038954145156048,
        "n_hot_stdev": 2709293180221.525,
        "mswe": 7.566817033781299e+18,
        "mse": 1.3174031154967449e+20
    },
    "1nlsq": null,
    "true_params": {
        "t_hot": 2.5908,
        "t_hot_stdev": 0.0301
    },
    "histogram": {
        "i": 1e+17,
        "l": 0.1,
        "a": 3.0,
        "filename": "hist_1e17_010_3"
    }
}