{
    "3exp": {
        "a1": 723261388079447.9,
        "b1": -0.06577156125435998,
        "a2": 117629980509715.72,
        "b2": -0.014360911361091034,
        "a3": 14517331131315.352,
        "b3": -0.0036374906875474445,
        "t_hot": 274.91479316315275,
        "n_hot": 14517331131315.352,
        "start_index": 0,
        "end_index": 522,
        "a1_stdev": 2.542571490108237e+18,
        "b1_stdev": 117.54429491519326,
        "a2_stdev": 1.7745296362550746e+17,
        "b2_stdev": 15.603352689740015,
        "a3_stdev": 3.090782292604118e+16,
        "b3_stdev": 3.391126518554447,
        "t_hot_stdev": 256295.04664575675,
        "n_hot_stdev": 3.090782292604118e+16
    },
    "2exp": null,
    "2nlsq": null,
    "1nlsq": null,
    "true_params": {
        "t_hot": 249.824,
        "t_hot_stdev": 8.8254
    },
    "histogram": {
        "i": 1e+18,
        "l": 2.0,
        "a": 4.0,
        "filename": "hist_1e18_200_4"
    }
}