{
    "3exp": {
        "a1": 5759430364627123.0,
        "b1": -0.03793051267485477,
        "a2": 872431497810241.0,
        "b2": -0.01238878946094013,
        "a3": 496846938506096.25,
        "b3": -0.006282552629367448,
        "t_hot": 159.17097062196578,
        "n_hot": 496846938506096.25,
        "start_index": 0,
        "end_index": 559,
        "a1_stdev": 5.180488366390843e+18,
        "b1_stdev": 29.13269655998853,
        "a2_stdev": 1.3673034489399173e+18,
        "b2_stdev": 16.745907445252854,
        "a3_stdev": 7.859860740977128e+17,
        "b3_stdev": 1.8473202503755386,
        "t_hot_stdev": 46802.593571188656,
        "n_hot_stdev": 7.859860740977128e+17,
        "critical_energy": 73.89124451420771,
        "mswe": 3.4325851212823616e+16,
        "mse": 1.2790538881109467e+21
    },
    "2exp": {
        "a0": 263838504320.35193,
        "a1": 2430568238582831.0,
        "b1": -0.022082088625508305,
        "a2": 746201032501034.9,
        "b2": -0.0069548940455300984,
        "a0_stdev": 227259790461070.47,
        "a1_stdev": 1.0888854652305449e+19,
        "b1_stdev": 36.09537180143205,
        "a2_stdev": 4.808082910282474e+17,
        "b2_stdev": 1.2551824967687994,
        "t_hot": 143.78364263402383,
        "n_hot": 746201032501034.9,
        "t_hot_stdev": 25949.311430830167,
        "n_hot_stdev": 4.808082910282474e+17,
        "start_index": 34,
        "end_index": 559,
        "mswe": 6.27748367449438e+16,
        "mse": 3.515091619664691e+18
    },
    "2nlsq": {
        "a1": 2856193337171108.0,
        "b1": -0.023646416040571095,
        "a2": 773435935295039.0,
        "b2": -0.007031727877740394,
        "a0": 4484379416.916535,
        "a1_stdev": 807778730560987.2,
        "b1_stdev": 0.0022196887597889783,
        "a2_stdev": 24747297090442.35,
        "b2_stdev": 6.478392470564851e-05,
        "a0_stdev": 12195546301.884642,
        "start_index": 34,
        "end_index": 559,
        "t_hot": 142.21255676938173,
        "n_hot": 773435935295039.0,
        "t_hot_stdev": 1.3102167390621442,
        "n_hot_stdev": 24747297090442.35,
        "mswe": 2.928863999492569e+16,
        "mse": 3.5746798806047186e+18
    },
    "1nlsq": null,
    "true_params": {
        "t_hot": 214.8263,
        "t_hot_stdev": 13.4954
    },
    "histogram": {
        "i": 1e+19,
        "l": 0.1,
        "a": 1.0,
        "filename": "hist_1e19_010_1"
    }
}