{
    "3exp": {
        "a1": 331389616793891.7,
        "b1": -0.16697293485735581,
        "a2": 52193701403893.76,
        "b2": -0.04607422387486229,
        "a3": 10428007159858.625,
        "b3": -0.017084873137042055,
        "t_hot": 58.53130965496489,
        "n_hot": 10428007159858.625,
        "start_index": 0,
        "end_index": 614,
        "critical_energy": 23.075884435313522,
        "mse": 865276348.7283456
    },
    "2exp": {
        "a1": 54339561287907.44,
        "b1": -0.044641538311754186,
        "a2": 9120421894532.48,
        "b2": -0.01653665818339481,
        "a1_stdev": 1011521913323.5826,
        "b1_stdev": 0.002977016591095728,
        "a2_stdev": 227028103582.94922,
        "b2_stdev": 0.005214239446002251,
        "t_hot": 60.47171011880407,
        "n_hot": 9120421894532.48,
        "t_hot_stdev": 19.06757536932718,
        "n_hot_stdev": 227028103582.94922,
        "start_index": 50,
        "end_index": 614,
        "mse": 923640767.177677
    },
    "nlsq": {
        "a1": 60876670212289.55,
        "b1": -0.06762723086501272,
        "a2": 25857412821624.684,
        "b2": -0.024527511828656,
        "a0": -13561951408.277292,
        "a1_stdev": 28142397012699.375,
        "b1_stdev": 0.016709006695738392,
        "a2_stdev": 4045179606127.913,
        "b2_stdev": 0.0010842991900807735,
        "a0_stdev": 17576543.780881446,
        "start_index": 50,
        "end_index": 614,
        "t_hot": 40.77054399100032,
        "n_hot": 25857412821624.684,
        "t_hot_stdev": 1.8023625118364304,
        "n_hot_stdev": 4045179606127.913,
        "mse": 381599128.3947714
    },
    "true_params": {
        "t_hot": 46.2732,
        "t_hot_stdev": 1.5918
    },
    "histogram": {
        "i": 1e+18,
        "l": 0.2,
        "a": 1.0,
        "filename": "hist_1e18_020_1"
    }
}