{
    "3exp": {
        "a1": 3043972370765935.5,
        "b1": -2.7150461176873972,
        "a2": 28607685574414.594,
        "b2": -0.4082735535628308,
        "a3": 3213450721844.5195,
        "b3": -0.22404587071547197,
        "t_hot": 4.463371705118164,
        "n_hot": 3213450721844.5195,
        "start_index": 0,
        "end_index": 208,
        "a1_stdev": 7.850390423957372e+20,
        "b1_stdev": 159152.9824713373,
        "a2_stdev": 2.9891067482973e+19,
        "b2_stdev": 235387.9438953216,
        "a3_stdev": 3.5100272318290256e+19,
        "b3_stdev": 617972.1072855438,
        "t_hot_stdev": 12311046.882508185,
        "n_hot_stdev": 3.5100272318290256e+19
    },
    "2exp": null,
    "2nlsq": null,
    "1nlsq": null,
    "true_params": {
        "t_hot": 3.7995,
        "t_hot_stdev": 0.3091
    },
    "histogram": {
        "i": 1e+17,
        "l": 0.01,
        "a": 10.0,
        "filename": "hist_1e17_001_10"
    }
}