{
    "3exp": {
        "a1": 6691446214784397.0,
        "b1": -0.12068458525082386,
        "a2": 1045104485462033.5,
        "b2": -0.026737194161945435,
        "a3": -35055378692.45724,
        "b3": 0.002542578541539048,
        "t_hot": 37.401082325357905,
        "n_hot": 1045104485462033.5,
        "start_index": 0,
        "end_index": 465,
        "a1_stdev": 4.028669123900327e+18,
        "b1_stdev": 37.11023153294382,
        "a2_stdev": 2.58268022860233e+17,
        "b2_stdev": 2.782860733401522,
        "a3_stdev": 1559297063614514.0,
        "b3_stdev": 131.76188026077276,
        "t_hot_stdev": 3892.779577375933,
        "n_hot_stdev": 2.58268022860233e+17,
        "critical_energy": 19.763328585862535,
        "mswe": 2.0082358044492042e+17,
        "mse": 6.624078447563418e+19
    },
    "2exp": {
        "a0": -457876484143.05554,
        "a1": 2301202287346933.5,
        "b1": -0.07872005783400625,
        "a2": 879201708129291.2,
        "b2": -0.025191342607793196,
        "a0_stdev": 405190473635620.7,
        "a1_stdev": 1.8057317081274878e+19,
        "b1_stdev": 227.97566416815272,
        "a2_stdev": 8.367831691310424e+17,
        "b2_stdev": 6.583276818196645,
        "t_hot": 39.69617719742496,
        "n_hot": 879201708129291.2,
        "t_hot_stdev": 10373.838631133087,
        "n_hot_stdev": 8.367831691310424e+17,
        "start_index": 32,
        "end_index": 465,
        "mswe": 6.793597041813784e+17,
        "mse": 4.4750993470942495e+19
    },
    "2nlsq": {
        "a1": 7240920391769314.0,
        "b1": -0.11885334186690046,
        "a2": 1048580605131812.5,
        "b2": -0.026875104294436486,
        "a0": -140119220973.06543,
        "a1_stdev": 3800536234315945.5,
        "b1_stdev": 0.013850423348353276,
        "a2_stdev": 17108771640840.53,
        "b2_stdev": 0.00013940579532588086,
        "a0_stdev": 8610541062.603113,
        "start_index": 32,
        "end_index": 465,
        "t_hot": 37.2091579271383,
        "n_hot": 1048580605131812.5,
        "t_hot_stdev": 0.19301031160324966,
        "n_hot_stdev": 17108771640840.53,
        "mswe": 1.5263960419888166e+17,
        "mse": 5.351627419104517e+19
    },
    "1nlsq": null,
    "true_params": {
        "t_hot": 38.6298,
        "t_hot_stdev": 0.2722
    },
    "histogram": {
        "i": 1e+18,
        "l": 0.05,
        "a": 45.0,
        "filename": "hist_1e18_005_45"
    }
}