{
    "3exp": {
        "a1": 1518163657950419.5,
        "b1": -0.5968307133188461,
        "a2": 45185019172518.65,
        "b2": -0.2013793656159081,
        "a3": 1855807730479.666,
        "b3": -0.033096022908798366,
        "t_hot": 30.21511082330549,
        "n_hot": 1855807730479.666,
        "start_index": 0,
        "end_index": 380,
        "a1_stdev": 1.239995363435784e+19,
        "b1_stdev": 2084.3061416337005,
        "a2_stdev": 1.0526541963520453e+18,
        "b2_stdev": 1589.0028330328896,
        "a3_stdev": 1.796484292036022e+16,
        "b3_stdev": 170.37578464970574,
        "t_hot_stdev": 155545.07044500345,
        "n_hot_stdev": 1.796484292036022e+16,
        "critical_energy": 8.887290905581986,
        "mswe": 5.41391693886645e+18,
        "mse": 6.1846528239325815e+19
    },
    "2exp": {
        "a0": 155336141008.031,
        "a1": 40668652528100.0,
        "b1": -0.20610955042435908,
        "a2": 3047014647575.5234,
        "b2": -0.056045031224076045,
        "a0_stdev": 2983844555853732.0,
        "a1_stdev": 1.8843992472468813e+18,
        "b1_stdev": 4295.125509667952,
        "a2_stdev": 1.483494685398581e+17,
        "b2_stdev": 1314.587609842092,
        "t_hot": 17.84279494825968,
        "n_hot": 3047014647575.5234,
        "t_hot_stdev": 418519.12027946126,
        "n_hot_stdev": 1.483494685398581e+17,
        "start_index": 47,
        "end_index": 380,
        "mswe": 6.113006959704302e+18,
        "mse": 7.012899432247685e+18
    },
    "2nlsq": {
        "a1": 52503983744864.89,
        "b1": -0.23249635775334906,
        "a2": 3991045042289.645,
        "b2": -0.05770598847323772,
        "a0": -263286875.18283457,
        "a1_stdev": 44942590153876.72,
        "b1_stdev": 0.07269670472878172,
        "a2_stdev": 1805212941967.2666,
        "b2_stdev": 0.01282139502111165,
        "a0_stdev": 36910822160.08273,
        "start_index": 47,
        "end_index": 380,
        "t_hot": 17.32922399316961,
        "n_hot": 3991045042289.645,
        "t_hot_stdev": 3.850290621549546,
        "n_hot_stdev": 1805212941967.2666,
        "mswe": 3.071631423291218e+18,
        "mse": 8.899195640851557e+18
    },
    "1nlsq": null,
    "true_params": {
        "t_hot": 22.9522,
        "t_hot_stdev": 3.1594
    },
    "histogram": {
        "i": 1e+17,
        "l": 0.5,
        "a": 5.0,
        "filename": "hist_1e17_050_5"
    }
}