{
    "3exp": {
        "a1": 585014179968943.1,
        "b1": -0.06481085433316874,
        "a2": 104447979475156.1,
        "b2": -0.012576603010327606,
        "a3": 5848953673500.582,
        "b3": -0.002842696141309217,
        "t_hot": 351.77871650377847,
        "n_hot": 5848953673500.582,
        "start_index": 0,
        "end_index": 671,
        "a1_stdev": 1.1476026476156864e+18,
        "b1_stdev": 64.9062092561995,
        "a2_stdev": 6.8774575109996984e+16,
        "b2_stdev": 5.826917628778299,
        "a3_stdev": 9774287424185924.0,
        "b3_stdev": 2.2362789262264897,
        "t_hot_stdev": 276735.6380376608,
        "n_hot_stdev": 9774287424185924.0
    },
    "2exp": null,
    "2nlsq": null,
    "1nlsq": null,
    "true_params": {
        "t_hot": 286.9864,
        "t_hot_stdev": 12.7614
    },
    "histogram": {
        "i": 1e+18,
        "l": 2.0,
        "a": 2.0,
        "filename": "hist_1e18_200_2"
    }
}