{
    "3exp": {
        "a1": 3349235852721423.0,
        "b1": -1.3726340643062238,
        "a2": 183071911832982.97,
        "b2": -0.31293051567819297,
        "a3": 13762820529818.135,
        "b3": -0.09014095169858574,
        "t_hot": 11.093736877150027,
        "n_hot": 13762820529818.135,
        "start_index": 0,
        "end_index": 271,
        "a1_stdev": 4.0833227731607794e+20,
        "b1_stdev": 49247.16010718688,
        "a2_stdev": 6.889095222067097e+18,
        "b2_stdev": 9052.852424004677,
        "a3_stdev": 1.705221214935406e+18,
        "b3_stdev": 4883.240757055795,
        "t_hot_stdev": 600985.312954066,
        "n_hot_stdev": 1.705221214935406e+18
    },
    "2exp": null,
    "2nlsq": null,
    "1nlsq": null,
    "true_params": {
        "t_hot": 9.6058,
        "t_hot_stdev": 0.4225
    },
    "histogram": {
        "i": 1e+18,
        "l": 0.01,
        "a": 10.0,
        "filename": "hist_1e18_001_10"
    }
}