{
    "3exp": {
        "a1": 4473481176787551.5,
        "b1": -0.02308055696279637,
        "a2": 626626606707379.9,
        "b2": -0.00339276636468648,
        "a3": 237462946472289.0,
        "b3": -0.001696381129488227,
        "t_hot": 589.4901697601913,
        "n_hot": 237462946472289.0,
        "start_index": 0,
        "end_index": 808,
        "a1_stdev": 2.936059142725195e+18,
        "b1_stdev": 5.306812498172748,
        "a2_stdev": 4.308879811223993e+16,
        "b2_stdev": 0.33431772716671865,
        "a3_stdev": 5.947108437269081e+16,
        "b3_stdev": 0.08824932065737477,
        "t_hot_stdev": 30666.520695871986,
        "n_hot_stdev": 5.947108437269081e+16,
        "critical_energy": 99.83707017927233,
        "mswe": 412463260447195.06,
        "mse": 5.632856499771703e+19
    },
    "2exp": {
        "a0": 30874116746.35643,
        "a1": 612718319397794.1,
        "b1": -0.0036294683619158743,
        "a2": 283241201595005.56,
        "b2": -0.0017701221418438102,
        "a0_stdev": 37757313693168.69,
        "a1_stdev": 5.622790527124391e+16,
        "b1_stdev": 0.4766191247504838,
        "a2_stdev": 8.38687028250624e+16,
        "b2_stdev": 0.12170224583099384,
        "t_hot": 564.9327672712863,
        "n_hot": 283241201595005.56,
        "t_hot_stdev": 38841.15389281442,
        "n_hot_stdev": 8.38687028250624e+16,
        "start_index": 25,
        "end_index": 808,
        "mswe": 476738219484068.06,
        "mse": 7.140988895357799e+16
    },
    "2nlsq": {
        "a1": 637363491057085.6,
        "b1": -0.003464790966293515,
        "a2": 244618137919255.44,
        "b2": -0.0017045587549264691,
        "a0": -44658549215.66559,
        "a1_stdev": 7018741136609.073,
        "b1_stdev": 5.2221790911600806e-05,
        "a2_stdev": 10399899574944.734,
        "b2_stdev": 1.6763400972988365e-05,
        "a0_stdev": 5274488750.195933,
        "start_index": 25,
        "end_index": 808,
        "t_hot": 586.6620890068044,
        "n_hot": 244618137919255.44,
        "t_hot_stdev": 5.7695000569788455,
        "n_hot_stdev": 10399899574944.734,
        "mswe": 331832864316618.1,
        "mse": 7.286618082779499e+16
    },
    "1nlsq": null,
    "true_params": {
        "t_hot": 571.8731,
        "t_hot_stdev": 4.8336
    },
    "histogram": {
        "i": 1e+19,
        "l": 1.0,
        "a": 2.0,
        "filename": "hist_1e19_100_2"
    }
}