{
    "3exp": {
        "a1": 561101853426055.75,
        "b1": -0.08498572318442234,
        "a2": 22825229240266.87,
        "b2": -0.01797196577476425,
        "a3": 41705322710108.11,
        "b3": -0.010396505820658358,
        "t_hot": 96.18616266370493,
        "n_hot": 41705322710108.11,
        "start_index": 0,
        "end_index": 484,
        "a1_stdev": 2.0508323012776942e+18,
        "b1_stdev": 267.8836220885665,
        "a2_stdev": 1.5901216204004088e+18,
        "b2_stdev": 865.4729083701387,
        "a3_stdev": 2.0721804513382377e+18,
        "b3_stdev": 102.7914133413917,
        "t_hot_stdev": 951003.3250249393,
        "n_hot_stdev": 2.0721804513382377e+18
    },
    "2exp": null,
    "2nlsq": null,
    "1nlsq": null,
    "true_params": {
        "t_hot": 88.1193,
        "t_hot_stdev": 1.1691
    },
    "histogram": {
        "i": 1e+18,
        "l": 0.5,
        "a": 45.0,
        "filename": "hist_1e18_050_45"
    }
}