{
    "3exp": {
        "a1": 2610143500685127.5,
        "b1": -0.4391673762946907,
        "a2": 202327367317085.06,
        "b2": -0.13957078646295634,
        "a3": 41791667070064.06,
        "b3": -0.046857153706239704,
        "t_hot": 21.341458473326682,
        "n_hot": 41791667070064.06,
        "start_index": 0,
        "end_index": 287,
        "critical_energy": 10.538760589426172,
        "mse": 1805774564.5515938
    },
    "2exp": {
        "a1": 189190953300216.78,
        "b1": -0.13385237038595837,
        "a2": 39774793602356.8,
        "b2": -0.046206324782937236,
        "a1_stdev": 5946237860917.942,
        "b1_stdev": 0.01331464396445092,
        "a2_stdev": 721954710619.296,
        "b2_stdev": 0.02609898688047233,
        "t_hot": 21.64205884578973,
        "n_hot": 39774793602356.8,
        "t_hot_stdev": 12.22420983569018,
        "n_hot_stdev": 721954710619.296,
        "start_index": 38,
        "end_index": 287,
        "mse": 1806042930.100711
    },
    "nlsq": {
        "a1": 221399024323082.16,
        "b1": -0.15472007362702395,
        "a2": 52739236415459.08,
        "b2": -0.051941190729672494,
        "a0": 0.0,
        "a1_stdev": Infinity,
        "b1_stdev": Infinity,
        "a2_stdev": Infinity,
        "b2_stdev": Infinity,
        "a0_stdev": Infinity,
        "start_index": 38,
        "end_index": 287,
        "t_hot": 19.252542846090915,
        "n_hot": 52739236415459.08,
        "t_hot_stdev": Infinity,
        "n_hot_stdev": Infinity,
        "mse": 1648583978.6539164
    },
    "true_params": {
        "t_hot": 19.5667,
        "t_hot_stdev": 0.6019
    },
    "histogram": {
        "i": 1e+18,
        "l": 0.01,
        "a": 20.0,
        "filename": "hist_1e18_001_20"
    }
}