{
    "3exp": {
        "a1": 897361186129595.8,
        "b1": -0.861412587463332,
        "a2": 37336217114033.72,
        "b2": -0.34473397440757314,
        "a3": 994795383095.7141,
        "b3": -0.0453680815541208,
        "t_hot": 22.04192828403099,
        "n_hot": 994795383095.7141,
        "start_index": 0,
        "end_index": 382,
        "critical_energy": 8.338609720379068,
        "mse": 641369552.9693639
    },
    "2exp": {
        "a1": 26417463958290.152,
        "b1": -0.3026659010299825,
        "a2": 878745805694.344,
        "b2": -0.04230659363649626,
        "a1_stdev": 1128730133858.4727,
        "b1_stdev": 0.008321662028317705,
        "a2_stdev": 20792702738.48794,
        "b2_stdev": 0.03539924919264864,
        "t_hot": 23.63697745538508,
        "n_hot": 878745805694.344,
        "t_hot_stdev": 19.777797813113906,
        "n_hot_stdev": 20792702738.48794,
        "start_index": 61,
        "end_index": 382,
        "mse": 647159051.690421
    },
    "nlsq": {
        "a1": 32025953628925.453,
        "b1": -0.32435180702952277,
        "a2": 1044089192566.2433,
        "b2": -0.0523582942869943,
        "a0": 0.0,
        "a1_stdev": Infinity,
        "b1_stdev": Infinity,
        "a2_stdev": Infinity,
        "b2_stdev": Infinity,
        "a0_stdev": Infinity,
        "start_index": 61,
        "end_index": 382,
        "t_hot": 19.099170697170667,
        "n_hot": 1044089192566.2433,
        "t_hot_stdev": Infinity,
        "n_hot_stdev": Infinity,
        "mse": 537720561.2637237
    },
    "true_params": {
        "t_hot": 21.6105,
        "t_hot_stdev": 1.5908
    },
    "histogram": {
        "i": 1e+17,
        "l": 5.0,
        "a": 1.0,
        "filename": "hist_1e17_500_1"
    }
}