{
    "3exp": {
        "a1": 425738948641790.44,
        "b1": -0.10235815654409364,
        "a2": 59115778141879.6,
        "b2": -0.01983344668761681,
        "a3": 7586422578053.349,
        "b3": -0.007318484445379896,
        "t_hot": 136.64031227548654,
        "n_hot": 7586422578053.349,
        "start_index": 0,
        "end_index": 763,
        "a1_stdev": 4.861745138056126e+17,
        "b1_stdev": 66.69696097230607,
        "a2_stdev": 3.4074140965450696e+16,
        "b2_stdev": 10.810621863161096,
        "a3_stdev": 1.2915671497759364e+16,
        "b3_stdev": 3.2314550573907614,
        "t_hot_stdev": 60333.12381019259,
        "n_hot_stdev": 1.2915671497759364e+16,
        "critical_energy": 23.92408895268013,
        "mswe": 3.178821729807622e+16,
        "mse": 9.854405064357579e+18
    },
    "2exp": {
        "a0": 43843872158.529434,
        "a1": 69873628075616.81,
        "b1": -0.026961921602607228,
        "a2": 18821658681789.297,
        "b2": -0.010002820690280509,
        "a0_stdev": 106452258858454.0,
        "a1_stdev": 4.440173489787144e+16,
        "b1_stdev": 22.54007876077723,
        "a2_stdev": 3.2760870591091016e+16,
        "b2_stdev": 5.7666632256104675,
        "t_hot": 99.97180105124498,
        "n_hot": 18821658681789.297,
        "t_hot_stdev": 57634.114073486744,
        "n_hot_stdev": 3.2760870591091016e+16,
        "start_index": 34,
        "end_index": 763,
        "mswe": 2.794133034951232e+16,
        "mse": 4.845830145658296e+17
    },
    "2nlsq": {
        "a1": 69017195332100.18,
        "b1": -0.02371599547549394,
        "a2": 12710427190567.295,
        "b2": -0.00859387187690228,
        "a0": -72380697583.65869,
        "a1_stdev": 1860759207178.9192,
        "b1_stdev": 0.0009458849816172734,
        "a2_stdev": 1634186572010.911,
        "b2_stdev": 0.0003993801659326474,
        "a0_stdev": 9803573033.957256,
        "start_index": 34,
        "end_index": 763,
        "t_hot": 116.36198611334859,
        "n_hot": 12710427190567.295,
        "t_hot_stdev": 5.40765210232026,
        "n_hot_stdev": 1634186572010.911,
        "mswe": 9030091842853460.0,
        "mse": 5.248964297330661e+17
    },
    "1nlsq": null,
    "true_params": {
        "t_hot": 116.9574,
        "t_hot_stdev": 4.9093
    },
    "histogram": {
        "i": 1e+18,
        "l": 0.5,
        "a": 2.0,
        "filename": "hist_1e18_050_2"
    }
}