{
    "3exp": {
        "a1": 8303046965363978.0,
        "b1": -1.3489755720949925,
        "a2": 620738886393527.5,
        "b2": -0.5366565257352597,
        "a3": 5907224060795.535,
        "b3": -0.13220003778859366,
        "t_hot": 7.56429435821448,
        "n_hot": 5907224060795.535,
        "start_index": 0,
        "end_index": 246,
        "a1_stdev": 1.6229412506508145e+20,
        "b1_stdev": 7950.910476039518,
        "a2_stdev": 7.973193362168755e+18,
        "b2_stdev": 1766.3451727626514,
        "a3_stdev": 8.819028519623626e+16,
        "b3_stdev": 682.3088382780771,
        "t_hot_stdev": 39040.721790111675,
        "n_hot_stdev": 8.819028519623626e+16
    },
    "2exp": null,
    "2nlsq": null,
    "1nlsq": null,
    "true_params": {
        "t_hot": 7.403,
        "t_hot_stdev": 0.4465
    },
    "histogram": {
        "i": 1e+17,
        "l": 1.0,
        "a": 1.0,
        "filename": "hist_1e17_100_1"
    }
}