{
    "3exp": {
        "a1": 5603665706049305.0,
        "b1": -0.02482328061748421,
        "a2": 999247369676822.6,
        "b2": -0.006041615344458996,
        "a3": 21881220749695.816,
        "b3": -0.002037665286910383,
        "t_hot": 490.75773456211414,
        "n_hot": 21881220749695.816,
        "start_index": 0,
        "end_index": 465,
        "critical_energy": 243.37931644761014,
        "mse": 216773691.6087552
    },
    "2exp": {
        "a1": 1081158950185343.0,
        "b1": -0.006421770950843618,
        "a2": 46010565201379.84,
        "b2": -0.0025609230709169335,
        "a1_stdev": 8968638453582.275,
        "b1_stdev": 0.0007529848405316403,
        "a2_stdev": 1588673476352.1853,
        "b2_stdev": 0.0011007359174253497,
        "t_hot": 390.48420132431073,
        "n_hot": 46010565201379.84,
        "t_hot_stdev": 167.83791378431525,
        "n_hot_stdev": 1588673476352.1853,
        "start_index": 75,
        "end_index": 465,
        "mse": 203817133.94332173
    },
    "nlsq": null,
    "true_params": {
        "t_hot": 313.8848,
        "t_hot_stdev": 10.973
    },
    "histogram": {
        "i": 1e+19,
        "l": 0.1,
        "a": 10.0,
        "filename": "hist_1e19_010_10"
    }
}