{
    "3exp": {
        "a1": 1.1543640727905096e+16,
        "b1": -0.024163430012432593,
        "a2": 3283146478495465.5,
        "b2": -0.009435194542862716,
        "a3": 846937196965084.1,
        "b3": -0.002697328104816346,
        "t_hot": 370.7372485439948,
        "n_hot": 846937196965084.1,
        "start_index": 0,
        "end_index": 524,
        "a1_stdev": 4.146414067588691e+19,
        "b1_stdev": 89.61459805418903,
        "a2_stdev": 2.352617707673718e+19,
        "b2_stdev": 25.530707553499845,
        "a3_stdev": 1.0599618274490287e+18,
        "b3_stdev": 1.0599670837517223,
        "t_hot_stdev": 145688.34969525217,
        "n_hot_stdev": 1.0599618274490287e+18
    },
    "2exp": null,
    "2nlsq": null,
    "1nlsq": null,
    "true_params": {
        "t_hot": 372.6228,
        "t_hot_stdev": 5.2658
    },
    "histogram": {
        "i": 1e+19,
        "l": 0.2,
        "a": 40.0,
        "filename": "hist_1e19_020_40"
    }
}