{
    "3exp": {
        "a1": 1235494743381536.5,
        "b1": -0.26732300614450744,
        "a2": 120221218244961.75,
        "b2": -0.0846259203286507,
        "a3": 54971062732878.15,
        "b3": -0.02456966426937673,
        "t_hot": 40.70059684317239,
        "n_hot": 54971062732878.15,
        "start_index": 0,
        "end_index": 481,
        "critical_energy": 12.821326504023991,
        "mse": 1064458770.0913004
    },
    "2exp": {
        "a1": 204056753420652.28,
        "b1": -0.10449028779854419,
        "a2": 58486355193040.6,
        "b2": -0.025252732115259243,
        "a1_stdev": 4362401068619.3057,
        "b1_stdev": 0.00220656978748098,
        "a2_stdev": 376404893317.6934,
        "b2_stdev": 0.00633585199932484,
        "t_hot": 39.5996756087924,
        "n_hot": 58486355193040.6,
        "t_hot_stdev": 9.935466892589208,
        "n_hot_stdev": 376404893317.6934,
        "start_index": 38,
        "end_index": 481,
        "mse": 1000693036.6027237
    },
    "nlsq": {
        "a1": 623223928681342.1,
        "b1": -0.16619884235012064,
        "a2": 73191385817366.36,
        "b2": -0.028231120586815824,
        "a0": 0.0,
        "a1_stdev": Infinity,
        "b1_stdev": Infinity,
        "a2_stdev": Infinity,
        "b2_stdev": Infinity,
        "a0_stdev": Infinity,
        "start_index": 38,
        "end_index": 481,
        "t_hot": 35.42190246840604,
        "n_hot": 73191385817366.36,
        "t_hot_stdev": Infinity,
        "n_hot_stdev": Infinity,
        "mse": 782362729.8224827
    },
    "true_params": {
        "t_hot": 39.6727,
        "t_hot_stdev": 0.6319
    },
    "histogram": {
        "i": 1e+17,
        "l": 0.1,
        "a": 40.0,
        "filename": "hist_1e17_010_40"
    }
}