{
    "3exp": {
        "a1": 1605794959599534.0,
        "b1": -0.10751588621593565,
        "a2": 182981544289305.06,
        "b2": -0.014405685184737315,
        "a3": -49362757441.02799,
        "b3": 0.0032518749266152963,
        "t_hot": 69.41703828565477,
        "n_hot": 182981544289305.06,
        "start_index": 0,
        "end_index": 525,
        "a1_stdev": 5.717459996212099e+18,
        "b1_stdev": 214.49136156828084,
        "a2_stdev": 3.166831151071119e+17,
        "b2_stdev": 23.767252829372403,
        "a3_stdev": 3.3872558893670616e+16,
        "b3_stdev": 1870.891283683303,
        "t_hot_stdev": 114527.86024710463,
        "n_hot_stdev": 3.166831151071119e+17
    },
    "2exp": null,
    "2nlsq": null,
    "1nlsq": null,
    "true_params": {
        "t_hot": 70.1453,
        "t_hot_stdev": 0.6603
    },
    "histogram": {
        "i": 1e+18,
        "l": 0.1,
        "a": 20.0,
        "filename": "hist_1e18_010_20"
    }
}