{
    "3exp": {
        "a1": 609326065476785.2,
        "b1": -0.07098175797998862,
        "a2": 63428221708696.69,
        "b2": -0.017008264140411195,
        "a3": 5663039931482.898,
        "b3": -0.003861944791809293,
        "t_hot": 258.93689679895897,
        "n_hot": 5663039931482.898,
        "start_index": 0,
        "end_index": 713,
        "a1_stdev": 8.993079713965082e+17,
        "b1_stdev": 69.4481608680301,
        "a2_stdev": 1.2404070805268278e+17,
        "b2_stdev": 19.766083407031864,
        "a3_stdev": 1.181973082382758e+16,
        "b3_stdev": 3.360424885458108,
        "t_hot_stdev": 225310.8313749007,
        "n_hot_stdev": 1.181973082382758e+16,
        "critical_energy": 41.91769839256291,
        "mswe": 1.0375850790347186e+17,
        "mse": 5.299047502620967e+18
    },
    "2exp": {
        "a0": 251098234149.25372,
        "a1": 107673195563223.05,
        "b1": -0.02520897238026856,
        "a2": 13924297739408.787,
        "b2": -0.006576703297143087,
        "a0_stdev": 590047279828081.2,
        "a1_stdev": 3.3111845415965914e+17,
        "b1_stdev": 49.67362642722399,
        "a2_stdev": 4.869514084490826e+16,
        "b2_stdev": 10.69234156776664,
        "t_hot": 152.05186471379955,
        "n_hot": 13924297739408.787,
        "t_hot_stdev": 247204.47313504777,
        "n_hot_stdev": 4.869514084490826e+16,
        "start_index": 43,
        "end_index": 713,
        "mswe": 1.2972190511421312e+17,
        "mse": 1.986777535633026e+17
    },
    "2nlsq": {
        "a1": 79539277727693.47,
        "b1": -0.018072757294100412,
        "a2": 5124465948784.72,
        "b2": -0.0023462886203647693,
        "a0": -792802820010.6744,
        "a1_stdev": 3259889946521.192,
        "b1_stdev": 0.000551860346084897,
        "a2_stdev": 310480172797.8482,
        "b2_stdev": 0.00034930865604459397,
        "a0_stdev": 183101052174.86588,
        "start_index": 43,
        "end_index": 713,
        "t_hot": 426.2050249574724,
        "n_hot": 5124465948784.72,
        "t_hot_stdev": 63.452170025101985,
        "n_hot_stdev": 310480172797.8482,
        "mswe": 4.050351372873298e+16,
        "mse": 2.9248155994527296e+17
    },
    "1nlsq": null,
    "true_params": {
        "t_hot": 242.1108,
        "t_hot_stdev": 10.4131
    },
    "histogram": {
        "i": 1e+18,
        "l": 2.0,
        "a": 20.0,
        "filename": "hist_1e18_200_20"
    }
}