{
    "3exp": {
        "a1": 7.388513406591846e+16,
        "b1": -0.11630799374665376,
        "a2": 4670057948437636.0,
        "b2": -0.0433213419366802,
        "a3": 833242966543192.2,
        "b3": -0.012239653718907851,
        "t_hot": 81.70165782183831,
        "n_hot": 833242966543192.2,
        "start_index": 0,
        "end_index": 335,
        "a1_stdev": 1.8443944447828083e+21,
        "b1_stdev": 872.0405155263444,
        "a2_stdev": 8.195825433708732e+19,
        "b2_stdev": 223.57659826311908,
        "a3_stdev": 1.663256246782115e+18,
        "b3_stdev": 7.071747266564036,
        "t_hot_stdev": 47205.05078364996,
        "n_hot_stdev": 1.663256246782115e+18,
        "critical_energy": 37.83349552466029,
        "mswe": 1.5493080872205573e+18,
        "mse": 1.3329361263789531e+22
    },
    "2exp": {
        "a0": 194297319559.00192,
        "a1": 4671720603568166.0,
        "b1": -0.0431138557811839,
        "a2": 830089802161139.4,
        "b2": -0.012270140953923194,
        "a0_stdev": 4160682534934012.5,
        "a1_stdev": 1.1043328324009168e+20,
        "b1_stdev": 297.35889035348805,
        "a2_stdev": 2.2408462517030193e+18,
        "b2_stdev": 10.17804422391375,
        "t_hot": 81.49865627095872,
        "n_hot": 830089802161139.4,
        "t_hot_stdev": 67602.8849896907,
        "n_hot_stdev": 2.2408462517030193e+18,
        "start_index": 25,
        "end_index": 335,
        "mswe": 1.5293775065043384e+18,
        "mse": 1.8276483871141028e+19
    },
    "2nlsq": {
        "a1": 1.044136891879035e+16,
        "b1": -0.05475667576918973,
        "a2": 943979050641634.6,
        "b2": -0.012864440350528573,
        "a0": 280726202852.9757,
        "a1_stdev": 6673612496724538.0,
        "b1_stdev": 0.00761309658995749,
        "a2_stdev": 32030273963823.555,
        "b2_stdev": 0.00014240422472443887,
        "a0_stdev": 61991811484.89912,
        "start_index": 25,
        "end_index": 335,
        "t_hot": 77.73365748933743,
        "n_hot": 943979050641634.6,
        "t_hot_stdev": 0.8604805905380363,
        "n_hot_stdev": 32030273963823.555,
        "mswe": 1.4061384626112422e+18,
        "mse": 1.9557377193677996e+19
    },
    "1nlsq": null,
    "true_params": {
        "t_hot": 84.4236,
        "t_hot_stdev": 2.371
    },
    "histogram": {
        "i": 1e+19,
        "l": 0.01,
        "a": 60.0,
        "filename": "hist_1e19_001_60"
    }
}