{
    "3exp": {
        "a1": 3676577047409254.0,
        "b1": -1.9255650117628718,
        "a2": 72593573747825.7,
        "b2": -0.296607683722163,
        "a3": 91493643269.87668,
        "b3": 0.014255669789831414,
        "t_hot": 3.3714568262389166,
        "n_hot": 72593573747825.7,
        "start_index": 0,
        "end_index": 401,
        "critical_energy": 5.465053203388416,
        "mse": 5585765652.088738
    },
    "2exp": {
        "a1": 83933046288840.2,
        "b1": -0.3164098028806725,
        "a2": 455694709600.64136,
        "b2": -0.04616159822843517,
        "a1_stdev": 692219927391.6171,
        "b1_stdev": 0.034603733623001155,
        "a2_stdev": 40090658679.27517,
        "b2_stdev": 0.05449898855806158,
        "t_hot": 21.663028109455883,
        "n_hot": 455694709600.64136,
        "t_hot_stdev": 25.575655228136238,
        "n_hot_stdev": 40090658679.27517,
        "start_index": 69,
        "end_index": 401,
        "mse": 5459605624.683236
    },
    "nlsq": {
        "a1": 73152810057544.69,
        "b1": -0.40828028852038306,
        "a2": 28889476854257.406,
        "b2": -0.24218255627884253,
        "a0": 0.0,
        "a1_stdev": Infinity,
        "b1_stdev": Infinity,
        "a2_stdev": Infinity,
        "b2_stdev": Infinity,
        "a0_stdev": Infinity,
        "start_index": 69,
        "end_index": 401,
        "t_hot": 4.12911654482921,
        "n_hot": 28889476854257.406,
        "t_hot_stdev": Infinity,
        "n_hot_stdev": Infinity,
        "mse": 2199483050.6100073
    },
    "true_params": {
        "t_hot": 3.6274,
        "t_hot_stdev": 0.0434
    },
    "histogram": {
        "i": 1e+17,
        "l": 0.1,
        "a": 5.0,
        "filename": "hist_1e17_010_5"
    }
}