{
    "3exp": {
        "a1": 1507144837310780.8,
        "b1": -0.4459191163289711,
        "a2": 132997000265091.61,
        "b2": -0.13255036444931537,
        "a3": 23525423476431.273,
        "b3": -0.04954323887779659,
        "t_hot": 20.184388882337732,
        "n_hot": 23525423476431.273,
        "start_index": 0,
        "end_index": 256,
        "a1_stdev": 5.669800605969609e+19,
        "b1_stdev": 5981.8502150604445,
        "a2_stdev": 2.5878613589578844e+18,
        "b2_stdev": 1350.2652013059849,
        "a3_stdev": 3.7052353990477984e+17,
        "b3_stdev": 204.0383797832494,
        "t_hot_stdev": 83127.18541929907,
        "n_hot_stdev": 3.7052353990477984e+17
    },
    "2exp": null,
    "2nlsq": null,
    "1nlsq": null,
    "true_params": {
        "t_hot": 16.6598,
        "t_hot_stdev": 0.5216
    },
    "histogram": {
        "i": 1e+18,
        "l": 0.05,
        "a": 2.0,
        "filename": "hist_1e18_005_2"
    }
}