{
    "3exp": {
        "a1": 6870984405029105.0,
        "b1": -1.4508186011047044,
        "a2": 267168792536019.38,
        "b2": -0.4620272655042718,
        "a3": 3713616210236.613,
        "b3": -0.0968825153598088,
        "t_hot": 10.321779903072631,
        "n_hot": 3713616210236.613,
        "start_index": 0,
        "end_index": 393,
        "a1_stdev": 8.614490154024688e+19,
        "b1_stdev": 4674.8520742936635,
        "a2_stdev": 1.558386319331274e+18,
        "b2_stdev": 801.639863475694,
        "a3_stdev": 1.7771785418015e+16,
        "b3_stdev": 161.2343418747432,
        "t_hot_stdev": 17177.768181050567,
        "n_hot_stdev": 1.7771785418015e+16,
        "critical_energy": 3.2839911799352213,
        "mswe": 3.512821031158095e+18,
        "mse": 3.484114587693198e+20
    },
    "2exp": {
        "a0": 37662819545.57495,
        "a1": 351451497561327.9,
        "b1": -0.503612094499306,
        "a2": 5439748759567.887,
        "b2": -0.11822037848677992,
        "a0_stdev": 585144406158290.8,
        "a1_stdev": 2.318551257987182e+18,
        "b1_stdev": 1098.4132027893525,
        "a2_stdev": 5.405508295643935e+16,
        "b2_stdev": 507.55849380281,
        "t_hot": 8.4587785354775,
        "n_hot": 5439748759567.887,
        "t_hot_stdev": 36316.284449711886,
        "n_hot_stdev": 5.405508295643935e+16,
        "start_index": 28,
        "end_index": 393,
        "mswe": 3.9416861897561006e+18,
        "mse": 3.089398274885295e+19
    },
    "2nlsq": {
        "a1": 324863768555034.5,
        "b1": -0.4909982525434959,
        "a2": 5140293999669.629,
        "b2": -0.11434586543502419,
        "a0": -31182025788.963585,
        "a1_stdev": 35452384538553.88,
        "b1_stdev": 0.018145611570630563,
        "a2_stdev": 886817035767.2623,
        "b2_stdev": 0.008763829189453978,
        "a0_stdev": 10886331959.822426,
        "start_index": 28,
        "end_index": 393,
        "t_hot": 8.745397100240929,
        "n_hot": 5140293999669.629,
        "t_hot_stdev": 0.6702749250169372,
        "n_hot_stdev": 886817035767.2623,
        "mswe": 1.8467067245809574e+18,
        "mse": 3.296339893502952e+19
    },
    "1nlsq": null,
    "true_params": {
        "t_hot": 7.9947,
        "t_hot_stdev": 0.4991
    },
    "histogram": {
        "i": 1e+17,
        "l": 0.5,
        "a": 3.0,
        "filename": "hist_1e17_050_3"
    }
}