{
    "3exp": {
        "a1": 2887776549287565.0,
        "b1": -2.6806810148583446,
        "a2": 30506577067045.65,
        "b2": -0.3727895273315096,
        "a3": 13612874708.005777,
        "b3": 0.20220007949795565,
        "t_hot": 2.6824787894610904,
        "n_hot": 30506577067045.65,
        "start_index": 0,
        "end_index": 307,
        "critical_energy": 4.254418058810211,
        "mse": 11433374132.899666
    },
    "2exp": {
        "a1": 35004068928430.93,
        "b1": -0.39415777538227453,
        "a2": 42875105870.58638,
        "b2": 0.12585882981250657,
        "a1_stdev": 595722443467.2047,
        "b1_stdev": 0.15903848221214667,
        "a2_stdev": 7255026958.157633,
        "b2_stdev": 0.2321716544094279,
        "t_hot": 2.537055114617867,
        "n_hot": 35004068928430.93,
        "t_hot_stdev": 1.0236748325618201,
        "n_hot_stdev": 595722443467.2047,
        "start_index": 86,
        "end_index": 307,
        "mse": 12491392814.994612
    },
    "nlsq": {
        "a1": 34792482494323.8,
        "b1": -0.39228487697481973,
        "a2": 629129.4515719097,
        "b2": 0.8413788257159933,
        "a0": 0.0,
        "a1_stdev": Infinity,
        "b1_stdev": Infinity,
        "a2_stdev": Infinity,
        "b2_stdev": Infinity,
        "a0_stdev": Infinity,
        "start_index": 86,
        "end_index": 307,
        "t_hot": 2.5491678591122153,
        "n_hot": 34792482494323.8,
        "t_hot_stdev": Infinity,
        "n_hot_stdev": Infinity,
        "mse": 9161191978.917444
    },
    "true_params": {
        "t_hot": 3.7995,
        "t_hot_stdev": 0.3091
    },
    "histogram": {
        "i": 1e+17,
        "l": 0.01,
        "a": 10.0,
        "filename": "hist_1e17_001_10"
    }
}