{
    "3exp": {
        "a1": 8743942050642000.0,
        "b1": -0.056232260096485215,
        "a2": 1896537212141263.2,
        "b2": -0.019734341629457197,
        "a3": 696954866343919.8,
        "b3": -0.00678098450644407,
        "t_hot": 147.47121145162404,
        "n_hot": 696954866343919.8,
        "start_index": 0,
        "end_index": 460,
        "a1_stdev": 7.392752438712097e+19,
        "b1_stdev": 253.69403953264992,
        "a2_stdev": 1.1403864298651542e+19,
        "b2_stdev": 49.46599743191547,
        "a3_stdev": 8.460975417664672e+17,
        "b3_stdev": 2.172395919998109,
        "t_hot_stdev": 47244.74119801307,
        "n_hot_stdev": 8.460975417664672e+17
    },
    "2exp": null,
    "2nlsq": null,
    "1nlsq": null,
    "true_params": {
        "t_hot": 214.8263,
        "t_hot_stdev": 13.4954
    },
    "histogram": {
        "i": 1e+19,
        "l": 0.1,
        "a": 1.0,
        "filename": "hist_1e19_010_1"
    }
}