{
    "3exp": {
        "a1": 789309570345318.9,
        "b1": -0.41546175276850117,
        "a2": 143698676151929.9,
        "b2": -0.14443863177856228,
        "a3": 22385467444022.34,
        "b3": -0.03349042629156443,
        "t_hot": 29.859279523470267,
        "n_hot": 22385467444022.34,
        "start_index": 0,
        "end_index": 439,
        "a1_stdev": 2.330481031406258e+19,
        "b1_stdev": 5512.260055188792,
        "a2_stdev": 2.446694161643503e+18,
        "b2_stdev": 866.7779689666947,
        "a3_stdev": 6.418614183704713e+16,
        "b3_stdev": 34.515123266579195,
        "t_hot_stdev": 30772.875341494448,
        "n_hot_stdev": 6.418614183704713e+16
    },
    "2exp": null,
    "2nlsq": null,
    "1nlsq": null,
    "true_params": {
        "t_hot": 28.5437,
        "t_hot_stdev": 0.6863
    },
    "histogram": {
        "i": 1e+18,
        "l": 0.1,
        "a": 0.0,
        "filename": "hist_1e18_010_0"
    }
}