{
    "3exp": {
        "a1": 183744312200587.75,
        "b1": -0.01611654698713608,
        "a2": 157033466543051.34,
        "b2": -0.006225835890313989,
        "a3": 4703710174815.2705,
        "b3": -0.0021274506776662763,
        "t_hot": 470.0461498345794,
        "n_hot": 4703710174815.2705,
        "start_index": 0,
        "end_index": 515,
        "a1_stdev": 1.0910343450551851e+17,
        "b1_stdev": 16.489649986516564,
        "a2_stdev": 1.425538258065541e+17,
        "b2_stdev": 2.7736235782069953,
        "a3_stdev": 1.6682616691538646e+16,
        "b3_stdev": 2.305293258052984,
        "t_hot_stdev": 509339.2911820996,
        "n_hot_stdev": 1.6682616691538646e+16
    },
    "2exp": null,
    "2nlsq": null,
    "1nlsq": null,
    "true_params": {
        "t_hot": 409.7926,
        "t_hot_stdev": 12.5375
    },
    "histogram": {
        "i": 1e+18,
        "l": 5.0,
        "a": 5.0,
        "filename": "hist_1e18_500_5"
    }
}