{
    "3exp": {
        "a1": 4804137223702844.0,
        "b1": -1.515068938100145,
        "a2": 387256680992497.06,
        "b2": -0.4307014760396932,
        "a3": 48004123878294.29,
        "b3": -0.10500537218215118,
        "t_hot": 9.52332227598142,
        "n_hot": 48004123878294.29,
        "start_index": 0,
        "end_index": 525,
        "critical_energy": 3.266480985140834,
        "mse": 3019268157.28948
    },
    "2exp": {
        "a1": 447218642547788.3,
        "b1": -0.4499391951466235,
        "a2": 48748318246895.0,
        "b2": -0.10566369942579298,
        "a1_stdev": 4405205282359.662,
        "b1_stdev": 0.004479598440402527,
        "a2_stdev": 348456524292.7924,
        "b2_stdev": 0.012399359108898639,
        "t_hot": 9.463988157089789,
        "n_hot": 48748318246895.0,
        "t_hot_stdev": 1.1105742880461282,
        "n_hot_stdev": 348456524292.7924,
        "start_index": 34,
        "end_index": 525,
        "mse": 3055789605.339577
    },
    "nlsq": {
        "a1": 504946935854612.2,
        "b1": -0.4818508252608049,
        "a2": 54774598867746.414,
        "b2": -0.11268345792307752,
        "a0": 0.0,
        "a1_stdev": Infinity,
        "b1_stdev": Infinity,
        "a2_stdev": Infinity,
        "b2_stdev": Infinity,
        "a0_stdev": Infinity,
        "start_index": 34,
        "end_index": 525,
        "t_hot": 8.874417047821183,
        "n_hot": 54774598867746.414,
        "t_hot_stdev": Infinity,
        "n_hot_stdev": Infinity,
        "mse": 2810064998.976631
    },
    "true_params": {
        "t_hot": 8.8633,
        "t_hot_stdev": 0.1697
    },
    "histogram": {
        "i": 1e+17,
        "l": 0.01,
        "a": 40.0,
        "filename": "hist_1e17_001_40"
    }
}