{
    "3exp": {
        "a1": 1.3321455075173284e+16,
        "b1": -0.05895741711752889,
        "a2": 1743185277828776.5,
        "b2": -0.01584143269330532,
        "a3": 604872576912773.4,
        "b3": -0.005681478065211787,
        "t_hot": 176.01053608269513,
        "n_hot": 604872576912773.4,
        "start_index": 0,
        "end_index": 555,
        "a1_stdev": 7.563893780783515e+19,
        "b1_stdev": 159.06563712931205,
        "a2_stdev": 5.917555198460407e+18,
        "b2_stdev": 33.1093427827884,
        "a3_stdev": 1.0674893034480932e+18,
        "b3_stdev": 2.726860439368237,
        "t_hot_stdev": 84477.34238291136,
        "n_hot_stdev": 1.0674893034480932e+18,
        "critical_energy": 47.16723663056906,
        "mswe": 5.990719499780562e+17,
        "mse": 5.728512904026917e+21
    },
    "2exp": {
        "a0": 381858248275.00635,
        "a1": 2037481314714633.0,
        "b1": -0.017611045218107205,
        "a2": 670412887559097.5,
        "b2": -0.005893450017482129,
        "a0_stdev": 3612208685763030.0,
        "a1_stdev": 6.170450142137962e+18,
        "b1_stdev": 37.568677136800154,
        "a2_stdev": 1.3701245200152558e+18,
        "b2_stdev": 3.9373216575231718,
        "t_hot": 169.6798983674476,
        "n_hot": 670412887559097.5,
        "t_hot_stdev": 113360.48268954508,
        "n_hot_stdev": 1.3701245200152558e+18,
        "start_index": 27,
        "end_index": 555,
        "mswe": 6.87353825740958e+17,
        "mse": 1.045754972353205e+19
    },
    "2nlsq": {
        "a1": 2022383517086854.8,
        "b1": -0.017358097857164117,
        "a2": 654218390178031.6,
        "b2": -0.005828242512100343,
        "a0": -121144676709.57864,
        "a1_stdev": 111961799888458.62,
        "b1_stdev": 0.0006906964392658657,
        "a2_stdev": 25947237978665.69,
        "b2_stdev": 7.569972811478882e-05,
        "a0_stdev": 70657470795.04697,
        "start_index": 27,
        "end_index": 555,
        "t_hot": 171.5783099148403,
        "n_hot": 654218390178031.6,
        "t_hot_stdev": 2.2285331099353485,
        "n_hot_stdev": 25947237978665.69,
        "mswe": 5.619295415843415e+17,
        "mse": 1.0534242492699804e+19
    },
    "1nlsq": null,
    "true_params": {
        "t_hot": 200.8055,
        "t_hot_stdev": 8.7157
    },
    "histogram": {
        "i": 1e+19,
        "l": 0.05,
        "a": 0.0,
        "filename": "hist_1e19_005_0"
    }
}