{
    "3exp": {
        "a1": 2492706584579072.5,
        "b1": -2.2983464547499555,
        "a2": 42647237808022.125,
        "b2": -0.4148807351449264,
        "a3": -733621994493.5582,
        "b3": -0.16735238823328283,
        "t_hot": 5.975415173675551,
        "n_hot": -733621994493.5582,
        "start_index": 0,
        "end_index": 470,
        "a1_stdev": 9.11944264381703e+18,
        "b1_stdev": 2319.0754505281707,
        "a2_stdev": 5.612806244050663e+16,
        "b2_stdev": 868.1071714316317,
        "a3_stdev": 5.843342630432028e+16,
        "b3_stdev": 4137.93194327477,
        "t_hot_stdev": 147747.2869225739,
        "n_hot_stdev": 5.843342630432028e+16,
        "critical_energy": 2.1599341208430363,
        "mswe": 3.510630396807831e+18,
        "mse": 3.0360876935249835e+20
    },
    "2exp": {
        "a0": -43995622689.74485,
        "a1": 7400137432709649.0,
        "b1": -2.613296920678761,
        "a2": 42858289782694.086,
        "b2": -0.42766909364302325,
        "a0_stdev": 180242608625180.66,
        "a1_stdev": 6.209614630138386e+20,
        "b1_stdev": 27737.345900516695,
        "a2_stdev": 7.030498033228901e+16,
        "b2_stdev": 243.47199555835093,
        "t_hot": 2.3382564110061765,
        "n_hot": 42858289782694.086,
        "t_hot_stdev": 1331.1692684297122,
        "n_hot_stdev": 7.030498033228901e+16,
        "start_index": 43,
        "end_index": 470,
        "mswe": 4.084045054987772e+18,
        "mse": 1.5033673147851578e+20
    },
    "2nlsq": {
        "a1": 1.2811105400151352e+18,
        "b1": -4.3870888029310295,
        "a2": 48352081851217.45,
        "b2": -0.45031901721534057,
        "a0": -22665696956.40468,
        "a1_stdev": 3.386993757811768e+18,
        "b1_stdev": 0.8742502455985447,
        "a2_stdev": 876999959125.3092,
        "b2_stdev": 0.0030164319923142125,
        "a0_stdev": 2237136920.420252,
        "start_index": 43,
        "end_index": 470,
        "t_hot": 2.22064794461435,
        "n_hot": 48352081851217.45,
        "t_hot_stdev": 0.014874862592352751,
        "n_hot_stdev": 876999959125.3092,
        "mswe": 3.3624115046497987e+18,
        "mse": 1.558630620378989e+20
    },
    "1nlsq": null,
    "true_params": {
        "t_hot": 2.1676,
        "t_hot_stdev": 0.0129
    },
    "histogram": {
        "i": 1e+17,
        "l": 0.1,
        "a": 0.0,
        "filename": "hist_1e17_010_0"
    }
}