{
    "3exp": {
        "a1": 787085868781564.0,
        "b1": -0.39888479841808316,
        "a2": 100867340988577.38,
        "b2": -0.17154443464188665,
        "a3": 20891685148272.15,
        "b3": -0.04028384095792443,
        "t_hot": 24.823849370383467,
        "n_hot": 20891685148272.15,
        "start_index": 0,
        "end_index": 598,
        "a1_stdev": 3.392573357923859e+18,
        "b1_stdev": 2194.0567820837778,
        "a2_stdev": 2.9784454265762135e+18,
        "b2_stdev": 1554.454354512932,
        "a3_stdev": 4.857408520874826e+16,
        "b3_stdev": 26.624602801318844,
        "t_hot_stdev": 16406.705859467325,
        "n_hot_stdev": 4.857408520874826e+16,
        "critical_energy": 9.037247585045563,
        "mswe": 3.074506704734202e+18,
        "mse": 1.0677567168407391e+21
    },
    "2exp": {
        "a0": -155784880227.19937,
        "a1": 125205288286318.05,
        "b1": -0.16628666924718896,
        "a2": 17807238384217.137,
        "b2": -0.03616760819320719,
        "a0_stdev": 940032894402113.4,
        "a1_stdev": 1.0791306089818885e+18,
        "b1_stdev": 621.5222464948835,
        "a2_stdev": 5.035549339041178e+16,
        "b2_stdev": 51.4242826803,
        "t_hot": 27.649049797763922,
        "n_hot": 17807238384217.137,
        "t_hot_stdev": 39312.31905207778,
        "n_hot_stdev": 5.035549339041178e+16,
        "start_index": 47,
        "end_index": 598,
        "mswe": 1.608199440240254e+18,
        "mse": 1.8551378525551768e+19
    },
    "2nlsq": {
        "a1": 314579448073678.2,
        "b1": -0.24782905649036277,
        "a2": 25675865351055.805,
        "b2": -0.044380800041584165,
        "a0": -138767062862.57236,
        "a1_stdev": 156152064629303.28,
        "b1_stdev": 0.034243920844776905,
        "a2_stdev": 1346352034926.3848,
        "b2_stdev": 0.0010990082510933554,
        "a0_stdev": 13659648316.799683,
        "start_index": 47,
        "end_index": 598,
        "t_hot": 22.532266184093448,
        "n_hot": 25675865351055.805,
        "t_hot_stdev": 0.5579698074155441,
        "n_hot_stdev": 1346352034926.3848,
        "mswe": 7.133212435674084e+17,
        "mse": 1.9759945146414014e+19
    },
    "1nlsq": null,
    "true_params": {
        "t_hot": 24.604,
        "t_hot_stdev": 0.5746
    },
    "histogram": {
        "i": 1e+17,
        "l": 0.2,
        "a": 50.0,
        "filename": "hist_1e17_020_50"
    }
}