{
    "3exp": {
        "a1": 525092334281921.5,
        "b1": -0.07990977276545821,
        "a2": 57162335521501.24,
        "b2": -0.01135024597360577,
        "a3": -4150792329.8967695,
        "b3": 0.008434779152423978,
        "t_hot": 88.10381751421356,
        "n_hot": 57162335521501.24,
        "start_index": 0,
        "end_index": 583,
        "a1_stdev": 3.2559624578827334e+17,
        "b1_stdev": 27.963570526375957,
        "a2_stdev": 1.7217346767369288e+16,
        "b2_stdev": 2.005266563183508,
        "a3_stdev": 58965942898529.7,
        "b3_stdev": 28.731194755562964,
        "t_hot_stdev": 15565.445873235869,
        "n_hot_stdev": 1.7217346767369288e+16,
        "critical_energy": 32.34676512700651,
        "mswe": 5.827261496261961e+16,
        "mse": 3.1182341547072727e+18
    },
    "2exp": {
        "a0": -366388018995.5434,
        "a1": 271128967685066.3,
        "b1": -0.057336276455719086,
        "a2": 48900396749658.49,
        "b2": -0.010218821268489671,
        "a0_stdev": 256695171459412.9,
        "a1_stdev": 1.4538139198396024e+18,
        "b1_stdev": 98.99239325237804,
        "a2_stdev": 2.068908634559048e+16,
        "b2_stdev": 2.121826678444593,
        "t_hot": 97.85864472290538,
        "n_hot": 48900396749658.49,
        "t_hot_stdev": 20319.27926264441,
        "n_hot_stdev": 2.068908634559048e+16,
        "start_index": 44,
        "end_index": 583,
        "mswe": 4.440113268080421e+16,
        "mse": 2.5497151536024975e+18
    },
    "2nlsq": {
        "a1": 779743653649266.5,
        "b1": -0.0812041183255785,
        "a2": 56847877764045.17,
        "b2": -0.01128170220712042,
        "a0": -279962148764.6774,
        "a1_stdev": 649198119704782.8,
        "b1_stdev": 0.015159105310484507,
        "a2_stdev": 1539323321110.6602,
        "b2_stdev": 0.00015244162405189635,
        "a0_stdev": 14528176273.169958,
        "start_index": 44,
        "end_index": 583,
        "t_hot": 88.63910619523818,
        "n_hot": 56847877764045.17,
        "t_hot_stdev": 1.1977172464614751,
        "n_hot_stdev": 1539323321110.6602,
        "mswe": 3.3975690889902316e+16,
        "mse": 2.78521407342972e+18
    },
    "1nlsq": null,
    "true_params": {
        "t_hot": 88.1193,
        "t_hot_stdev": 1.1691
    },
    "histogram": {
        "i": 1e+18,
        "l": 0.5,
        "a": 45.0,
        "filename": "hist_1e18_050_45"
    }
}