{
    "3exp": {
        "a1": 1.0234725715308446e+16,
        "b1": -0.042825974128800785,
        "a2": 1912631135410402.8,
        "b2": -0.012853216327617996,
        "a3": 602442813709890.1,
        "b3": -0.004520548654381215,
        "t_hot": 221.21208650875204,
        "n_hot": 602442813709890.1,
        "start_index": 0,
        "end_index": 365,
        "a1_stdev": 1.3574043837631362e+20,
        "b1_stdev": 331.70219453746853,
        "a2_stdev": 1.9452972076228383e+19,
        "b2_stdev": 79.1312234520943,
        "a3_stdev": 3.506860080442433e+18,
        "b3_stdev": 7.771808019815172,
        "t_hot_stdev": 380311.77174534753,
        "n_hot_stdev": 3.506860080442433e+18
    },
    "2exp": null,
    "2nlsq": null,
    "1nlsq": null,
    "true_params": {
        "t_hot": 215.5509,
        "t_hot_stdev": 2.9649
    },
    "histogram": {
        "i": 1e+19,
        "l": 0.01,
        "a": 2.0,
        "filename": "hist_1e19_001_2"
    }
}