{
    "3exp": {
        "a1": 4758006796663550.0,
        "b1": -0.26112470487225825,
        "a2": 957484795297068.1,
        "b2": -0.10823863575248568,
        "a3": 254012911129858.4,
        "b3": -0.03273895085104142,
        "t_hot": 30.54465625822552,
        "n_hot": 254012911129858.4,
        "start_index": 0,
        "end_index": 430,
        "a1_stdev": 6.521601813923334e+19,
        "b1_stdev": 3093.381234945214,
        "a2_stdev": 3.0276274526647923e+19,
        "b2_stdev": 1136.8080560797755,
        "a3_stdev": 1.0169631306614376e+18,
        "b3_stdev": 36.440466885717804,
        "t_hot_stdev": 33998.08197818574,
        "n_hot_stdev": 1.0169631306614376e+18,
        "critical_energy": 10.486725750880158,
        "mswe": 1.1800551376083833e+19,
        "mse": 4.200673673633913e+22
    },
    "2exp": {
        "a0": -406547846663.4811,
        "a1": 1517120339493282.0,
        "b1": -0.11919123921214636,
        "a2": 240391925866540.62,
        "b2": -0.03170673250051779,
        "a0_stdev": 4637377836406610.0,
        "a1_stdev": 1.4466246839794205e+19,
        "b1_stdev": 488.4770146178522,
        "a2_stdev": 8.283541518874742e+17,
        "b2_stdev": 42.05112739191791,
        "t_hot": 31.53904300872597,
        "n_hot": 240391925866540.62,
        "t_hot_stdev": 41828.72881516426,
        "n_hot_stdev": 8.283541518874742e+17,
        "start_index": 28,
        "end_index": 430,
        "mswe": 6.608387902058893e+18,
        "mse": 1.1347342084312012e+20
    },
    "2nlsq": {
        "a1": 1537357084125261.8,
        "b1": -0.12051800515354802,
        "a2": 244833605036723.28,
        "b2": -0.03192812513408071,
        "a0": -574778463468.9949,
        "a1_stdev": 175573513662089.0,
        "b1_stdev": 0.005834996612277082,
        "a2_stdev": 9640842872613.646,
        "b2_stdev": 0.0004830516657190601,
        "a0_stdev": 52831445671.43368,
        "start_index": 28,
        "end_index": 430,
        "t_hot": 31.320348307348,
        "n_hot": 244833605036723.28,
        "t_hot_stdev": 0.4738563995609072,
        "n_hot_stdev": 9640842872613.646,
        "mswe": 5.616477581291244e+18,
        "mse": 1.1392605864825366e+20
    },
    "1nlsq": null,
    "true_params": {
        "t_hot": 29.424,
        "t_hot_stdev": 0.2945
    },
    "histogram": {
        "i": 1e+18,
        "l": 0.01,
        "a": 40.0,
        "filename": "hist_1e18_001_40"
    }
}