{
    "3exp": {
        "a1": 3698260051569081.5,
        "b1": -2.507153607279701,
        "a2": 802583613980582.9,
        "b2": -1.5594013574350243,
        "a3": 42358405022713.38,
        "b3": -0.4017506658364578,
        "t_hot": 2.489106017828167,
        "n_hot": 42358405022713.38,
        "start_index": 0,
        "end_index": 528,
        "a1_stdev": 4.5145860766554825e+19,
        "b1_stdev": 31446.309610069096,
        "a2_stdev": 5.270254900732552e+19,
        "b2_stdev": 14741.908567196855,
        "a3_stdev": 6.601158338359979e+16,
        "b3_stdev": 160.0175941749901,
        "t_hot_stdev": 991.4128102067442,
        "n_hot_stdev": 6.601158338359979e+16,
        "critical_energy": 1.612005342632678,
        "mswe": 1.7461245767923645e+18,
        "mse": 3.2375908526871162e+22
    },
    "2exp": {
        "a0": -3940607048.829694,
        "a1": 1780931588311333.0,
        "b1": -1.7322186976902467,
        "a2": 41419183333174.75,
        "b2": -0.39911411248566236,
        "a0_stdev": 66114027153843.02,
        "a1_stdev": 1.209457164450421e+19,
        "b1_stdev": 2542.6856576635328,
        "a2_stdev": 5.115923291844586e+16,
        "b2_stdev": 157.1500648811534,
        "t_hot": 2.5055490866310164,
        "n_hot": 41419183333174.75,
        "t_hot_stdev": 986.5529411494406,
        "n_hot_stdev": 5.115923291844586e+16,
        "start_index": 25,
        "end_index": 528,
        "mswe": 1.5962352206634258e+18,
        "mse": 1.2663775124990068e+20
    },
    "2nlsq": {
        "a1": 2336745484890887.0,
        "b1": -1.8504877651422893,
        "a2": 45842933630868.266,
        "b2": -0.414847106642582,
        "a0": -7611947387.623824,
        "a1_stdev": 438519121595274.6,
        "b1_stdev": 0.0701893529414769,
        "a2_stdev": 1314806005970.0054,
        "b2_stdev": 0.003792606758988859,
        "a0_stdev": 1488741771.130084,
        "start_index": 25,
        "end_index": 528,
        "t_hot": 2.4105266349647354,
        "n_hot": 45842933630868.266,
        "t_hot_stdev": 0.022037467447896444,
        "n_hot_stdev": 1314806005970.0054,
        "mswe": 1.3755835413110085e+18,
        "mse": 1.274653493799691e+20
    },
    "1nlsq": null,
    "true_params": {
        "t_hot": 2.3267,
        "t_hot_stdev": 0.0309
    },
    "histogram": {
        "i": 1e+17,
        "l": 0.2,
        "a": 0.0,
        "filename": "hist_1e17_020_0"
    }
}