{
    "3exp": {
        "a1": 1.1698194317995246e+16,
        "b1": -0.04737276558632722,
        "a2": 2016915379062860.0,
        "b2": -0.013513632481225717,
        "a3": 612273160177797.9,
        "b3": -0.0048159197314269955,
        "t_hot": 207.64465683976258,
        "n_hot": 612273160177797.9,
        "start_index": 0,
        "end_index": 380,
        "a1_stdev": 1.6919037408952418e+20,
        "b1_stdev": 349.2318574557904,
        "a2_stdev": 1.6916002219824923e+19,
        "b2_stdev": 70.17040764306739,
        "a3_stdev": 3.194372708055089e+18,
        "b3_stdev": 7.230811874593162,
        "t_hot_stdev": 311765.8794383371,
        "n_hot_stdev": 3.194372708055089e+18
    },
    "2exp": null,
    "2nlsq": null,
    "1nlsq": null,
    "true_params": {
        "t_hot": 200.7782,
        "t_hot_stdev": 6.9247
    },
    "histogram": {
        "i": 1e+19,
        "l": 0.02,
        "a": 3.0,
        "filename": "hist_1e19_002_3"
    }
}