{
    "3exp": {
        "a1": 1.2008290616465732e+16,
        "b1": -4.443527322381531,
        "a2": 256474285418964.0,
        "b2": -1.9754309632714757,
        "a3": 15664543850649.566,
        "b3": -0.49418152118907654,
        "t_hot": 2.023547941642671,
        "n_hot": 15664543850649.566,
        "start_index": 0,
        "end_index": 413,
        "a1_stdev": 9.73030072504983e+20,
        "b1_stdev": 76842.82298414844,
        "a2_stdev": 2.367958014260784e+19,
        "b2_stdev": 35566.92409865606,
        "a3_stdev": 8.700130158213819e+16,
        "b3_stdev": 788.9730202047994,
        "t_hot_stdev": 3230.644333291824,
        "n_hot_stdev": 8.700130158213819e+16,
        "critical_energy": 1.558417341737901,
        "mswe": 1.4913090607735495e+19,
        "mse": 1.667903124642288e+22
    },
    "2exp": {
        "a0": -30618601654.49179,
        "a1": 259832496461507.03,
        "b1": -1.8495543662344558,
        "a2": 12813339837854.582,
        "b2": -0.4550155672383062,
        "a0_stdev": 632616400328617.8,
        "a1_stdev": 9.08859656051964e+18,
        "b1_stdev": 16402.52630294145,
        "a2_stdev": 9.809027986269552e+16,
        "b2_stdev": 1308.3351111627705,
        "t_hot": 2.197727005406538,
        "n_hot": 12813339837854.582,
        "t_hot_stdev": 6319.263807556866,
        "n_hot_stdev": 9.809027986269552e+16,
        "start_index": 31,
        "end_index": 413,
        "mswe": 1.324762037845434e+19,
        "mse": 2.2096302984747008e+20
    },
    "2nlsq": {
        "a1": 361588096903240.44,
        "b1": -2.022632804111763,
        "a2": 14249337503570.121,
        "b2": -0.47916911521928074,
        "a0": -20904964603.83703,
        "a1_stdev": 155490792067651.25,
        "b1_stdev": 0.1987134212861296,
        "a2_stdev": 1034469240200.8472,
        "b2_stdev": 0.012790583936971162,
        "a0_stdev": 5690027115.323692,
        "start_index": 31,
        "end_index": 413,
        "t_hot": 2.086945857398119,
        "n_hot": 14249337503570.121,
        "t_hot_stdev": 0.0557073803655925,
        "n_hot_stdev": 1034469240200.8472,
        "mswe": 1.2821835320259127e+19,
        "mse": 2.2444786147465304e+20
    },
    "1nlsq": null,
    "true_params": {
        "t_hot": 1.9419,
        "t_hot_stdev": 0.0201
    },
    "histogram": {
        "i": 1e+17,
        "l": 0.02,
        "a": 2.0,
        "filename": "hist_1e17_002_2"
    }
}