{
    "3exp": {
        "a1": 3.6788317531072024e+16,
        "b1": -5.101591496775864,
        "a2": 636449152167912.2,
        "b2": -1.970570071296329,
        "a3": 37581793380132.19,
        "b3": -1.0103437339658552,
        "t_hot": 0.9897621634913759,
        "n_hot": 37581793380132.19,
        "start_index": 0,
        "end_index": 187,
        "a1_stdev": 1.0908523777226673e+22,
        "b1_stdev": 297061.3180012436,
        "a2_stdev": 1.5079880916535692e+20,
        "b2_stdev": 172297.19558375116,
        "a3_stdev": 2.085899260058102e+19,
        "b3_stdev": 95211.17122442312,
        "t_hot_stdev": 93271.63781155056,
        "n_hot_stdev": 2.085899260058102e+19,
        "critical_energy": 1.2957532178341833,
        "mswe": 8.506201837856837e+20,
        "mse": 1.3885728300149649e+23
    },
    "2exp": {
        "a0": 37068766016.44887,
        "a1": 1344630306883198.8,
        "b1": -2.540304950761768,
        "a2": 126698230025563.89,
        "b2": -1.264808551758126,
        "a0_stdev": 2.090077074177529e+16,
        "a1_stdev": 3.8123994976979177e+20,
        "b1_stdev": 264961.98766582704,
        "a2_stdev": 5.030927018540557e+19,
        "b2_stdev": 93871.52577124911,
        "t_hot": 0.7906334904282286,
        "n_hot": 126698230025563.89,
        "t_hot_stdev": 58679.21431206379,
        "n_hot_stdev": 5.030927018540557e+19,
        "start_index": 25,
        "end_index": 187,
        "mswe": 8.315090294228475e+20,
        "mse": 6.57763504984739e+21
    },
    "2nlsq": {
        "a1": 1564486697369308.8,
        "b1": -2.68746177847878,
        "a2": 155104181484860.47,
        "b2": -1.3150795991164583,
        "a0": 9924053887.564217,
        "a1_stdev": 1731260897285079.2,
        "b1_stdev": 0.9573566272230939,
        "a2_stdev": 161970919217926.78,
        "b2_stdev": 0.2533765642194748,
        "a0_stdev": 57792980670.02749,
        "start_index": 25,
        "end_index": 187,
        "t_hot": 0.7604102448793625,
        "n_hot": 155104181484860.47,
        "t_hot_stdev": 0.14650834472245527,
        "n_hot_stdev": 161970919217926.78,
        "mswe": 7.79743811121714e+20,
        "mse": 6.633825870169285e+21
    },
    "1nlsq": null,
    "true_params": {
        "t_hot": 0.7731,
        "t_hot_stdev": 0.0202
    },
    "histogram": {
        "i": 1e+17,
        "l": 5.0,
        "a": 50.0,
        "filename": "hist_1e17_500_50"
    }
}