{
    "3exp": {
        "a1": 6.338360148829348e+16,
        "b1": -0.12165474060498851,
        "a2": 5264097465236793.0,
        "b2": -0.03754976643423652,
        "a3": 1028274674892288.5,
        "b3": -0.012253658695437746,
        "t_hot": 81.6082791968343,
        "n_hot": 1028274674892288.5,
        "start_index": 0,
        "end_index": 564,
        "a1_stdev": 1.1804213966490321e+20,
        "b1_stdev": 88.45719541488545,
        "a2_stdev": 7.272048117375278e+18,
        "b2_stdev": 22.407649976083896,
        "a3_stdev": 5.2224698244602e+17,
        "b3_stdev": 1.7152025489594787,
        "t_hot_stdev": 11423.096723488967,
        "n_hot_stdev": 5.2224698244602e+17,
        "critical_energy": 29.585592191574225,
        "mswe": 1.4671519333380534e+17,
        "mse": 2.2951810591526958e+22
    },
    "2exp": {
        "a0": 231314246327.4873,
        "a1": 6526224056908507.0,
        "b1": -0.041286764316602706,
        "a2": 1121809932606487.4,
        "b2": -0.012613886931126136,
        "a0_stdev": 449940152128045.9,
        "a1_stdev": 1.2915023599212554e+19,
        "b1_stdev": 33.82395620970469,
        "a2_stdev": 7.513723737163366e+17,
        "b2_stdev": 2.5153841678642954,
        "t_hot": 79.27770444274329,
        "n_hot": 1121809932606487.4,
        "t_hot_stdev": 15809.074848120445,
        "n_hot_stdev": 7.513723737163366e+17,
        "start_index": 28,
        "end_index": 564,
        "mswe": 2.6359121140645488e+17,
        "mse": 2.582774808547413e+19
    },
    "2nlsq": {
        "a1": 6245009420823437.0,
        "b1": -0.04026078994285016,
        "a2": 1085265483727306.8,
        "b2": -0.012466925091976555,
        "a0": -56461197038.808365,
        "a1_stdev": 366675810096250.4,
        "b1_stdev": 0.0010092930863940912,
        "a2_stdev": 23518235432255.246,
        "b2_stdev": 7.995422510211773e-05,
        "a0_stdev": 14409895645.238031,
        "start_index": 28,
        "end_index": 564,
        "t_hot": 80.21224099947295,
        "n_hot": 1085265483727306.8,
        "t_hot_stdev": 0.5144257726345565,
        "n_hot_stdev": 23518235432255.246,
        "mswe": 1.3429652212250226e+17,
        "mse": 2.6021249664107848e+19
    },
    "1nlsq": null,
    "true_params": {
        "t_hot": 90.4765,
        "t_hot_stdev": 2.4304
    },
    "histogram": {
        "i": 1e+19,
        "l": 0.05,
        "a": 60.0,
        "filename": "hist_1e19_005_60"
    }
}