{
    "3exp": {
        "a1": 1234292398981749.5,
        "b1": -0.02784293283214923,
        "a2": 183832139203067.8,
        "b2": -0.005001354454801855,
        "a3": 159967740091.96323,
        "b3": -0.0008317612650733606,
        "t_hot": 1202.2680569427587,
        "n_hot": 159967740091.96323,
        "start_index": 0,
        "end_index": 406,
        "a1_stdev": 3.00924771706409e+18,
        "b1_stdev": 74.29979705316646,
        "a2_stdev": 4.968682103880068e+17,
        "b2_stdev": 51.68702297693019,
        "a3_stdev": 1.174356930029874e+18,
        "b3_stdev": 7196.756019766245,
        "t_hot_stdev": 10402540055.062948,
        "n_hot_stdev": 1.174356930029874e+18
    },
    "2exp": null,
    "2nlsq": null,
    "1nlsq": null,
    "true_params": {
        "t_hot": 206.1581,
        "t_hot_stdev": 2.5686
    },
    "histogram": {
        "i": 1e+18,
        "l": 0.2,
        "a": 30.0,
        "filename": "hist_1e18_020_30"
    }
}