{
    "3exp": {
        "a1": 8099259079549533.0,
        "b1": -0.03808854070139064,
        "a2": 1982564356302846.8,
        "b2": -0.014028824709925888,
        "a3": 775736451249223.8,
        "b3": -0.004759545639121128,
        "t_hot": 210.1040888820334,
        "n_hot": 775736451249223.8,
        "start_index": 0,
        "end_index": 389,
        "a1_stdev": 9.299660174329812e+19,
        "b1_stdev": 332.46404028606133,
        "a2_stdev": 2.96413727781547e+19,
        "b2_stdev": 89.95137226262293,
        "a3_stdev": 2.3863186056470175e+18,
        "b3_stdev": 4.048273821103245,
        "t_hot_stdev": 178705.89909606264,
        "n_hot_stdev": 2.3863186056470175e+18
    },
    "2exp": null,
    "2nlsq": null,
    "1nlsq": null,
    "true_params": {
        "t_hot": 215.2295,
        "t_hot_stdev": 7.3178
    },
    "histogram": {
        "i": 1e+19,
        "l": 0.02,
        "a": 4.0,
        "filename": "hist_1e19_002_4"
    }
}