{
    "3exp": {
        "a1": 5978998576216785.0,
        "b1": -0.03274565410183202,
        "a2": 1234678632584688.0,
        "b2": -0.009466106489003532,
        "a3": 262774720260884.66,
        "b3": -0.004825823523208218,
        "t_hot": 207.2185182882937,
        "n_hot": 262774720260884.66,
        "start_index": 0,
        "end_index": 412,
        "a1_stdev": 1.7638542155447892e+19,
        "b1_stdev": 65.68168186333433,
        "a2_stdev": 2.314575921933251e+18,
        "b2_stdev": 21.189521178653774,
        "a3_stdev": 2.18382620264916e+18,
        "b3_stdev": 7.8427025743011765,
        "t_hot_stdev": 336761.8395092224,
        "n_hot_stdev": 2.18382620264916e+18
    },
    "2exp": null,
    "2nlsq": null,
    "1nlsq": null,
    "true_params": {
        "t_hot": 185.4967,
        "t_hot_stdev": 5.6875
    },
    "histogram": {
        "i": 1e+19,
        "l": 0.1,
        "a": 4.0,
        "filename": "hist_1e19_010_4"
    }
}