{
    "3exp": {
        "a1": 3794006684565261.5,
        "b1": -0.020664296196525794,
        "a2": 801653844590113.6,
        "b2": -0.0024372086895721136,
        "a3": 80156857815.99583,
        "b3": 0.000531810907068285,
        "t_hot": 410.30544666881366,
        "n_hot": 801653844590113.6,
        "start_index": 0,
        "end_index": 670,
        "a1_stdev": 9.760194105858564e+18,
        "b1_stdev": 19.180216036974812,
        "a2_stdev": 1.1419913881206024e+17,
        "b2_stdev": 0.18269449033861776,
        "a3_stdev": 599561991271272.8,
        "b3_stdev": 1.9418105844637368,
        "t_hot_stdev": 30756.719678148776,
        "n_hot_stdev": 1.1419913881206024e+17,
        "critical_energy": 85.28521149134988,
        "mswe": 2.2565313447521044e+16,
        "mse": 6.778956664298632e+17
    },
    "2exp": {
        "a0": 625704029218.9677,
        "a1": -857697750788143.1,
        "b1": -0.003992110742492487,
        "a2": 1461743369570562.2,
        "b2": -0.002811702405334103,
        "a0_stdev": 315842221693976.3,
        "a1_stdev": 9.120949922757062e+18,
        "b1_stdev": 13.794911348121953,
        "a2_stdev": 1.0082473973245288e+19,
        "b2_stdev": 2.503414490535775,
        "t_hot": 355.6564158791812,
        "n_hot": 1461743369570562.2,
        "t_hot_stdev": 316660.6193723986,
        "n_hot_stdev": 1.0082473973245288e+19,
        "start_index": 40,
        "end_index": 655,
        "mswe": 2.0713873621844844e+16,
        "mse": 2.9528887208999334e+17
    },
    "2nlsq": {
        "a1": -182834656487564.44,
        "b1": -0.0024344296501440463,
        "a2": 997625739992307.4,
        "b2": -0.0024344127370512455,
        "a0": 44589655657.304924,
        "a1_stdev": 9.162777635281586e+19,
        "b1_stdev": 2.975766455398196,
        "a2_stdev": 9.162777683464521e+19,
        "b2_stdev": 0.5452761415317732,
        "a0_stdev": 15015845958.131233,
        "start_index": 40,
        "end_index": 655,
        "t_hot": 410.7766874450713,
        "n_hot": 997625739992307.4,
        "t_hot_stdev": 92008.52581496193,
        "n_hot_stdev": 9.162777683464521e+19,
        "mswe": 4379269044870238.0,
        "mse": 5.2811369445865626e+17
    },
    "1nlsq": null,
    "true_params": {
        "t_hot": 522.5313,
        "t_hot_stdev": 9.2643
    },
    "histogram": {
        "i": 1e+19,
        "l": 0.8,
        "a": 20.0,
        "filename": "hist_1e19_080_20"
    }
}