{
    "3exp": {
        "a1": 3807162257262290.0,
        "b1": -1.9220962423053691,
        "a2": 173561736796036.1,
        "b2": -0.40705912449546394,
        "a3": 14079804931749.723,
        "b3": -0.15155577926002448,
        "t_hot": 6.598230729850945,
        "n_hot": 14079804931749.723,
        "start_index": 0,
        "end_index": 367,
        "a1_stdev": 2.7368855371731707e+20,
        "b1_stdev": 35330.20697816777,
        "a2_stdev": 2.2994110910159485e+18,
        "b2_stdev": 4293.358883412917,
        "a3_stdev": 7.347830893777185e+17,
        "b3_stdev": 2338.0345028300635,
        "t_hot_stdev": 101790.1869486426,
        "n_hot_stdev": 7.347830893777185e+17
    },
    "2exp": null,
    "2nlsq": null,
    "1nlsq": null,
    "true_params": {
        "t_hot": 5.3648,
        "t_hot_stdev": 0.3162
    },
    "histogram": {
        "i": 1e+17,
        "l": 0.02,
        "a": 60.0,
        "filename": "hist_1e17_002_60"
    }
}