{
    "3exp": {
        "a1": 321173856058722.75,
        "b1": -0.039665070354738576,
        "a2": 177125216709689.34,
        "b2": -0.008495836106728574,
        "a3": 18661967185007.824,
        "b3": -0.0032135211185478864,
        "t_hot": 311.18513403511605,
        "n_hot": 18661967185007.824,
        "start_index": 0,
        "end_index": 651,
        "a1_stdev": 6.332011867003877e+17,
        "b1_stdev": 37.87320587515727,
        "a2_stdev": 3.5196308250668556e+16,
        "b2_stdev": 1.4002434277311633,
        "a3_stdev": 1.1698081660788034e+16,
        "b3_stdev": 0.5445419405446881,
        "t_hot_stdev": 52731.36553486005,
        "n_hot_stdev": 1.1698081660788034e+16
    },
    "2exp": null,
    "2nlsq": null,
    "1nlsq": null,
    "true_params": {
        "t_hot": 350.4175,
        "t_hot_stdev": 20.3582
    },
    "histogram": {
        "i": 1e+18,
        "l": 5.0,
        "a": 3.0,
        "filename": "hist_1e18_500_3"
    }
}