{
    "3exp": {
        "a1": 4163529629294297.5,
        "b1": -0.846090023028789,
        "a2": 269962548635970.0,
        "b2": -0.3647768925176856,
        "a3": 3817551224995.8433,
        "b3": -0.07256801400230109,
        "t_hot": 13.780175932171584,
        "n_hot": 3817551224995.8433,
        "start_index": 0,
        "end_index": 303,
        "critical_energy": 9.042417932497438,
        "mse": 1245273185.5977418
    },
    "2exp": {
        "a1": 59588959854504.61,
        "b1": -0.23428731325935187,
        "a2": 1603966978208.1814,
        "b2": -0.05112833170986791,
        "a1_stdev": 1324426726645.5974,
        "b1_stdev": 0.011592210774902894,
        "a2_stdev": 54102746497.33542,
        "b2_stdev": 0.026845261405709506,
        "t_hot": 19.558627605426,
        "n_hot": 1603966978208.1814,
        "t_hot_stdev": 10.26938398428615,
        "n_hot_stdev": 54102746497.33542,
        "start_index": 53,
        "end_index": 303,
        "mse": 1620071599.3581314
    },
    "nlsq": {
        "a1": 92003857151260.28,
        "b1": -0.2901470303723877,
        "a2": 5099058928548.417,
        "b2": -0.09079808003809582,
        "a0": 0.0,
        "a1_stdev": Infinity,
        "b1_stdev": Infinity,
        "a2_stdev": Infinity,
        "b2_stdev": Infinity,
        "a0_stdev": Infinity,
        "start_index": 53,
        "end_index": 303,
        "t_hot": 11.013448737907604,
        "n_hot": 5099058928548.417,
        "t_hot_stdev": Infinity,
        "n_hot_stdev": Infinity,
        "mse": 948687141.5274532
    },
    "true_params": {
        "t_hot": 12.7196,
        "t_hot_stdev": 0.7585
    },
    "histogram": {
        "i": 1e+17,
        "l": 1.0,
        "a": 3.0,
        "filename": "hist_1e17_100_3"
    }
}