{
    "3exp": {
        "a1": 1598851065608396.0,
        "b1": -0.009878236289438201,
        "a2": 506872604809833.8,
        "b2": -0.0018404536294024108,
        "a3": -159266887870.9005,
        "b3": -0.0005191264197674889,
        "t_hot": 1926.3130557830004,
        "n_hot": -159266887870.9005,
        "start_index": 0,
        "end_index": 822,
        "critical_energy": NaN,
        "mse": 8685346.976718789
    },
    "2exp": {
        "a1": 2960591439143580.5,
        "b1": -0.01184090334488389,
        "a2": 516191361573928.1,
        "b2": -0.0018610312732849305,
        "a1_stdev": 24967132988482.824,
        "b1_stdev": 6.476589734074463e-05,
        "a2_stdev": 658425587797.7882,
        "b2_stdev": 0.0002921370117232659,
        "t_hot": 537.3364834621435,
        "n_hot": 516191361573928.1,
        "t_hot_stdev": 84.34886442904237,
        "n_hot_stdev": 658425587797.7882,
        "start_index": 25,
        "end_index": 822,
        "mse": 7889091.978550307
    },
    "nlsq": {
        "a1": 3677640729707392.5,
        "b1": -0.012547820298483251,
        "a2": 515856978504973.44,
        "b2": -0.0018550631302518238,
        "a0": -20320822590.969364,
        "a1_stdev": 394376695714413.7,
        "b1_stdev": 0.0003672495798644406,
        "a2_stdev": 2115279312807.7761,
        "b2_stdev": 3.296640572032692e-06,
        "a0_stdev": 735291.6163145142,
        "start_index": 25,
        "end_index": 822,
        "t_hot": 539.065212225015,
        "n_hot": 515856978504973.44,
        "t_hot_stdev": 0.9579750794525022,
        "n_hot_stdev": 2115279312807.7761,
        "mse": 7465871.541054789
    },
    "true_params": {
        "t_hot": 543.6043,
        "t_hot_stdev": 1.4279
    },
    "histogram": {
        "i": 1e+19,
        "l": 5.0,
        "a": 10.0,
        "filename": "hist_1e19_500_10"
    }
}