{
    "3exp": {
        "a1": 2776657659140351.0,
        "b1": -0.7363102056951747,
        "a2": 34274708940299.402,
        "b2": -0.17777887552044036,
        "a3": 1943181747036.262,
        "b3": -0.04710463016716174,
        "t_hot": 21.229335554727154,
        "n_hot": 1943181747036.262,
        "start_index": 0,
        "end_index": 321,
        "critical_energy": 10.540652535353193,
        "mse": 1390971037.0783584
    },
    "2exp": {
        "a1": 25534732623860.094,
        "b1": -0.1505575564133701,
        "a2": 1033316424178.2985,
        "b2": -0.035579801967846596,
        "a1_stdev": 435988535002.5685,
        "b1_stdev": 0.01268089648375223,
        "a2_stdev": 37997065183.18229,
        "b2_stdev": 0.024228965293755775,
        "t_hot": 28.10583377905527,
        "n_hot": 1033316424178.2985,
        "t_hot_stdev": 19.13937777956704,
        "n_hot_stdev": 37997065183.18229,
        "start_index": 57,
        "end_index": 321,
        "mse": 1839731444.4765599
    },
    "nlsq": {
        "a1": 162664606380121.9,
        "b1": -0.34180879045225043,
        "a2": 9213115681965.682,
        "b2": -0.08930053486685385,
        "a0": 0.0,
        "a1_stdev": Infinity,
        "b1_stdev": Infinity,
        "a2_stdev": Infinity,
        "b2_stdev": Infinity,
        "a0_stdev": Infinity,
        "start_index": 57,
        "end_index": 321,
        "t_hot": 11.198141214842547,
        "n_hot": 9213115681965.682,
        "t_hot_stdev": Infinity,
        "n_hot_stdev": Infinity,
        "mse": 717183645.988173
    },
    "true_params": {
        "t_hot": 20.4529,
        "t_hot_stdev": 1.6617
    },
    "histogram": {
        "i": 1e+17,
        "l": 2.0,
        "a": 3.0,
        "filename": "hist_1e17_200_3"
    }
}