{
    "3exp": {
        "a1": 4954826023899791.0,
        "b1": -1.5398353831391485,
        "a2": 124853087409208.53,
        "b2": -0.3157266128493474,
        "a3": 11721452628164.002,
        "b3": -0.10545714708101019,
        "t_hot": 9.482524681156214,
        "n_hot": 11721452628164.002,
        "start_index": 0,
        "end_index": 310,
        "critical_energy": 4.2155523989912025,
        "mse": 6939194743.14373
    },
    "2exp": {
        "a1": 99618068286298.97,
        "b1": -0.2649100013287804,
        "a2": 5384865295751.625,
        "b2": -0.07952051968559348,
        "a1_stdev": 1861738484263.1072,
        "b1_stdev": 0.046080961712826406,
        "a2_stdev": 301133542187.4864,
        "b2_stdev": 0.07565603584417167,
        "t_hot": 12.575370532710028,
        "n_hot": 5384865295751.625,
        "t_hot_stdev": 11.964241274303609,
        "n_hot_stdev": 301133542187.4864,
        "start_index": 39,
        "end_index": 310,
        "mse": 7370798852.63539
    },
    "nlsq": {
        "a1": 104263771926290.11,
        "b1": -0.3480414455688118,
        "a2": 27589297768312.17,
        "b2": -0.15171387575202308,
        "a0": 0.0,
        "a1_stdev": Infinity,
        "b1_stdev": Infinity,
        "a2_stdev": Infinity,
        "b2_stdev": Infinity,
        "a0_stdev": Infinity,
        "start_index": 39,
        "end_index": 310,
        "t_hot": 6.591354910967431,
        "n_hot": 27589297768312.17,
        "t_hot_stdev": Infinity,
        "n_hot_stdev": Infinity,
        "mse": 5542686003.218203
    },
    "true_params": {
        "t_hot": 6.7531,
        "t_hot_stdev": 0.2567
    },
    "histogram": {
        "i": 1e+18,
        "l": 0.01,
        "a": 1.0,
        "filename": "hist_1e18_001_1"
    }
}