{
    "3exp": {
        "a1": 878761325288127.6,
        "b1": -0.3420854580618915,
        "a2": 39894850869469.77,
        "b2": -0.10862518409819796,
        "a3": 3360970169964.556,
        "b3": -0.013594862029066268,
        "t_hot": 73.5572010853782,
        "n_hot": 3360970169964.556,
        "start_index": 0,
        "end_index": 396,
        "critical_energy": 16.945031988311886,
        "mse": 1362404426.8078752
    },
    "2exp": {
        "a1": 53514564779070.64,
        "b1": -0.11551858767483383,
        "a2": 3356731908453.0195,
        "b2": -0.013690581646394666,
        "a1_stdev": 3087708602030.255,
        "b1_stdev": 0.0022365052524196422,
        "a2_stdev": 51946784995.82016,
        "b2_stdev": 0.01280935410256828,
        "t_hot": 73.04291562099877,
        "n_hot": 3356731908453.0195,
        "t_hot_stdev": 68.34133092656313,
        "n_hot_stdev": 51946784995.82016,
        "start_index": 38,
        "end_index": 396,
        "mse": 1443564315.4647212
    },
    "nlsq": {
        "a1": 6.8103044865004664e+16,
        "b1": -0.3696727515231793,
        "a2": 5820285130896.28,
        "b2": -0.02157996903493668,
        "a0": 0.0,
        "a1_stdev": Infinity,
        "b1_stdev": Infinity,
        "a2_stdev": Infinity,
        "b2_stdev": Infinity,
        "a0_stdev": Infinity,
        "start_index": 38,
        "end_index": 396,
        "t_hot": 46.33926945775779,
        "n_hot": 5820285130896.28,
        "t_hot_stdev": Infinity,
        "n_hot_stdev": Infinity,
        "mse": 580874112.4907304
    },
    "true_params": {
        "t_hot": 66.3763,
        "t_hot_stdev": 2.9064
    },
    "histogram": {
        "i": 1e+17,
        "l": 1.0,
        "a": 10.0,
        "filename": "hist_1e17_100_10"
    }
}