{
    "3exp": {
        "a1": 452986288888663.6,
        "b1": -0.10584088669266406,
        "a2": 56384288026636.65,
        "b2": -0.01651611393056797,
        "a3": 2098319139860.8635,
        "b3": -0.004386479460208767,
        "t_hot": 227.97325487816295,
        "n_hot": 2098319139860.8635,
        "start_index": 0,
        "end_index": 734,
        "critical_energy": 52.97675467873735,
        "mse": 444129511.07438123
    },
    "2exp": {
        "a1": 58539880599536.72,
        "b1": -0.016805141290668388,
        "a2": 2314009538501.1533,
        "b2": -0.004722509051940563,
        "a1_stdev": 357622551769.74176,
        "b1_stdev": 0.000768773646130916,
        "a2_stdev": 78547091748.51852,
        "b2_stdev": 0.0012312329079389407,
        "t_hot": 211.75184398833122,
        "n_hot": 2314009538501.1533,
        "t_hot_stdev": 55.20705958796483,
        "n_hot_stdev": 78547091748.51852,
        "start_index": 68,
        "end_index": 734,
        "mse": 404686332.47955865
    },
    "nlsq": {
        "a1": 62271809909064.16,
        "b1": -0.017797633657046036,
        "a2": 3209461017039.2954,
        "b2": -0.004718033442660798,
        "a0": -182672490380.81638,
        "a1_stdev": 2328033615454.112,
        "b1_stdev": 0.0007488874374662354,
        "a2_stdev": 1050787928207.5367,
        "b2_stdev": 0.0010571280350308015,
        "a0_stdev": 98621019.36493227,
        "start_index": 68,
        "end_index": 734,
        "t_hot": 211.95271550174445,
        "n_hot": 3209461017039.2954,
        "t_hot_stdev": 47.490370804035535,
        "n_hot_stdev": 1050787928207.5367,
        "mse": 114777677.96222997
    },
    "true_params": {
        "t_hot": 147.6695,
        "t_hot_stdev": 8.5192
    },
    "histogram": {
        "i": 1e+18,
        "l": 0.5,
        "a": 0.0,
        "filename": "hist_1e18_050_0"
    }
}