{
    "3exp": {
        "a1": 7231228036624726.0,
        "b1": -1.7755184253906235,
        "a2": 207312090536060.78,
        "b2": -0.6180704211173433,
        "a3": 14860138205721.668,
        "b3": -0.2520757257803289,
        "t_hot": 3.9670618696202777,
        "n_hot": 14860138205721.668,
        "start_index": 0,
        "end_index": 279,
        "a1_stdev": 1.1483316022687846e+20,
        "b1_stdev": 8695.566574733095,
        "a2_stdev": 4.767299807515099e+18,
        "b2_stdev": 5847.994832288661,
        "a3_stdev": 4.976790669989399e+17,
        "b3_stdev": 1980.1641195545556,
        "t_hot_stdev": 31162.99100184163,
        "n_hot_stdev": 4.976790669989399e+17
    },
    "2exp": null,
    "2nlsq": null,
    "1nlsq": null,
    "true_params": {
        "t_hot": 4.6485,
        "t_hot_stdev": 0.2327
    },
    "histogram": {
        "i": 1e+17,
        "l": 0.5,
        "a": 0.0,
        "filename": "hist_1e17_050_0"
    }
}