{
    "3exp": {
        "a1": 2.3349587802812662e+17,
        "b1": -7.791888774949371,
        "a2": 2366202832322891.5,
        "b2": -2.7983342933071946,
        "a3": 4911319325058.938,
        "b3": -0.29049638297718144,
        "t_hot": 3.4423836529439686,
        "n_hot": 4911319325058.938,
        "start_index": 0,
        "end_index": 72,
        "a1_stdev": 2.59510394588847e+24,
        "b1_stdev": 11479668.905066572,
        "a2_stdev": 6.024754242945152e+21,
        "b2_stdev": 1729359.7004475598,
        "a3_stdev": 4.231602811164376e+19,
        "b3_stdev": 2778335.2732651825,
        "t_hot_stdev": 32923287.47458773,
        "n_hot_stdev": 4.231602811164376e+19
    },
    "2exp": null,
    "2nlsq": null,
    "1nlsq": null,
    "true_params": {
        "t_hot": 0.6363,
        "t_hot_stdev": 0.0149
    },
    "histogram": {
        "i": 1e+17,
        "l": 5.0,
        "a": 60.0,
        "filename": "hist_1e17_500_60"
    }
}