{
    "3exp": {
        "a1": 4842948803310727.0,
        "b1": -0.6370258607245759,
        "a2": 181361931239913.38,
        "b2": -0.21251621732725784,
        "a3": 33024192768432.387,
        "b3": -0.08453611094457594,
        "t_hot": 11.829264308783094,
        "n_hot": 33024192768432.387,
        "start_index": 0,
        "end_index": 287,
        "a1_stdev": 5.921313123461261e+19,
        "b1_stdev": 2280.9221683546,
        "a2_stdev": 1.9413561137884772e+18,
        "b2_stdev": 876.0375434220906,
        "a3_stdev": 1.4976768037722518e+17,
        "b3_stdev": 82.55303151044086,
        "t_hot_stdev": 11551.76904067127,
        "n_hot_stdev": 1.4976768037722518e+17,
        "critical_energy": 7.737832266864065,
        "mswe": 6.297369412039695e+17,
        "mse": 8.904225698728419e+20
    },
    "2exp": {
        "a0": 19920707073.92228,
        "a1": 136030920501059.36,
        "b1": -0.19977607602037478,
        "a2": 35582805616389.19,
        "b2": -0.08764971482588442,
        "a0_stdev": 238424806873409.34,
        "a1_stdev": 2.027450032503765e+18,
        "b1_stdev": 1523.3698412957463,
        "a2_stdev": 3.7257186893808506e+17,
        "b2_stdev": 206.1443362811661,
        "t_hot": 11.409050240340123,
        "n_hot": 35582805616389.19,
        "t_hot_stdev": 26833.0717797023,
        "n_hot_stdev": 3.7257186893808506e+17,
        "start_index": 29,
        "end_index": 287,
        "mswe": 7.064736328296659e+17,
        "mse": 2.779434321236241e+19
    },
    "2nlsq": {
        "a1": 426224510672068.0,
        "b1": -0.3188699156519088,
        "a2": 58845176752093.51,
        "b2": -0.10116822666401258,
        "a0": -3400066304.6011477,
        "a1_stdev": 865123793331091.5,
        "b1_stdev": 0.14800737671412262,
        "a2_stdev": 9387589225291.445,
        "b2_stdev": 0.00408449816293051,
        "a0_stdev": 5488120556.729947,
        "start_index": 29,
        "end_index": 287,
        "t_hot": 9.88452632782698,
        "n_hot": 58845176752093.51,
        "t_hot_stdev": 0.3990712396445426,
        "n_hot_stdev": 9387589225291.445,
        "mswe": 4.701779126239662e+17,
        "mse": 2.8643408417514537e+19
    },
    "1nlsq": null,
    "true_params": {
        "t_hot": 10.2753,
        "t_hot_stdev": 0.2895
    },
    "histogram": {
        "i": 1e+18,
        "l": 0.02,
        "a": 3.0,
        "filename": "hist_1e18_002_3"
    }
}