{
    "3exp": {
        "a1": 2654588064929486.0,
        "b1": -1.1267417300738205,
        "a2": 172117754627801.38,
        "b2": -0.3374798504878874,
        "a3": 31054582119704.85,
        "b3": -0.12077034564405148,
        "t_hot": 8.280178339037938,
        "n_hot": 31054582119704.85,
        "start_index": 0,
        "end_index": 327,
        "critical_energy": 4.421893570981317,
        "mse": 6701625214.056309
    },
    "2exp": {
        "a1": 425674599526852.2,
        "b1": -0.44966979609476976,
        "a2": 36809865456638.12,
        "b2": -0.12696423372427734,
        "a1_stdev": 12677790123029.889,
        "b1_stdev": 0.01811050917776023,
        "a2_stdev": 569309083166.8665,
        "b2_stdev": 0.043779196301092616,
        "t_hot": 7.876233886242768,
        "n_hot": 36809865456638.12,
        "t_hot_stdev": 2.7158450793942466,
        "n_hot_stdev": 569309083166.8665,
        "start_index": 31,
        "end_index": 327,
        "mse": 6111601724.415383
    },
    "nlsq": {
        "a1": 3538123194328609.5,
        "b1": -0.7912707241683563,
        "a2": 67719407847717.94,
        "b2": -0.16084335284031803,
        "a0": 0.0,
        "a1_stdev": Infinity,
        "b1_stdev": Infinity,
        "a2_stdev": Infinity,
        "b2_stdev": Infinity,
        "a0_stdev": Infinity,
        "start_index": 31,
        "end_index": 327,
        "t_hot": 6.2172292627646195,
        "n_hot": 67719407847717.94,
        "t_hot_stdev": Infinity,
        "n_hot_stdev": Infinity,
        "mse": 3488265683.0324063
    },
    "true_params": {
        "t_hot": 7.0572,
        "t_hot_stdev": 0.198
    },
    "histogram": {
        "i": 1e+18,
        "l": 0.02,
        "a": 1.0,
        "filename": "hist_1e18_002_1"
    }
}