{
    "3exp": {
        "a1": 2.6535247621965604e+16,
        "b1": -5.147164456852039,
        "a2": 581033225253623.5,
        "b2": -2.318628882781415,
        "a3": 14396626794699.645,
        "b3": -0.4979811849447325,
        "t_hot": 2.008107997315166,
        "n_hot": 14396626794699.645,
        "start_index": 0,
        "end_index": 496,
        "critical_energy": 1.617323916607124,
        "mse": 1460183823.2162485
    },
    "2exp": {
        "a1": 1688937187742418.8,
        "b1": -2.7140091635593926,
        "a2": 14422695494275.578,
        "b2": -0.500635620726218,
        "a1_stdev": 35105764358785.98,
        "b1_stdev": 0.029196708356612994,
        "a2_stdev": 103597456225.95935,
        "b2_stdev": 0.10982923868402461,
        "t_hot": 1.9974607451012134,
        "n_hot": 14422695494275.578,
        "t_hot_stdev": 0.4382021251653259,
        "n_hot_stdev": 103597456225.95935,
        "start_index": 36,
        "end_index": 496,
        "mse": 1232876319.1480317
    },
    "nlsq": {
        "a1": 3766716959938760.5,
        "b1": -3.0949515172581137,
        "a2": 16246545849502.443,
        "b2": -0.527918746866677,
        "a0": 0.0,
        "a1_stdev": Infinity,
        "b1_stdev": Infinity,
        "a2_stdev": Infinity,
        "b2_stdev": Infinity,
        "a0_stdev": Infinity,
        "start_index": 36,
        "end_index": 496,
        "t_hot": 1.8942308943094697,
        "n_hot": 16246545849502.443,
        "t_hot_stdev": Infinity,
        "n_hot_stdev": Infinity,
        "mse": 1111872713.1707106
    },
    "true_params": {
        "t_hot": 1.9493,
        "t_hot_stdev": 0.0204
    },
    "histogram": {
        "i": 1e+17,
        "l": 0.02,
        "a": 0.0,
        "filename": "hist_1e17_002_0"
    }
}