{
    "3exp": {
        "a1": 4842948803310727.0,
        "b1": -0.6370258607245759,
        "a2": 181361931239913.38,
        "b2": -0.21251621732725784,
        "a3": 33024192768432.387,
        "b3": -0.08453611094457594,
        "t_hot": 11.829264308783094,
        "n_hot": 33024192768432.387,
        "start_index": 0,
        "end_index": 287,
        "critical_energy": 9.028291775536474,
        "mse": 1223677593.688005
    },
    "2exp": {
        "a1": 101762239841049.86,
        "b1": -0.15384170355803412,
        "a2": 18059884253492.62,
        "b2": -0.07484110880722988,
        "a1_stdev": 4634799939467.865,
        "b1_stdev": 0.05282844181223348,
        "a2_stdev": 891663613250.5338,
        "b2_stdev": 0.07832913275058835,
        "t_hot": 13.361640626887624,
        "n_hot": 18059884253492.62,
        "t_hot_stdev": 13.984369541142206,
        "n_hot_stdev": 891663613250.5338,
        "start_index": 34,
        "end_index": 287,
        "mse": 1288219472.0288742
    },
    "nlsq": {
        "a1": 272451179504654.47,
        "b1": -0.2864883939998775,
        "a2": 57272314063527.7,
        "b2": -0.10058026033892052,
        "a0": -3788308050.677164,
        "a1_stdev": 726080722313832.6,
        "b1_stdev": 0.18473234407526018,
        "a2_stdev": 12376004151178.129,
        "b2_stdev": 0.005114871391666857,
        "a0_stdev": 65966745.58938496,
        "start_index": 34,
        "end_index": 287,
        "t_hot": 9.942308725691776,
        "n_hot": 57272314063527.7,
        "t_hot_stdev": 0.5056024939366986,
        "n_hot_stdev": 12376004151178.129,
        "mse": 900563556.6458049
    },
    "true_params": {
        "t_hot": 10.2753,
        "t_hot_stdev": 0.2895
    },
    "histogram": {
        "i": 1e+18,
        "l": 0.02,
        "a": 3.0,
        "filename": "hist_1e18_002_3"
    }
}