{
    "3exp": {
        "a1": 9310704762104022.0,
        "b1": -2.5777334811241497,
        "a2": 162043878050527.06,
        "b2": -0.4445709769743687,
        "a3": 7984652713148.451,
        "b3": -0.16696789737346712,
        "t_hot": 5.989175259021439,
        "n_hot": 7984652713148.451,
        "start_index": 0,
        "end_index": 328,
        "a1_stdev": 1.1839780785628725e+21,
        "b1_stdev": 63150.334388643096,
        "a2_stdev": 2.0059110949787988e+18,
        "b2_stdev": 5178.836260819429,
        "a3_stdev": 8.60842822911101e+17,
        "b3_stdev": 5487.6989358659575,
        "t_hot_stdev": 196844.96967780308,
        "n_hot_stdev": 8.60842822911101e+17,
        "critical_energy": 1.8990831257708138,
        "mswe": 2.2502958330683205e+20,
        "mse": 9.43010011537894e+21
    },
    "2exp": {
        "a0": 164535996230.2555,
        "a1": 166479727012144.16,
        "b1": -0.5689251603352039,
        "a2": 46642578450169.06,
        "b2": -0.28533843500761885,
        "a0_stdev": 1.3710962484090998e+16,
        "a1_stdev": 3.885389501722561e+18,
        "b1_stdev": 26399.028290025413,
        "a2_stdev": 7.99393889450679e+18,
        "b2_stdev": 11814.951984620007,
        "t_hot": 3.5046102358180344,
        "n_hot": 46642578450169.06,
        "t_hot_stdev": 145114.70093362036,
        "n_hot_stdev": 7.99393889450679e+18,
        "start_index": 25,
        "end_index": 328,
        "mswe": 2.281071959715901e+20,
        "mse": 1.5470435572225509e+21
    },
    "2nlsq": {
        "a1": 177509180187212.97,
        "b1": -0.6068056915358898,
        "a2": 51393475428044.9,
        "b2": -0.2854629786493892,
        "a0": -24602639070.257286,
        "a1_stdev": 26447161367423.816,
        "b1_stdev": 0.13636787627099956,
        "a2_stdev": 32177150695411.125,
        "b2_stdev": 0.045850475426272866,
        "a0_stdev": 65933201087.10242,
        "start_index": 25,
        "end_index": 328,
        "t_hot": 3.503081221709727,
        "n_hot": 51393475428044.9,
        "t_hot_stdev": 0.5626576876349128,
        "n_hot_stdev": 32177150695411.125,
        "mswe": 1.69447927804967e+20,
        "mse": 1.586032948855492e+21
    },
    "1nlsq": null,
    "true_params": {
        "t_hot": 3.1843,
        "t_hot_stdev": 0.0507
    },
    "histogram": {
        "i": 1e+17,
        "l": 0.01,
        "a": 60.0,
        "filename": "hist_1e17_001_60"
    }
}