{
    "3exp": {
        "a1": 1605077129127148.2,
        "b1": -0.10747124879656131,
        "a2": 182850467309624.53,
        "b2": -0.014399665360877627,
        "a3": -41922248741.30703,
        "b3": 0.003435743126613948,
        "t_hot": 69.44605828944432,
        "n_hot": 182850467309624.53,
        "start_index": 0,
        "end_index": 624,
        "critical_energy": NaN,
        "mse": 676425310.8926902
    },
    "2exp": {
        "a1": 1065989723333034.4,
        "b1": -0.09140527608159243,
        "a2": 179315368354889.3,
        "b2": -0.01438206521896279,
        "a1_stdev": 12285263565468.105,
        "b1_stdev": 0.0005490744327620753,
        "a2_stdev": 468359607754.088,
        "b2_stdev": 0.002449243846489103,
        "t_hot": 69.5310433359388,
        "n_hot": 179315368354889.3,
        "t_hot_stdev": 11.841030995046268,
        "n_hot_stdev": 468359607754.088,
        "start_index": 25,
        "end_index": 624,
        "mse": 940799532.8783786
    },
    "nlsq": {
        "a1": 3209526718744534.5,
        "b1": -0.13191942818295416,
        "a2": 205594299623976.12,
        "b2": -0.01558828563057095,
        "a0": 0.0,
        "a1_stdev": Infinity,
        "b1_stdev": Infinity,
        "a2_stdev": Infinity,
        "b2_stdev": Infinity,
        "a0_stdev": Infinity,
        "start_index": 25,
        "end_index": 624,
        "t_hot": 64.15073624509748,
        "n_hot": 205594299623976.12,
        "t_hot_stdev": Infinity,
        "n_hot_stdev": Infinity,
        "mse": 687627522.8838358
    },
    "true_params": {
        "t_hot": 70.1453,
        "t_hot_stdev": 0.6603
    },
    "histogram": {
        "i": 1e+18,
        "l": 0.1,
        "a": 20.0,
        "filename": "hist_1e18_010_20"
    }
}