{
    "3exp": {
        "a1": 3695924906779903.5,
        "b1": -1.5221124628403286,
        "a2": 202904844230428.6,
        "b2": -0.3629650558255053,
        "a3": 23265200464876.668,
        "b3": -0.09535282614550514,
        "t_hot": 10.48736613715082,
        "n_hot": 23265200464876.668,
        "start_index": 0,
        "end_index": 360,
        "a1_stdev": 4.787745913904526e+20,
        "b1_stdev": 52970.84094759553,
        "a2_stdev": 6.577120510825267e+18,
        "b2_stdev": 6410.633699843751,
        "a3_stdev": 6.837302069882313e+17,
        "b3_stdev": 1152.1527339956046,
        "t_hot_stdev": 126719.34389121227,
        "n_hot_stdev": 6.837302069882313e+17
    },
    "2exp": null,
    "2nlsq": null,
    "1nlsq": null,
    "true_params": {
        "t_hot": 9.4946,
        "t_hot_stdev": 0.2415
    },
    "histogram": {
        "i": 1e+17,
        "l": 0.01,
        "a": 30.0,
        "filename": "hist_1e17_001_30"
    }
}