{
    "3exp": {
        "a1": 4646967701111292.0,
        "b1": -0.02352745851756145,
        "a2": 706299328960996.4,
        "b2": -0.0024705734288252472,
        "a3": 31746698048.32372,
        "b3": 0.0007633237403407131,
        "t_hot": 404.7643305528053,
        "n_hot": 706299328960996.4,
        "start_index": 0,
        "end_index": 725,
        "a1_stdev": 4.713392453253278e+18,
        "b1_stdev": 9.61255712525784,
        "a2_stdev": 7.192094290024643e+16,
        "b2_stdev": 0.1517568752223725,
        "a3_stdev": 716086614400969.4,
        "b3_stdev": 7.289783094788958,
        "t_hot_stdev": 24862.960675237668,
        "n_hot_stdev": 7.192094290024643e+16
    },
    "2exp": null,
    "2nlsq": null,
    "1nlsq": null,
    "true_params": {
        "t_hot": 461.0446,
        "t_hot_stdev": 6.3428
    },
    "histogram": {
        "i": 1e+19,
        "l": 0.8,
        "a": 25.0,
        "filename": "hist_1e19_080_25"
    }
}