{
    "3exp": {
        "a1": 2957254095499331.0,
        "b1": -0.5103585046480413,
        "a2": 315381938781246.5,
        "b2": -0.24451091960801832,
        "a3": 10821106253522.3,
        "b3": -0.03289722843045451,
        "t_hot": 30.39769754810873,
        "n_hot": 10821106253522.3,
        "start_index": 0,
        "end_index": 673,
        "critical_energy": 11.750728731416213,
        "mse": 280005170.0432109
    },
    "2exp": {
        "a1": 263219630094909.66,
        "b1": -0.23330070709824932,
        "a2": 10659958694765.625,
        "b2": -0.03289550677515042,
        "a1_stdev": 4756589592137.906,
        "b1_stdev": 0.0014891490256020822,
        "a2_stdev": 47426394987.81852,
        "b2_stdev": 0.007384608205088264,
        "t_hot": 30.39928847533091,
        "n_hot": 10659958694765.625,
        "t_hot_stdev": 6.8242400592336585,
        "n_hot_stdev": 47426394987.81852,
        "start_index": 48,
        "end_index": 673,
        "mse": 287157544.5694306
    },
    "nlsq": {
        "a1": 296499210698182.94,
        "b1": -0.2393587332599244,
        "a2": 10675654024550.926,
        "b2": -0.03270256558025248,
        "a0": -35558243985.17467,
        "a1_stdev": 129623302855985.48,
        "b1_stdev": 0.022836266863868564,
        "a2_stdev": 267020671676.47064,
        "b2_stdev": 0.0004081130196130327,
        "a0_stdev": 14894216.511388743,
        "start_index": 48,
        "end_index": 673,
        "t_hot": 30.578640612950938,
        "n_hot": 10675654024550.926,
        "t_hot_stdev": 0.3816074101460995,
        "n_hot_stdev": 267020671676.47064,
        "mse": 131980231.42255093
    },
    "true_params": {
        "t_hot": 30.2637,
        "t_hot_stdev": 0.4363
    },
    "histogram": {
        "i": 1e+18,
        "l": 1.0,
        "a": 60.0,
        "filename": "hist_1e18_100_60"
    }
}