{
    "3exp": {
        "a1": 387361066853603.75,
        "b1": -0.17810097849645445,
        "a2": 53118231779750.805,
        "b2": -0.04386323564103192,
        "a3": 9703299819789.707,
        "b3": -0.016121928387448713,
        "t_hot": 62.027319311163964,
        "n_hot": 9703299819789.707,
        "start_index": 0,
        "end_index": 591,
        "a1_stdev": 1.1952734096806141e+18,
        "b1_stdev": 319.95326647552014,
        "a2_stdev": 1.2366721187226758e+17,
        "b2_stdev": 73.36248790480255,
        "a3_stdev": 2.937843827228023e+16,
        "b3_stdev": 12.37313017162093,
        "t_hot_stdev": 47604.23676309236,
        "n_hot_stdev": 2.937843827228023e+16,
        "critical_energy": 14.800882283577403,
        "mswe": 2.0387570945475062e+17,
        "mse": 5.137872280884863e+19
    },
    "2exp": {
        "a0": -78602834366.08147,
        "a1": 66088647339385.55,
        "b1": -0.047562438091159606,
        "a2": 9192568667379.572,
        "b2": -0.014916663206469555,
        "a0_stdev": 382651609213692.0,
        "a1_stdev": 7.623678592442834e+16,
        "b1_stdev": 54.59454949246958,
        "a2_stdev": 3.0026271831217704e+16,
        "b2_stdev": 20.42131254807263,
        "t_hot": 67.03912169621734,
        "n_hot": 9192568667379.572,
        "t_hot_stdev": 91778.3580789681,
        "n_hot_stdev": 3.0026271831217704e+16,
        "start_index": 33,
        "end_index": 591,
        "mswe": 1.3709327755996254e+17,
        "mse": 2.7093539936154865e+18
    },
    "2nlsq": {
        "a1": 70520024841667.22,
        "b1": -0.06765750264159386,
        "a2": 25133377543929.867,
        "b2": -0.023243501437038558,
        "a0": -29009041466.8651,
        "a1_stdev": 13425930751205.582,
        "b1_stdev": 0.00898813160302091,
        "a2_stdev": 3027453404685.611,
        "b2_stdev": 0.0008900974585008703,
        "a0_stdev": 6992289903.801816,
        "start_index": 33,
        "end_index": 591,
        "t_hot": 43.022777902407526,
        "n_hot": 25133377543929.867,
        "t_hot_stdev": 1.6475342741415906,
        "n_hot_stdev": 3027453404685.611,
        "mswe": 6.806440402757333e+16,
        "mse": 2.8390561074632e+18
    },
    "1nlsq": null,
    "true_params": {
        "t_hot": 50.1038,
        "t_hot_stdev": 1.6677
    },
    "histogram": {
        "i": 1e+18,
        "l": 0.2,
        "a": 2.0,
        "filename": "hist_1e18_020_2"
    }
}