{
    "3exp": null,
    "2exp": {
        "a0": -2466700066288.3076,
        "a1": 1694692709851648.8,
        "b1": -0.006737288433195664,
        "a2": 82813083873194.1,
        "b2": -0.0018309413104695613,
        "a0_stdev": 3723980918268526.5,
        "a1_stdev": 9.943538130153339e+17,
        "b1_stdev": 2.8063998395761383,
        "a2_stdev": 1.8459500633499405e+17,
        "b2_stdev": 1.9650003573769204,
        "t_hot": 546.1671514438336,
        "n_hot": 82813083873194.1,
        "t_hot_stdev": 586156.7717314932,
        "n_hot_stdev": 1.8459500633499405e+17,
        "start_index": 50,
        "end_index": 667,
        "mswe": 9.680895607634272e+16,
        "mse": 7.180902369962828e+17
    },
    "2nlsq": {
        "a1": 1954819504781254.5,
        "b1": -0.008509036538264856,
        "a2": 300684508896407.75,
        "b2": -0.0031801211162668457,
        "a0": -323171595002.27716,
        "a1_stdev": 41359917700869.77,
        "b1_stdev": 0.00012758771215258088,
        "a2_stdev": 10677636464037.555,
        "b2_stdev": 3.266289122091736e-05,
        "a0_stdev": 18913715492.27147,
        "start_index": 50,
        "end_index": 667,
        "t_hot": 314.4534322560341,
        "n_hot": 300684508896407.75,
        "t_hot_stdev": 3.229738074844161,
        "n_hot_stdev": 10677636464037.555,
        "mswe": 8046779789074147.0,
        "mse": 1.4157881463967247e+18
    },
    "1nlsq": null,
    "true_params": {
        "t_hot": 297.4668,
        "t_hot_stdev": 1.2793
    },
    "histogram": {
        "i": 1e+19,
        "l": 2.0,
        "a": 50.0,
        "filename": "hist_1e19_200_50"
    }
}