{
    "3exp": {
        "a1": 2234554467490171.2,
        "b1": -0.02246630847255343,
        "a2": 820485525054779.4,
        "b2": -0.0029340843998197337,
        "a3": 30927942026560.305,
        "b3": -0.001305296912289765,
        "t_hot": 766.109220503548,
        "n_hot": 30927942026560.305,
        "start_index": 0,
        "end_index": 739,
        "critical_energy": 202.26524065649588,
        "mse": 177563167.35903093
    },
    "2exp": {
        "a1": 870831796813632.5,
        "b1": -0.0030727719522724148,
        "a2": 45453667404368.266,
        "b2": -0.0015115430130129151,
        "a1_stdev": 2052251269463.35,
        "b1_stdev": 0.00022388386909525396,
        "a2_stdev": 873746501410.6089,
        "b2_stdev": 0.00029583396931119897,
        "t_hot": 661.5756160367073,
        "n_hot": 45453667404368.266,
        "t_hot_stdev": 129.48129084433046,
        "n_hot_stdev": 873746501410.6089,
        "start_index": 49,
        "end_index": 739,
        "mse": 91658532.67604434
    },
    "nlsq": {
        "a1": 617192702000218.9,
        "b1": -0.0039880420915264425,
        "a2": 388582093814846.2,
        "b2": -0.0022920010931440716,
        "a0": -147951032660.80093,
        "a1_stdev": 25369344263689.06,
        "b1_stdev": 0.00014594536961900893,
        "a2_stdev": 36284696675775.945,
        "b2_stdev": 4.024972511136609e-05,
        "a0_stdev": 3193276.9323471575,
        "start_index": 49,
        "end_index": 739,
        "t_hot": 436.2999664316223,
        "n_hot": 388582093814846.2,
        "t_hot_stdev": 7.661843516349142,
        "n_hot_stdev": 36284696675775.945,
        "mse": 14189328.42411557
    },
    "true_params": {
        "t_hot": 414.9086,
        "t_hot_stdev": 2.1804
    },
    "histogram": {
        "i": 1e+19,
        "l": 2.0,
        "a": 30.0,
        "filename": "hist_1e19_200_30"
    }
}