{
    "3exp": {
        "a1": 3373439705983861.0,
        "b1": -0.981292791108133,
        "a2": 281009056241891.5,
        "b2": -0.47890370094607,
        "a3": 7729818022935.667,
        "b3": -0.10778766593153093,
        "t_hot": 9.277499344268405,
        "n_hot": 7729818022935.667,
        "start_index": 0,
        "end_index": 256,
        "a1_stdev": 4.0322336255332065e+19,
        "b1_stdev": 6447.38471592043,
        "a2_stdev": 1.1188448608790295e+19,
        "b2_stdev": 4172.899690663551,
        "a3_stdev": 6.727607692599319e+16,
        "b3_stdev": 339.5239226611952,
        "t_hot_stdev": 29223.50106229762,
        "n_hot_stdev": 6.727607692599319e+16
    },
    "2exp": null,
    "2nlsq": null,
    "1nlsq": null,
    "true_params": {
        "t_hot": 9.0555,
        "t_hot_stdev": 0.2383
    },
    "histogram": {
        "i": 1e+17,
        "l": 2.0,
        "a": 1.0,
        "filename": "hist_1e17_200_1"
    }
}