{
    "3exp": {
        "a1": 1.0982115330327422e+16,
        "b1": -0.03736844527923766,
        "a2": 2474032678404095.5,
        "b2": -0.011178446997997027,
        "a3": 399225945603133.9,
        "b3": -0.004122989147385614,
        "t_hot": 242.5424768906073,
        "n_hot": 399225945603133.9,
        "start_index": 0,
        "end_index": 312,
        "a1_stdev": 1.7750323637507562e+20,
        "b1_stdev": 303.0747985320665,
        "a2_stdev": 1.8186931149128794e+19,
        "b2_stdev": 49.12001252294031,
        "a3_stdev": 3.414914308657279e+18,
        "b3_stdev": 9.88450467094895,
        "t_hot_stdev": 581474.3042069208,
        "n_hot_stdev": 3.414914308657279e+18
    },
    "2exp": null,
    "2nlsq": null,
    "1nlsq": null,
    "true_params": {
        "t_hot": 275.9745,
        "t_hot_stdev": 11.1979
    },
    "histogram": {
        "i": 1e+19,
        "l": 0.05,
        "a": 20.0,
        "filename": "hist_1e19_005_20"
    }
}