{
    "3exp": {
        "a1": 971871281410250.0,
        "b1": -0.1712564953358492,
        "a2": 78161212700690.69,
        "b2": -0.02086464796942525,
        "a3": -12079521028.056227,
        "b3": 0.01093269181318386,
        "t_hot": 47.927959362908275,
        "n_hot": 78161212700690.69,
        "start_index": 0,
        "end_index": 616,
        "critical_energy": NaN,
        "mse": 1173298144.8531103
    },
    "2exp": {
        "a1": 295541182855879.9,
        "b1": -0.11516487839960027,
        "a2": 75532927925401.81,
        "b2": -0.020877713849340937,
        "a1_stdev": 5884280044997.544,
        "b1_stdev": 0.0014987145365477309,
        "a2_stdev": 358015115635.49335,
        "b2_stdev": 0.0058088492828808486,
        "t_hot": 47.89796465342242,
        "n_hot": 75532927925401.81,
        "t_hot_stdev": 13.32674926173817,
        "n_hot_stdev": 358015115635.49335,
        "start_index": 25,
        "end_index": 616,
        "mse": 2966870647.641059
    },
    "nlsq": {
        "a1": 1.1338637555447774e+16,
        "b1": -0.307703140698712,
        "a2": 102629601830572.44,
        "b2": -0.025155953065583204,
        "a0": 0.0,
        "a1_stdev": Infinity,
        "b1_stdev": Infinity,
        "a2_stdev": Infinity,
        "b2_stdev": Infinity,
        "a0_stdev": Infinity,
        "start_index": 25,
        "end_index": 616,
        "t_hot": 39.75202201216289,
        "n_hot": 102629601830572.44,
        "t_hot_stdev": Infinity,
        "n_hot_stdev": Infinity,
        "mse": 1269989214.1829317
    },
    "true_params": {
        "t_hot": 47.8406,
        "t_hot_stdev": 0.5413
    },
    "histogram": {
        "i": 1e+18,
        "l": 0.1,
        "a": 10.0,
        "filename": "hist_1e18_010_10"
    }
}