{
    "3exp": {
        "a1": 432051467482470.56,
        "b1": -0.36233074249294484,
        "a2": 16209002694887.361,
        "b2": -0.06360745809939594,
        "a3": 9854041915828.094,
        "b3": -0.03822530913315406,
        "t_hot": 26.160677903652772,
        "n_hot": 9854041915828.094,
        "start_index": 0,
        "end_index": 557,
        "critical_energy": 11.664917066794112,
        "mse": 3390878955.3192897
    },
    "2exp": {
        "a1": 37417948146631.72,
        "b1": -0.15698170939520018,
        "a2": 19126606406678.926,
        "b2": -0.04430336411844517,
        "a1_stdev": 2405028941054.318,
        "b1_stdev": 0.017068864131493236,
        "a2_stdev": 226864244927.65598,
        "b2_stdev": 0.04321381524086168,
        "t_hot": 22.571649352101055,
        "n_hot": 19126606406678.926,
        "t_hot_stdev": 22.016546693281725,
        "n_hot_stdev": 226864244927.65598,
        "start_index": 77,
        "end_index": 557,
        "mse": 3564106063.3157363
    },
    "nlsq": {
        "a1": 3.332591090496004e+17,
        "b1": -0.8217924079055623,
        "a2": 29500729275100.31,
        "b2": -0.05634045652365863,
        "a0": 0.0,
        "a1_stdev": Infinity,
        "b1_stdev": Infinity,
        "a2_stdev": Infinity,
        "b2_stdev": Infinity,
        "a0_stdev": Infinity,
        "start_index": 77,
        "end_index": 557,
        "t_hot": 17.749234949491,
        "n_hot": 29500729275100.31,
        "t_hot_stdev": Infinity,
        "n_hot_stdev": Infinity,
        "mse": 2034618108.2270007
    },
    "true_params": {
        "t_hot": 21.7997,
        "t_hot_stdev": 0.4939
    },
    "histogram": {
        "i": 1e+17,
        "l": 0.05,
        "a": 20.0,
        "filename": "hist_1e17_005_20"
    }
}