{
    "3exp": {
        "a1": 828145060436370.1,
        "b1": -0.09497538863527008,
        "a2": 77319825392047.06,
        "b2": -0.014991741819823129,
        "a3": 9258306303836.76,
        "b3": -0.005319278149567291,
        "t_hot": 187.99543319263108,
        "n_hot": 9258306303836.76,
        "start_index": 0,
        "end_index": 916,
        "critical_energy": 50.12114825285896,
        "mse": 23136174.673061978
    },
    "2exp": {
        "a1": 78555896764090.73,
        "b1": -0.01525241952910307,
        "a2": 9786541160408.746,
        "b2": -0.005420996514930319,
        "a1_stdev": 379743749810.8247,
        "b1_stdev": 0.0002403007497210301,
        "a2_stdev": 101583905420.3199,
        "b2_stdev": 0.0004171555680658706,
        "t_hot": 184.46792895841844,
        "n_hot": 9786541160408.746,
        "t_hot_stdev": 14.195143546513208,
        "n_hot_stdev": 101583905420.3199,
        "start_index": 45,
        "end_index": 916,
        "mse": 22562907.833321117
    },
    "nlsq": {
        "a1": 77387720895262.4,
        "b1": -0.015219582643107122,
        "a2": 10247707961822.803,
        "b2": -0.005617039320650342,
        "a0": -5561979284.020532,
        "a1_stdev": 1559086111979.8745,
        "b1_stdev": 0.0003412210179064951,
        "a2_stdev": 865129803442.5503,
        "b2_stdev": 0.0001521039237577683,
        "a0_stdev": 2339943.78000632,
        "start_index": 45,
        "end_index": 916,
        "t_hot": 178.02973112964068,
        "n_hot": 10247707961822.803,
        "t_hot_stdev": 4.820870765637376,
        "n_hot_stdev": 865129803442.5503,
        "mse": 20285522.97848341
    },
    "true_params": {
        "t_hot": 187.6469,
        "t_hot_stdev": 11.1004
    },
    "histogram": {
        "i": 1e+18,
        "l": 1.0,
        "a": 4.0,
        "filename": "hist_1e18_100_4"
    }
}