{
    "3exp": {
        "a1": 7814780886967878.0,
        "b1": -0.016468920816302156,
        "a2": 1060965312124586.8,
        "b2": -0.003978569759129037,
        "a3": 361520923864784.5,
        "b3": -0.0019602753117920835,
        "t_hot": 510.13242577941776,
        "n_hot": 361520923864784.5,
        "start_index": 0,
        "end_index": 627,
        "a1_stdev": 8.710678002610357e+18,
        "b1_stdev": 13.205798290555508,
        "a2_stdev": 1.0476542461144713e+18,
        "b2_stdev": 5.271974759467684,
        "a3_stdev": 1.0831471330189696e+18,
        "b3_stdev": 1.1680468860227462,
        "t_hot_stdev": 303966.7886477358,
        "n_hot_stdev": 1.0831471330189696e+18,
        "critical_energy": 159.8704272853787,
        "mswe": 1.0986281920042434e+17,
        "mse": 3.755605095667301e+20
    },
    "2exp": {
        "a0": 1246259927648.8423,
        "a1": 2184187998425222.2,
        "b1": -0.008519719706748502,
        "a2": 867125671642175.9,
        "b2": -0.0025117520964236854,
        "a0_stdev": 1884012736224262.5,
        "a1_stdev": 1.5803498965185757e+19,
        "b1_stdev": 28.390247806422252,
        "a2_stdev": 1.1891279274491284e+18,
        "b2_stdev": 1.1395420243734942,
        "t_hot": 398.12846236849276,
        "n_hot": 867125671642175.9,
        "t_hot_stdev": 180624.55869513119,
        "n_hot_stdev": 1.1891279274491284e+18,
        "start_index": 38,
        "end_index": 627,
        "mswe": 2.475054798093682e+17,
        "mse": 1.5038772925673605e+18
    },
    "2nlsq": {
        "a1": 1359067479213028.8,
        "b1": -0.004718038472773731,
        "a2": 421974104478545.44,
        "b2": -0.0019758293990618913,
        "a0": -917213269608.7534,
        "a1_stdev": 39110551450548.02,
        "b1_stdev": 0.00021332690460902154,
        "a2_stdev": 43772495519389.74,
        "b2_stdev": 6.0131237877685395e-05,
        "a0_stdev": 104661985143.07933,
        "start_index": 38,
        "end_index": 627,
        "t_hot": 506.11657083085834,
        "n_hot": 421974104478545.44,
        "t_hot_stdev": 15.402856101300195,
        "n_hot_stdev": 43772495519389.74,
        "mswe": 5.355489773759084e+16,
        "mse": 2.383363433847781e+18
    },
    "1nlsq": null,
    "true_params": {
        "t_hot": 526.8657,
        "t_hot_stdev": 15.8406
    },
    "histogram": {
        "i": 1e+19,
        "l": 0.2,
        "a": 30.0,
        "filename": "hist_1e19_020_30"
    }
}