{
    "3exp": {
        "a1": 1938727688522520.8,
        "b1": -0.2974979086972289,
        "a2": 113573796741584.92,
        "b2": -0.11642715880337634,
        "a3": 86864009669358.7,
        "b3": -0.03676859164374888,
        "t_hot": 27.19712546210653,
        "n_hot": 86864009669358.7,
        "start_index": 0,
        "end_index": 359,
        "a1_stdev": 3.3830896704488305e+19,
        "b1_stdev": 3456.7732369203654,
        "a2_stdev": 9.40261339473267e+18,
        "b2_stdev": 3456.044177502902,
        "a3_stdev": 4.17361226915855e+17,
        "b3_stdev": 47.780022465315575,
        "t_hot_stdev": 35342.100621152946,
        "n_hot_stdev": 4.17361226915855e+17
    },
    "2exp": null,
    "2nlsq": null,
    "1nlsq": null,
    "true_params": {
        "t_hot": 26.0165,
        "t_hot_stdev": 0.3792
    },
    "histogram": {
        "i": 1e+18,
        "l": 0.05,
        "a": 10.0,
        "filename": "hist_1e18_005_10"
    }
}