{
    "3exp": {
        "a1": 1019778311989339.4,
        "b1": -0.018071789383915106,
        "a2": 513226341595148.56,
        "b2": -0.007433625565721351,
        "a3": 125718310926804.72,
        "b3": -0.0034837932583949628,
        "t_hot": 287.0434396732013,
        "n_hot": 125718310926804.72,
        "start_index": 0,
        "end_index": 694,
        "a1_stdev": 1.1274371672307922e+18,
        "b1_stdev": 24.240159131786232,
        "a2_stdev": 1.2605981005009162e+18,
        "b2_stdev": 11.596708419744155,
        "a3_stdev": 3.865174164984311e+17,
        "b3_stdev": 2.1528692183670772,
        "t_hot_stdev": 177383.36915301028,
        "n_hot_stdev": 3.865174164984311e+17,
        "critical_energy": 64.54343001779363,
        "mswe": 5.075700516898454e+16,
        "mse": 2.1134747963814278e+20
    },
    "2exp": {
        "a0": -423190760043.4266,
        "a1": 954345716720122.0,
        "b1": -0.010041915804007217,
        "a2": 169444564036007.06,
        "b2": -0.003607577048408776,
        "a0_stdev": 394143239140520.2,
        "a1_stdev": 1.9499538564493e+17,
        "b1_stdev": 2.2750510922075513,
        "a2_stdev": 1.0422480448433155e+17,
        "b2_stdev": 0.7395517342483803,
        "t_hot": 277.19435692747805,
        "n_hot": 169444564036007.06,
        "t_hot_stdev": 56824.72325296608,
        "n_hot_stdev": 1.0422480448433155e+17,
        "start_index": 32,
        "end_index": 694,
        "mswe": 1.2170597798162448e+16,
        "mse": 5.236589521748172e+17
    },
    "2nlsq": {
        "a1": 949604586403028.1,
        "b1": -0.010326963357803445,
        "a2": 191214278389082.5,
        "b2": -0.0037879464835632926,
        "a0": -305088976618.1913,
        "a1_stdev": 9732035146598.252,
        "b1_stdev": 0.00011733637806151398,
        "a2_stdev": 5320247147855.769,
        "b2_stdev": 3.399012182765936e-05,
        "a0_stdev": 16314457200.987955,
        "start_index": 32,
        "end_index": 694,
        "t_hot": 263.9952819658919,
        "n_hot": 191214278389082.5,
        "t_hot_stdev": 2.368890858116585,
        "n_hot_stdev": 5320247147855.769,
        "mswe": 1.1189261152389776e+16,
        "mse": 5.012074579041629e+17
    },
    "1nlsq": null,
    "true_params": {
        "t_hot": 293.9221,
        "t_hot_stdev": 4.0971
    },
    "histogram": {
        "i": 1e+19,
        "l": 2.0,
        "a": 60.0,
        "filename": "hist_1e19_200_60"
    }
}