{
    "3exp": {
        "a1": 3091939821747744.0,
        "b1": -0.8485589611931963,
        "a2": 81221059335807.83,
        "b2": -0.3086931139775355,
        "a3": 3746593209360.7075,
        "b3": -0.07595932848101906,
        "t_hot": 13.16493997507999,
        "n_hot": 3746593209360.7075,
        "start_index": 0,
        "end_index": 411,
        "a1_stdev": 1.032683482023986e+19,
        "b1_stdev": 1119.33659517883,
        "a2_stdev": 8.296248005200827e+17,
        "b2_stdev": 978.5970809858916,
        "a3_stdev": 1.587399991598786e+16,
        "b3_stdev": 106.65215594583907,
        "t_hot_stdev": 18484.48715012923,
        "n_hot_stdev": 1.587399991598786e+16,
        "critical_energy": 6.741266188173236,
        "mswe": 1.035771426117562e+18,
        "mse": 1.0688424512424231e+20
    },
    "2exp": {
        "a0": 45999936324.221664,
        "a1": 127567940038671.19,
        "b1": -0.36330644739644824,
        "a2": 6156543209890.668,
        "b2": -0.09758355384848219,
        "a0_stdev": 337622872285202.6,
        "a1_stdev": 2.860953190024602e+18,
        "b1_stdev": 2377.034278480534,
        "a2_stdev": 5.861160877604792e+16,
        "b2_stdev": 338.22801661128216,
        "t_hot": 10.247628422640748,
        "n_hot": 6156543209890.668,
        "t_hot_stdev": 35518.63915246301,
        "n_hot_stdev": 5.861160877604792e+16,
        "start_index": 47,
        "end_index": 411,
        "mswe": 1.2954350049249933e+18,
        "mse": 3.154045038152787e+18
    },
    "2nlsq": {
        "a1": 128958398629942.75,
        "b1": -0.3652174746279121,
        "a2": 6213096046379.271,
        "b2": -0.09577432210065755,
        "a0": -6514328792.579167,
        "a1_stdev": 60377301561651.08,
        "b1_stdev": 0.04922760946816659,
        "a2_stdev": 1140072736378.1,
        "b2_stdev": 0.0065457460330161366,
        "a0_stdev": 7229094102.838963,
        "start_index": 47,
        "end_index": 411,
        "t_hot": 10.441211987373956,
        "n_hot": 6213096046379.271,
        "t_hot_stdev": 0.713610083028344,
        "n_hot_stdev": 1140072736378.1,
        "mswe": 6.859753164678604e+17,
        "mse": 3.5114344768829455e+18
    },
    "1nlsq": null,
    "true_params": {
        "t_hot": 12.2693,
        "t_hot_stdev": 0.5717
    },
    "histogram": {
        "i": 1e+17,
        "l": 2.0,
        "a": 0.0,
        "filename": "hist_1e17_200_0"
    }
}