{
    "3exp": {
        "a1": 2717274104153081.5,
        "b1": -0.7762261035499709,
        "a2": 67935016837963.85,
        "b2": -0.2924323032974547,
        "a3": 5356440928346.729,
        "b3": -0.08154469454824934,
        "t_hot": 12.26321351180374,
        "n_hot": 5356440928346.729,
        "start_index": 0,
        "end_index": 258,
        "a1_stdev": 1.967031359103412e+19,
        "b1_stdev": 2444.0984799538232,
        "a2_stdev": 2.2069105652930895e+18,
        "b2_stdev": 3255.5348766888783,
        "a3_stdev": 8.169064282415973e+16,
        "b3_stdev": 435.1984339062002,
        "t_hot_stdev": 65447.928213607105,
        "n_hot_stdev": 8.169064282415973e+16
    },
    "2exp": null,
    "2nlsq": null,
    "1nlsq": null,
    "true_params": {
        "t_hot": 12.0248,
        "t_hot_stdev": 0.5904
    },
    "histogram": {
        "i": 1e+17,
        "l": 2.0,
        "a": 2.0,
        "filename": "hist_1e17_200_2"
    }
}