{
    "3exp": {
        "a1": 6706574183163564.0,
        "b1": -0.3300603139725658,
        "a2": 542422649822479.9,
        "b2": -0.09372185198970315,
        "a3": 97031237416106.12,
        "b3": -0.04739971615263628,
        "t_hot": 21.09717275056682,
        "n_hot": 97031237416106.12,
        "start_index": 0,
        "end_index": 351,
        "a1_stdev": 5.927912591909704e+19,
        "b1_stdev": 1506.3543450474306,
        "a2_stdev": 4.2815854112796483e+18,
        "b2_stdev": 901.3031015968419,
        "a3_stdev": 4.1296788581541745e+18,
        "b3_stdev": 409.4830068156437,
        "t_hot_stdev": 182257.07735025507,
        "n_hot_stdev": 4.1296788581541745e+18,
        "critical_energy": 10.640663522509932,
        "mswe": 1.683028704263827e+19,
        "mse": 1.0778865702396374e+22
    },
    "2exp": {
        "a0": 492769585637.4723,
        "a1": 2180475354245732.2,
        "b1": -0.21865104608781488,
        "a2": 385413060561009.94,
        "b2": -0.06667873940533854,
        "a0_stdev": 5196407442568935.0,
        "a1_stdev": 1.716609088274425e+20,
        "b1_stdev": 4615.885426185577,
        "a2_stdev": 3.1279303541168963e+18,
        "b2_stdev": 156.22627067174628,
        "t_hot": 14.997284125619453,
        "n_hot": 385413060561009.94,
        "t_hot_stdev": 35138.183325681195,
        "n_hot_stdev": 3.1279303541168963e+18,
        "start_index": 35,
        "end_index": 351,
        "mswe": 1.7064691095851778e+19,
        "mse": 1.7463213697998386e+20
    },
    "2nlsq": {
        "a1": 2603578624829574.0,
        "b1": -0.2286503045645632,
        "a2": 388755579025570.6,
        "b2": -0.06674581701423155,
        "a0": 339716942573.9976,
        "a1_stdev": 1777788788657752.2,
        "b1_stdev": 0.03925817590692867,
        "a2_stdev": 23806710021489.656,
        "b2_stdev": 0.0012022675625481287,
        "a0_stdev": 41834918656.06948,
        "start_index": 35,
        "end_index": 351,
        "t_hot": 14.98221229034892,
        "n_hot": 388755579025570.6,
        "t_hot_stdev": 0.2698690143841637,
        "n_hot_stdev": 23806710021489.656,
        "mswe": 1.554511444072511e+19,
        "mse": 1.7580708448087674e+20
    },
    "1nlsq": null,
    "true_params": {
        "t_hot": 21.9595,
        "t_hot_stdev": 1.002
    },
    "histogram": {
        "i": 1e+18,
        "l": 0.01,
        "a": 60.0,
        "filename": "hist_1e18_001_60"
    }
}