{
    "3exp": {
        "a1": 3727673052729088.5,
        "b1": -0.7577943122282668,
        "a2": 236088725278916.84,
        "b2": -0.1963458183958994,
        "a3": 15285885207666.9,
        "b3": -0.05480950436687409,
        "t_hot": 18.245010816123756,
        "n_hot": 15285885207666.9,
        "start_index": 0,
        "end_index": 150,
        "a1_stdev": 7.43534245952258e+20,
        "b1_stdev": 44761.031047960074,
        "a2_stdev": 1.6793392663619512e+19,
        "b2_stdev": 9885.384024537685,
        "a3_stdev": 3.663616232205169e+18,
        "b3_stdev": 6157.854770584818,
        "t_hot_stdev": 2049829.280363676,
        "n_hot_stdev": 3.663616232205169e+18
    },
    "2exp": null,
    "2nlsq": null,
    "1nlsq": null,
    "true_params": {
        "t_hot": 11.9644,
        "t_hot_stdev": 0.4702
    },
    "histogram": {
        "i": 1e+18,
        "l": 0.02,
        "a": 10.0,
        "filename": "hist_1e18_002_10"
    }
}