{
    "3exp": {
        "a1": 1842660828781116.2,
        "b1": -2.338160256024598,
        "a2": 27778358712369.617,
        "b2": -0.3830918305880458,
        "a3": -1230935538510.7495,
        "b3": -0.2083359318127759,
        "t_hot": 4.799940131780361,
        "n_hot": -1230935538510.7495,
        "start_index": 0,
        "end_index": 500,
        "critical_energy": NaN,
        "mse": 836105917.955532
    },
    "2exp": {
        "a1": 1915460881536262.8,
        "b1": -2.3543629154489327,
        "a2": 29147235716908.33,
        "b2": -0.4186075672335347,
        "a1_stdev": 38057942125583.91,
        "b1_stdev": 0.02941702897341083,
        "a2_stdev": 141984614566.69305,
        "b2_stdev": 0.11644805031278066,
        "t_hot": 2.3888722476010935,
        "n_hot": 29147235716908.33,
        "t_hot_stdev": 0.6645353248577694,
        "n_hot_stdev": 141984614566.69305,
        "start_index": 25,
        "end_index": 500,
        "mse": 1088518663.9684696
    },
    "nlsq": {
        "a1": 9398323675402294.0,
        "b1": -3.0384624061815733,
        "a2": 32839270783757.477,
        "b2": -0.43922277988096575,
        "a0": 0.0,
        "a1_stdev": Infinity,
        "b1_stdev": Infinity,
        "a2_stdev": Infinity,
        "b2_stdev": Infinity,
        "a0_stdev": Infinity,
        "start_index": 25,
        "end_index": 500,
        "t_hot": 2.2767489433745016,
        "n_hot": 32839270783757.477,
        "t_hot_stdev": Infinity,
        "n_hot_stdev": Infinity,
        "mse": 944351121.3583128
    },
    "true_params": {
        "t_hot": 2.2651,
        "t_hot_stdev": 0.0198
    },
    "histogram": {
        "i": 1e+17,
        "l": 0.05,
        "a": 0.0,
        "filename": "hist_1e17_005_0"
    }
}