{
    "3exp": {
        "a1": 1270420542932199.5,
        "b1": -0.21296106461636688,
        "a2": 130830588074602.52,
        "b2": -0.07195318679212888,
        "a3": 29293999343408.93,
        "b3": -0.017214027533681772,
        "t_hot": 58.09215757575345,
        "n_hot": 29293999343408.93,
        "start_index": 0,
        "end_index": 595,
        "critical_energy": 19.258123251855963,
        "mse": 1125224698.7493422
    },
    "2exp": {
        "a1": 171059431440655.03,
        "b1": -0.07751653773334555,
        "a2": 29620037379374.65,
        "b2": -0.017402074308236152,
        "a1_stdev": 2520938725973.728,
        "b1_stdev": 0.0009607491710398435,
        "a2_stdev": 185217683327.63043,
        "b2_stdev": 0.0029253390737497722,
        "t_hot": 57.46441385592259,
        "n_hot": 29620037379374.65,
        "t_hot_stdev": 9.659934340315825,
        "n_hot_stdev": 185217683327.63043,
        "start_index": 44,
        "end_index": 595,
        "mse": 1109353792.2413564
    },
    "nlsq": {
        "a1": 149032986390201.0,
        "b1": -0.07035474230008396,
        "a2": 26142755316801.29,
        "b2": -0.015927641842693838,
        "a0": -263798048201.1493,
        "a1_stdev": 22207520313754.414,
        "b1_stdev": 0.004976142224538727,
        "a2_stdev": 1383889093579.0078,
        "b2_stdev": 0.00041422184307699037,
        "a0_stdev": 70682668.47966063,
        "start_index": 44,
        "end_index": 595,
        "t_hot": 62.78393310675237,
        "n_hot": 26142755316801.29,
        "t_hot_stdev": 1.6327888801085053,
        "n_hot_stdev": 1383889093579.0078,
        "mse": 276685448.58495206
    },
    "true_params": {
        "t_hot": 57.6938,
        "t_hot_stdev": 1.1217
    },
    "histogram": {
        "i": 1e+18,
        "l": 0.5,
        "a": 50.0,
        "filename": "hist_1e18_050_50"
    }
}