{
    "3exp": {
        "a1": 6.338360148829348e+16,
        "b1": -0.12165474060498851,
        "a2": 5264097465236793.0,
        "b2": -0.03754976643423652,
        "a3": 1028274674892288.5,
        "b3": -0.012253658695437746,
        "t_hot": 81.6082791968343,
        "n_hot": 1028274674892288.5,
        "start_index": 0,
        "end_index": 564,
        "critical_energy": 37.671682762443915,
        "mse": 287736390.689833
    },
    "2exp": {
        "a1": 5660898164319268.0,
        "b1": -0.03861715254787067,
        "a2": 1045387592608384.2,
        "b2": -0.012313599830492638,
        "a1_stdev": 32801946848404.504,
        "b1_stdev": 0.00031361394321946127,
        "a2_stdev": 2917925877376.039,
        "b2_stdev": 0.000693349066911183,
        "t_hot": 81.2110198289587,
        "n_hot": 1045387592608384.2,
        "t_hot_stdev": 4.572796387444512,
        "n_hot_stdev": 2917925877376.039,
        "start_index": 34,
        "end_index": 564,
        "mse": 278378000.2346622
    },
    "nlsq": {
        "a1": 5908105170535940.0,
        "b1": -0.039538798172411356,
        "a2": 1076961765673154.2,
        "b2": -0.012443735931988267,
        "a0": -58124702105.82874,
        "a1_stdev": 486650007501323.0,
        "b1_stdev": 0.0012735055967949575,
        "a2_stdev": 25818558845562.56,
        "b2_stdev": 8.557591596339405e-05,
        "a0_stdev": 19157347.956318174,
        "start_index": 34,
        "end_index": 564,
        "t_hot": 80.3617181741512,
        "n_hot": 1076961765673154.2,
        "t_hot_stdev": 0.5526497571735521,
        "n_hot_stdev": 25818558845562.56,
        "mse": 258927660.56781343
    },
    "true_params": {
        "t_hot": 90.4765,
        "t_hot_stdev": 2.4304
    },
    "histogram": {
        "i": 1e+19,
        "l": 0.05,
        "a": 60.0,
        "filename": "hist_1e19_005_60"
    }
}