{
    "3exp": {
        "a1": 4649673223248841.0,
        "b1": -2.3761117576895856,
        "a2": 521616223896878.7,
        "b2": -1.2736663473773795,
        "a3": 39188094387425.82,
        "b3": -0.3402796514461625,
        "t_hot": 2.938759328540735,
        "n_hot": 39188094387425.82,
        "start_index": 0,
        "end_index": 481,
        "a1_stdev": 9.321930130466241e+19,
        "b1_stdev": 23031.20267865382,
        "a2_stdev": 2.5120331218117673e+19,
        "b2_stdev": 11066.240797938259,
        "a3_stdev": 8.290118889495066e+16,
        "b3_stdev": 188.2307901244168,
        "t_hot_stdev": 1625.6187757505168,
        "n_hot_stdev": 8.290118889495066e+16,
        "critical_energy": 1.9843341782309822,
        "mswe": 2.9860229750446157e+18,
        "mse": 2.4356555320243706e+22
    },
    "2exp": {
        "a0": 4564868003.235781,
        "a1": 1278102760777018.8,
        "b1": -1.4827815128407695,
        "a2": 40213048011127.2,
        "b2": -0.3432396237392465,
        "a0_stdev": 135542230212223.9,
        "a1_stdev": 1.8466438796911567e+19,
        "b1_stdev": 4635.317060111736,
        "a2_stdev": 8.167968019278506e+16,
        "b2_stdev": 225.70888393602442,
        "t_hot": 2.9134165487830845,
        "n_hot": 40213048011127.2,
        "t_hot_stdev": 1915.8161010167341,
        "n_hot_stdev": 8.167968019278506e+16,
        "start_index": 28,
        "end_index": 481,
        "mswe": 3.1584482175020636e+18,
        "mse": 1.1421980708987067e+20
    },
    "2nlsq": {
        "a1": 1991911697329124.2,
        "b1": -1.639562026486749,
        "a2": 44199733687285.65,
        "b2": -0.3553705621135612,
        "a0": -10101207364.919088,
        "a1_stdev": 661128445651728.5,
        "b1_stdev": 0.10566122324635677,
        "a2_stdev": 1581890703970.9841,
        "b2_stdev": 0.004161957575495918,
        "a0_stdev": 2415804899.7866125,
        "start_index": 28,
        "end_index": 481,
        "t_hot": 2.8139640887880937,
        "n_hot": 44199733687285.65,
        "t_hot_stdev": 0.032956019448686216,
        "n_hot_stdev": 1581890703970.9841,
        "mswe": 2.371927696341556e+18,
        "mse": 1.1964640478134693e+20
    },
    "1nlsq": null,
    "true_params": {
        "t_hot": 2.8678,
        "t_hot_stdev": 0.0427
    },
    "histogram": {
        "i": 1e+17,
        "l": 0.2,
        "a": 2.0,
        "filename": "hist_1e17_020_2"
    }
}