{
    "3exp": null,
    "2exp": {
        "a1": 1691649414100146.5,
        "b1": -0.007385511704176717,
        "a2": 201583819053028.94,
        "b2": -0.002893385123300907,
        "a1_stdev": 5747303024946.641,
        "b1_stdev": 0.00012973604147696572,
        "a2_stdev": 1317585420958.8765,
        "b2_stdev": 0.00021311788517129672,
        "t_hot": 345.61593337396926,
        "n_hot": 201583819053028.94,
        "t_hot_stdev": 25.457010962347415,
        "n_hot_stdev": 1317585420958.8765,
        "start_index": 50,
        "end_index": 667,
        "mse": 154417319.6574093
    },
    "nlsq": {
        "a1": 1954816170287643.5,
        "b1": -0.008509024336326594,
        "a2": 300683507693855.5,
        "b2": -0.003180118178837805,
        "a0": -323172918537.2848,
        "a1_stdev": 41360369888280.37,
        "b1_stdev": 0.0001275884195518316,
        "a2_stdev": 10677641633634.64,
        "b2_stdev": 3.2662753649556784e-05,
        "a0_stdev": 8029301.0934181595,
        "start_index": 50,
        "end_index": 667,
        "t_hot": 314.45372271210897,
        "n_hot": 300683507693855.5,
        "t_hot_stdev": 3.229730438157877,
        "n_hot_stdev": 10677641633634.64,
        "mse": 30707567.194161896
    },
    "true_params": {
        "t_hot": 297.4668,
        "t_hot_stdev": 1.2793
    },
    "histogram": {
        "i": 1e+19,
        "l": 2.0,
        "a": 50.0,
        "filename": "hist_1e19_200_50"
    }
}