{
    "3exp": {
        "a1": 1.0880113580835098e+16,
        "b1": -0.4085158007247359,
        "a2": 896879219340220.8,
        "b2": -0.12295571467771127,
        "a3": 250097001309695.94,
        "b3": -0.05448826770634409,
        "t_hot": 18.35257463844037,
        "n_hot": 250097001309695.94,
        "start_index": 0,
        "end_index": 395,
        "a1_stdev": 1.1316707056986199e+20,
        "b1_stdev": 1990.2220413405769,
        "a2_stdev": 9.41496965241029e+18,
        "b2_stdev": 881.8796727130809,
        "a3_stdev": 2.9524825002305183e+18,
        "b3_stdev": 143.83222788653765,
        "t_hot_stdev": 48445.13890452617,
        "n_hot_stdev": 2.9524825002305183e+18
    },
    "2exp": null,
    "2nlsq": null,
    "1nlsq": null,
    "true_params": {
        "t_hot": 18.4813,
        "t_hot_stdev": 0.2435
    },
    "histogram": {
        "i": 1e+18,
        "l": 0.02,
        "a": 60.0,
        "filename": "hist_1e18_002_60"
    }
}