{
    "3exp": {
        "a1": 5243594864958579.0,
        "b1": -2.437950389008219,
        "a2": 49905075470839.664,
        "b2": -0.3303596155649329,
        "a3": 106083351488.57164,
        "b3": -0.07102971894636301,
        "t_hot": 14.07861406230728,
        "n_hot": 106083351488.57164,
        "start_index": 0,
        "end_index": 310,
        "a1_stdev": 2.0813015372641098e+20,
        "b1_stdev": 19011.27598439731,
        "a2_stdev": 2.7206339044067888e+17,
        "b2_stdev": 2175.5906574148553,
        "a3_stdev": 1.2239433135169646e+17,
        "b3_stdev": 57201.91762911519,
        "t_hot_stdev": 11337841.876191732,
        "n_hot_stdev": 1.2239433135169646e+17
    },
    "2exp": null,
    "2nlsq": null,
    "1nlsq": null,
    "true_params": {
        "t_hot": 5.2022,
        "t_hot_stdev": 0.3048
    },
    "histogram": {
        "i": 1e+17,
        "l": 0.05,
        "a": 5.0,
        "filename": "hist_1e17_005_5"
    }
}