{
    "3exp": {
        "a1": 7100770158546102.0,
        "b1": -0.027089793545466288,
        "a2": 674797296384420.1,
        "b2": -0.003268436292402787,
        "a3": 185859816790068.7,
        "b3": -0.0016296403042057866,
        "t_hot": 613.6323441554516,
        "n_hot": 185859816790068.7,
        "start_index": 0,
        "end_index": 821,
        "a1_stdev": 5.701102230541049e+18,
        "b1_stdev": 6.3902401047208555,
        "a2_stdev": 3.8049085378716104e+16,
        "b2_stdev": 0.25881028987811794,
        "a3_stdev": 5.173565031809755e+16,
        "b3_stdev": 0.09356665844817497,
        "t_hot_stdev": 35232.02501200278,
        "n_hot_stdev": 5.173565031809755e+16,
        "critical_energy": 98.7998358388405,
        "mswe": 492053171728761.06,
        "mse": 3.754706225954351e+19
    },
    "2exp": {
        "a0": -98331562072.44852,
        "a1": 706815321956800.2,
        "b1": -0.003182594053173487,
        "a2": 152576326124676.44,
        "b2": -0.0015414766252407983,
        "a0_stdev": 42362155260063.16,
        "a1_stdev": 3.688390558754307e+16,
        "b1_stdev": 0.22791519073654676,
        "a2_stdev": 5.37223225354339e+16,
        "b2_stdev": 0.12953885168189475,
        "t_hot": 648.7286174993327,
        "n_hot": 152576326124676.44,
        "t_hot_stdev": 54516.272766004,
        "n_hot_stdev": 5.37223225354339e+16,
        "start_index": 25,
        "end_index": 821,
        "mswe": 354734110077179.3,
        "mse": 7.368357125201638e+16
    },
    "2nlsq": {
        "a1": 671533928001650.4,
        "b1": -0.00335386543169687,
        "a2": 203485714624916.34,
        "b2": -0.0016653056558060555,
        "a0": -54832417440.46661,
        "a1_stdev": 7088213286343.876,
        "b1_stdev": 4.628515329143596e-05,
        "a2_stdev": 10361830761532.066,
        "b2_stdev": 1.9483761332748333e-05,
        "a0_stdev": 5641191914.586627,
        "start_index": 25,
        "end_index": 821,
        "t_hot": 600.4903643445392,
        "n_hot": 203485714624916.34,
        "t_hot_stdev": 7.025623735026017,
        "n_hot_stdev": 10361830761532.066,
        "mswe": 327529329735671.9,
        "mse": 7.447560573308936e+16
    },
    "1nlsq": null,
    "true_params": {
        "t_hot": 579.7274,
        "t_hot_stdev": 5.9363
    },
    "histogram": {
        "i": 1e+19,
        "l": 1.0,
        "a": 1.0,
        "filename": "hist_1e19_100_1"
    }
}