{
    "3exp": {
        "a1": 1518163657950419.5,
        "b1": -0.5968307133188461,
        "a2": 45185019172518.65,
        "b2": -0.2013793656159081,
        "a3": 1855807730479.666,
        "b3": -0.033096022908798366,
        "t_hot": 30.21511082330549,
        "n_hot": 1855807730479.666,
        "start_index": 0,
        "end_index": 380,
        "critical_energy": 11.897328375021807,
        "mse": 2022545456.6106207
    },
    "2exp": {
        "a1": 22646748567015.676,
        "b1": -0.14969216463082702,
        "a2": 1131349179581.2607,
        "b2": -0.02433751793847094,
        "a1_stdev": 782105372760.0388,
        "b1_stdev": 0.008701769863288113,
        "a2_stdev": 40774223884.73682,
        "b2_stdev": 0.02518536632322383,
        "t_hot": 41.088824362786575,
        "n_hot": 1131349179581.2607,
        "t_hot_stdev": 42.520239573469006,
        "n_hot_stdev": 40774223884.73682,
        "start_index": 63,
        "end_index": 380,
        "mse": 2536831090.010833
    },
    "nlsq": {
        "a1": 67946320097201.48,
        "b1": -0.24690483111778105,
        "a2": 4077329955396.98,
        "b2": -0.05811129025776741,
        "a0": 0.0,
        "a1_stdev": Infinity,
        "b1_stdev": Infinity,
        "a2_stdev": Infinity,
        "b2_stdev": Infinity,
        "a0_stdev": Infinity,
        "start_index": 63,
        "end_index": 380,
        "t_hot": 17.20835995146977,
        "n_hot": 4077329955396.98,
        "t_hot_stdev": Infinity,
        "n_hot_stdev": Infinity,
        "mse": 1307740597.7293456
    },
    "true_params": {
        "t_hot": 22.9522,
        "t_hot_stdev": 3.1594
    },
    "histogram": {
        "i": 1e+17,
        "l": 0.5,
        "a": 5.0,
        "filename": "hist_1e17_050_5"
    }
}