{
    "3exp": {
        "a1": 1.3118346599507382e+16,
        "b1": -3.9291935063881023,
        "a2": 708195052884998.5,
        "b2": -1.6695274271296396,
        "a3": 79492603867201.64,
        "b3": -0.9161967411895076,
        "t_hot": 1.091468627908117,
        "n_hot": 79492603867201.64,
        "start_index": 0,
        "end_index": 359,
        "a1_stdev": 4.6701344876038855e+20,
        "b1_stdev": 36262.63795172477,
        "a2_stdev": 1.883002057618598e+19,
        "b2_stdev": 14915.657754739232,
        "a3_stdev": 2.4474458630221855e+18,
        "b3_stdev": 3999.789469193896,
        "t_hot_stdev": 4764.964256688401,
        "n_hot_stdev": 2.4474458630221855e+18,
        "critical_energy": 1.2918047962022308,
        "mswe": 1.4214485302940019e+19,
        "mse": 1.5893765417351388e+23
    },
    "2exp": {
        "a0": 24489739530.252514,
        "a1": 2843696396322373.5,
        "b1": -2.5363318403888613,
        "a2": 225307702213349.62,
        "b2": -1.0951432215629733,
        "a0_stdev": 278743952334647.28,
        "a1_stdev": 7.07225062499568e+19,
        "b1_stdev": 15821.093164737526,
        "a2_stdev": 2.2311307776942538e+18,
        "b2_stdev": 2023.3368280112063,
        "t_hot": 0.913122576399472,
        "n_hot": 225307702213349.62,
        "t_hot_stdev": 1687.043759153916,
        "n_hot_stdev": 2.2311307776942538e+18,
        "start_index": 25,
        "end_index": 359,
        "mswe": 1.8313300521447037e+19,
        "mse": 1.5703487463024616e+21
    },
    "2nlsq": {
        "a1": 1915555424151633.0,
        "b1": -2.234304239203942,
        "a2": 162522981796718.5,
        "b2": -1.026324766251557,
        "a0": -3349789508.9310546,
        "a1_stdev": 302891292149628.4,
        "b1_stdev": 0.10948951604829407,
        "a2_stdev": 20089068309211.11,
        "b2_stdev": 0.023404694405852994,
        "a0_stdev": 3059580655.852239,
        "start_index": 25,
        "end_index": 359,
        "t_hot": 0.9743504521013334,
        "n_hot": 162522981796718.5,
        "t_hot_stdev": 0.02221945267765949,
        "n_hot_stdev": 20089068309211.11,
        "mswe": 1.3101543651397226e+19,
        "mse": 1.6121535769216808e+21
    },
    "1nlsq": null,
    "true_params": {
        "t_hot": 0.9935,
        "t_hot_stdev": 0.0143
    },
    "histogram": {
        "i": 1e+17,
        "l": 2.0,
        "a": 45.0,
        "filename": "hist_1e17_200_45"
    }
}