{
    "3exp": {
        "a1": 1235494743381536.5,
        "b1": -0.26732300614450744,
        "a2": 120221218244961.75,
        "b2": -0.0846259203286507,
        "a3": 54971062732878.15,
        "b3": -0.02456966426937673,
        "t_hot": 40.70059684317239,
        "n_hot": 54971062732878.15,
        "start_index": 0,
        "end_index": 481,
        "a1_stdev": 1.7388317992515127e+19,
        "b1_stdev": 2544.300170057391,
        "a2_stdev": 3.679097051849723e+18,
        "b2_stdev": 1285.3727493153294,
        "a3_stdev": 3.2730547044190144e+17,
        "b3_stdev": 48.2905928632824,
        "t_hot_stdev": 79995.23029282701,
        "n_hot_stdev": 3.2730547044190144e+17,
        "critical_energy": 12.752766303542735,
        "mswe": 8.860863633539893e+18,
        "mse": 3.7967461010019545e+21
    },
    "2exp": {
        "a0": -528619728582.214,
        "a1": 165176308456456.03,
        "b1": -0.08620742575588083,
        "a2": 47428933263197.46,
        "b2": -0.021925013333602354,
        "a0_stdev": 1.078705126814548e+16,
        "a1_stdev": 2.346720068140033e+18,
        "b1_stdev": 811.4881265517866,
        "a2_stdev": 3.83874443686062e+17,
        "b2_stdev": 98.00957234415509,
        "t_hot": 45.61000646997995,
        "n_hot": 47428933263197.46,
        "t_hot_stdev": 203886.636724905,
        "n_hot_stdev": 3.83874443686062e+17,
        "start_index": 38,
        "end_index": 481,
        "mswe": 5.836999956238458e+18,
        "mse": 2.7813489912348762e+19
    },
    "2nlsq": {
        "a1": 157546161873720.7,
        "b1": -0.08275549466519778,
        "a2": 45412204038113.76,
        "b2": -0.021223209869677864,
        "a0": -781845511810.2283,
        "a1_stdev": 21444791495110.598,
        "b1_stdev": 0.00799454409802836,
        "a2_stdev": 4079625955215.4004,
        "b2_stdev": 0.0010784149952998447,
        "a0_stdev": 125521292416.41869,
        "start_index": 38,
        "end_index": 481,
        "t_hot": 47.11822604311732,
        "n_hot": 45412204038113.76,
        "t_hot_stdev": 2.3942184913990414,
        "n_hot_stdev": 4079625955215.4004,
        "mswe": 5.144719272766755e+18,
        "mse": 2.8383781648944914e+19
    },
    "1nlsq": null,
    "true_params": {
        "t_hot": 39.6727,
        "t_hot_stdev": 0.6319
    },
    "histogram": {
        "i": 1e+17,
        "l": 0.1,
        "a": 40.0,
        "filename": "hist_1e17_010_40"
    }
}