{
    "3exp": {
        "a1": 4740947153000832.0,
        "b1": -0.02201315177401777,
        "a2": 644196815024467.0,
        "b2": -0.00263000429916801,
        "a3": 80406543698873.67,
        "b3": -0.0013054379319789068,
        "t_hot": 766.0264616978802,
        "n_hot": 80406543698873.67,
        "start_index": 0,
        "end_index": 700,
        "a1_stdev": 7.147750815833791e+18,
        "b1_stdev": 11.244346033356175,
        "a2_stdev": 7.630049915830768e+16,
        "b2_stdev": 0.460366732717719,
        "a3_stdev": 1.1029242561388526e+17,
        "b3_stdev": 0.37082985871495927,
        "t_hot_stdev": 217601.67803055304,
        "n_hot_stdev": 1.1029242561388526e+17,
        "critical_energy": 102.97542882648084,
        "mswe": 4158993815593147.5,
        "mse": 1.4327485199660394e+19
    },
    "2exp": {
        "a0": -1110699648597.1177,
        "a1": 700500859502899.6,
        "b1": -0.002503662637683297,
        "a2": 24701246496798.14,
        "b2": -0.0007447346260349394,
        "a0_stdev": 1313390808306669.5,
        "a1_stdev": 4.067606708800616e+16,
        "b1_stdev": 0.24383708554678965,
        "a2_stdev": 3.7608089561515304e+16,
        "b2_stdev": 0.6396608538452213,
        "t_hot": 1342.7601793193442,
        "n_hot": 24701246496798.14,
        "t_hot_stdev": 1153311.6532874599,
        "n_hot_stdev": 3.7608089561515304e+16,
        "start_index": 25,
        "end_index": 700,
        "mswe": 2683440426360378.5,
        "mse": 1.4092732537086323e+17
    },
    "2nlsq": {
        "a1": 650987927078251.9,
        "b1": -0.0027216498160419415,
        "a2": 95306001387988.16,
        "b2": -0.0013328024458209805,
        "a0": -253697074387.25748,
        "a1_stdev": 9139746097340.639,
        "b1_stdev": 4.1484218317033584e-05,
        "a2_stdev": 12658172734458.996,
        "b2_stdev": 4.6191126524948523e-05,
        "a0_stdev": 25668194718.07865,
        "start_index": 25,
        "end_index": 700,
        "t_hot": 750.2987431749642,
        "n_hot": 95306001387988.16,
        "t_hot_stdev": 26.00321171841525,
        "n_hot_stdev": 12658172734458.996,
        "mswe": 1445477783830709.0,
        "mse": 1.48447736263699e+17
    },
    "1nlsq": null,
    "histogram": {
        "i": 1e+19,
        "l": 0.8,
        "a": 10.0,
        "filename": "hist_1e19_080_10"
    }
}