{
    "3exp": {
        "a1": 1.8519858709032316e+16,
        "b1": -4.08296238571039,
        "a2": 964504883139656.9,
        "b2": -1.6562993105019967,
        "a3": 56601033004992.24,
        "b3": -0.7907947398680956,
        "t_hot": 1.264550647070313,
        "n_hot": 56601033004992.24,
        "start_index": 0,
        "end_index": 315,
        "critical_energy": 1.758893308598035,
        "mse": 2191643736.7147784
    },
    "2exp": {
        "a1": 1389096639493830.8,
        "b1": -1.8363383814875582,
        "a2": 79155161018838.14,
        "b2": -0.8379569365143374,
        "a1_stdev": 20631034956696.996,
        "b1_stdev": 0.14987301210037313,
        "a2_stdev": 1246427945716.318,
        "b2_stdev": 0.2329002513038894,
        "t_hot": 1.1933787482680382,
        "n_hot": 79155161018838.14,
        "t_hot_stdev": 0.3316855535900102,
        "n_hot_stdev": 1246427945716.318,
        "start_index": 40,
        "end_index": 315,
        "mse": 1905918713.4081888
    },
    "nlsq": {
        "a1": 1343404644210699.2,
        "b1": -1.8348675606769298,
        "a2": 85946883127914.23,
        "b2": -0.8576802796835448,
        "a0": 0.0,
        "a1_stdev": Infinity,
        "b1_stdev": Infinity,
        "a2_stdev": Infinity,
        "b2_stdev": Infinity,
        "a0_stdev": Infinity,
        "start_index": 40,
        "end_index": 315,
        "t_hot": 1.1659356332279978,
        "n_hot": 85946883127914.23,
        "t_hot_stdev": Infinity,
        "n_hot_stdev": Infinity,
        "mse": 1864427703.2187066
    },
    "true_params": {
        "t_hot": 1.5108,
        "t_hot_stdev": 0.0742
    },
    "histogram": {
        "i": 1e+17,
        "l": 2.0,
        "a": 40.0,
        "filename": "hist_1e17_200_40"
    }
}