{
    "3exp": {
        "a1": 1.8519858709032316e+16,
        "b1": -4.08296238571039,
        "a2": 964504883139656.9,
        "b2": -1.6562993105019967,
        "a3": 56601033004992.24,
        "b3": -0.7907947398680956,
        "t_hot": 1.264550647070313,
        "n_hot": 56601033004992.24,
        "start_index": 0,
        "end_index": 315,
        "a1_stdev": 1.0209990736265499e+21,
        "b1_stdev": 52776.236334551424,
        "a2_stdev": 2.755596487646799e+19,
        "b2_stdev": 14115.636489030823,
        "a3_stdev": 1.8616912783780677e+18,
        "b3_stdev": 4440.526569771036,
        "t_hot_stdev": 7100.794256766941,
        "n_hot_stdev": 1.8616912783780677e+18,
        "critical_energy": 1.2177149823779356,
        "mswe": 3.5136085423593394e+19,
        "mse": 1.2146363590789792e+23
    },
    "2exp": {
        "a0": 30983814254.672718,
        "a1": 2018815899435861.2,
        "b1": -2.085058849089293,
        "a2": 133667477216894.89,
        "b2": -0.934862295300563,
        "a0_stdev": 803806128312259.9,
        "a1_stdev": 4.392927303291464e+19,
        "b1_stdev": 14426.211827011812,
        "a2_stdev": 2.9792825195987103e+18,
        "b2_stdev": 4066.0868310648175,
        "t_hot": 1.069676256093412,
        "n_hot": 133667477216894.89,
        "t_hot_stdev": 4652.446205465787,
        "n_hot_stdev": 2.9792825195987103e+18,
        "start_index": 25,
        "end_index": 315,
        "mswe": 3.7189244537390916e+19,
        "mse": 1.8309506602213557e+21
    },
    "2nlsq": {
        "a1": 1952307389436685.2,
        "b1": -2.0562861072752923,
        "a2": 124517869828251.6,
        "b2": -0.9203139502189257,
        "a0": 10465907119.917942,
        "a1_stdev": 296874047894932.06,
        "b1_stdev": 0.10113930709190061,
        "a2_stdev": 20948055488553.508,
        "b2_stdev": 0.03047736543876769,
        "a0_stdev": 6120156269.391013,
        "start_index": 25,
        "end_index": 315,
        "t_hot": 1.0865857241022137,
        "n_hot": 124517869828251.6,
        "t_hot_stdev": 0.035983666428324186,
        "n_hot_stdev": 20948055488553.508,
        "mswe": 3.3795837722285793e+19,
        "mse": 1.8360233557712482e+21
    },
    "1nlsq": null,
    "true_params": {
        "t_hot": 1.5108,
        "t_hot_stdev": 0.0742
    },
    "histogram": {
        "i": 1e+17,
        "l": 2.0,
        "a": 40.0,
        "filename": "hist_1e17_200_40"
    }
}