{
    "3exp": {
        "a1": 3386073181155040.5,
        "b1": -0.017718010067960522,
        "a2": 709424529345028.5,
        "b2": -0.0029610281154172427,
        "a3": 43050267167367.99,
        "b3": -0.001161728223216513,
        "t_hot": 860.7865247788066,
        "n_hot": 43050267167367.99,
        "start_index": 0,
        "end_index": 619,
        "critical_energy": 263.64963941923384,
        "mse": 154691358.13176057
    },
    "2exp": {
        "a1": 716306540874493.6,
        "b1": -0.0029993034079360066,
        "a2": 48457939575019.234,
        "b2": -0.0012122118237104169,
        "a1_stdev": 2799843321901.662,
        "b1_stdev": 0.00013703451306365606,
        "a2_stdev": 858924239380.9684,
        "b2_stdev": 0.00019963408620904809,
        "t_hot": 824.9383320970545,
        "n_hot": 48457939575019.234,
        "t_hot_stdev": 135.8556375097305,
        "n_hot_stdev": 858924239380.9684,
        "start_index": 50,
        "end_index": 619,
        "mse": 146523941.82840335
    },
    "nlsq": {
        "a1": 739443273549657.8,
        "b1": -0.0029683246732555356,
        "a2": 31337748985465.22,
        "b2": -0.0008832988925795516,
        "a0": -1232297057345.4395,
        "a1_stdev": 11084377582426.14,
        "b1_stdev": 5.934604707349358e-05,
        "a2_stdev": 7152568951772.786,
        "b2_stdev": 0.00011374499424707897,
        "a0_stdev": 66876235.34267259,
        "start_index": 50,
        "end_index": 619,
        "t_hot": 1132.1196125126332,
        "n_hot": 31337748985465.22,
        "t_hot_stdev": 145.78636959024286,
        "n_hot_stdev": 7152568951772.786,
        "mse": 45712564.93930406
    },
    "true_params": {
        "t_hot": 589.497,
        "t_hot_stdev": 12.1684
    },
    "histogram": {
        "i": 1e+19,
        "l": 0.4,
        "a": 15.0,
        "filename": "hist_1e19_040_15"
    }
}