{
    "3exp": {
        "a1": 1410778574616541.0,
        "b1": -0.5732940734243108,
        "a2": 11718776120431.418,
        "b2": -0.12025283415108177,
        "a3": 2106995715112.0222,
        "b3": -0.019040529686963913,
        "t_hot": 52.51954732565289,
        "n_hot": 2106995715112.0222,
        "start_index": 0,
        "end_index": 346,
        "a1_stdev": 2.836587820099223e+19,
        "b1_stdev": 2709.908290290016,
        "a2_stdev": 1.879810328736256e+17,
        "b2_stdev": 966.081796802891,
        "a3_stdev": 9658273367698788.0,
        "b3_stdev": 53.84469927615536,
        "t_hot_stdev": 148519.98754035233,
        "n_hot_stdev": 9658273367698788.0
    },
    "2exp": null,
    "2nlsq": null,
    "1nlsq": null,
    "true_params": {
        "t_hot": 43.6223,
        "t_hot_stdev": 1.7326
    },
    "histogram": {
        "i": 1e+17,
        "l": 5.0,
        "a": 10.0,
        "filename": "hist_1e17_500_10"
    }
}