{
    "3exp": {
        "a1": 230487305407298.7,
        "b1": -0.16479405003770736,
        "a2": 14589421955734.385,
        "b2": -0.05595679496997268,
        "a3": 4706892079122.079,
        "b3": -0.009421159892829776,
        "t_hot": 106.14404291780215,
        "n_hot": 4706892079122.079,
        "start_index": 0,
        "end_index": 438,
        "critical_energy": 25.044059801693304,
        "mse": 1260327184.542903
    },
    "2exp": {
        "a1": 14374706445846.838,
        "b1": -0.05425998914431769,
        "a2": 4649815405883.562,
        "b2": -0.009369380174216003,
        "a1_stdev": 940422576865.4012,
        "b1_stdev": 0.002375409038718365,
        "a2_stdev": 60312427619.31651,
        "b2_stdev": 0.009393366845684509,
        "t_hot": 106.73064614796426,
        "n_hot": 4649815405883.562,
        "t_hot_stdev": 107.00388865677161,
        "n_hot_stdev": 60312427619.31651,
        "start_index": 42,
        "end_index": 438,
        "mse": 1388291232.690504
    },
    "nlsq": {
        "a1": 6.281914747488094e+18,
        "b1": -0.40537817762864375,
        "a2": 8180732008328.757,
        "b2": -0.014738421439241473,
        "a0": 0.0,
        "a1_stdev": Infinity,
        "b1_stdev": Infinity,
        "a2_stdev": Infinity,
        "b2_stdev": Infinity,
        "a0_stdev": Infinity,
        "start_index": 42,
        "end_index": 438,
        "t_hot": 67.84987144806914,
        "n_hot": 8180732008328.757,
        "t_hot_stdev": Infinity,
        "n_hot_stdev": Infinity,
        "mse": 504115649.87064236
    },
    "true_params": {
        "t_hot": 100.7455,
        "t_hot_stdev": 2.8536
    },
    "histogram": {
        "i": 1e+17,
        "l": 1.0,
        "a": 20.0,
        "filename": "hist_1e17_100_20"
    }
}