{
    "3exp": {
        "a1": 1.162608649933843e+16,
        "b1": -0.047181405846496965,
        "a2": 2006447835390105.0,
        "b2": -0.013458559406262501,
        "a3": 609394064773444.2,
        "b3": -0.004809035522386817,
        "t_hot": 207.9419033909903,
        "n_hot": 609394064773444.2,
        "start_index": 0,
        "end_index": 479,
        "critical_energy": 69.58642008456125,
        "mse": 483234522.0344423
    },
    "2exp": {
        "a1": 2342238087720919.5,
        "b1": -0.01457847744507933,
        "a2": 646111353161795.6,
        "b2": -0.004888912551860869,
        "a1_stdev": 17076758587597.295,
        "b1_stdev": 0.0001992660259168839,
        "a2_stdev": 2636422547943.6577,
        "b2_stdev": 0.00041312003208277426,
        "t_hot": 204.54446451887742,
        "n_hot": 646111353161795.6,
        "t_hot_stdev": 17.284296834523804,
        "n_hot_stdev": 2636422547943.6577,
        "start_index": 31,
        "end_index": 479,
        "mse": 473819892.26102847
    },
    "nlsq": {
        "a1": 3159789891769468.0,
        "b1": -0.01822330087283613,
        "a2": 823425992919579.9,
        "b2": -0.005326416792944393,
        "a0": 0.0,
        "a1_stdev": Infinity,
        "b1_stdev": Infinity,
        "a2_stdev": Infinity,
        "b2_stdev": Infinity,
        "a0_stdev": Infinity,
        "start_index": 31,
        "end_index": 479,
        "t_hot": 187.74347537441008,
        "n_hot": 823425992919579.9,
        "t_hot_stdev": Infinity,
        "n_hot_stdev": Infinity,
        "mse": 381740874.127186
    },
    "true_params": {
        "t_hot": 200.7782,
        "t_hot_stdev": 6.9247
    },
    "histogram": {
        "i": 1e+19,
        "l": 0.02,
        "a": 3.0,
        "filename": "hist_1e19_002_3"
    }
}