{
    "3exp": {
        "a1": 2261698462911043.5,
        "b1": -0.6669855347630118,
        "a2": 18148575938008.824,
        "b2": -0.14242071199251255,
        "a3": 1766535939366.1934,
        "b3": -0.04717208364012485,
        "t_hot": 21.19897877797779,
        "n_hot": 1766535939366.1934,
        "start_index": 0,
        "end_index": 313,
        "a1_stdev": 1.0838214271748596e+19,
        "b1_stdev": 936.7237601857742,
        "a2_stdev": 1.4483268472793587e+17,
        "b2_stdev": 851.9138749917622,
        "a3_stdev": 3.624246690534754e+16,
        "b3_stdev": 327.2283079125854,
        "t_hot_stdev": 147055.32212471333,
        "n_hot_stdev": 3.624246690534754e+16,
        "critical_energy": 9.198632916075459,
        "mswe": 1.5263002589447544e+18,
        "mse": 3.1694117345505395e+19
    },
    "2exp": {
        "a0": 73519351187.41656,
        "a1": 14645694521229.023,
        "b1": -0.16067911094842666,
        "a2": 5463296971946.512,
        "b2": -0.08026032382607273,
        "a0_stdev": 1413023544461351.2,
        "a1_stdev": 3.3937548585546765e+17,
        "b1_stdev": 7531.336963467446,
        "a2_stdev": 6.80204762873609e+17,
        "b2_stdev": 2458.4886944836758,
        "t_hot": 12.459456333206917,
        "n_hot": 5463296971946.512,
        "t_hot_stdev": 381650.99608845037,
        "n_hot_stdev": 6.80204762873609e+17,
        "start_index": 45,
        "end_index": 313,
        "mswe": 1.8484227708181458e+18,
        "mse": 2.3240102336299894e+18
    },
    "2nlsq": {
        "a1": 54167548497315.16,
        "b1": -0.30776487443118833,
        "a2": 9364383525345.4,
        "b2": -0.08759101377538131,
        "a0": -6419063267.90197,
        "a1_stdev": 196915768525748.9,
        "b1_stdev": 0.28277155885400285,
        "a2_stdev": 2839639938547.0957,
        "b2_stdev": 0.008820509308955587,
        "a0_stdev": 11753653537.702803,
        "start_index": 45,
        "end_index": 313,
        "t_hot": 11.41669626708972,
        "n_hot": 9364383525345.4,
        "t_hot_stdev": 1.1496735950519028,
        "n_hot_stdev": 2839639938547.0957,
        "mswe": 7.73297772140282e+17,
        "mse": 2.864194883853127e+18
    },
    "1nlsq": null,
    "true_params": {
        "t_hot": 31.5871,
        "t_hot_stdev": 13.9912
    },
    "histogram": {
        "i": 1e+17,
        "l": 2.0,
        "a": 30.0,
        "filename": "hist_1e17_200_30"
    }
}