{
    "3exp": {
        "a1": 1.2922854741112114e+16,
        "b1": -0.059003521631393864,
        "a2": 1893847768124651.2,
        "b2": -0.018599398604884507,
        "a3": 731995019023188.2,
        "b3": -0.0059895383505428786,
        "t_hot": 166.95777562044697,
        "n_hot": 731995019023188.2,
        "start_index": 0,
        "end_index": 524,
        "a1_stdev": 8.060403439152747e+19,
        "b1_stdev": 190.16573502154733,
        "a2_stdev": 9.88175797965128e+18,
        "b2_stdev": 45.524674791524895,
        "a3_stdev": 8.620459144051205e+17,
        "b3_stdev": 2.0260012462467976,
        "t_hot_stdev": 56474.57978910176,
        "n_hot_stdev": 8.620459144051205e+17,
        "critical_energy": 47.52947643997853,
        "mswe": 4.563899549094853e+17,
        "mse": 7.876888860919958e+21
    },
    "2exp": {
        "a0": 333680284666.4572,
        "a1": 2603232826136331.5,
        "b1": -0.021611001429204937,
        "a2": 791673325396152.1,
        "b2": -0.0061654459744792675,
        "a0_stdev": 2508858450629608.0,
        "a1_stdev": 1.2159961012571345e+19,
        "b1_stdev": 49.26718958516765,
        "a2_stdev": 9.963375645604759e+17,
        "b2_stdev": 2.683087149848586,
        "t_hot": 162.19426853131412,
        "n_hot": 791673325396152.1,
        "t_hot_stdev": 70583.9219866354,
        "n_hot_stdev": 9.963375645604759e+17,
        "start_index": 26,
        "end_index": 524,
        "mswe": 5.604015711591184e+17,
        "mse": 1.0552729626989249e+19
    },
    "2nlsq": {
        "a1": 2403640237750924.0,
        "b1": -0.020392394364486158,
        "a2": 752383338612286.1,
        "b2": -0.006036694070140826,
        "a0": -220729753315.53412,
        "a1_stdev": 202032848570094.7,
        "b1_stdev": 0.0009077927122300432,
        "a2_stdev": 21023586947941.18,
        "b2_stdev": 5.760550578840484e-05,
        "a0_stdev": 54134215589.237915,
        "start_index": 26,
        "end_index": 524,
        "t_hot": 165.65358263660886,
        "n_hot": 752383338612286.1,
        "t_hot_stdev": 1.5807589887059756,
        "n_hot_stdev": 21023586947941.18,
        "mswe": 4.1662417639012006e+17,
        "mse": 1.0716231506469786e+19
    },
    "1nlsq": null,
    "true_params": {
        "t_hot": 175.2707,
        "t_hot_stdev": 5.2967
    },
    "histogram": {
        "i": 1e+19,
        "l": 0.05,
        "a": 3.0,
        "filename": "hist_1e19_005_3"
    }
}