{
    "3exp": {
        "a1": 3968816588151275.0,
        "b1": -0.014382769752682639,
        "a2": 684967274244529.6,
        "b2": -0.0023780928085853814,
        "a3": 28989223719439.863,
        "b3": -0.0010221120210778618,
        "t_hot": 978.3663428060031,
        "n_hot": 28989223719439.863,
        "start_index": 0,
        "end_index": 622,
        "a1_stdev": 3.9628912351083843e+18,
        "b1_stdev": 8.46286273381725,
        "a2_stdev": 2.1147861309410227e+17,
        "b2_stdev": 1.411836980912789,
        "a3_stdev": 3.368234113351673e+17,
        "b3_stdev": 3.3631929935149625,
        "t_hot_stdev": 3219250.6901015607,
        "n_hot_stdev": 3.368234113351673e+17
    },
    "2exp": null,
    "2nlsq": null,
    "1nlsq": null,
    "true_params": {
        "t_hot": 588.7512,
        "t_hot_stdev": 7.9664
    },
    "histogram": {
        "i": 1e+19,
        "l": 0.4,
        "a": 20.0,
        "filename": "hist_1e19_040_20"
    }
}