{
    "3exp": {
        "a1": 5165087563091080.0,
        "b1": -0.04359049941768952,
        "a2": 626250131972508.6,
        "b2": -0.010556916071339961,
        "a3": 226989099295312.8,
        "b3": -0.006834835630496715,
        "t_hot": 146.3092975547279,
        "n_hot": 226989099295312.8,
        "start_index": 0,
        "end_index": 614,
        "critical_energy": 85.01479818355969,
        "mse": 856905613.1912442
    },
    "2exp": {
        "a1": 1408525766885732.0,
        "b1": -0.023884685640135635,
        "a2": 595191217159315.8,
        "b2": -0.008080941723354877,
        "a1_stdev": 25255998409027.496,
        "b1_stdev": 0.0010245150595067033,
        "a2_stdev": 2082697964828.1982,
        "b2_stdev": 0.0022156001354546482,
        "t_hot": 123.74795342353252,
        "n_hot": 595191217159315.8,
        "t_hot_stdev": 33.92871669585404,
        "n_hot_stdev": 2082697964828.1982,
        "start_index": 61,
        "end_index": 614,
        "mse": 529460711.98937434
    },
    "nlsq": {
        "a1": 1.1259352545942236e+16,
        "b1": -0.04250653363416267,
        "a2": 683335226930664.4,
        "b2": -0.008376108165090792,
        "a0": -284584892529.6072,
        "a1_stdev": 7225577743730901.0,
        "b1_stdev": 0.005109581818760432,
        "a2_stdev": 11994005020803.56,
        "b2_stdev": 5.0339934658751606e-05,
        "a0_stdev": 17595087.410983253,
        "start_index": 61,
        "end_index": 614,
        "t_hot": 119.38718797444763,
        "n_hot": 683335226930664.4,
        "t_hot_stdev": 0.717510223515678,
        "n_hot_stdev": 11994005020803.56,
        "mse": 196597704.44146967
    },
    "true_params": {
        "t_hot": 123.0988,
        "t_hot_stdev": 0.7497
    },
    "histogram": {
        "i": 1e+19,
        "l": 0.2,
        "a": 60.0,
        "filename": "hist_1e19_020_60"
    }
}