{
    "3exp": {
        "a1": 323029368274707.06,
        "b1": -0.1656615293301483,
        "a2": 69020419281016.734,
        "b2": -0.047277113554102156,
        "a3": 10141492345582.295,
        "b3": -0.01652604771549054,
        "t_hot": 60.510535683777505,
        "n_hot": 10141492345582.295,
        "start_index": 0,
        "end_index": 571,
        "a1_stdev": 8.642164981841032e+17,
        "b1_stdev": 284.0999607568993,
        "a2_stdev": 1.3680742862471813e+17,
        "b2_stdev": 51.97665679255797,
        "a3_stdev": 1.7873242686554194e+16,
        "b3_stdev": 7.2480258083083715,
        "t_hot_stdev": 26538.827181255394,
        "n_hot_stdev": 1.7873242686554194e+16,
        "critical_energy": 13.0366893310773,
        "mswe": 7.93185056568066e+16,
        "mse": 4.068330676411904e+19
    },
    "2exp": {
        "a0": 6741490248.472096,
        "a1": 98682043542016.02,
        "b1": -0.0589584587534386,
        "a2": 14810726178797.023,
        "b2": -0.018732275414943104,
        "a0_stdev": 101608024443820.88,
        "a1_stdev": 1.2014209342325368e+17,
        "b1_stdev": 50.65015572909931,
        "a2_stdev": 2.45921165298535e+16,
        "b2_stdev": 10.725029494651896,
        "t_hot": 53.38379763529851,
        "n_hot": 14810726178797.023,
        "t_hot_stdev": 30564.509195630126,
        "n_hot_stdev": 2.45921165298535e+16,
        "start_index": 27,
        "end_index": 571,
        "mswe": 6.570364210935922e+16,
        "mse": 1.8429386621269053e+18
    },
    "2nlsq": {
        "a1": 106678228669506.23,
        "b1": -0.07047027392145566,
        "a2": 25047932767290.883,
        "b2": -0.023447482801259543,
        "a0": -12069488587.788374,
        "a1_stdev": 15230790141015.941,
        "b1_stdev": 0.006242031473368855,
        "a2_stdev": 2577834538473.6816,
        "b2_stdev": 0.0007555775486632898,
        "a0_stdev": 4268131166.326245,
        "start_index": 27,
        "end_index": 571,
        "t_hot": 42.64850126881348,
        "n_hot": 25047932767290.883,
        "t_hot_stdev": 1.374315968839192,
        "n_hot_stdev": 2577834538473.6816,
        "mswe": 3.2701198107365464e+16,
        "mse": 1.8821201407288863e+18
    },
    "1nlsq": null,
    "true_params": {
        "t_hot": 50.1317,
        "t_hot_stdev": 1.7309
    },
    "histogram": {
        "i": 1e+18,
        "l": 0.2,
        "a": 0.0,
        "filename": "hist_1e18_020_0"
    }
}