{
    "3exp": {
        "a1": 2529183490141963.5,
        "b1": -0.7001930762660254,
        "a2": 27148626397076.848,
        "b2": -0.13475991491183983,
        "a3": 863695172327.0642,
        "b3": -0.02523355339898294,
        "t_hot": 39.62977327007404,
        "n_hot": 863695172327.0642,
        "start_index": 0,
        "end_index": 379,
        "critical_energy": 11.826171659589416,
        "mse": 2595182882.6826324
    },
    "2exp": {
        "a1": 22202353837401.375,
        "b1": -0.12024266036319739,
        "a2": 501118803395.15344,
        "b2": -0.01738545919763259,
        "a1_stdev": 294192020716.86255,
        "b1_stdev": 0.0064688412733437005,
        "a2_stdev": 21245643093.57906,
        "b2_stdev": 0.01298951614733203,
        "t_hot": 57.519332025246236,
        "n_hot": 501118803395.15344,
        "t_hot_stdev": 42.97547068687314,
        "n_hot_stdev": 21245643093.57906,
        "start_index": 60,
        "end_index": 379,
        "mse": 3265594538.8925366
    },
    "nlsq": {
        "a1": 30945335450485.727,
        "b1": -0.15295067452126965,
        "a2": 2158382591983.1016,
        "b2": -0.03969553669015355,
        "a0": -95837838727.76663,
        "a1_stdev": 13195277162470.361,
        "b1_stdev": 0.03516840998030946,
        "a2_stdev": 1589808121309.4756,
        "b2_stdev": 0.01804419852039393,
        "a0_stdev": 884337527.206371,
        "start_index": 60,
        "end_index": 379,
        "t_hot": 25.191749082663225,
        "n_hot": 2158382591983.1016,
        "t_hot_stdev": 11.45128544480119,
        "n_hot_stdev": 1589808121309.4756,
        "mse": 737681375.7012578
    },
    "true_params": {
        "t_hot": 26.6234,
        "t_hot_stdev": 3.2631
    },
    "histogram": {
        "i": 1e+17,
        "l": 2.0,
        "a": 4.0,
        "filename": "hist_1e17_200_4"
    }
}