{
    "3exp": {
        "a1": 6254846571959118.0,
        "b1": -1.2515018895683974,
        "a2": 422072177682236.56,
        "b2": -0.49912076341696643,
        "a3": 3541947933942.333,
        "b3": -0.10631540634273683,
        "t_hot": 9.405974490434868,
        "n_hot": 3541947933942.333,
        "start_index": 0,
        "end_index": 338,
        "a1_stdev": 5.621271432360335e+19,
        "b1_stdev": 3663.8035745373054,
        "a2_stdev": 3.253267431408749e+18,
        "b2_stdev": 942.1033553767023,
        "a3_stdev": 1.9868698844867588e+16,
        "b3_stdev": 198.71254784519712,
        "t_hot_stdev": 17580.567297421923,
        "n_hot_stdev": 1.9868698844867588e+16,
        "critical_energy": 3.5832046597904603,
        "mswe": 3.064614785746051e+18,
        "mse": 3.296145791249023e+20
    },
    "2exp": {
        "a0": 61092869093.84743,
        "a1": 752912879652166.2,
        "b1": -0.5816432666889024,
        "a2": 8243600313184.832,
        "b2": -0.15542535446235728,
        "a0_stdev": 455385001546039.25,
        "a1_stdev": 6.633474949767375e+18,
        "b1_stdev": 1429.0315845878854,
        "a2_stdev": 1.0895437975128538e+17,
        "b2_stdev": 714.4370141076881,
        "t_hot": 6.433956695541535,
        "n_hot": 8243600313184.832,
        "t_hot_stdev": 29574.69086277126,
        "n_hot_stdev": 1.0895437975128538e+17,
        "start_index": 29,
        "end_index": 338,
        "mswe": 4.1600537919931725e+18,
        "mse": 2.3390936508405342e+19
    },
    "2nlsq": {
        "a1": 648234430348406.9,
        "b1": -0.5538899724307416,
        "a2": 5347503261560.146,
        "b2": -0.12470129557023896,
        "a0": -34184371206.20615,
        "a1_stdev": 71116993425448.08,
        "b1_stdev": 0.017051763401454766,
        "a2_stdev": 930015998797.0253,
        "b2_stdev": 0.009447187950770002,
        "a0_stdev": 10704646123.966562,
        "start_index": 29,
        "end_index": 338,
        "t_hot": 8.019162875791794,
        "n_hot": 5347503261560.146,
        "t_hot_stdev": 0.60752006263456,
        "n_hot_stdev": 930015998797.0253,
        "mswe": 1.517829688352677e+18,
        "mse": 2.5213909920379564e+19
    },
    "1nlsq": null,
    "true_params": {
        "t_hot": 8.9147,
        "t_hot_stdev": 0.6735
    },
    "histogram": {
        "i": 1e+17,
        "l": 1.0,
        "a": 0.0,
        "filename": "hist_1e17_100_0"
    }
}