{
    "3exp": {
        "a1": 1108075947465328.4,
        "b1": -1.4049762669154142,
        "a2": -207231540218593.5,
        "b2": -0.7901634170779438,
        "a3": 93517271104797.08,
        "b3": -0.41360105290438526,
        "t_hot": 2.417788816004722,
        "n_hot": 93517271104797.08,
        "start_index": 15,
        "end_index": 273,
        "a1_stdev": 4.63601332242955e+19,
        "b1_stdev": 112099.54708208071,
        "a2_stdev": 1.0618480143826167e+20,
        "b2_stdev": 115979.443879909,
        "a3_stdev": 9.979310056030872e+18,
        "b3_stdev": 7114.126285255401,
        "t_hot_stdev": 41587.06765215141,
        "n_hot_stdev": 9.979310056030872e+18
    },
    "2exp": null,
    "2nlsq": null,
    "1nlsq": null,
    "true_params": {
        "t_hot": 2.64,
        "t_hot_stdev": 0.0196
    },
    "histogram": {
        "i": 1e+17,
        "l": 0.1,
        "a": 2.0,
        "filename": "hist_1e17_010_2"
    }
}