{
    "3exp": {
        "a1": 590704563262724.0,
        "b1": -0.009706396767063198,
        "a2": 696799809318410.1,
        "b2": -0.004476982623559207,
        "a3": 36777031371192.47,
        "b3": -0.0018012704962095092,
        "t_hot": 555.1637036771228,
        "n_hot": 36777031371192.47,
        "start_index": 0,
        "end_index": 748,
        "critical_energy": 351.2205120500701,
        "mse": 169043217.5164147
    },
    "2exp": {
        "a1": 3410746130589677.0,
        "b1": -0.009597815349834903,
        "a2": 286803285571092.4,
        "b2": -0.00300782932842496,
        "a1_stdev": 18431731365522.043,
        "b1_stdev": 9.494509133466626e-05,
        "a2_stdev": 600546618313.7617,
        "b2_stdev": 0.00021394149857297402,
        "t_hot": 332.4656723537059,
        "n_hot": 286803285571092.4,
        "t_hot_stdev": 23.647686221834025,
        "n_hot_stdev": 600546618313.7617,
        "start_index": 116,
        "end_index": 748,
        "mse": 26459226.04608162
    },
    "nlsq": {
        "a1": 3870040759189869.5,
        "b1": -0.009833329118814203,
        "a2": 279023701552366.7,
        "b2": -0.0029576113510838458,
        "a0": -191333739316.38007,
        "a1_stdev": 404726882197322.4,
        "b1_stdev": 0.00026339844413178715,
        "a2_stdev": 6131377231791.738,
        "b2_stdev": 1.8796023012815816e-05,
        "a0_stdev": 4137487.283640499,
        "start_index": 116,
        "end_index": 748,
        "t_hot": 338.11068504100115,
        "n_hot": 279023701552366.7,
        "t_hot_stdev": 2.1487394598281737,
        "n_hot_stdev": 6131377231791.738,
        "mse": 10228757.568409974
    },
    "true_params": {
        "t_hot": 332.7145,
        "t_hot_stdev": 1.7598
    },
    "histogram": {
        "i": 1e+19,
        "l": 2.0,
        "a": 45.0,
        "filename": "hist_1e19_200_45"
    }
}