{
    "3exp": {
        "a1": 5603665706049305.0,
        "b1": -0.02482328061748421,
        "a2": 999247369676822.6,
        "b2": -0.006041615344458996,
        "a3": 21881220749695.816,
        "b3": -0.002037665286910383,
        "t_hot": 490.75773456211414,
        "n_hot": 21881220749695.816,
        "start_index": 0,
        "end_index": 465,
        "a1_stdev": 9.484307574111195e+18,
        "b1_stdev": 26.456191403363466,
        "a2_stdev": 1.1079345345366317e+18,
        "b2_stdev": 5.022344456631016,
        "a3_stdev": 2.7635716927388742e+17,
        "b3_stdev": 8.425444486625782,
        "t_hot_stdev": 2029210.6242850155,
        "n_hot_stdev": 2.7635716927388742e+17,
        "critical_energy": 91.80090596780602,
        "mswe": 2.6217221061834282e+17,
        "mse": 1.737682970330945e+19
    },
    "2exp": {
        "a0": 1189203472643.826,
        "a1": 2482525654890845.5,
        "b1": -0.01792331661258132,
        "a2": 835619947352861.0,
        "b2": -0.005422707140335066,
        "a0_stdev": 2155014135375193.0,
        "a1_stdev": 4.236766681694534e+19,
        "b1_stdev": 106.43701703303331,
        "a2_stdev": 1.6139501406997676e+18,
        "b2_stdev": 3.1598415185344675,
        "t_hot": 184.40973744678575,
        "n_hot": 835619947352861.0,
        "t_hot_stdev": 107456.57652653338,
        "n_hot_stdev": 1.6139501406997676e+18,
        "start_index": 31,
        "end_index": 465,
        "mswe": 3.902022258543523e+17,
        "mse": 4.791758681820704e+18
    },
    "2nlsq": {
        "a1": 1147913572759629.2,
        "b1": -0.008609654170241,
        "a2": 334879653546888.2,
        "b2": -0.0042665437231507964,
        "a0": 157139072050.58856,
        "a1_stdev": 46449112246340.97,
        "b1_stdev": 0.0006103377338320615,
        "a2_stdev": 82318885890698.2,
        "b2_stdev": 0.00024629426058469383,
        "a0_stdev": 87911518116.0412,
        "start_index": 31,
        "end_index": 465,
        "t_hot": 234.38175368363758,
        "n_hot": 334879653546888.2,
        "t_hot_stdev": 13.53012753738398,
        "n_hot_stdev": 82318885890698.2,
        "mswe": 2.2980515650189123e+17,
        "mse": 6.342475595762444e+18
    },
    "1nlsq": null,
    "true_params": {
        "t_hot": 313.8848,
        "t_hot_stdev": 10.973
    },
    "histogram": {
        "i": 1e+19,
        "l": 0.1,
        "a": 10.0,
        "filename": "hist_1e19_010_10"
    }
}