{
    "3exp": {
        "a1": 2519094173340917.5,
        "b1": -0.32150478314683684,
        "a2": 220775149631700.62,
        "b2": -0.11637870726978898,
        "a3": 83166090153565.02,
        "b3": -0.0453711041361925,
        "t_hot": 22.04045987063164,
        "n_hot": 83166090153565.02,
        "start_index": 0,
        "end_index": 220,
        "a1_stdev": 1.1778516535808605e+20,
        "b1_stdev": 9102.795167230948,
        "a2_stdev": 2.395261481249718e+19,
        "b2_stdev": 6572.363035800442,
        "a3_stdev": 3.9262340686619244e+18,
        "b3_stdev": 569.6421416479548,
        "t_hot_stdev": 276721.82554616645,
        "n_hot_stdev": 3.9262340686619244e+18
    },
    "2exp": null,
    "2nlsq": null,
    "1nlsq": null,
    "true_params": {
        "t_hot": 19.0541,
        "t_hot_stdev": 0.4995
    },
    "histogram": {
        "i": 1e+18,
        "l": 0.02,
        "a": 20.0,
        "filename": "hist_1e18_002_20"
    }
}