{
    "3exp": {
        "a1": 288136397816162.3,
        "b1": -0.03709142350274985,
        "a2": 174753899450899.47,
        "b2": -0.008352191367089565,
        "a3": 17234861856212.14,
        "b3": -0.0031361636812900955,
        "t_hot": 318.8609083020306,
        "n_hot": 17234861856212.14,
        "start_index": 0,
        "end_index": 750,
        "a1_stdev": 3.6801620859179776e+17,
        "b1_stdev": 25.003597839102696,
        "a2_stdev": 2.700607110175001e+16,
        "b2_stdev": 0.9904039515653555,
        "a3_stdev": 7670258780994730.0,
        "b3_stdev": 0.37099391388291914,
        "t_hot_stdev": 37719.796661432796,
        "n_hot_stdev": 7670258780994730.0,
        "critical_energy": 17.399743802122583,
        "mswe": 706273835247068.2,
        "mse": 2.3597626843415936e+18
    },
    "2exp": {
        "a0": 23677995125.559456,
        "a1": 183293224257108.06,
        "b1": -0.008816248268040486,
        "a2": 21915819133684.223,
        "b2": -0.0034067727694909768,
        "a0_stdev": 30095310597722.547,
        "a1_stdev": 1.7407849423282642e+16,
        "b1_stdev": 1.0602998558241314,
        "a2_stdev": 1.2496952106754718e+16,
        "b2_stdev": 0.5902379440023553,
        "t_hot": 293.53293209203827,
        "n_hot": 21915819133684.223,
        "t_hot_stdev": 50855.835143027296,
        "n_hot_stdev": 1.2496952106754718e+16,
        "start_index": 25,
        "end_index": 750,
        "mswe": 727499523298184.0,
        "mse": 3.5835427136417652e+16
    },
    "2nlsq": {
        "a1": 183439247696580.44,
        "b1": -0.00897679571808936,
        "a2": 24307011399635.13,
        "b2": -0.0035285933704425386,
        "a0": 11158493535.787355,
        "a1_stdev": 2254581540656.3687,
        "b1_stdev": 0.00014187744713568148,
        "a2_stdev": 1691913063473.4727,
        "b2_stdev": 7.290975836766972e-05,
        "a0_stdev": 3515732601.034878,
        "start_index": 25,
        "end_index": 750,
        "t_hot": 283.39904744382176,
        "n_hot": 24307011399635.13,
        "t_hot_stdev": 5.855748708207037,
        "n_hot_stdev": 1691913063473.4727,
        "mswe": 653293312000599.9,
        "mse": 3.613030729281125e+16
    },
    "1nlsq": null,
    "true_params": {
        "t_hot": 350.4175,
        "t_hot_stdev": 20.3582
    },
    "histogram": {
        "i": 1e+18,
        "l": 5.0,
        "a": 3.0,
        "filename": "hist_1e18_500_3"
    }
}