{
    "3exp": {
        "a1": 3026557253397468.5,
        "b1": -0.9001933761722123,
        "a2": 123330144280539.81,
        "b2": -0.3835979838819211,
        "a3": 5656055878974.638,
        "b3": -0.09563706263417338,
        "t_hot": 10.456197340827535,
        "n_hot": 5656055878974.638,
        "start_index": 0,
        "end_index": 355,
        "a1_stdev": 1.4701538068516473e+19,
        "b1_stdev": 2071.662595149125,
        "a2_stdev": 2.369652473598748e+18,
        "b2_stdev": 1935.8263585463778,
        "a3_stdev": 2.8102290362803144e+16,
        "b3_stdev": 151.38592308253627,
        "t_hot_stdev": 16551.33525408718,
        "n_hot_stdev": 2.8102290362803144e+16,
        "critical_energy": 6.195014939788432,
        "mswe": 1.6624729495516928e+18,
        "mse": 2.5057628921187618e+20
    },
    "2exp": {
        "a0": 65128072386.231125,
        "a1": 264176908429159.53,
        "b1": -0.48936534949653,
        "a2": 9972475252611.684,
        "b2": -0.12447274397962008,
        "a0_stdev": 459276504867810.3,
        "a1_stdev": 1.3993066435246502e+19,
        "b1_stdev": 5876.566628365643,
        "a2_stdev": 1.054775426611358e+17,
        "b2_stdev": 456.5641937463134,
        "t_hot": 8.033887323667662,
        "n_hot": 9972475252611.684,
        "t_hot_stdev": 29468.180513314728,
        "n_hot_stdev": 1.054775426611358e+17,
        "start_index": 45,
        "end_index": 355,
        "mswe": 2.4745357145786117e+18,
        "mse": 4.5654368989834496e+18
    },
    "2nlsq": {
        "a1": 140398716324916.02,
        "b1": -0.4065633688412894,
        "a2": 7088789235490.07,
        "b2": -0.104946719815125,
        "a0": -20283333185.376503,
        "a1_stdev": 74995921526627.52,
        "b1_stdev": 0.06075131335169793,
        "a2_stdev": 1299570264666.6492,
        "b2_stdev": 0.007478218726437248,
        "a0_stdev": 10575280128.23131,
        "start_index": 45,
        "end_index": 355,
        "t_hot": 9.528644647127686,
        "n_hot": 7088789235490.07,
        "t_hot_stdev": 0.678985383852337,
        "n_hot_stdev": 1299570264666.6492,
        "mswe": 1.2047494991182697e+18,
        "mse": 5.201681571516368e+18
    },
    "1nlsq": null,
    "true_params": {
        "t_hot": 9.0555,
        "t_hot_stdev": 0.2383
    },
    "histogram": {
        "i": 1e+17,
        "l": 2.0,
        "a": 1.0,
        "filename": "hist_1e17_200_1"
    }
}