{
    "3exp": {
        "a1": 129221716846457.2,
        "b1": -0.020997444097879944,
        "a2": 182964740914968.22,
        "b2": -0.008018790819411299,
        "a3": 16052611293573.81,
        "b3": -0.002944915599842528,
        "t_hot": 339.5683054731594,
        "n_hot": 16052611293573.81,
        "start_index": 0,
        "end_index": 616,
        "a1_stdev": 1.0914639929167926e+17,
        "b1_stdev": 29.953586914684493,
        "a2_stdev": 1.2759901835205734e+17,
        "b2_stdev": 2.6487064975801484,
        "a3_stdev": 1.4514678540414742e+16,
        "b3_stdev": 0.6947159932704904,
        "t_hot_stdev": 80105.3628268931,
        "n_hot_stdev": 1.4514678540414742e+16,
        "critical_energy": -26.795060315577178,
        "mswe": 1679080102510706.0,
        "mse": 3.0924415968451615e+18
    },
    "2exp": {
        "a0": 37076332227.090225,
        "a1": 224620994123916.56,
        "b1": -0.009246139322409362,
        "a2": 26040521076457.39,
        "b2": -0.003449823682511297,
        "a0_stdev": 72187448674105.53,
        "a1_stdev": 3.7582511420140344e+16,
        "b1_stdev": 1.7640738750094502,
        "a2_stdev": 2.2121102727177496e+16,
        "b2_stdev": 0.940130469702212,
        "t_hot": 289.86988670448534,
        "n_hot": 26040521076457.39,
        "t_hot_stdev": 78994.04080316282,
        "n_hot_stdev": 2.2121102727177496e+16,
        "start_index": 25,
        "end_index": 616,
        "mswe": 1643219831258537.0,
        "mse": 4.1275976551257256e+16
    },
    "2nlsq": {
        "a1": 224043765880061.38,
        "b1": -0.009095067896912279,
        "a2": 23539997069623.168,
        "b2": -0.003327327594548564,
        "a0": 2337373611.2740126,
        "a1_stdev": 3154496722466.972,
        "b1_stdev": 0.00014403885186564186,
        "a2_stdev": 1779695869868.901,
        "b2_stdev": 8.306974281512399e-05,
        "a0_stdev": 6783008808.35061,
        "start_index": 25,
        "end_index": 616,
        "t_hot": 300.54149210867683,
        "n_hot": 23539997069623.168,
        "t_hot_stdev": 7.503290176670642,
        "n_hot_stdev": 1779695869868.901,
        "mswe": 1465020656756691.2,
        "mse": 4.1274769495475976e+16
    },
    "1nlsq": null,
    "true_params": {
        "t_hot": 313.1803,
        "t_hot_stdev": 6.594
    },
    "histogram": {
        "i": 1e+18,
        "l": 5.0,
        "a": 4.0,
        "filename": "hist_1e18_500_4"
    }
}