{
    "3exp": {
        "a1": 8943954550242710.0,
        "b1": -0.04210392223054199,
        "a2": 1796224814429296.8,
        "b2": -0.01319903952442982,
        "a3": 652228266162500.5,
        "b3": -0.004553621792485582,
        "t_hot": 219.60541423317298,
        "n_hot": 652228266162500.5,
        "start_index": 0,
        "end_index": 424,
        "a1_stdev": 1.0325277168016854e+20,
        "b1_stdev": 295.25029870171284,
        "a2_stdev": 1.722005033234989e+19,
        "b2_stdev": 68.17644107346585,
        "a3_stdev": 2.3407051980781425e+18,
        "b3_stdev": 4.691738912006368,
        "t_hot_stdev": 226266.32474074033,
        "n_hot_stdev": 2.3407051980781425e+18
    },
    "2exp": null,
    "2nlsq": null,
    "1nlsq": null,
    "true_params": {
        "t_hot": 206.206,
        "t_hot_stdev": 1.3069
    },
    "histogram": {
        "i": 1e+19,
        "l": 0.01,
        "a": 0.0,
        "filename": "hist_1e19_001_0"
    }
}