{
    "3exp": {
        "a1": 428241154617460.1,
        "b1": -0.10151441425991319,
        "a2": 61384748259563.47,
        "b2": -0.0191403702825138,
        "a3": 6459594642964.178,
        "b3": -0.006953185049607514,
        "t_hot": 143.81898264831122,
        "n_hot": 6459594642964.178,
        "start_index": 0,
        "end_index": 712,
        "a1_stdev": 6.003074773168724e+17,
        "b1_stdev": 76.3210835941706,
        "a2_stdev": 3.5198787053219624e+16,
        "b2_stdev": 10.547308493332205,
        "a3_stdev": 1.370896932476546e+16,
        "b3_stdev": 4.055250885069495,
        "t_hot_stdev": 83878.40284896192,
        "n_hot_stdev": 1.370896932476546e+16,
        "critical_energy": 23.581761728142258,
        "mswe": 3.499829486134325e+16,
        "mse": 7.559116030557861e+18
    },
    "2exp": {
        "a0": 42863227269.4316,
        "a1": 68014496706000.27,
        "b1": -0.02467084268343362,
        "a2": 16914581200501.361,
        "b2": -0.009695858846237792,
        "a0_stdev": 141709336925124.1,
        "a1_stdev": 3.906397057947022e+16,
        "b1_stdev": 22.32837204687575,
        "a2_stdev": 4.1391762398872424e+16,
        "b2_stdev": 7.636939265578409,
        "t_hot": 103.13681499066193,
        "n_hot": 16914581200501.361,
        "t_hot_stdev": 81235.67026086684,
        "n_hot_stdev": 4.1391762398872424e+16,
        "start_index": 32,
        "end_index": 712,
        "mswe": 3.033796824764092e+16,
        "mse": 4.2709224626550074e+17
    },
    "2nlsq": {
        "a1": 69036039299097.69,
        "b1": -0.02150258383476661,
        "a2": 9526448641714.334,
        "b2": -0.007816394626074145,
        "a0": -80406669892.05862,
        "a1_stdev": 1581042926518.109,
        "b1_stdev": 0.0008145856462762116,
        "a2_stdev": 1694593496893.9807,
        "b2_stdev": 0.0005297326398142264,
        "a0_stdev": 14301959610.67041,
        "start_index": 32,
        "end_index": 712,
        "t_hot": 127.93622224038847,
        "n_hot": 9526448641714.334,
        "t_hot_stdev": 8.670492724252284,
        "n_hot_stdev": 1694593496893.9807,
        "mswe": 1.3201401742621826e+16,
        "mse": 4.648790894550966e+17
    },
    "1nlsq": null,
    "true_params": {
        "t_hot": 123.3058,
        "t_hot_stdev": 6.5299
    },
    "histogram": {
        "i": 1e+18,
        "l": 0.5,
        "a": 1.0,
        "filename": "hist_1e18_050_1"
    }
}