{
    "3exp": {
        "a1": 6257558399456819.0,
        "b1": -0.030619794554515703,
        "a2": 1620876637894015.8,
        "b2": -0.011061664562121104,
        "a3": 595098782013769.8,
        "b3": -0.004247236394741425,
        "t_hot": 235.44721957038155,
        "n_hot": 595098782013769.8,
        "start_index": 0,
        "end_index": 455,
        "a1_stdev": 2.939217454641702e+19,
        "b1_stdev": 135.53044141185674,
        "a2_stdev": 1.269574813090319e+19,
        "b2_stdev": 43.061551431483906,
        "a3_stdev": 1.7134283220731912e+18,
        "b3_stdev": 3.0306120694349703,
        "t_hot_stdev": 168003.17171616844,
        "n_hot_stdev": 1.7134283220731912e+18,
        "critical_energy": 69.06708055080242,
        "mswe": 5.446070616152857e+17,
        "mse": 3.4579145683332225e+21
    },
    "2exp": {
        "a0": 378271331920.47345,
        "a1": 2642207457028189.5,
        "b1": -0.014224517257582395,
        "a2": 724295036194045.2,
        "b2": -0.004520880573370171,
        "a0_stdev": 5128973958176374.0,
        "a1_stdev": 1.1996432774523427e+19,
        "b1_stdev": 36.18550858890753,
        "a2_stdev": 1.602100752475272e+18,
        "b2_stdev": 3.365788105893944,
        "t_hot": 221.19584531615533,
        "n_hot": 724295036194045.2,
        "t_hot_stdev": 164679.94081145848,
        "n_hot_stdev": 1.602100752475272e+18,
        "start_index": 26,
        "end_index": 455,
        "mswe": 5.7617591850032544e+17,
        "mse": 7.737978321808322e+18
    },
    "2nlsq": {
        "a1": 2501896521690867.5,
        "b1": -0.013659154797579556,
        "a2": 691511651405899.8,
        "b2": -0.004436913881992574,
        "a0": -203374725549.16998,
        "a1_stdev": 190598045999092.88,
        "b1_stdev": 0.0006225301227764571,
        "a2_stdev": 30097262407239.855,
        "b2_stdev": 6.470942071963169e-05,
        "a0_stdev": 99545521219.91876,
        "start_index": 26,
        "end_index": 455,
        "t_hot": 225.3818817756521,
        "n_hot": 691511651405899.8,
        "t_hot_stdev": 3.287043967563617,
        "n_hot_stdev": 30097262407239.855,
        "mswe": 4.877921457365216e+17,
        "mse": 7.963479255659324e+18
    },
    "1nlsq": null,
    "true_params": {
        "t_hot": 221.2223,
        "t_hot_stdev": 1.9074
    },
    "histogram": {
        "i": 1e+19,
        "l": 0.01,
        "a": 1.0,
        "filename": "hist_1e19_001_1"
    }
}