{
    "3exp": {
        "a1": 6003576004333080.0,
        "b1": -0.01564502443373722,
        "a2": 711172307941613.5,
        "b2": -0.0027104567037428743,
        "a3": 149043182702539.84,
        "b3": -0.001389522857088485,
        "t_hot": 719.6715008311086,
        "n_hot": 149043182702539.84,
        "start_index": 0,
        "end_index": 716,
        "a1_stdev": 4.820461600411973e+18,
        "b1_stdev": 7.231377593658279,
        "a2_stdev": 3.559185182606864e+17,
        "b2_stdev": 1.9856562030269118,
        "a3_stdev": 5.765623674110355e+17,
        "b3_stdev": 1.1266459081755633,
        "t_hot_stdev": 583520.413144454,
        "n_hot_stdev": 5.765623674110355e+17,
        "critical_energy": 164.92208085903738,
        "mswe": 3.572620224914759e+16,
        "mse": 6.354440890382468e+19
    },
    "2exp": {
        "a0": 902024495964.06,
        "a1": 816237717175398.4,
        "b1": -0.006173268415578458,
        "a2": 602437391132174.4,
        "b2": -0.0019962151637528216,
        "a0_stdev": 1208652923264164.8,
        "a1_stdev": 2.8602484943175916e+18,
        "b1_stdev": 14.610617120769035,
        "a2_stdev": 5.596947592947437e+17,
        "b2_stdev": 0.6138652560593088,
        "t_hot": 500.9480030800044,
        "n_hot": 602437391132174.4,
        "t_hot_stdev": 154048.81185502498,
        "n_hot_stdev": 5.596947592947437e+17,
        "start_index": 36,
        "end_index": 716,
        "mswe": 6.297078472077355e+16,
        "mse": 7.230498851918624e+17
    },
    "2nlsq": {
        "a1": 770818678375981.5,
        "b1": -0.0032580223238431174,
        "a2": 241315211330195.34,
        "b2": -0.001502762747289153,
        "a0": -514232385088.84174,
        "a1_stdev": 18939480989492.703,
        "b1_stdev": 0.00011350694696443001,
        "a2_stdev": 29325856184664.72,
        "b2_stdev": 5.1984735970975605e-05,
        "a0_stdev": 83275019392.71796,
        "start_index": 36,
        "end_index": 716,
        "t_hot": 665.4410363870869,
        "n_hot": 241315211330195.34,
        "t_hot_stdev": 23.01945309945785,
        "n_hot_stdev": 29325856184664.72,
        "mswe": 2.594680115234675e+16,
        "mse": 1.1101639828691186e+18
    },
    "1nlsq": null,
    "true_params": {
        "t_hot": 618.4466,
        "t_hot_stdev": 9.6195
    },
    "histogram": {
        "i": 1e+19,
        "l": 0.4,
        "a": 25.0,
        "filename": "hist_1e19_040_25"
    }
}