{
    "3exp": {
        "a1": 612107431007750.2,
        "b1": -0.21483301862325613,
        "a2": 37879603331996.71,
        "b2": -0.028019193438175563,
        "a3": -8707057680.932497,
        "b3": 0.00945956421774539,
        "t_hot": 35.68982105807232,
        "n_hot": 37879603331996.71,
        "start_index": 0,
        "end_index": 583,
        "a1_stdev": 8.573546524466557e+17,
        "b1_stdev": 145.11869902880366,
        "a2_stdev": 2.8614406060884468e+16,
        "b2_stdev": 14.680916028876268,
        "a3_stdev": 809378605723910.0,
        "b3_stdev": 443.3030453069483,
        "t_hot_stdev": 18700.01244665723,
        "n_hot_stdev": 2.8614406060884468e+16,
        "critical_energy": 14.894481222948214,
        "mswe": 4.49082835604324e+17,
        "mse": 8.843051116772449e+18
    },
    "2exp": {
        "a0": -107354696657.52325,
        "a1": 526266399185228.3,
        "b1": -0.18677032808163418,
        "a2": 34648275041066.953,
        "b2": -0.026550742330116107,
        "a0_stdev": 377528697043314.94,
        "a1_stdev": 1.4958545119078535e+19,
        "b1_stdev": 1155.6110469969124,
        "a2_stdev": 3.2889677098956976e+16,
        "b2_stdev": 12.510956676632702,
        "t_hot": 37.663730360778466,
        "n_hot": 34648275041066.953,
        "t_hot_stdev": 17747.499974401453,
        "n_hot_stdev": 3.2889677098956976e+16,
        "start_index": 46,
        "end_index": 583,
        "mswe": 4.140486680680139e+17,
        "mse": 8.112534955720448e+18
    },
    "2nlsq": {
        "a1": 4663064006047513.0,
        "b1": -0.28204119943479194,
        "a2": 37863092209358.67,
        "b2": -0.028114058966201998,
        "a0": -116569336311.04057,
        "a1_stdev": 7955630106149764.0,
        "b1_stdev": 0.06933684095281373,
        "a2_stdev": 949029816482.8529,
        "b2_stdev": 0.00036599347142365457,
        "a0_stdev": 10334073050.209084,
        "start_index": 46,
        "end_index": 583,
        "t_hot": 35.56939256626638,
        "n_hot": 37863092209358.67,
        "t_hot_stdev": 0.46304823780190085,
        "n_hot_stdev": 949029816482.8529,
        "mswe": 3.3622616344357056e+17,
        "mse": 8.383754939870635e+18
    },
    "1nlsq": null,
    "true_params": {
        "t_hot": 36.2435,
        "t_hot_stdev": 0.7237
    },
    "histogram": {
        "i": 1e+18,
        "l": 0.1,
        "a": 5.0,
        "filename": "hist_1e18_010_5"
    }
}