{
    "3exp": {
        "a1": 1222325124603862.5,
        "b1": -0.027377568887183436,
        "a2": 177330546000008.22,
        "b2": -0.004861130095801529,
        "a3": -26866732458.330734,
        "b3": 0.003954135962081087,
        "t_hot": 205.71348231632024,
        "n_hot": 177330546000008.22,
        "start_index": 0,
        "end_index": 505,
        "a1_stdev": 1.355722259463554e+18,
        "b1_stdev": 23.668656476079335,
        "a2_stdev": 2.000853791763936e+17,
        "b2_stdev": 3.4687032847701307,
        "a3_stdev": 1562122370120219.0,
        "b3_stdev": 57.87627294754878,
        "t_hot_stdev": 146788.71327644787,
        "n_hot_stdev": 2.000853791763936e+17,
        "critical_energy": 85.7371229588902,
        "mswe": 4.526541295432599e+17,
        "mse": 3.6682009544244454e+18
    },
    "2exp": {
        "a0": -2195526287907.7979,
        "a1": 764950013996275.8,
        "b1": -0.02124108520346756,
        "a2": 146958022432625.5,
        "b2": -0.0042094152842974235,
        "a0_stdev": 7355322448274974.0,
        "a1_stdev": 9.40474279833496e+18,
        "b1_stdev": 95.68063878827182,
        "a2_stdev": 2.640073716405196e+17,
        "b2_stdev": 4.3060757878019436,
        "t_hot": 237.56268566096253,
        "n_hot": 146958022432625.5,
        "t_hot_stdev": 243017.82069967783,
        "n_hot_stdev": 2.640073716405196e+17,
        "start_index": 50,
        "end_index": 505,
        "mswe": 4.256053437756577e+17,
        "mse": 3.115672362313136e+18
    },
    "2nlsq": {
        "a1": 1203231260184608.2,
        "b1": -0.025478013742981268,
        "a2": 162901153133886.53,
        "b2": -0.004522212956737585,
        "a0": -1621947486279.6025,
        "a1_stdev": 380988075459387.9,
        "b1_stdev": 0.0023744464534929312,
        "a2_stdev": 4443219233933.641,
        "b2_stdev": 6.872540853995882e-05,
        "a0_stdev": 106201479092.13443,
        "start_index": 50,
        "end_index": 505,
        "t_hot": 221.13067420014204,
        "n_hot": 162901153133886.53,
        "t_hot_stdev": 3.3605882939411433,
        "n_hot_stdev": 4443219233933.641,
        "mswe": 4.0050565572522605e+17,
        "mse": 3.1506534627893955e+18
    },
    "1nlsq": null,
    "true_params": {
        "t_hot": 206.1581,
        "t_hot_stdev": 2.5686
    },
    "histogram": {
        "i": 1e+18,
        "l": 0.2,
        "a": 30.0,
        "filename": "hist_1e18_020_30"
    }
}