{
    "3exp": {
        "a1": 4882181644265934.0,
        "b1": -0.022173967319639845,
        "a2": 670079343787666.0,
        "b2": -0.0025563828851870147,
        "a3": 50581152355061.47,
        "b3": -0.0011437852959730107,
        "t_hot": 874.2899594187444,
        "n_hot": 50581152355061.47,
        "start_index": 0,
        "end_index": 601,
        "a1_stdev": 1.2685255329896737e+19,
        "b1_stdev": 19.359171788154683,
        "a2_stdev": 1.1676119532553925e+17,
        "b2_stdev": 0.7488994136427373,
        "a3_stdev": 1.7145815664235402e+17,
        "b3_stdev": 0.9954208941668602,
        "t_hot_stdev": 760882.7427925338,
        "n_hot_stdev": 1.7145815664235402e+17
    },
    "2exp": null,
    "2nlsq": null,
    "1nlsq": null,
    "histogram": {
        "i": 1e+19,
        "l": 0.8,
        "a": 10.0,
        "filename": "hist_1e19_080_10"
    }
}