{
    "3exp": {
        "a1": 1646385078173499.8,
        "b1": -2.3568865391197154,
        "a2": 26550553969894.35,
        "b2": -0.39427895169640736,
        "a3": -461761000527.6153,
        "b3": -0.14819217252953368,
        "t_hot": 6.747994735016837,
        "n_hot": -461761000527.6153,
        "start_index": 0,
        "end_index": 484,
        "critical_energy": NaN,
        "mse": 853083812.5235215
    },
    "2exp": {
        "a1": 1596429772490458.2,
        "b1": -2.3388303951277587,
        "a2": 28482435129276.195,
        "b2": -0.42504391596966584,
        "a1_stdev": 32127456609718.906,
        "b1_stdev": 0.03277968712638183,
        "a2_stdev": 138562636141.49432,
        "b2_stdev": 0.12700804265208102,
        "t_hot": 2.3526980681953042,
        "n_hot": 28482435129276.195,
        "t_hot_stdev": 0.7030134190043157,
        "n_hot_stdev": 138562636141.49432,
        "start_index": 25,
        "end_index": 484,
        "mse": 1256055363.6327734
    },
    "nlsq": {
        "a1": 1.2479147332105752e+16,
        "b1": -3.232521958241017,
        "a2": 32765626713020.074,
        "b2": -0.4494041003319907,
        "a0": 0.0,
        "a1_stdev": Infinity,
        "b1_stdev": Infinity,
        "a2_stdev": Infinity,
        "b2_stdev": Infinity,
        "a0_stdev": Infinity,
        "start_index": 25,
        "end_index": 484,
        "t_hot": 2.225168838604865,
        "n_hot": 32765626713020.074,
        "t_hot_stdev": Infinity,
        "n_hot_stdev": Infinity,
        "mse": 1034185416.3985577
    },
    "true_params": {
        "t_hot": 2.3174,
        "t_hot_stdev": 0.0177
    },
    "histogram": {
        "i": 1e+17,
        "l": 0.05,
        "a": 1.0,
        "filename": "hist_1e17_005_1"
    }
}