{
    "3exp": {
        "a1": 1.162608649933843e+16,
        "b1": -0.047181405846496965,
        "a2": 2006447835390105.0,
        "b2": -0.013458559406262501,
        "a3": 609394064773444.2,
        "b3": -0.004809035522386817,
        "t_hot": 207.9419033909903,
        "n_hot": 609394064773444.2,
        "start_index": 0,
        "end_index": 479,
        "a1_stdev": 9.331483472180096e+19,
        "b1_stdev": 189.1701903267061,
        "a2_stdev": 8.964472974771118e+18,
        "b2_stdev": 33.76678478159896,
        "a3_stdev": 1.3223825343746944e+18,
        "b3_stdev": 2.7577871354071126,
        "t_hot_stdev": 119246.26121271042,
        "n_hot_stdev": 1.3223825343746944e+18,
        "critical_energy": 52.09778183919313,
        "mswe": 9.032962913518486e+17,
        "mse": 5.569833292495218e+21
    },
    "2exp": {
        "a0": 472354140334.1922,
        "a1": 2445995761915698.0,
        "b1": -0.015364635033266107,
        "a2": 702128020824905.5,
        "b2": -0.005055815233824933,
        "a0_stdev": 5597771042920000.0,
        "a1_stdev": 9.900695003068615e+18,
        "b1_stdev": 42.02471933319449,
        "a2_stdev": 2.003911187020138e+18,
        "b2_stdev": 4.81872955986085,
        "t_hot": 197.79203822752413,
        "n_hot": 702128020824905.5,
        "t_hot_stdev": 188516.8458956981,
        "n_hot_stdev": 2.003911187020138e+18,
        "start_index": 25,
        "end_index": 479,
        "mswe": 1.1520356984812753e+18,
        "mse": 1.0628907622797324e+19
    },
    "2nlsq": {
        "a1": 2217404186866615.2,
        "b1": -0.013405941093246559,
        "a2": 553053459888114.94,
        "b2": -0.004594290812207682,
        "a0": -1130491705044.9753,
        "a1_stdev": 96786459581948.19,
        "b1_stdev": 0.0004915615515899797,
        "a2_stdev": 31035987739557.16,
        "b2_stdev": 8.76254881633401e-05,
        "a0_stdev": 116717108280.93431,
        "start_index": 25,
        "end_index": 479,
        "t_hot": 217.66145002028566,
        "n_hot": 553053459888114.94,
        "t_hot_stdev": 4.151389538008595,
        "n_hot_stdev": 31035987739557.16,
        "mswe": 5.297226861192833e+17,
        "mse": 1.1565684030179879e+19
    },
    "1nlsq": null,
    "true_params": {
        "t_hot": 200.7782,
        "t_hot_stdev": 6.9247
    },
    "histogram": {
        "i": 1e+19,
        "l": 0.02,
        "a": 3.0,
        "filename": "hist_1e19_002_3"
    }
}