{
    "3exp": {
        "a1": 375507158801593.9,
        "b1": -0.06503123274822752,
        "a2": 37631324299447.4,
        "b2": -0.01712000366194619,
        "a3": 24643016193485.56,
        "b3": -0.008998803907924282,
        "t_hot": 111.12587964267198,
        "n_hot": 24643016193485.56,
        "start_index": 0,
        "end_index": 566,
        "critical_energy": 48.61085001115592,
        "mse": 1030071563.6792107
    },
    "2exp": {
        "a1": 492924150481000.7,
        "b1": -0.05586812926980636,
        "a2": 42328209316737.91,
        "b2": -0.010428537445354406,
        "a1_stdev": 16118828574037.746,
        "b1_stdev": 0.0012063784143159103,
        "a2_stdev": 300899381057.9498,
        "b2_stdev": 0.004528717270152205,
        "t_hot": 95.89072343461444,
        "n_hot": 42328209316737.91,
        "t_hot_stdev": 41.641694968375226,
        "n_hot_stdev": 300899381057.9498,
        "start_index": 62,
        "end_index": 566,
        "mse": 863091027.6027244
    },
    "nlsq": {
        "a1": 1078700033235264.8,
        "b1": -0.06646736661949083,
        "a2": 42708998256636.875,
        "b2": -0.010216087084883025,
        "a0": -318886353614.4369,
        "a1_stdev": 941397759425728.9,
        "b1_stdev": 0.012310887370509803,
        "a2_stdev": 2186597852672.079,
        "b2_stdev": 0.00026724246748744513,
        "a0_stdev": 69073848.63287337,
        "start_index": 62,
        "end_index": 566,
        "t_hot": 97.88483513220268,
        "n_hot": 42708998256636.875,
        "t_hot_stdev": 2.5605679212581935,
        "n_hot_stdev": 2186597852672.079,
        "mse": 377027093.0841889
    },
    "true_params": {
        "t_hot": 112.9096,
        "t_hot_stdev": 6.9148
    },
    "histogram": {
        "i": 1e+18,
        "l": 0.2,
        "a": 10.0,
        "filename": "hist_1e18_020_10"
    }
}