{
    "3exp": {
        "a1": 214177029763211.97,
        "b1": -0.03005076910475004,
        "a2": 171641719516325.2,
        "b2": -0.007608118114319878,
        "a3": 9806712569142.094,
        "b3": -0.002561489805938365,
        "t_hot": 390.3978058712845,
        "n_hot": 9806712569142.094,
        "start_index": 0,
        "end_index": 646,
        "critical_energy": 112.17958005276734,
        "mse": 18602187.81700955
    },
    "2exp": {
        "a1": 190563746634933.75,
        "b1": -0.00820965747238768,
        "a2": 13637856809166.377,
        "b2": -0.0028597644518811717,
        "a1_stdev": 786186357023.6426,
        "b1_stdev": 0.00015195173428348842,
        "a2_stdev": 172429630153.34332,
        "b2_stdev": 0.00025242117815970597,
        "t_hot": 349.67914904396883,
        "n_hot": 13637856809166.377,
        "t_hot_stdev": 30.86492760671244,
        "n_hot_stdev": 172429630153.34332,
        "start_index": 43,
        "end_index": 646,
        "mse": 15942323.458395697
    },
    "nlsq": {
        "a1": 180072932307197.5,
        "b1": -0.00764831662028179,
        "a2": 8263343105488.832,
        "b2": -0.002382690880516854,
        "a0": -50502882082.32924,
        "a1_stdev": 3365824784153.3584,
        "b1_stdev": 0.00012669376831324285,
        "a2_stdev": 1118257443137.2979,
        "b2_stdev": 0.00013879851297800877,
        "a0_stdev": 7360255.49615009,
        "start_index": 43,
        "end_index": 646,
        "t_hot": 419.69355243558897,
        "n_hot": 8263343105488.832,
        "t_hot_stdev": 24.448341772257706,
        "n_hot_stdev": 1118257443137.2979,
        "mse": 14920678.881302455
    },
    "true_params": {
        "t_hot": 393.5502,
        "t_hot_stdev": 9.0602
    },
    "histogram": {
        "i": 1e+18,
        "l": 5.0,
        "a": 2.0,
        "filename": "hist_1e18_500_2"
    }
}