{
    "3exp": {
        "a1": 3948110947808230.5,
        "b1": -0.020895461309079152,
        "a2": 591155068877401.4,
        "b2": -0.002794558872588152,
        "a3": 131432104516105.52,
        "b3": -0.001488191098155151,
        "t_hot": 671.9567139191054,
        "n_hot": 131432104516105.52,
        "start_index": 0,
        "end_index": 828,
        "critical_energy": 175.3210040694343,
        "mse": 14381288.574839301
    },
    "2exp": {
        "a1": 575358835281360.9,
        "b1": -0.0029515336534435854,
        "a2": 171123006842966.28,
        "b2": -0.0015731986488116668,
        "a1_stdev": 2271685360753.508,
        "b1_stdev": 0.00011659151983913891,
        "a2_stdev": 1065780090133.0774,
        "b2_stdev": 0.00016114403820569048,
        "t_hot": 635.6476346806942,
        "n_hot": 171123006842966.28,
        "t_hot_stdev": 65.10991272825898,
        "n_hot_stdev": 1065780090133.0774,
        "start_index": 35,
        "end_index": 828,
        "mse": 12508377.039341401
    },
    "nlsq": {
        "a1": 595424566465972.5,
        "b1": -0.002886614221776437,
        "a2": 146919902426888.97,
        "b2": -0.001513511163052682,
        "a0": -81698830049.91406,
        "a1_stdev": 9091097721199.094,
        "b1_stdev": 4.684623060412169e-05,
        "a2_stdev": 12925827967333.18,
        "b2_stdev": 2.93903529838696e-05,
        "a0_stdev": 1739770.560128933,
        "start_index": 35,
        "end_index": 828,
        "t_hot": 660.7153117939654,
        "n_hot": 146919902426888.97,
        "t_hot_stdev": 12.830203509239782,
        "n_hot_stdev": 12925827967333.18,
        "mse": 9159803.217401126
    },
    "true_params": {
        "t_hot": 598.7934,
        "t_hot_stdev": 5.455
    },
    "histogram": {
        "i": 1e+19,
        "l": 1.0,
        "a": 5.0,
        "filename": "hist_1e19_100_5"
    }
}