{
    "3exp": {
        "a1": 2814822507779056.0,
        "b1": -2.0548397271529604,
        "a2": 60195873917320.07,
        "b2": -0.3583263901961194,
        "a3": 61901687240.371925,
        "b3": 0.014693121730832495,
        "t_hot": 2.7907517485739173,
        "n_hot": 60195873917320.07,
        "start_index": 0,
        "end_index": 464,
        "a1_stdev": 3.885830610403045e+19,
        "b1_stdev": 6844.971002881267,
        "a2_stdev": 1.8011393281305805e+17,
        "b2_stdev": 506.0997651590468,
        "a3_stdev": 3428675675287610.0,
        "b3_stdev": 2420.6556180782813,
        "t_hot_stdev": 3941.654433538719,
        "n_hot_stdev": 1.8011393281305805e+17,
        "critical_energy": 2.266442940435641,
        "mswe": 1.8205389166907404e+19,
        "mse": 1.3169059666241246e+20
    },
    "2exp": {
        "a0": 86511015228.78392,
        "a1": 105599266067082.14,
        "b1": -1.1021253642577682,
        "a2": 57142312220414.77,
        "b2": -0.35429186133241997,
        "a0_stdev": 414660895813046.1,
        "a1_stdev": 1.7250865937973586e+19,
        "b1_stdev": 53182.755815506054,
        "a2_stdev": 4.6055957666573203e+17,
        "b2_stdev": 782.0692283579856,
        "t_hot": 2.822531672726555,
        "n_hot": 57142312220414.77,
        "t_hot_stdev": 6230.499224576002,
        "n_hot_stdev": 4.6055957666573203e+17,
        "start_index": 32,
        "end_index": 464,
        "mswe": 1.886401884316697e+19,
        "mse": 1.3011105520671282e+20
    },
    "2nlsq": {
        "a1": 1.822280092060622e+16,
        "b1": -2.558333625512537,
        "a2": 58382172861737.95,
        "b2": -0.35132683422349825,
        "a0": -2792334212.284838,
        "a1_stdev": 7.448162442449798e+16,
        "b1_stdev": 1.1545669128191636,
        "a2_stdev": 1934956075044.272,
        "b2_stdev": 0.004171173377123563,
        "a0_stdev": 3779707245.111945,
        "start_index": 32,
        "end_index": 464,
        "t_hot": 2.846352463256038,
        "n_hot": 58382172861737.95,
        "t_hot_stdev": 0.03379368855466027,
        "n_hot_stdev": 1934956075044.272,
        "mswe": 6.365011239644598e+18,
        "mse": 1.2535504000821235e+20
    },
    "1nlsq": null,
    "true_params": {
        "t_hot": 2.9642,
        "t_hot_stdev": 0.0392
    },
    "histogram": {
        "i": 1e+17,
        "l": 0.1,
        "a": 4.0,
        "filename": "hist_1e17_010_4"
    }
}