{
    "3exp": {
        "a1": 4903889243421996.0,
        "b1": -2.874325926419805,
        "a2": 1147611200929543.5,
        "b2": -1.6257885750191456,
        "a3": 41899531307807.28,
        "b3": -0.4004144965005946,
        "t_hot": 2.4974120785822125,
        "n_hot": 41899531307807.28,
        "start_index": 0,
        "end_index": 429,
        "a1_stdev": 3.229624409855277e+20,
        "b1_stdev": 84779.10247353118,
        "a2_stdev": 8.564684396791662e+19,
        "b2_stdev": 19210.90114355125,
        "a3_stdev": 1.3649589405233109e+17,
        "b3_stdev": 357.5575650810711,
        "t_hot_stdev": 2230.1105220364734,
        "n_hot_stdev": 1.3649589405233109e+17
    },
    "2exp": null,
    "2nlsq": null,
    "1nlsq": null,
    "true_params": {
        "t_hot": 2.3267,
        "t_hot_stdev": 0.0309
    },
    "histogram": {
        "i": 1e+17,
        "l": 0.2,
        "a": 0.0,
        "filename": "hist_1e17_020_0"
    }
}