{
    "3exp": {
        "a1": 1569636886261764.0,
        "b1": -0.4493952043753444,
        "a2": 100877174856794.77,
        "b2": -0.12077141533294315,
        "a3": 17226995576015.85,
        "b3": -0.04822301031558256,
        "t_hot": 20.736988285380118,
        "n_hot": 17226995576015.85,
        "start_index": 0,
        "end_index": 394,
        "critical_energy": 11.247344636815672,
        "mse": 1198024877.8108964
    },
    "2exp": {
        "a1": 105186206724612.48,
        "b1": -0.12186269493201773,
        "a2": 17073504092560.13,
        "b2": -0.048107946046544225,
        "a1_stdev": 2847561657039.705,
        "b1_stdev": 0.011999551859550935,
        "a2_stdev": 449633100820.7205,
        "b2_stdev": 0.020740575845221414,
        "t_hot": 20.786586877612784,
        "n_hot": 17073504092560.13,
        "t_hot_stdev": 8.961633516452768,
        "n_hot_stdev": 449633100820.7205,
        "start_index": 39,
        "end_index": 394,
        "mse": 1262873029.3289878
    },
    "nlsq": {
        "a1": 118405004580531.36,
        "b1": -0.15620488811091326,
        "a2": 36672950579921.12,
        "b2": -0.0627850377447259,
        "a0": -5332345789.404256,
        "a1_stdev": 74508459768861.11,
        "b1_stdev": 0.04686227504250875,
        "a2_stdev": 10173551815362.607,
        "b2_stdev": 0.00431990187975857,
        "a0_stdev": 70411022.45636202,
        "start_index": 39,
        "end_index": 394,
        "t_hot": 15.927361612265695,
        "n_hot": 36672950579921.12,
        "t_hot_stdev": 1.0958763718223747,
        "n_hot_stdev": 10173551815362.607,
        "mse": 838899603.0071594
    },
    "true_params": {
        "t_hot": 17.8483,
        "t_hot_stdev": 1.0881
    },
    "histogram": {
        "i": 1e+18,
        "l": 0.05,
        "a": 0.0,
        "filename": "hist_1e18_005_0"
    }
}