{
    "3exp": {
        "a1": 4227554881915677.0,
        "b1": -2.5535435018284853,
        "a2": 61746970386914.48,
        "b2": -0.8367885066642323,
        "a3": 42712673627269.85,
        "b3": -0.372483581210959,
        "t_hot": 2.6846820918896883,
        "n_hot": 42712673627269.85,
        "start_index": 0,
        "end_index": 367,
        "a1_stdev": 1.5006574568095508e+20,
        "b1_stdev": 26855.571420152748,
        "a2_stdev": 4.946116939441972e+18,
        "b2_stdev": 33696.99933383411,
        "a3_stdev": 9.027163592894072e+17,
        "b3_stdev": 1678.3916701710489,
        "t_hot_stdev": 12097.038063895388,
        "n_hot_stdev": 9.027163592894072e+17
    },
    "2exp": null,
    "2nlsq": null,
    "1nlsq": null,
    "true_params": {
        "t_hot": 2.5908,
        "t_hot_stdev": 0.0301
    },
    "histogram": {
        "i": 1e+17,
        "l": 0.1,
        "a": 3.0,
        "filename": "hist_1e17_010_3"
    }
}