{
    "3exp": {
        "a1": 606896821996653.6,
        "b1": -0.04581164493097493,
        "a2": 152762918705523.62,
        "b2": -0.012288675054497078,
        "a3": 26986155418511.906,
        "b3": -0.0035926853184222642,
        "t_hot": 278.3433313439075,
        "n_hot": 26986155418511.906,
        "start_index": 0,
        "end_index": 605,
        "a1_stdev": 1.728729522971148e+18,
        "b1_stdev": 111.35902367926867,
        "a2_stdev": 4.384402350219178e+17,
        "b2_stdev": 24.130943934507986,
        "a3_stdev": 7.981587871475765e+16,
        "b3_stdev": 3.9421398383337607,
        "t_hot_stdev": 305417.3238048078,
        "n_hot_stdev": 7.981587871475765e+16
    },
    "2exp": null,
    "2nlsq": null,
    "1nlsq": null,
    "true_params": {
        "t_hot": 253.64209201942705,
        "t_hot_stdev": 0.0
    },
    "histogram": {
        "i": 1e+18,
        "l": 0.5,
        "a": 20.0,
        "filename": "hist_1e18_050_20"
    }
}