{
    "3exp": {
        "a1": 1375973389629359.0,
        "b1": -0.007884674441011713,
        "a2": 488282930946948.7,
        "b2": -0.002753083500008035,
        "a3": 154945196387902.12,
        "b3": -0.001984960803163008,
        "t_hot": 503.7882855956217,
        "n_hot": 154945196387902.12,
        "start_index": 0,
        "end_index": 679,
        "a1_stdev": 1.8424470029599392e+17,
        "b1_stdev": 1.6244702239604103,
        "a2_stdev": 9.710779183311169e+17,
        "b2_stdev": 2.19147699931636,
        "a3_stdev": 1.20525522417975e+18,
        "b3_stdev": 1.7228425701581498,
        "t_hot_stdev": 437261.98693095887,
        "n_hot_stdev": 1.20525522417975e+18
    },
    "2exp": null,
    "2nlsq": null,
    "1nlsq": null,
    "true_params": {
        "t_hot": 620.4336,
        "t_hot_stdev": 9.9101
    },
    "histogram": {
        "i": 1e+19,
        "l": 5.0,
        "a": 20.0,
        "filename": "hist_1e19_500_20"
    }
}