{
    "3exp": {
        "a1": 4674665361079667.0,
        "b1": -0.8199464417800169,
        "a2": 269563423884461.7,
        "b2": -0.22315804325471314,
        "a3": 28112308890072.938,
        "b3": -0.0716652534171819,
        "t_hot": 13.953763536964594,
        "n_hot": 28112308890072.938,
        "start_index": 0,
        "end_index": 249,
        "a1_stdev": 5.505430886681616e+20,
        "b1_stdev": 24899.123393087375,
        "a2_stdev": 8.122631587323418e+18,
        "b2_stdev": 2996.626675688229,
        "a3_stdev": 6.13992544421854e+17,
        "b3_stdev": 438.6914619483766,
        "t_hot_stdev": 85416.52521730048,
        "n_hot_stdev": 6.13992544421854e+17,
        "critical_energy": 4.780771817855682,
        "mswe": 5.694496170058042e+19,
        "mse": 6.556754850311039e+21
    },
    "2exp": {
        "a0": -35599183991.00643,
        "a1": 295542707376351.4,
        "b1": -0.22948156873108383,
        "a2": 27766361169159.645,
        "b2": -0.07062772039655756,
        "a0_stdev": 2.156380292086992e+16,
        "a1_stdev": 1.0891039062965821e+19,
        "b1_stdev": 4699.841634033324,
        "a2_stdev": 1.57388128026864e+18,
        "b2_stdev": 1713.5603168335988,
        "t_hot": 14.158746656203004,
        "n_hot": 27766361169159.645,
        "t_hot_stdev": 343517.6198516018,
        "n_hot_stdev": 1.57388128026864e+18,
        "start_index": 25,
        "end_index": 249,
        "mswe": 5.45326632048318e+19,
        "mse": 1.7220086631433922e+20
    },
    "2nlsq": {
        "a1": 326052513776151.3,
        "b1": -0.23597388777490777,
        "a2": 25870355708726.96,
        "b2": -0.06342403594076157,
        "a0": -610302451397.04,
        "a1_stdev": 91092815444866.05,
        "b1_stdev": 0.032330016707433865,
        "a2_stdev": 8619891513903.088,
        "b2_stdev": 0.010688642405328377,
        "a0_stdev": 201758647060.144,
        "start_index": 25,
        "end_index": 249,
        "t_hot": 15.76689318437581,
        "n_hot": 25870355708726.96,
        "t_hot_stdev": 2.657142211009832,
        "n_hot_stdev": 8619891513903.088,
        "mswe": 1.9924208612174086e+19,
        "mse": 1.8580520789350148e+20
    },
    "1nlsq": null,
    "true_params": {
        "t_hot": 11.9644,
        "t_hot_stdev": 0.4702
    },
    "histogram": {
        "i": 1e+18,
        "l": 0.02,
        "a": 10.0,
        "filename": "hist_1e18_002_10"
    }
}