{
    "3exp": {
        "a1": 852575450561164.5,
        "b1": -0.3361278448805786,
        "a2": 35558063838218.695,
        "b2": -0.10294012869999151,
        "a3": 3219049097345.5576,
        "b3": -0.013183959371865938,
        "t_hot": 75.84974830353023,
        "n_hot": 3219049097345.5576,
        "start_index": 0,
        "end_index": 297,
        "a1_stdev": 2.5016167522344817e+19,
        "b1_stdev": 3280.4139271990857,
        "a2_stdev": 9.983825626145473e+17,
        "b2_stdev": 1044.042294461065,
        "a3_stdev": 1.7705745017541416e+16,
        "b3_stdev": 49.916943780271176,
        "t_hot_stdev": 287181.37814461236,
        "n_hot_stdev": 1.7705745017541416e+16
    },
    "2exp": null,
    "2nlsq": null,
    "1nlsq": null,
    "true_params": {
        "t_hot": 66.3763,
        "t_hot_stdev": 2.9064
    },
    "histogram": {
        "i": 1e+17,
        "l": 1.0,
        "a": 10.0,
        "filename": "hist_1e17_100_10"
    }
}