{
    "3exp": {
        "a1": 757288365135765.5,
        "b1": -0.09950579798288213,
        "a2": 76858275256168.38,
        "b2": -0.013522589456804488,
        "a3": 3571708896664.182,
        "b3": -0.0033575839944120457,
        "t_hot": 297.8332043708447,
        "n_hot": 3571708896664.182,
        "start_index": 0,
        "end_index": 772,
        "critical_energy": 55.71294282421493,
        "mse": 142591785.54143247
    },
    "2exp": {
        "a1": 80437727576884.39,
        "b1": -0.013607102321450869,
        "a2": 3311551660345.144,
        "b2": -0.0033912564751416357,
        "a1_stdev": 291845476963.6773,
        "b1_stdev": 0.00018505395999112662,
        "a2_stdev": 59350602754.414604,
        "b2_stdev": 0.00032944871001698095,
        "t_hot": 294.8759574305671,
        "n_hot": 3311551660345.144,
        "t_hot_stdev": 28.646168316262543,
        "n_hot_stdev": 59350602754.414604,
        "start_index": 48,
        "end_index": 772,
        "mse": 118961159.49421804
    },
    "nlsq": {
        "a1": 84643851092515.1,
        "b1": -0.013939067187078512,
        "a2": 3126794585929.284,
        "b2": -0.00254109070070709,
        "a0": -245016704123.42957,
        "a1_stdev": 1618428945195.7532,
        "b1_stdev": 0.0002026039567231851,
        "a2_stdev": 245877265807.61905,
        "b2_stdev": 0.0002069410097417234,
        "a0_stdev": 32937525.103181507,
        "start_index": 48,
        "end_index": 772,
        "t_hot": 393.53180101825467,
        "n_hot": 3126794585929.284,
        "t_hot_stdev": 32.04839097067078,
        "n_hot_stdev": 245877265807.61905,
        "mse": 27450225.369943593
    },
    "true_params": {
        "t_hot": 286.5417,
        "t_hot_stdev": 22.3398
    },
    "histogram": {
        "i": 1e+18,
        "l": 1.0,
        "a": 0.0,
        "filename": "hist_1e18_100_0"
    }
}