{
    "3exp": {
        "a1": 1.0367467436674448e+16,
        "b1": -0.04225309067264018,
        "a2": 2221273053106980.2,
        "b2": -0.012919787073534255,
        "a3": 751749064638927.0,
        "b3": -0.004645735148015956,
        "t_hot": 215.25118590263756,
        "n_hot": 751749064638927.0,
        "start_index": 0,
        "end_index": 464,
        "a1_stdev": 1.0262010522470567e+20,
        "b1_stdev": 209.26060240808783,
        "a2_stdev": 1.1061279387450518e+19,
        "b2_stdev": 33.80387163890691,
        "a3_stdev": 1.4773856436520886e+18,
        "b3_stdev": 2.434943328431113,
        "t_hot_stdev": 112818.40706617752,
        "n_hot_stdev": 1.4773856436520886e+18,
        "critical_energy": 52.520245057039055,
        "mswe": 5.1457435985530906e+17,
        "mse": 4.903129959584279e+21
    },
    "2exp": {
        "a0": 529301505347.38794,
        "a1": 2868291051333811.5,
        "b1": -0.015186005205527667,
        "a2": 870372930181211.4,
        "b2": -0.004886470925325535,
        "a0_stdev": 4437316072944018.5,
        "a1_stdev": 1.3237027426856317e+19,
        "b1_stdev": 38.57759936010864,
        "a2_stdev": 1.7124617923345615e+18,
        "b2_stdev": 3.1313501839684235,
        "t_hot": 204.64666940249526,
        "n_hot": 870372930181211.4,
        "t_hot_stdev": 131141.75765597896,
        "n_hot_stdev": 1.7124617923345615e+18,
        "start_index": 25,
        "end_index": 464,
        "mswe": 5.509125136214403e+17,
        "mse": 9.557961633593979e+18
    },
    "2nlsq": {
        "a1": 2744091881668555.5,
        "b1": -0.014723642619188924,
        "a2": 846209521156559.4,
        "b2": -0.004840069098370473,
        "a0": 147871981562.38586,
        "a1_stdev": 224731841548149.38,
        "b1_stdev": 0.000699987538413114,
        "a2_stdev": 33513675763758.125,
        "b2_stdev": 6.190107716930384e-05,
        "a0_stdev": 86785658261.86307,
        "start_index": 25,
        "end_index": 464,
        "t_hot": 206.60862059524612,
        "n_hot": 846209521156559.4,
        "t_hot_stdev": 2.642378839511935,
        "n_hot_stdev": 33513675763758.125,
        "mswe": 5.03925596153188e+17,
        "mse": 9.683773826026746e+18
    },
    "1nlsq": null,
    "true_params": {
        "t_hot": 220.5841,
        "t_hot_stdev": 4.5128
    },
    "histogram": {
        "i": 1e+19,
        "l": 0.01,
        "a": 5.0,
        "filename": "hist_1e19_001_5"
    }
}