{
    "3exp": {
        "a1": 386950017923318.2,
        "b1": -0.11069924058435038,
        "a2": 33330120734478.12,
        "b2": -0.042940678964996135,
        "a3": 27632947488955.777,
        "b3": -0.014654559557970414,
        "t_hot": 68.23814772762063,
        "n_hot": 27632947488955.777,
        "start_index": 0,
        "end_index": 437,
        "critical_energy": 27.479780175859844,
        "mse": 72258770.89868484
    },
    "2exp": {
        "a1": 120781147849435.08,
        "b1": -0.06078573115762139,
        "a2": 28233184234338.082,
        "b2": -0.014795537558300684,
        "a1_stdev": 2871465886876.88,
        "b1_stdev": 0.0012615090738909817,
        "a2_stdev": 141028733577.73953,
        "b2_stdev": 0.0036732850044996312,
        "t_hot": 67.58794643719949,
        "n_hot": 28233184234338.082,
        "t_hot_stdev": 16.780045277462953,
        "n_hot_stdev": 141028733577.73953,
        "start_index": 34,
        "end_index": 437,
        "mse": 68797935.1221105
    },
    "nlsq": {
        "a1": 146294374185980.2,
        "b1": -0.0654289799281043,
        "a2": 29149868330876.703,
        "b2": -0.014974028744422229,
        "a0": -26867518543.461155,
        "a1_stdev": 60494799782227.71,
        "b1_stdev": 0.008505163339320108,
        "a2_stdev": 1155081038682.7712,
        "b2_stdev": 0.00024107617917961416,
        "a0_stdev": 18994574.769785408,
        "start_index": 34,
        "end_index": 437,
        "t_hot": 66.78229466952882,
        "n_hot": 29149868330876.703,
        "t_hot_stdev": 1.075169596009636,
        "n_hot_stdev": 1155081038682.7712,
        "mse": 59355193.569034144
    },
    "true_params": {
        "t_hot": 67.8854,
        "t_hot_stdev": 1.1717
    },
    "histogram": {
        "i": 1e+18,
        "l": 2.0,
        "a": 40.0,
        "filename": "hist_1e18_200_40"
    }
}