{
    "3exp": {
        "a1": 2917093350326866.0,
        "b1": -1.3570821326572164,
        "a2": 149572691003127.6,
        "b2": -0.30502945107163115,
        "a3": 19967295619500.137,
        "b3": -0.10835589162179528,
        "t_hot": 9.228847504576803,
        "n_hot": 19967295619500.137,
        "start_index": 0,
        "end_index": 410,
        "a1_stdev": 1.6692908880316026e+20,
        "b1_stdev": 21305.044197607334,
        "a2_stdev": 2.079432861953356e+18,
        "b2_stdev": 2639.718852703963,
        "a3_stdev": 3.686498593196383e+17,
        "b3_stdev": 538.2459764364672,
        "t_hot_stdev": 45843.285142466855,
        "n_hot_stdev": 3.686498593196383e+17,
        "critical_energy": 2.82358528371549,
        "mswe": 5.721861108169077e+19,
        "mse": 9.703075670875194e+21
    },
    "2exp": {
        "a0": 180268240236.7629,
        "a1": 195389128451367.06,
        "b1": -0.3959156007862423,
        "a2": 40207847093235.9,
        "b2": -0.14139625105363252,
        "a0_stdev": 4188229818547386.0,
        "a1_stdev": 4.4901619643238707e+18,
        "b1_stdev": 6259.313851449885,
        "a2_stdev": 1.0898005218235226e+18,
        "b2_stdev": 1248.1534664078413,
        "t_hot": 7.0723232939230725,
        "n_hot": 40207847093235.9,
        "t_hot_stdev": 62429.83649912143,
        "n_hot_stdev": 1.0898005218235226e+18,
        "start_index": 25,
        "end_index": 410,
        "mswe": 6.88948359151283e+19,
        "mse": 4.3138794439740667e+20
    },
    "2nlsq": {
        "a1": 218394477386688.97,
        "b1": -0.42307829329567104,
        "a2": 42454608425697.336,
        "b2": -0.13992318789195768,
        "a0": -124293855129.45096,
        "a1_stdev": 46762303508791.86,
        "b1_stdev": 0.052397723379686637,
        "a2_stdev": 7290856176390.744,
        "b2_stdev": 0.008235130562961572,
        "a0_stdev": 32742509904.21345,
        "start_index": 25,
        "end_index": 410,
        "t_hot": 7.146778279323899,
        "n_hot": 42454608425697.336,
        "t_hot_stdev": 0.4206211502286172,
        "n_hot_stdev": 7290856176390.744,
        "mswe": 2.4884816074497675e+19,
        "mse": 4.53931101031812e+20
    },
    "1nlsq": null,
    "true_params": {
        "t_hot": 7.5726,
        "t_hot_stdev": 0.2304
    },
    "histogram": {
        "i": 1e+18,
        "l": 0.02,
        "a": 5.0,
        "filename": "hist_1e18_002_5"
    }
}