{
    "3exp": {
        "a1": 3944308568163805.5,
        "b1": -0.02117735883275971,
        "a2": 639666455375457.1,
        "b2": -0.0022753457435323475,
        "a3": 399803474655.136,
        "b3": 4.689425802944111e-05,
        "t_hot": 439.49364743467765,
        "n_hot": 639666455375457.1,
        "start_index": 0,
        "end_index": 609,
        "a1_stdev": 5.9921691264838e+18,
        "b1_stdev": 11.69010620225446,
        "a2_stdev": 7.0531179571897064e+16,
        "b2_stdev": 0.18134439145070344,
        "a3_stdev": 4481826409472435.5,
        "b3_stdev": 3.3502884513411164,
        "t_hot_stdev": 35027.51538619457,
        "n_hot_stdev": 7.0531179571897064e+16
    },
    "2exp": null,
    "2nlsq": null,
    "1nlsq": null,
    "true_params": {
        "t_hot": 507.9772,
        "t_hot_stdev": 3.9501
    },
    "histogram": {
        "i": 1e+19,
        "l": 1.0,
        "a": 10.0,
        "filename": "hist_1e19_100_10"
    }
}