{
    "3exp": {
        "a1": 4362643307539473.0,
        "b1": -0.019028802952727793,
        "a2": 737054350868446.1,
        "b2": -0.0023098960544885405,
        "a3": 1631615281322.4045,
        "b3": -0.00025081563215886507,
        "t_hot": 3986.9923233756267,
        "n_hot": 1631615281322.4045,
        "start_index": 0,
        "end_index": 760,
        "critical_energy": 420.24008147692575,
        "mse": 54262931.82400469
    },
    "2exp": {
        "a1": 734585020981786.0,
        "b1": -0.0022925960248079665,
        "a2": 747393321426.0103,
        "b2": -9.491080759266535e-05,
        "a1_stdev": 1211681176253.6665,
        "b1_stdev": 0.0001226780705109316,
        "a2_stdev": 98871581908.57143,
        "b2_stdev": 0.00017795098145417654,
        "t_hot": 10536.20789206391,
        "n_hot": 747393321426.0103,
        "t_hot_stdev": 19754.63682960914,
        "n_hot_stdev": 98871581908.57143,
        "start_index": 79,
        "end_index": 760,
        "mse": 47590469.37168577
    },
    "nlsq": {
        "a1": 775479503016910.0,
        "b1": -0.0024104208005110194,
        "a2": 9245323583215.69,
        "b2": -0.0006912893677568737,
        "a0": -331007916947.7804,
        "a1_stdev": 9682788754822.684,
        "b1_stdev": 3.489934276575868e-05,
        "a2_stdev": 4939921580568.066,
        "b2_stdev": 0.00022644107189528275,
        "a0_stdev": 50377557.10648784,
        "start_index": 79,
        "end_index": 760,
        "t_hot": 1446.5722266853954,
        "n_hot": 9245323583215.69,
        "t_hot_stdev": 473.8440671342581,
        "n_hot_stdev": 4939921580568.066,
        "mse": 25951077.187918924
    },
    "true_params": {
        "t_hot": 576.6755,
        "t_hot_stdev": 8.2074
    },
    "histogram": {
        "i": 1e+19,
        "l": 0.6,
        "a": 20.0,
        "filename": "hist_1e19_060_20"
    }
}