{
    "3exp": {
        "a1": 890775830335065.6,
        "b1": -0.6539425327489288,
        "a2": 10773880168372.957,
        "b2": -0.19938122396342894,
        "a3": 1107577561865.2053,
        "b3": -0.031019375060181025,
        "t_hot": 32.23791575619719,
        "n_hot": 1107577561865.2053,
        "start_index": 0,
        "end_index": 380,
        "a1_stdev": 5.596259993804683e+18,
        "b1_stdev": 1462.8681278616532,
        "a2_stdev": 2.5939053278163168e+17,
        "b2_stdev": 1793.4756873991141,
        "a3_stdev": 5975457506133835.0,
        "b3_stdev": 98.62227074050834,
        "t_hot_stdev": 102496.47033987746,
        "n_hot_stdev": 5975457506133835.0
    },
    "2exp": null,
    "2nlsq": null,
    "1nlsq": null,
    "true_params": {
        "t_hot": 28.0104,
        "t_hot_stdev": 1.3527
    },
    "histogram": {
        "i": 1e+17,
        "l": 5.0,
        "a": 4.0,
        "filename": "hist_1e17_500_4"
    }
}