{
    "3exp": {
        "a1": 4161927215121955.0,
        "b1": -2.0669318298067765,
        "a2": 79106748394094.69,
        "b2": -0.5162770637585665,
        "a3": 10012075136442.266,
        "b3": -0.2495116082073138,
        "t_hot": 4.007829564262684,
        "n_hot": 10012075136442.266,
        "start_index": 0,
        "end_index": 470,
        "a1_stdev": 2.9181064999626527e+19,
        "b1_stdev": 4309.610849169335,
        "a2_stdev": 4.6473297043305715e+17,
        "b2_stdev": 2804.7168813703715,
        "a3_stdev": 2.7281565588695174e+17,
        "b3_stdev": 1409.0766360475081,
        "t_hot_stdev": 22633.572204667773,
        "n_hot_stdev": 2.7281565588695174e+17
    },
    "2exp": null,
    "2nlsq": null,
    "1nlsq": null,
    "true_params": {
        "t_hot": 2.8198,
        "t_hot_stdev": 0.0397
    },
    "histogram": {
        "i": 1e+17,
        "l": 0.2,
        "a": 3.0,
        "filename": "hist_1e17_020_3"
    }
}