{
    "3exp": {
        "a1": 6545809813125215.0,
        "b1": -0.01878373744114035,
        "a2": 749356833742315.4,
        "b2": -0.005450072985658227,
        "a3": 548240037442852.0,
        "b3": -0.0024150129373567393,
        "t_hot": 414.0764567060713,
        "n_hot": 548240037442852.0,
        "start_index": 0,
        "end_index": 443,
        "a1_stdev": 2.4200506469009695e+19,
        "b1_stdev": 57.529085015329,
        "a2_stdev": 5.231179338444762e+18,
        "b2_stdev": 39.84839173026577,
        "a3_stdev": 3.330834248782948e+18,
        "b3_stdev": 3.569232127746354,
        "t_hot_stdev": 611978.0849854575,
        "n_hot_stdev": 3.330834248782948e+18
    },
    "2exp": null,
    "2nlsq": null,
    "1nlsq": null,
    "true_params": {
        "t_hot": 462.4804,
        "t_hot_stdev": 11.2318
    },
    "histogram": {
        "i": 1e+19,
        "l": 0.2,
        "a": 25.0,
        "filename": "hist_1e19_020_25"
    }
}