{
    "3exp": {
        "a1": 1214926837761125.0,
        "b1": -0.3386586402548895,
        "a2": 83548228850212.48,
        "b2": -0.049551201526087794,
        "a3": -15924707656.758177,
        "b3": 0.035712733134929175,
        "t_hot": 20.181145344649583,
        "n_hot": 83548228850212.48,
        "start_index": 0,
        "end_index": 526,
        "a1_stdev": 1.9884701393161405e+18,
        "b1_stdev": 286.6066774435726,
        "a2_stdev": 8.984423906413547e+16,
        "b2_stdev": 32.779665266612184,
        "a3_stdev": 568245710883582.0,
        "b3_stdev": 334.29738336084085,
        "t_hot_stdev": 13350.457077134208,
        "n_hot_stdev": 8.984423906413547e+16,
        "critical_energy": 9.25958561897293,
        "mswe": 3.371400010354628e+18,
        "mse": 1.3128541183534862e+20
    },
    "2exp": {
        "a0": -1114882629270.5146,
        "a1": 496147142721496.5,
        "b1": -0.23187606680267686,
        "a2": 65536197032761.64,
        "b2": -0.041435480254824374,
        "a0_stdev": 2530044121609838.5,
        "a1_stdev": 1.0079182275000254e+19,
        "b1_stdev": 1429.6493291054983,
        "a2_stdev": 1.250917853824753e+17,
        "b2_stdev": 41.85056173375605,
        "t_hot": 24.133906349102084,
        "n_hot": 65536197032761.64,
        "t_hot_stdev": 24375.668661935844,
        "n_hot_stdev": 1.250917853824753e+17,
        "start_index": 50,
        "end_index": 526,
        "mswe": 4.095459353187508e+18,
        "mse": 1.0494010062991653e+20
    },
    "2nlsq": {
        "a1": 3308516838074556.0,
        "b1": -0.38913570811717263,
        "a2": 84163698320703.95,
        "b2": -0.04926962661236293,
        "a0": -572732495128.5626,
        "a1_stdev": 3634277981249186.5,
        "b1_stdev": 0.07527540891962645,
        "a2_stdev": 2322949602228.918,
        "b2_stdev": 0.0006971280067993958,
        "a0_stdev": 28589474786.6354,
        "start_index": 50,
        "end_index": 526,
        "t_hot": 20.296480179719406,
        "n_hot": 84163698320703.95,
        "t_hot_stdev": 0.2871798660877379,
        "n_hot_stdev": 2322949602228.918,
        "mswe": 2.232451708463899e+18,
        "mse": 1.1734853760130374e+20
    },
    "1nlsq": null,
    "true_params": {
        "t_hot": 19.4591,
        "t_hot_stdev": 0.2407
    },
    "histogram": {
        "i": 1e+17,
        "l": 0.05,
        "a": 40.0,
        "filename": "hist_1e17_005_40"
    }
}