{
    "3exp": {
        "a1": 732309818830794.2,
        "b1": -0.22133975646489798,
        "a2": 39731066547290.73,
        "b2": -0.06070504425842967,
        "a3": 10356665585194.523,
        "b3": -0.010935675460983663,
        "t_hot": 91.44382562995794,
        "n_hot": 10356665585194.523,
        "start_index": 0,
        "end_index": 669,
        "critical_energy": 20.23997502116878,
        "mse": 65860018.50287185
    },
    "2exp": {
        "a1": 44230398889967.125,
        "b1": -0.06281413561011957,
        "a2": 10393522370732.264,
        "b2": -0.011009819648803919,
        "a1_stdev": 668597903413.1815,
        "b1_stdev": 0.0004995311425148227,
        "a2_stdev": 44592262402.80359,
        "b2_stdev": 0.0019717461060595135,
        "t_hot": 90.82800916803734,
        "n_hot": 10393522370732.264,
        "t_hot_stdev": 16.26636758011484,
        "n_hot_stdev": 44592262402.80359,
        "start_index": 38,
        "end_index": 669,
        "mse": 63363974.111991644
    },
    "nlsq": {
        "a1": 33717480878326.5,
        "b1": -0.05238146460009755,
        "a2": 9181654558842.502,
        "b2": -0.009900234150844206,
        "a0": -109884359680.16911,
        "a1_stdev": 3979496261961.6523,
        "b1_stdev": 0.003370324681128588,
        "a2_stdev": 298475474426.81415,
        "b2_stdev": 0.00021295667537968478,
        "a0_stdev": 29438802.98682675,
        "start_index": 38,
        "end_index": 669,
        "t_hot": 101.00771201605657,
        "n_hot": 9181654558842.502,
        "t_hot_stdev": 2.17270280792438,
        "n_hot_stdev": 298475474426.81415,
        "mse": 45252737.84560313
    },
    "true_params": {
        "t_hot": 92.2364,
        "t_hot_stdev": 1.0092
    },
    "histogram": {
        "i": 1e+18,
        "l": 2.0,
        "a": 60.0,
        "filename": "hist_1e18_200_60"
    }
}