{
    "3exp": {
        "a1": 7940531974497683.0,
        "b1": -0.016857149096160325,
        "a2": 1037707494971884.9,
        "b2": -0.00436795629332661,
        "a3": 465110456031903.56,
        "b3": -0.00208486645375296,
        "t_hot": 479.64702880604364,
        "n_hot": 465110456031903.56,
        "start_index": 0,
        "end_index": 528,
        "a1_stdev": 1.5635913295814472e+19,
        "b1_stdev": 26.270460788031453,
        "a2_stdev": 2.3572998235606083e+18,
        "b2_stdev": 14.660080253145184,
        "a3_stdev": 2.784772233989606e+18,
        "b3_stdev": 2.830669993988104,
        "t_hot_stdev": 651227.5401154758,
        "n_hot_stdev": 2.784772233989606e+18
    },
    "2exp": null,
    "2nlsq": null,
    "1nlsq": null,
    "true_params": {
        "t_hot": 526.8657,
        "t_hot_stdev": 15.8406
    },
    "histogram": {
        "i": 1e+19,
        "l": 0.2,
        "a": 30.0,
        "filename": "hist_1e19_020_30"
    }
}