{
    "3exp": {
        "a1": 1583813969384784.2,
        "b1": -0.01593341399815485,
        "a2": 575791226931746.4,
        "b2": -0.003069000603429659,
        "a3": 35349259091868.99,
        "b3": -0.0009028204884514289,
        "t_hot": 1107.6399049331048,
        "n_hot": 35349259091868.99,
        "start_index": 0,
        "end_index": 673,
        "a1_stdev": 3.9428548757903073e+18,
        "b1_stdev": 19.849069669564884,
        "a2_stdev": 2.179720383574546e+17,
        "b2_stdev": 0.9069451833378435,
        "a3_stdev": 4.788787662021354e+16,
        "b3_stdev": 0.4384023676644413,
        "t_hot_stdev": 537861.0289130744,
        "n_hot_stdev": 4.788787662021354e+16
    },
    "2exp": null,
    "2nlsq": null,
    "1nlsq": null,
    "true_params": {
        "t_hot": 909.2089,
        "t_hot_stdev": 17.6015
    },
    "histogram": {
        "i": 1e+19,
        "l": 0.5,
        "a": 0.0,
        "filename": "hist_1e19_050_0"
    }
}