{
    "3exp": {
        "a1": 4421591574971406.5,
        "b1": -0.01964267762073619,
        "a2": 704080889198485.0,
        "b2": -0.005190119042250121,
        "a3": 289144849644131.4,
        "b3": -0.0025778385492055975,
        "t_hot": 387.9218891765608,
        "n_hot": 289144849644131.4,
        "start_index": 0,
        "end_index": 493,
        "a1_stdev": 1.0508722660465226e+19,
        "b1_stdev": 36.36048337113547,
        "a2_stdev": 1.51039740312212e+18,
        "b2_stdev": 17.508167729793797,
        "a3_stdev": 2.0828647950814666e+18,
        "b3_stdev": 3.997474031708669,
        "t_hot_stdev": 601553.4521324253,
        "n_hot_stdev": 2.0828647950814666e+18
    },
    "2exp": null,
    "2nlsq": null,
    "1nlsq": null,
    "true_params": {
        "t_hot": 451.0376,
        "t_hot_stdev": 16.0578
    },
    "histogram": {
        "i": 1e+19,
        "l": 0.2,
        "a": 20.0,
        "filename": "hist_1e19_020_20"
    }
}