{
    "3exp": {
        "a1": 562468031298095.75,
        "b1": -0.3258998774350284,
        "a2": 48244854680338.43,
        "b2": -0.0912225750901738,
        "a3": 9013491258169.031,
        "b3": -0.016936545284668033,
        "t_hot": 59.04391853191332,
        "n_hot": 9013491258169.031,
        "start_index": 0,
        "end_index": 624,
        "a1_stdev": 6.396647312310954e+18,
        "b1_stdev": 2436.3069595487427,
        "a2_stdev": 1.0887579307356454e+18,
        "b2_stdev": 1043.5576775598,
        "a3_stdev": 6.418631856683338e+16,
        "b3_stdev": 61.61839040158879,
        "t_hot_stdev": 214813.06617073464,
        "n_hot_stdev": 6.418631856683338e+16,
        "critical_energy": 10.465627017722143,
        "mswe": 1.2526195329051695e+19,
        "mse": 4.3507916966780613e+20
    },
    "2exp": {
        "a0": -1220466150448.4106,
        "a1": 63110002511530.734,
        "b1": -0.09209462998066442,
        "a2": 8070835089290.157,
        "b2": -0.010174908145600467,
        "a0_stdev": 5.501083934896106e+16,
        "a1_stdev": 6.785075563943638e+17,
        "b1_stdev": 685.1757811771512,
        "a2_stdev": 3.649775022214285e+16,
        "b2_stdev": 228.61075811170522,
        "t_hot": 98.28098550770608,
        "n_hot": 8070835089290.157,
        "t_hot_stdev": 2208186.0871242546,
        "n_hot_stdev": 3.649775022214285e+16,
        "start_index": 45,
        "end_index": 624,
        "mswe": 8.864234269545209e+18,
        "mse": 1.4657956560646906e+19
    },
    "2nlsq": null,
    "1nlsq": null,
    "true_params": {
        "t_hot": 54.0131,
        "t_hot_stdev": 2.2531
    },
    "histogram": {
        "i": 1e+17,
        "l": 0.1,
        "a": 20.0,
        "filename": "hist_1e17_010_20"
    }
}