{
    "3exp": {
        "a1": 1.8657828582915805e+17,
        "b1": -7.3973981621564135,
        "a2": 1898699116901346.2,
        "b2": -3.343786147766078,
        "a3": 20757749432117.953,
        "b3": -0.7900541640875431,
        "t_hot": 1.2657360032459666,
        "n_hot": 20757749432117.953,
        "start_index": 0,
        "end_index": 273,
        "critical_energy": 1.3778133168556614,
        "mse": 10603048368.851238
    },
    "2exp": {
        "a1": 9523407449465020.0,
        "b1": -4.051928098536354,
        "a2": 21008193104471.824,
        "b2": -0.7938754919696117,
        "a1_stdev": 555200829963292.94,
        "b1_stdev": 0.14971188147731906,
        "a2_stdev": 420718484717.305,
        "b2_stdev": 0.5253265019046003,
        "t_hot": 1.259643369918111,
        "n_hot": 21008193104471.824,
        "t_hot_stdev": 0.8335363062092531,
        "n_hot_stdev": 420718484717.305,
        "start_index": 33,
        "end_index": 273,
        "mse": 10380269701.881731
    },
    "nlsq": {
        "a1": 3.615404675713759e+16,
        "b1": -4.790749409713096,
        "a2": 27147039688936.42,
        "b2": -0.8859385763634143,
        "a0": 0.0,
        "a1_stdev": Infinity,
        "b1_stdev": Infinity,
        "a2_stdev": Infinity,
        "b2_stdev": Infinity,
        "a0_stdev": Infinity,
        "start_index": 33,
        "end_index": 273,
        "t_hot": 1.1287464240520861,
        "n_hot": 27147039688936.42,
        "t_hot_stdev": Infinity,
        "n_hot_stdev": Infinity,
        "mse": 8921446101.58741
    },
    "true_params": {
        "t_hot": 1.1753,
        "t_hot_stdev": 0.0436
    },
    "histogram": {
        "i": 1e+17,
        "l": 0.01,
        "a": 3.0,
        "filename": "hist_1e17_001_3"
    }
}