{
    "3exp": {
        "a1": 2253134320969402.0,
        "b1": -0.016834300092724755,
        "a2": 409546596096668.8,
        "b2": -0.0036514617439999107,
        "a3": 300046268423482.5,
        "b3": -0.0015825347527989135,
        "t_hot": 631.8976554741519,
        "n_hot": 300046268423482.5,
        "start_index": 0,
        "end_index": 884,
        "critical_energy": 132.1906560712515,
        "mse": 38843457.95303317
    },
    "2exp": {
        "a1": 502434542780447.25,
        "b1": -0.004110604839414177,
        "a2": 313494353627447.0,
        "b2": -0.0016078199664815056,
        "a1_stdev": 1917377352364.542,
        "b1_stdev": 4.18576326111597e-05,
        "a2_stdev": 617466493666.8687,
        "b2_stdev": 7.695377669662097e-05,
        "t_hot": 621.960182636843,
        "n_hot": 313494353627447.0,
        "t_hot_stdev": 29.768373329487293,
        "n_hot_stdev": 617466493666.8687,
        "start_index": 29,
        "end_index": 884,
        "mse": 32558916.828092173
    },
    "nlsq": {
        "a1": 509698622820772.2,
        "b1": -0.004217571984817628,
        "a2": 318833674942003.0,
        "b2": -0.0016096040769654802,
        "a0": -154389808897.91977,
        "a1_stdev": 7562560490133.857,
        "b1_stdev": 8.039678883542753e-05,
        "a2_stdev": 5381621750355.128,
        "b2_stdev": 8.024506026442223e-06,
        "a0_stdev": 1169262.876236059,
        "start_index": 29,
        "end_index": 884,
        "t_hot": 621.2707921846586,
        "n_hot": 318833674942003.0,
        "t_hot_stdev": 3.0972779500764425,
        "n_hot_stdev": 5381621750355.128,
        "mse": 9540244.177214073
    },
    "true_params": {
        "t_hot": 636.7122,
        "t_hot_stdev": 4.3957
    },
    "histogram": {
        "i": 1e+19,
        "l": 2.0,
        "a": 10.0,
        "filename": "hist_1e19_200_10"
    }
}