{
    "3exp": {
        "a1": 346942444944615.4,
        "b1": -0.036283747125064304,
        "a2": 49558453606598.16,
        "b2": -0.012751833352982597,
        "a3": 19702112913627.586,
        "b3": -0.004410279309852627,
        "t_hot": 226.74300871738117,
        "n_hot": 19702112913627.586,
        "start_index": 0,
        "end_index": 784,
        "a1_stdev": 1.3400815503137931e+17,
        "b1_stdev": 22.067024391474497,
        "a2_stdev": 1.277773462304821e+17,
        "b2_stdev": 17.157971803049097,
        "a3_stdev": 1.555520228325769e+16,
        "b3_stdev": 0.9135376190011277,
        "t_hot_stdev": 46967.15417685191,
        "n_hot_stdev": 1.555520228325769e+16,
        "critical_energy": 82.69646347085738,
        "mswe": 7879253288357873.0,
        "mse": 7.932008676394829e+18
    },
    "2exp": {
        "a0": -169521519283.391,
        "a1": 137842280943622.19,
        "b1": -0.017003655497861873,
        "a2": 16677461788059.889,
        "b2": -0.003888371735800814,
        "a0_stdev": 102899776700596.4,
        "a1_stdev": 1.1962479227526864e+17,
        "b1_stdev": 7.022024742305992,
        "a2_stdev": 7279280178011856.0,
        "b2_stdev": 0.7957875280607528,
        "t_hot": 257.1770571195269,
        "n_hot": 16677461788059.889,
        "t_hot_stdev": 52633.41790980737,
        "n_hot_stdev": 7279280178011856.0,
        "start_index": 57,
        "end_index": 784,
        "mswe": 4249966437365344.0,
        "mse": 5.612159378811767e+16
    },
    "2nlsq": {
        "a1": 194493802210422.28,
        "b1": -0.02106373724725973,
        "a2": 23561007237853.273,
        "b2": -0.004738578850096129,
        "a0": -60401429083.77683,
        "a1_stdev": 24085839108262.027,
        "b1_stdev": 0.001000157246668518,
        "a2_stdev": 787972233478.7617,
        "b2_stdev": 6.726695251315176e-05,
        "a0_stdev": 5727974907.909261,
        "start_index": 57,
        "end_index": 784,
        "t_hot": 211.03373640806115,
        "n_hot": 23561007237853.273,
        "t_hot_stdev": 2.9957497331390943,
        "n_hot_stdev": 787972233478.7617,
        "mswe": 3040778197877053.5,
        "mse": 6.0260020976593416e+16
    },
    "1nlsq": null,
    "true_params": {
        "t_hot": 245.3881,
        "t_hot_stdev": 8.2872
    },
    "histogram": {
        "i": 1e+18,
        "l": 2.0,
        "a": 5.0,
        "filename": "hist_1e18_200_5"
    }
}