{
    "3exp": {
        "a1": 1705196738183965.0,
        "b1": -0.008819642293657223,
        "a2": 494347692585935.06,
        "b2": -0.0016346641443446897,
        "a3": 285910593263.00354,
        "b3": -3.2997883168489e-05,
        "t_hot": 30304.974258316666,
        "n_hot": 285910593263.00354,
        "start_index": 0,
        "end_index": 759,
        "critical_energy": 989.4006737829591,
        "mse": 30232817.9032172
    },
    "2exp": {
        "a1": 405506343400063.75,
        "b1": -0.0025727754268429943,
        "a2": 274750002361595.94,
        "b2": -0.0014126840335806183,
        "a1_stdev": 6878760359679.049,
        "b1_stdev": 0.0003262710126135958,
        "a2_stdev": 1307871375678.5793,
        "b2_stdev": 0.0004688908474982284,
        "t_hot": 707.8723736017454,
        "n_hot": 274750002361595.94,
        "t_hot_stdev": 234.95337194222165,
        "n_hot_stdev": 1307871375678.5793,
        "start_index": 142,
        "end_index": 759,
        "mse": 5229375.534928065
    },
    "nlsq": {
        "a1": 453660712138228.6,
        "b1": -0.002436316527112845,
        "a2": 224855158932853.53,
        "b2": -0.0013461386020873066,
        "a0": -94505279303.61263,
        "a1_stdev": 29596219844379.242,
        "b1_stdev": 0.0001967383022568447,
        "a2_stdev": 34034607867161.555,
        "b2_stdev": 3.6775217815206124e-05,
        "a0_stdev": 1872355.234652549,
        "start_index": 142,
        "end_index": 759,
        "t_hot": 742.8655551883081,
        "n_hot": 224855158932853.53,
        "t_hot_stdev": 20.294375747863906,
        "n_hot_stdev": 34034607867161.555,
        "mse": 3210955.2933839355
    },
    "true_params": {
        "t_hot": 686.3973,
        "t_hot_stdev": 3.4146
    },
    "histogram": {
        "i": 1e+19,
        "l": 5.0,
        "a": 5.0,
        "filename": "hist_1e19_500_5"
    }
}