{
    "3exp": {
        "a1": 1566888439263342.2,
        "b1": -1.3406162657593217,
        "a2": 127173091223097.88,
        "b2": -0.34535925706821213,
        "a3": 17855262310844.957,
        "b3": -0.09406272960123205,
        "t_hot": 10.63120328571564,
        "n_hot": 17855262310844.957,
        "start_index": 0,
        "end_index": 453,
        "a1_stdev": 1.3658014585098499e+20,
        "b1_stdev": 36476.58251455286,
        "a2_stdev": 3.39049709911493e+18,
        "b2_stdev": 4406.969169098489,
        "a3_stdev": 2.3632471148980234e+17,
        "b3_stdev": 402.3578116461503,
        "t_hot_stdev": 45475.4790482912,
        "n_hot_stdev": 2.3632471148980234e+17,
        "critical_energy": 2.523265792172114,
        "mswe": 9.731165330716865e+19,
        "mse": 1.0841387373696872e+22
    },
    "2exp": {
        "a0": -125257937317.41797,
        "a1": 135051248713490.0,
        "b1": -0.3425703644680825,
        "a2": 15991542246708.977,
        "b2": -0.08667876413530556,
        "a0_stdev": 1.4899900030438936e+16,
        "a1_stdev": 2.0389054287538145e+18,
        "b1_stdev": 3900.0241701741998,
        "a2_stdev": 4.267301940978774e+17,
        "b2_stdev": 1364.7149658101966,
        "t_hot": 11.536851153518985,
        "n_hot": 15991542246708.977,
        "t_hot_stdev": 181642.10789801757,
        "n_hot_stdev": 4.267301940978774e+17,
        "start_index": 25,
        "end_index": 453,
        "mswe": 8.390903492536913e+19,
        "mse": 3.1115178825172825e+20
    },
    "2nlsq": {
        "a1": 136253231245589.05,
        "b1": -0.33996612298340484,
        "a2": 15084669962297.52,
        "b2": -0.07744125938954434,
        "a0": -623673483866.1401,
        "a1_stdev": 13837186464692.645,
        "b1_stdev": 0.02481359788604186,
        "a2_stdev": 2405961216360.363,
        "b2_stdev": 0.008610696670666053,
        "a0_stdev": 133128622487.00221,
        "start_index": 25,
        "end_index": 453,
        "t_hot": 12.913013139027205,
        "n_hot": 15084669962297.52,
        "t_hot_stdev": 1.4357984376930313,
        "n_hot_stdev": 2405961216360.363,
        "mswe": 3.2333071563396493e+19,
        "mse": 3.3121155799685274e+20
    },
    "1nlsq": null,
    "true_params": {
        "t_hot": 9.5788,
        "t_hot_stdev": 0.4069
    },
    "histogram": {
        "i": 1e+17,
        "l": 0.02,
        "a": 20.0,
        "filename": "hist_1e17_002_20"
    }
}