{
    "3exp": {
        "a1": 3995168287583635.0,
        "b1": -0.014474755938400367,
        "a2": 671417242765982.0,
        "b2": -0.002431178438924198,
        "a3": 49251632372125.82,
        "b3": -0.001197903948370498,
        "t_hot": 834.7914716871035,
        "n_hot": 49251632372125.82,
        "start_index": 0,
        "end_index": 721,
        "a1_stdev": 2.4987234920999465e+18,
        "b1_stdev": 5.249433139559389,
        "a2_stdev": 1.4042624477984394e+17,
        "b2_stdev": 0.8539181304889426,
        "a3_stdev": 2.244886358010367e+17,
        "b3_stdev": 1.169236750375551,
        "t_hot_stdev": 814813.9664489741,
        "n_hot_stdev": 2.244886358010367e+17,
        "critical_energy": 148.08309374170855,
        "mswe": 1.582153134590351e+16,
        "mse": 8.746031268969651e+18
    },
    "2exp": {
        "a0": 676413358462.956,
        "a1": 1205443952638691.5,
        "b1": -0.008583930811707292,
        "a2": 608911115519662.4,
        "b2": -0.0021209119507881666,
        "a0_stdev": 455313589269456.5,
        "a1_stdev": 6.085852811353132e+18,
        "b1_stdev": 17.98909148968015,
        "a2_stdev": 2.678736814027972e+17,
        "b2_stdev": 0.33862619131062965,
        "t_hot": 471.4952922153997,
        "n_hot": 608911115519662.4,
        "t_hot_stdev": 75279.24719574548,
        "n_hot_stdev": 2.678736814027972e+17,
        "start_index": 32,
        "end_index": 721,
        "mswe": 3.347335298926121e+16,
        "mse": 3.871839163587806e+17
    },
    "2nlsq": {
        "a1": 615516239609761.8,
        "b1": -0.003670235507126718,
        "a2": 325889866777880.44,
        "b2": -0.0017530153770741463,
        "a0": -221656586695.6602,
        "a1_stdev": 19524596651546.965,
        "b1_stdev": 0.0001723081626015772,
        "a2_stdev": 30578198206961.87,
        "b2_stdev": 4.1410553332665296e-05,
        "a0_stdev": 33653584841.962532,
        "start_index": 32,
        "end_index": 721,
        "t_hot": 570.4456521476957,
        "n_hot": 325889866777880.44,
        "t_hot_stdev": 13.475335362474713,
        "n_hot_stdev": 30578198206961.87,
        "mswe": 8813085852414427.0,
        "mse": 7.812939348546406e+17
    },
    "1nlsq": null,
    "true_params": {
        "t_hot": 588.7512,
        "t_hot_stdev": 7.9664
    },
    "histogram": {
        "i": 1e+19,
        "l": 0.4,
        "a": 20.0,
        "filename": "hist_1e19_040_20"
    }
}