{
    "3exp": {
        "a1": 184163942441020.8,
        "b1": -0.3685633162047989,
        "a2": 37975366227751.17,
        "b2": -0.18215828966404649,
        "a3": 5017750305471.616,
        "b3": -0.04150872210241953,
        "t_hot": 24.0913222414455,
        "n_hot": 5017750305471.616,
        "start_index": 0,
        "end_index": 422,
        "a1_stdev": 4.11662925786164e+18,
        "b1_stdev": 9544.615578191188,
        "a2_stdev": 6.278210176237027e+18,
        "b2_stdev": 9184.978707330656,
        "a3_stdev": 1.5476724415185987e+17,
        "b3_stdev": 577.5764942830498,
        "t_hot_stdev": 335220.6653947143,
        "n_hot_stdev": 1.5476724415185987e+17,
        "critical_energy": 8.470204314696113,
        "mswe": 3.1263259289214353e+19,
        "mse": 5.639328713965992e+20
    },
    "2exp": {
        "a0": 274335710099.7983,
        "a1": 350650298280197.25,
        "b1": -0.35642368243676936,
        "a2": 10423967636179.795,
        "b2": -0.06801796951079868,
        "a0_stdev": 8026279550750101.0,
        "a1_stdev": 4.210173332849463e+19,
        "b1_stdev": 10343.356932533336,
        "a2_stdev": 2.9070725773228845e+17,
        "b2_stdev": 1044.826201279266,
        "t_hot": 14.701997239732918,
        "n_hot": 10423967636179.795,
        "t_hot_stdev": 225837.84899326714,
        "n_hot_stdev": 2.9070725773228845e+17,
        "start_index": 59,
        "end_index": 422,
        "mswe": 3.2322899503982318e+19,
        "mse": 3.757971101105616e+19
    },
    "2nlsq": {
        "a1": 300496974127027.56,
        "b1": -0.3427311513616984,
        "a2": 10094417830241.496,
        "b2": -0.06331432980409464,
        "a0": 294171241.8359916,
        "a1_stdev": 283317817542664.0,
        "b1_stdev": 0.08116699054107682,
        "a2_stdev": 2222103616227.429,
        "b2_stdev": 0.008327802152713785,
        "a0_stdev": 79032629337.9799,
        "start_index": 59,
        "end_index": 422,
        "t_hot": 15.794212828188673,
        "n_hot": 10094417830241.496,
        "t_hot_stdev": 2.0774298645818243,
        "n_hot_stdev": 2222103616227.429,
        "mswe": 2.2730452309219664e+19,
        "mse": 4.362583745723007e+19
    },
    "1nlsq": null,
    "true_params": {
        "t_hot": 18.1601,
        "t_hot_stdev": 1.6525
    },
    "histogram": {
        "i": 1e+17,
        "l": 0.1,
        "a": 10.0,
        "filename": "hist_1e17_010_10"
    }
}