{
    "3exp": {
        "a1": 3026557253397468.5,
        "b1": -0.9001933761722123,
        "a2": 123330144280539.81,
        "b2": -0.3835979838819211,
        "a3": 5656055878974.638,
        "b3": -0.09563706263417338,
        "t_hot": 10.456197340827535,
        "n_hot": 5656055878974.638,
        "start_index": 0,
        "end_index": 355,
        "critical_energy": 7.808594772875848,
        "mse": 761776171.2511109
    },
    "2exp": {
        "a1": 29296523754659.836,
        "b1": -0.2218577814391413,
        "a2": 2231252631836.3657,
        "b2": -0.07041480271273277,
        "a1_stdev": 531549833749.29877,
        "b1_stdev": 0.018568024729708175,
        "a2_stdev": 55962631561.96229,
        "b2_stdev": 0.03433617209742089,
        "t_hot": 14.201559352223745,
        "n_hot": 2231252631836.3657,
        "t_hot_stdev": 6.925066423306421,
        "n_hot_stdev": 55962631561.96229,
        "start_index": 57,
        "end_index": 355,
        "mse": 1069186350.9444363
    },
    "nlsq": {
        "a1": 120424659510044.48,
        "b1": -0.42251389750990687,
        "a2": 9176205782356.52,
        "b2": -0.11736008681441079,
        "a0": 0.0,
        "a1_stdev": Infinity,
        "b1_stdev": Infinity,
        "a2_stdev": Infinity,
        "b2_stdev": Infinity,
        "a0_stdev": Infinity,
        "start_index": 57,
        "end_index": 355,
        "t_hot": 8.52078442632175,
        "n_hot": 9176205782356.52,
        "t_hot_stdev": Infinity,
        "n_hot_stdev": Infinity,
        "mse": 616570087.2661148
    },
    "true_params": {
        "t_hot": 9.0555,
        "t_hot_stdev": 0.2383
    },
    "histogram": {
        "i": 1e+17,
        "l": 2.0,
        "a": 1.0,
        "filename": "hist_1e17_200_1"
    }
}