{
    "3exp": {
        "a1": 1.0425849021823814e+16,
        "b1": -4.378715824569848,
        "a2": 281879875660752.7,
        "b2": -2.0644394995363884,
        "a3": 13841951668060.578,
        "b3": -0.5102390260893581,
        "t_hot": 1.9598657665689219,
        "n_hot": 13841951668060.578,
        "start_index": 0,
        "end_index": 368,
        "a1_stdev": 6.658488941705858e+20,
        "b1_stdev": 70590.48517252672,
        "a2_stdev": 3.1416417990751134e+19,
        "b2_stdev": 43698.83525072252,
        "a3_stdev": 1.0718119790127538e+17,
        "b3_stdev": 1167.5551317093882,
        "t_hot_stdev": 4484.665453281807,
        "n_hot_stdev": 1.0718119790127538e+17
    },
    "2exp": null,
    "2nlsq": null,
    "1nlsq": null,
    "true_params": {
        "t_hot": 1.8447,
        "t_hot_stdev": 0.019
    },
    "histogram": {
        "i": 1e+17,
        "l": 0.02,
        "a": 1.0,
        "filename": "hist_1e17_002_1"
    }
}