{
    "3exp": {
        "a1": 829569219833657.5,
        "b1": -0.5019548322083474,
        "a2": 8968554587337.97,
        "b2": -0.11985962049617743,
        "a3": 2354011988118.515,
        "b3": -0.020442411666822764,
        "t_hot": 48.91790735351255,
        "n_hot": 2354011988118.515,
        "start_index": 0,
        "end_index": 445,
        "a1_stdev": 1.202565439238907e+19,
        "b1_stdev": 2009.1490183326162,
        "a2_stdev": 1.7641847685055405e+17,
        "b2_stdev": 1043.343854818015,
        "a3_stdev": 5838771391297339.0,
        "b3_stdev": 22.091787615132205,
        "t_hot_stdev": 52864.80076049056,
        "n_hot_stdev": 5838771391297339.0,
        "critical_energy": 11.848308721198284,
        "mswe": 5.770390565859692e+17,
        "mse": 1.9450801826855993e+19
    },
    "2exp": {
        "a0": -168737217429.80252,
        "a1": 14246002130376.516,
        "b1": -0.1152534882474968,
        "a2": 1851309286767.7942,
        "b2": -0.013606280255300543,
        "a0_stdev": 2364345653161777.5,
        "a1_stdev": 2.2144260923100733e+17,
        "b1_stdev": 777.2307111159024,
        "a2_stdev": 5951587932228866.0,
        "b2_stdev": 82.78062429678998,
        "t_hot": 73.49547276967444,
        "n_hot": 1851309286767.7942,
        "t_hot_stdev": 447146.53856194526,
        "n_hot_stdev": 5951587932228866.0,
        "start_index": 38,
        "end_index": 445,
        "mswe": 3.71578756457591e+17,
        "mse": 7.1388155802245e+17
    },
    "2nlsq": {
        "a1": 27759650253397.047,
        "b1": -0.15311879451093877,
        "a2": 2254039492299.721,
        "b2": -0.016653979150285287,
        "a0": -185482108239.86206,
        "a1_stdev": 19685329525465.855,
        "b1_stdev": 0.03399806382218773,
        "a2_stdev": 175578541914.01996,
        "b2_stdev": 0.0017485114710566864,
        "a0_stdev": 37815692345.96767,
        "start_index": 38,
        "end_index": 445,
        "t_hot": 60.045709855645505,
        "n_hot": 2254039492299.721,
        "t_hot_stdev": 6.304235853960414,
        "n_hot_stdev": 175578541914.01996,
        "mswe": 1.594643993408138e+17,
        "mse": 8.393142952545804e+17
    },
    "1nlsq": null,
    "true_params": {
        "t_hot": 43.6223,
        "t_hot_stdev": 1.7326
    },
    "histogram": {
        "i": 1e+17,
        "l": 5.0,
        "a": 10.0,
        "filename": "hist_1e17_500_10"
    }
}