{
    "3exp": {
        "a1": 1959611705356876.5,
        "b1": -0.006409822472684962,
        "a2": 422249190420456.44,
        "b2": -0.0026547687518448026,
        "a3": 1676733925374.241,
        "b3": -0.0010535813263170286,
        "t_hot": 949.1436256711846,
        "n_hot": 1676733925374.241,
        "start_index": 0,
        "end_index": 646,
        "critical_energy": 1318.7706865476089,
        "mse": 12351210.48782284
    },
    "2exp": {
        "a1": -2832520624067822.0,
        "b1": -0.004188329470369893,
        "a2": 1241929098629230.2,
        "b2": -0.0030116584256315096,
        "a1_stdev": 172785111274321.28,
        "b1_stdev": 0.005544114998133907,
        "a2_stdev": 21752200078302.266,
        "b2_stdev": 0.00681295986700032,
        "t_hot": 332.04296725327066,
        "n_hot": 1241929098629230.2,
        "t_hot_stdev": 751.1460764485197,
        "n_hot_stdev": 21752200078302.266,
        "start_index": 277,
        "end_index": 616,
        "mse": 4050382.711812686
    },
    "nlsq": null,
    "true_params": {
        "t_hot": 378.1471,
        "t_hot_stdev": 1.6508
    },
    "histogram": {
        "i": 1e+19,
        "l": 5.0,
        "a": 40.0,
        "filename": "hist_1e19_500_40"
    }
}