{
    "3exp": {
        "a1": 9705022535141836.0,
        "b1": -0.04457818100494154,
        "a2": 1435241610018193.8,
        "b2": -0.013207192916481876,
        "a3": 583512599005986.2,
        "b3": -0.005198063282303109,
        "t_hot": 192.37934316892915,
        "n_hot": 583512599005986.2,
        "start_index": 0,
        "end_index": 503,
        "a1_stdev": 4.4707897227508154e+19,
        "b1_stdev": 129.79750059796817,
        "a2_stdev": 7.134878814424011e+18,
        "b2_stdev": 42.08981337348695,
        "a3_stdev": 1.6166863088951055e+18,
        "b3_stdev": 3.5913120691005056,
        "t_hot_stdev": 132913.78335472828,
        "n_hot_stdev": 1.6166863088951055e+18,
        "critical_energy": 60.92604826002454,
        "mswe": 7.98018155344629e+17,
        "mse": 5.050406414058794e+21
    },
    "2exp": {
        "a0": 776205339187.6381,
        "a1": 2379919439568216.0,
        "b1": -0.01851064624657945,
        "a2": 778477198150032.8,
        "b2": -0.005723262162115441,
        "a0_stdev": 5065056721211594.0,
        "a1_stdev": 1.710253034914014e+19,
        "b1_stdev": 69.32466291910325,
        "a2_stdev": 1.8684471859258412e+18,
        "b2_stdev": 4.615548132184114,
        "t_hot": 174.72552744820945,
        "n_hot": 778477198150032.8,
        "t_hot_stdev": 140908.11481548217,
        "n_hot_stdev": 1.8684471859258412e+18,
        "start_index": 30,
        "end_index": 503,
        "mswe": 1.1070003552822998e+18,
        "mse": 1.1176803436130722e+19
    },
    "2nlsq": {
        "a1": 1916004204362754.5,
        "b1": -0.015225267893544397,
        "a2": 626890196285075.1,
        "b2": -0.0052672853111553385,
        "a0": -495468624577.277,
        "a1_stdev": 127707818472307.03,
        "b1_stdev": 0.0007415428567314609,
        "a2_stdev": 32294656827628.074,
        "b2_stdev": 8.85312924061061e-05,
        "a0_stdev": 99447622337.19469,
        "start_index": 30,
        "end_index": 503,
        "t_hot": 189.85111702268082,
        "n_hot": 626890196285075.1,
        "t_hot_stdev": 3.190972913345788,
        "n_hot_stdev": 32294656827628.074,
        "mswe": 6.618326756136461e+17,
        "mse": 1.2550141170973106e+19
    },
    "1nlsq": null,
    "true_params": {
        "t_hot": 186.4095,
        "t_hot_stdev": 3.6196
    },
    "histogram": {
        "i": 1e+19,
        "l": 0.05,
        "a": 2.0,
        "filename": "hist_1e19_005_2"
    }
}