{
    "3exp": {
        "a1": 905069749839538.0,
        "b1": -0.3584809643948309,
        "a2": 41951730002509.41,
        "b2": -0.0995472917598616,
        "a3": 3129791009007.093,
        "b3": -0.01440597363865795,
        "t_hot": 69.415648333309,
        "n_hot": 3129791009007.093,
        "start_index": 0,
        "end_index": 428,
        "a1_stdev": 1.6169049840344121e+19,
        "b1_stdev": 2673.9539827105764,
        "a2_stdev": 9.788490328431387e+17,
        "b2_stdev": 992.3650486969098,
        "a3_stdev": 2.9204366432828948e+16,
        "b3_stdev": 79.41955722998746,
        "t_hot_stdev": 382685.6964856629,
        "n_hot_stdev": 2.9204366432828948e+16,
        "critical_energy": 11.862081549402653,
        "mswe": 8.124877960343442e+18,
        "mse": 7.484820817727121e+19
    },
    "2exp": {
        "a0": -296395662502.3667,
        "a1": 56663615979283.945,
        "b1": -0.1076821792455101,
        "a2": 3173052143407.825,
        "b2": -0.011111388434055704,
        "a0_stdev": 4.325440055705209e+16,
        "a1_stdev": 1.2861125090915592e+18,
        "b1_stdev": 1165.733420013794,
        "a2_stdev": 2.7288336688131964e+16,
        "b2_stdev": 494.083379932119,
        "t_hot": 89.99775374021334,
        "n_hot": 3173052143407.825,
        "t_hot_stdev": 4001875.6088101845,
        "n_hot_stdev": 2.7288336688131964e+16,
        "start_index": 38,
        "end_index": 428,
        "mswe": 7.319965730133886e+18,
        "mse": 4.918145065280545e+18
    },
    "2nlsq": {
        "a1": 88489690905068.64,
        "b1": -0.1326026554826644,
        "a2": 4656642827508.777,
        "b2": -0.013380440838633108,
        "a0": -719266199608.3217,
        "a1_stdev": 35410527541445.2,
        "b1_stdev": 0.01960487523211007,
        "a2_stdev": 458768912771.0001,
        "b2_stdev": 0.003733375140829506,
        "a0_stdev": 328115728119.1572,
        "start_index": 38,
        "end_index": 428,
        "t_hot": 74.73595317672329,
        "n_hot": 4656642827508.777,
        "t_hot_stdev": 20.852627583881606,
        "n_hot_stdev": 458768912771.0001,
        "mswe": 2.2924164908937795e+18,
        "mse": 7.167110517056227e+18
    },
    "1nlsq": null,
    "true_params": {
        "t_hot": 64.2528,
        "t_hot_stdev": 5.3294
    },
    "histogram": {
        "i": 1e+17,
        "l": 0.5,
        "a": 40.0,
        "filename": "hist_1e17_050_40"
    }
}