{
    "3exp": {
        "a1": 8465637735598247.0,
        "b1": -0.03652521999480618,
        "a2": 1927001311491984.2,
        "b2": -0.01245995682014375,
        "a3": 776394047101428.2,
        "b3": -0.004550409488063401,
        "t_hot": 219.760441916973,
        "n_hot": 776394047101428.2,
        "start_index": 0,
        "end_index": 326,
        "a1_stdev": 1.4454996119707979e+20,
        "b1_stdev": 434.3607141710223,
        "a2_stdev": 3.4888231050975932e+19,
        "b2_stdev": 119.63040334793399,
        "a3_stdev": 5.176007817355088e+18,
        "b3_stdev": 8.428441543726494,
        "t_hot_stdev": 407048.6498367861,
        "n_hot_stdev": 5.176007817355088e+18
    },
    "2exp": null,
    "2nlsq": null,
    "1nlsq": null,
    "true_params": {
        "t_hot": 225.2596,
        "t_hot_stdev": 3.5231
    },
    "histogram": {
        "i": 1e+19,
        "l": 0.01,
        "a": 10.0,
        "filename": "hist_1e19_001_10"
    }
}