{
    "3exp": {
        "a1": 9371838653351922.0,
        "b1": -0.03942214880745772,
        "a2": 1673697047952700.2,
        "b2": -0.011846397057053416,
        "a3": 631903941887185.6,
        "b3": -0.0046108318018892635,
        "t_hot": 216.8806070067998,
        "n_hot": 631903941887185.6,
        "start_index": 0,
        "end_index": 451,
        "a1_stdev": 6.092998710944128e+19,
        "b1_stdev": 154.2009922543297,
        "a2_stdev": 9.061813317284876e+18,
        "b2_stdev": 39.937823277134676,
        "a3_stdev": 1.9322814975686666e+18,
        "b3_stdev": 3.5883598837467297,
        "t_hot_stdev": 168786.3932548913,
        "n_hot_stdev": 1.9322814975686666e+18
    },
    "2exp": null,
    "2nlsq": null,
    "1nlsq": null,
    "true_params": {
        "t_hot": 217.6156,
        "t_hot_stdev": 3.7184
    },
    "histogram": {
        "i": 1e+19,
        "l": 0.02,
        "a": 5.0,
        "filename": "hist_1e19_002_5"
    }
}