{
    "3exp": {
        "a1": 473706440717587.56,
        "b1": -0.2163938663682166,
        "a2": 29131404315765.887,
        "b2": -0.02967325856697399,
        "a3": -373722704300.43396,
        "b3": -0.00905453954820673,
        "t_hot": 110.44183911020103,
        "n_hot": -373722704300.43396,
        "start_index": 0,
        "end_index": 558,
        "a1_stdev": 7.471962746553349e+17,
        "b1_stdev": 175.86597139220515,
        "a2_stdev": 2.173252547441778e+16,
        "b2_stdev": 52.81141309519046,
        "a3_stdev": 3.4309046092921124e+16,
        "b3_stdev": 414.96120625367587,
        "t_hot_stdev": 5061447.744973399,
        "n_hot_stdev": 3.4309046092921124e+16,
        "critical_energy": 14.935528868026896,
        "mswe": 4.587887622542998e+17,
        "mse": 8.555555055663598e+18
    },
    "2exp": {
        "a0": -86414101722.70413,
        "a1": 97894536045612.6,
        "b1": -0.13578382711339423,
        "a2": 26154441173359.215,
        "b2": -0.02880931575623188,
        "a0_stdev": 434232254071418.4,
        "a1_stdev": 2.4929452634927933e+18,
        "b1_stdev": 1117.2477099158446,
        "a2_stdev": 4.656444199993206e+16,
        "b2_stdev": 22.307080147924662,
        "t_hot": 34.71099447350412,
        "n_hot": 26154441173359.215,
        "t_hot_stdev": 26876.755501113686,
        "n_hot_stdev": 4.656444199993206e+16,
        "start_index": 47,
        "end_index": 558,
        "mswe": 4.800977542201505e+17,
        "mse": 7.866781541969401e+18
    },
    "2nlsq": {
        "a1": 4.018908818603501e+16,
        "b1": -0.4002636131131138,
        "a2": 31578267177723.95,
        "b2": -0.03214223834045488,
        "a0": -68665232685.038376,
        "a1_stdev": 1.490081085283308e+17,
        "b1_stdev": 0.1544969647553543,
        "a2_stdev": 897704033999.001,
        "b2_stdev": 0.0004701239180934635,
        "a0_stdev": 9296322750.812014,
        "start_index": 47,
        "end_index": 558,
        "t_hot": 31.111710062251,
        "n_hot": 31578267177723.95,
        "t_hot_stdev": 0.45505104150273923,
        "n_hot_stdev": 897704033999.001,
        "mswe": 3.8496116254478016e+17,
        "mse": 7.971820968625976e+18
    },
    "1nlsq": null,
    "true_params": {
        "t_hot": 31.6801,
        "t_hot_stdev": 0.5829
    },
    "histogram": {
        "i": 1e+18,
        "l": 0.1,
        "a": 3.0,
        "filename": "hist_1e18_010_3"
    }
}