{
    "3exp": {
        "a1": 3145181432881083.0,
        "b1": -0.020435061330895215,
        "a2": 494138250201973.6,
        "b2": -0.003211934932016015,
        "a3": 34194467763670.34,
        "b3": -0.0011255232340875501,
        "t_hot": 888.4756615537035,
        "n_hot": 34194467763670.34,
        "start_index": 0,
        "end_index": 653,
        "a1_stdev": 6.513115384482085e+18,
        "b1_stdev": 16.00721001748536,
        "a2_stdev": 1.2433891560735813e+17,
        "b2_stdev": 0.7501053445932551,
        "a3_stdev": 4.341131250069632e+16,
        "b3_stdev": 0.40598514832025556,
        "t_hot_stdev": 320480.21072371694,
        "n_hot_stdev": 4.341131250069632e+16,
        "critical_energy": 107.46083360092808,
        "mswe": 1.0002976415156252e+16,
        "mse": 4.516914350192631e+18
    },
    "2exp": {
        "a0": -448539059948.0138,
        "a1": 525698183452789.7,
        "b1": -0.00324557460959744,
        "a2": 27081982873330.05,
        "b2": -0.0009543220609294862,
        "a0_stdev": 1011473660454430.4,
        "a1_stdev": 7.312782514094136e+16,
        "b1_stdev": 0.5908124904100044,
        "a2_stdev": 4.342433902899967e+16,
        "b2_stdev": 0.7761874128926501,
        "t_hot": 1047.8642807712363,
        "n_hot": 27081982873330.05,
        "t_hot_stdev": 852268.9545312105,
        "n_hot_stdev": 4.342433902899967e+16,
        "start_index": 25,
        "end_index": 653,
        "mswe": 5295219403969915.0,
        "mse": 1.8775042664550298e+17
    },
    "2nlsq": {
        "a1": 526861586577383.56,
        "b1": -0.003339976239544106,
        "a2": 36460053712851.36,
        "b2": -0.001112300673397256,
        "a0": -368864899934.0728,
        "a1_stdev": 6194912151175.168,
        "b1_stdev": 5.6857121845327794e-05,
        "a2_stdev": 4822500606003.402,
        "b2_stdev": 6.168055110603351e-05,
        "a0_stdev": 57982766452.07317,
        "start_index": 25,
        "end_index": 653,
        "t_hot": 899.0374850225879,
        "n_hot": 36460053712851.36,
        "t_hot_stdev": 49.85444032125528,
        "n_hot_stdev": 4822500606003.402,
        "mswe": 4493369472135186.5,
        "mse": 1.8822875898060666e+17
    },
    "1nlsq": null,
    "true_params": {
        "t_hot": 639.3633,
        "t_hot_stdev": 12.183
    },
    "histogram": {
        "i": 1e+19,
        "l": 0.4,
        "a": 5.0,
        "filename": "hist_1e19_040_5"
    }
}