{
    "3exp": {
        "a1": 7959698874111879.0,
        "b1": -0.024662353280723553,
        "a2": 2273266135918076.0,
        "b2": -0.007483024743601428,
        "a3": 163432416174425.78,
        "b3": -0.0025924749890432236,
        "t_hot": 385.7317830360474,
        "n_hot": 163432416174425.78,
        "start_index": 0,
        "end_index": 471,
        "critical_energy": 176.06562431980888,
        "mse": 197464243.78543448
    },
    "2exp": {
        "a1": 2367127450082068.0,
        "b1": -0.007604170901991735,
        "a2": 170258038532647.78,
        "b2": -0.0026244498864072987,
        "a1_stdev": 12666483973372.977,
        "b1_stdev": 0.00014459744297007615,
        "a2_stdev": 1823422633331.7207,
        "b2_stdev": 0.0002539245245112453,
        "t_hot": 381.03223276590546,
        "n_hot": 170258038532647.78,
        "t_hot_stdev": 36.86617489998631,
        "n_hot_stdev": 1823422633331.7207,
        "start_index": 47,
        "end_index": 471,
        "mse": 199030784.99389148
    },
    "nlsq": {
        "a1": 2231022122673668.2,
        "b1": -0.007190934188719291,
        "a2": 118820425457673.16,
        "b2": -0.002242882791467028,
        "a0": -1038731762025.1008,
        "a1_stdev": 101498331343678.17,
        "b1_stdev": 0.00020924293906152334,
        "a2_stdev": 18923672403571.99,
        "b2_stdev": 0.00014778910861463378,
        "a0_stdev": 106173877.49702144,
        "start_index": 47,
        "end_index": 471,
        "t_hot": 445.8547739562969,
        "n_hot": 118820425457673.16,
        "t_hot_stdev": 29.37847660397854,
        "n_hot_stdev": 18923672403571.99,
        "mse": 142237873.17790145
    },
    "true_params": {
        "t_hot": 363.2563,
        "t_hot_stdev": 8.233
    },
    "histogram": {
        "i": 1e+19,
        "l": 0.1,
        "a": 30.0,
        "filename": "hist_1e19_010_30"
    }
}