{
    "3exp": {
        "a1": 1.4283848311267052e+16,
        "b1": -0.06132617523386967,
        "a2": 1838827063956285.2,
        "b2": -0.016482456721944098,
        "a3": 627846729888612.9,
        "b3": -0.0057460523440131675,
        "t_hot": 174.03252531138244,
        "n_hot": 627846729888612.9,
        "start_index": 0,
        "end_index": 456,
        "a1_stdev": 1.4143690420352447e+20,
        "b1_stdev": 278.27508778492506,
        "a2_stdev": 1.0249107447851108e+19,
        "b2_stdev": 56.71258663780893,
        "a3_stdev": 1.820454350457952e+18,
        "b3_stdev": 4.779369650629575,
        "t_hot_stdev": 144754.29736769877,
        "n_hot_stdev": 1.820454350457952e+18
    },
    "2exp": null,
    "2nlsq": null,
    "1nlsq": null,
    "true_params": {
        "t_hot": 200.8055,
        "t_hot_stdev": 8.7157
    },
    "histogram": {
        "i": 1e+19,
        "l": 0.05,
        "a": 0.0,
        "filename": "hist_1e19_005_0"
    }
}