{
    "3exp": {
        "a1": 187947750711774.1,
        "b1": -0.04842400040308969,
        "a2": 38507137238208.11,
        "b2": -0.00729549113636198,
        "a3": -4169503541.318084,
        "b3": 0.004447791696452287,
        "t_hot": 137.07096360049405,
        "n_hot": 38507137238208.11,
        "start_index": 0,
        "end_index": 681,
        "critical_energy": NaN,
        "mse": 36049101.3986396
    },
    "2exp": {
        "a1": 174058607072364.12,
        "b1": -0.045901162614231494,
        "a2": 38724534707845.03,
        "b2": -0.0073930574854556,
        "a1_stdev": 1429681717286.1228,
        "b1_stdev": 0.00024919100537887807,
        "a2_stdev": 80116816018.14584,
        "b2_stdev": 0.0010833828446924708,
        "t_hot": 135.26203495202157,
        "n_hot": 38724534707845.03,
        "t_hot_stdev": 19.821375458462693,
        "n_hot_stdev": 80116816018.14584,
        "start_index": 25,
        "end_index": 681,
        "mse": 99010160.20934717
    },
    "nlsq": {
        "a1": 177742096252652.44,
        "b1": -0.04551973480351618,
        "a2": 37673724604507.91,
        "b2": -0.0071572559698147645,
        "a0": -130225032454.40579,
        "a1_stdev": 18592762452860.125,
        "b1_stdev": 0.0018716455879877318,
        "a2_stdev": 413752045712.2233,
        "b2_stdev": 4.1458194919323536e-05,
        "a0_stdev": 6153516.00162538,
        "start_index": 25,
        "end_index": 681,
        "t_hot": 139.71835075026397,
        "n_hot": 37673724604507.91,
        "t_hot_stdev": 0.8093144416855014,
        "n_hot_stdev": 413752045712.2233,
        "mse": 26702435.290448386
    },
    "true_params": {
        "t_hot": 138.7158,
        "t_hot_stdev": 0.9305
    },
    "histogram": {
        "i": 1e+18,
        "l": 2.0,
        "a": 50.0,
        "filename": "hist_1e18_200_50"
    }
}