{
    "3exp": {
        "a1": 2298665019969620.5,
        "b1": -2.376641864592306,
        "a2": 33474070448301.95,
        "b2": -0.3963026124426777,
        "a3": -58211412700.2021,
        "b3": -0.02563983387044165,
        "t_hot": 39.00181276731396,
        "n_hot": -58211412700.2021,
        "start_index": 0,
        "end_index": 373,
        "a1_stdev": 2.6228389480933253e+19,
        "b1_stdev": 6581.379841678588,
        "a2_stdev": 1.3726748036956211e+17,
        "b2_stdev": 1254.3392950977648,
        "a3_stdev": 1.9122292483231428e+16,
        "b3_stdev": 20304.921522608056,
        "t_hot_stdev": 30886656.734259166,
        "n_hot_stdev": 1.9122292483231428e+16
    },
    "2exp": null,
    "2nlsq": null,
    "1nlsq": null,
    "true_params": {
        "t_hot": 2.3279,
        "t_hot_stdev": 0.0161
    },
    "histogram": {
        "i": 1e+17,
        "l": 0.05,
        "a": 2.0,
        "filename": "hist_1e17_005_2"
    }
}