{
    "3exp": {
        "a1": 8319261891833269.0,
        "b1": -0.03952455416891969,
        "a2": 2169215857364479.0,
        "b2": -0.01245556340721049,
        "a3": 665709782841037.6,
        "b3": -0.004171325010452156,
        "t_hot": 239.73197904605468,
        "n_hot": 665709782841037.6,
        "start_index": 0,
        "end_index": 468,
        "critical_energy": 71.4354830096835,
        "mse": 228950829.22796273
    },
    "2exp": {
        "a1": 2558933003871666.0,
        "b1": -0.01341435361136783,
        "a2": 693458223676151.5,
        "b2": -0.004222478632359866,
        "a1_stdev": 21049128235092.67,
        "b1_stdev": 0.00016992835549140106,
        "a2_stdev": 2920114105504.5522,
        "b2_stdev": 0.0003752989008151776,
        "t_hot": 236.82772301943382,
        "n_hot": 693458223676151.5,
        "t_hot_stdev": 21.04952845719453,
        "n_hot_stdev": 2920114105504.5522,
        "start_index": 27,
        "end_index": 468,
        "mse": 228595966.46978956
    },
    "nlsq": {
        "a1": 2816920710032599.0,
        "b1": -0.014519343193599338,
        "a2": 760677543140170.5,
        "b2": -0.004374954436932084,
        "a0": 0.0,
        "a1_stdev": Infinity,
        "b1_stdev": Infinity,
        "a2_stdev": Infinity,
        "b2_stdev": Infinity,
        "a0_stdev": Infinity,
        "start_index": 27,
        "end_index": 468,
        "t_hot": 228.57380903405368,
        "n_hot": 760677543140170.5,
        "t_hot_stdev": Infinity,
        "n_hot_stdev": Infinity,
        "mse": 215881604.52250224
    },
    "true_params": {
        "t_hot": 237.7093,
        "t_hot_stdev": 3.1374
    },
    "histogram": {
        "i": 1e+19,
        "l": 0.01,
        "a": 4.0,
        "filename": "hist_1e19_001_4"
    }
}