{
    "3exp": {
        "a1": 4.566112492562557e+16,
        "b1": -5.302216364362358,
        "a2": 678765035226707.9,
        "b2": -1.873938499456476,
        "a3": 3316335575653.7124,
        "b3": -0.3640326533622028,
        "t_hot": 2.747006321449484,
        "n_hot": 3316335575653.7124,
        "start_index": 0,
        "end_index": 88,
        "a1_stdev": 1.0311012990831214e+23,
        "b1_stdev": 2434551.3909542253,
        "a2_stdev": 1.581251971753434e+21,
        "b2_stdev": 1595716.4868703485,
        "a3_stdev": 6.8519796417144e+19,
        "b3_stdev": 5049788.409176405,
        "t_hot_stdev": 38105924.163313575,
        "n_hot_stdev": 6.8519796417144e+19
    },
    "2exp": null,
    "2nlsq": null,
    "1nlsq": null,
    "true_params": {
        "t_hot": 0.7731,
        "t_hot_stdev": 0.0202
    },
    "histogram": {
        "i": 1e+17,
        "l": 5.0,
        "a": 50.0,
        "filename": "hist_1e17_500_50"
    }
}