{
    "3exp": {
        "a1": 3574929044514369.0,
        "b1": -0.025825557077411868,
        "a2": 606846119926063.1,
        "b2": -0.006746920178244633,
        "a3": 80945175864481.4,
        "b3": -0.0025635504705040332,
        "t_hot": 390.0839915210972,
        "n_hot": 80945175864481.4,
        "start_index": 0,
        "end_index": 413,
        "a1_stdev": 1.3565321011757236e+19,
        "b1_stdev": 54.553697724797615,
        "a2_stdev": 1.3467743954697042e+18,
        "b2_stdev": 11.701513716421669,
        "a3_stdev": 4.285775049076854e+17,
        "b3_stdev": 3.8472000803173043,
        "t_hot_stdev": 585411.2024622605,
        "n_hot_stdev": 4.285775049076854e+17
    },
    "2exp": null,
    "2nlsq": null,
    "1nlsq": null,
    "true_params": {
        "t_hot": 383.6997,
        "t_hot_stdev": 27.0015
    },
    "histogram": {
        "i": 1e+19,
        "l": 0.2,
        "a": 10.0,
        "filename": "hist_1e19_020_10"
    }
}