{
    "3exp": {
        "a1": 3252906581591062.5,
        "b1": -0.023293523621095116,
        "a2": 693396427357501.9,
        "b2": -0.0028207439900586177,
        "a3": 100850318954628.2,
        "b3": -0.0017163347425987346,
        "t_hot": 582.636926923638,
        "n_hot": 100850318954628.2,
        "start_index": 0,
        "end_index": 866,
        "a1_stdev": 1.8007130786681142e+18,
        "b1_stdev": 5.2028417850315005,
        "a2_stdev": 9.809195496234378e+16,
        "b2_stdev": 0.2869829005228866,
        "a3_stdev": 1.2520684401599816e+17,
        "b3_stdev": 0.3282725492563101,
        "t_hot_stdev": 111437.29981395655,
        "n_hot_stdev": 1.2520684401599816e+17,
        "critical_energy": 75.50036465088294,
        "mswe": 1023852458855549.9,
        "mse": 1.8676634030556037e+19
    },
    "2exp": {
        "a0": -438340468779.17267,
        "a1": 784309381222586.8,
        "b1": -0.00276338263885633,
        "a2": 29936698473494.824,
        "b2": -0.0011473830663730237,
        "a0_stdev": 237626776420929.47,
        "a1_stdev": 3.354727115247456e+16,
        "b1_stdev": 0.1892352571202254,
        "a2_stdev": 4.5742599951562424e+16,
        "b2_stdev": 0.5569715755870513,
        "t_hot": 871.5485083469863,
        "n_hot": 29936698473494.824,
        "t_hot_stdev": 423073.82784464833,
        "n_hot_stdev": 4.5742599951562424e+16,
        "start_index": 25,
        "end_index": 866,
        "mswe": 1721580563518850.5,
        "mse": 1.6700440732066778e+17
    },
    "2nlsq": {
        "a1": 413441709112132.6,
        "b1": -0.0035754545998178335,
        "a2": 431327533777649.8,
        "b2": -0.0022085044002781357,
        "a0": -43192403501.96307,
        "a1_stdev": 30905569336776.035,
        "b1_stdev": 0.0001385999177607714,
        "a2_stdev": 35653081874819.32,
        "b2_stdev": 3.105214586531602e-05,
        "a0_stdev": 4643225051.286267,
        "start_index": 25,
        "end_index": 866,
        "t_hot": 452.7951132332186,
        "n_hot": 431327533777649.8,
        "t_hot_stdev": 6.366416974967069,
        "n_hot_stdev": 35653081874819.32,
        "mswe": 366936696165081.94,
        "mse": 1.7523879195855373e+17
    },
    "1nlsq": null,
    "true_params": {
        "t_hot": 479.0443,
        "t_hot_stdev": 5.2686
    },
    "histogram": {
        "i": 1e+19,
        "l": 2.0,
        "a": 20.0,
        "filename": "hist_1e19_200_20"
    }
}