{
    "3exp": {
        "a1": 4725342028716765.0,
        "b1": -0.07230287255919755,
        "a2": 731491562074119.5,
        "b2": -0.01360062784195012,
        "a3": -3077112181165.431,
        "b3": -0.0025764540169333125,
        "t_hot": 388.13035025180636,
        "n_hot": -3077112181165.431,
        "start_index": 0,
        "end_index": 491,
        "critical_energy": NaN,
        "mse": 1983830302.9282048
    },
    "2exp": {
        "a1": 1226469835846380.2,
        "b1": -0.04526488067557381,
        "a2": 711759808365622.0,
        "b2": -0.013980262082697833,
        "a1_stdev": 23409608110037.49,
        "b1_stdev": 0.0020362628256338695,
        "a2_stdev": 2587637863740.798,
        "b2_stdev": 0.004796818670162905,
        "t_hot": 71.52941726590475,
        "n_hot": 711759808365622.0,
        "t_hot_stdev": 24.542719026105168,
        "n_hot_stdev": 2587637863740.798,
        "start_index": 25,
        "end_index": 491,
        "mse": 2282470685.6595054
    },
    "nlsq": {
        "a1": 5.791928717913924e+16,
        "b1": -0.12307184462305848,
        "a2": 847837158906887.8,
        "b2": -0.014814991684728203,
        "a0": -240617928128.07526,
        "a1_stdev": 5.7941395182401896e+16,
        "b1_stdev": 0.01846676524289995,
        "a2_stdev": 10672334945083.889,
        "b2_stdev": 7.686703634247572e-05,
        "a0_stdev": 22024069.78281545,
        "start_index": 25,
        "end_index": 491,
        "t_hot": 67.499194146078,
        "n_hot": 847837158906887.8,
        "t_hot_stdev": 0.3502170719989567,
        "n_hot_stdev": 10672334945083.889,
        "mse": 564888738.6340765
    },
    "true_params": {
        "t_hot": 71.9827,
        "t_hot_stdev": 0.4192
    },
    "histogram": {
        "i": 1e+18,
        "l": 0.1,
        "a": 45.0,
        "filename": "hist_1e18_010_45"
    }
}