{
    "3exp": {
        "a1": 880291885706729.0,
        "b1": -0.6994180148674483,
        "a2": 19734533489180.582,
        "b2": -0.25699252557413726,
        "a3": 892092248596.0753,
        "b3": -0.03159466962706517,
        "t_hot": 31.6509085805842,
        "n_hot": 892092248596.0753,
        "start_index": 0,
        "end_index": 446,
        "a1_stdev": 5.35857246200095e+18,
        "b1_stdev": 1711.9373579371427,
        "a2_stdev": 4.479846836815902e+17,
        "b2_stdev": 1671.8916342427033,
        "a3_stdev": 2913337475226437.5,
        "b3_stdev": 57.38408084413454,
        "t_hot_stdev": 57486.22531006562,
        "n_hot_stdev": 2913337475226437.5,
        "critical_energy": 8.584232967147505,
        "mswe": 8.36129629464396e+17,
        "mse": 1.235063217225981e+19
    },
    "2exp": {
        "a0": -65004836201.04336,
        "a1": 13601321482393.684,
        "b1": -0.21762383399003232,
        "a2": 762537768288.886,
        "b2": -0.022185992161181518,
        "a0_stdev": 2494291821493027.0,
        "a1_stdev": 3.2274005718341645e+17,
        "b1_stdev": 1814.0047925968147,
        "a2_stdev": 3717399069028762.5,
        "b2_stdev": 288.4850830880642,
        "t_hot": 45.07348568118961,
        "n_hot": 762537768288.886,
        "t_hot_stdev": 586091.8081706461,
        "n_hot_stdev": 3717399069028762.5,
        "start_index": 48,
        "end_index": 446,
        "mswe": 7.916164455073962e+17,
        "mse": 1.2258088269190013e+18
    },
    "2nlsq": {
        "a1": 30856210846546.477,
        "b1": -0.29133370793427094,
        "a2": 1079047428421.365,
        "b2": -0.037474763021249004,
        "a0": -34623138658.82064,
        "a1_stdev": 32727406680942.906,
        "b1_stdev": 0.08059851479713685,
        "a2_stdev": 180894554172.26675,
        "b2_stdev": 0.0058845567180118175,
        "a0_stdev": 19039834491.402958,
        "start_index": 48,
        "end_index": 446,
        "t_hot": 26.684625048408666,
        "n_hot": 1079047428421.365,
        "t_hot_stdev": 4.190211676781033,
        "n_hot_stdev": 180894554172.26675,
        "mswe": 4.514114695910708e+17,
        "mse": 1.5252139710326743e+18
    },
    "1nlsq": null,
    "true_params": {
        "t_hot": 26.1566,
        "t_hot_stdev": 1.6239
    },
    "histogram": {
        "i": 1e+17,
        "l": 5.0,
        "a": 3.0,
        "filename": "hist_1e17_500_3"
    }
}