{
    "3exp": {
        "a1": 1362210478300249.2,
        "b1": -2.0013528752603236,
        "a2": -45254462369376.26,
        "b2": -0.6045680404468062,
        "a3": 64244476006964.56,
        "b3": -0.42409336783687546,
        "t_hot": 2.357971323863388,
        "n_hot": 64244476006964.56,
        "start_index": 5,
        "end_index": 458,
        "critical_energy": NaN,
        "mse": 859413189.3174882
    },
    "2exp": {
        "a1": 29924456925895.723,
        "b1": -0.8949515651883014,
        "a2": 34561722152431.418,
        "b2": -0.37727078263117775,
        "a1_stdev": 2383970416662.027,
        "b1_stdev": 0.24244002900934244,
        "a2_stdev": 321785299533.0026,
        "b2_stdev": 0.43684601535751894,
        "t_hot": 2.6506160721637597,
        "n_hot": 34561722152431.418,
        "t_hot_stdev": 3.069177690601388,
        "n_hot_stdev": 321785299533.0026,
        "start_index": 30,
        "end_index": 458,
        "mse": 1003688033.8560398
    },
    "nlsq": {
        "a1": 7.105424694524765e+19,
        "b1": -5.711221151341401,
        "a2": 40607149705266.79,
        "b2": -0.39606101985038955,
        "a0": 0.0,
        "a1_stdev": Infinity,
        "b1_stdev": Infinity,
        "a2_stdev": Infinity,
        "b2_stdev": Infinity,
        "a0_stdev": Infinity,
        "start_index": 30,
        "end_index": 458,
        "t_hot": 2.524863467699361,
        "n_hot": 40607149705266.79,
        "t_hot_stdev": Infinity,
        "n_hot_stdev": Infinity,
        "mse": 856193385.4109796
    },
    "true_params": {
        "t_hot": 2.563,
        "t_hot_stdev": 0.0231
    },
    "histogram": {
        "i": 1e+17,
        "l": 0.05,
        "a": 3.0,
        "filename": "hist_1e17_005_3"
    }
}