{
    "3exp": {
        "a1": 3952243786241157.0,
        "b1": -0.021210672784253554,
        "a2": 639494844648261.4,
        "b2": -0.002285266647975407,
        "a3": 1807500205064.0803,
        "b3": -0.0004985648351918266,
        "t_hot": 2005.757184249151,
        "n_hot": 1807500205064.0803,
        "start_index": 0,
        "end_index": 708,
        "critical_energy": 371.2849495655962,
        "mse": 44160693.63151442
    },
    "2exp": {
        "a1": 633619025058819.2,
        "b1": -0.002263460902546044,
        "a2": 573630288394.83,
        "b2": -0.00024714232245192096,
        "a1_stdev": 820521086059.8385,
        "b1_stdev": 0.00022018216788270093,
        "a2_stdev": 105959488934.51361,
        "b2_stdev": 0.0003133589684009651,
        "t_hot": 4046.2515285885115,
        "n_hot": 573630288394.83,
        "t_hot_stdev": 5130.360483425444,
        "n_hot_stdev": 105959488934.51361,
        "start_index": 70,
        "end_index": 708,
        "mse": 39637320.37959529
    },
    "nlsq": {
        "a1": 647854132893491.9,
        "b1": -0.0023679239861644948,
        "a2": 14422110679667.234,
        "b2": -0.0009989299913851436,
        "a0": -262093699005.0062,
        "a1_stdev": 4617266033632.177,
        "b1_stdev": 3.341344480865935e-05,
        "a2_stdev": 8314650017989.638,
        "b2_stdev": 0.00020055686994949857,
        "a0_stdev": 16851230.342293236,
        "start_index": 70,
        "end_index": 708,
        "t_hot": 1001.071154759677,
        "n_hot": 14422110679667.234,
        "t_hot_stdev": 200.98675495460432,
        "n_hot_stdev": 8314650017989.638,
        "mse": 10869444.998587634
    },
    "true_params": {
        "t_hot": 507.9772,
        "t_hot_stdev": 3.9501
    },
    "histogram": {
        "i": 1e+19,
        "l": 1.0,
        "a": 10.0,
        "filename": "hist_1e19_100_10"
    }
}