{
    "3exp": {
        "a1": 5523275140581946.0,
        "b1": -0.02260753921762241,
        "a2": 843354640450865.6,
        "b2": -0.002548899477558578,
        "a3": 37119760738.818306,
        "b3": -0.00014983670822801566,
        "t_hot": 6673.931987869348,
        "n_hot": 37119760738.818306,
        "start_index": 0,
        "end_index": 590,
        "a1_stdev": 7.466964595688084e+18,
        "b1_stdev": 12.768099288299187,
        "a2_stdev": 1.4389166852399078e+17,
        "b2_stdev": 0.4092862203545696,
        "a3_stdev": 2.4609007133606892e+16,
        "b3_stdev": 247.0505717729135,
        "t_hot_stdev": 11003970476.0971,
        "n_hot_stdev": 2.4609007133606892e+16
    },
    "2exp": null,
    "2nlsq": null,
    "1nlsq": null,
    "true_params": {
        "t_hot": 417.3355,
        "t_hot_stdev": 6.8652
    },
    "histogram": {
        "i": 1e+19,
        "l": 0.8,
        "a": 30.0,
        "filename": "hist_1e19_080_30"
    }
}