{
    "3exp": {
        "a1": 5626093496467427.0,
        "b1": -0.2106205861215686,
        "a2": 868088600380700.4,
        "b2": -0.09575496268097167,
        "a3": 367271926764698.4,
        "b3": -0.03252250704893297,
        "t_hot": 30.74793706694912,
        "n_hot": 367271926764698.4,
        "start_index": 0,
        "end_index": 371,
        "a1_stdev": 5.260280954780173e+19,
        "b1_stdev": 2628.2930555203416,
        "a2_stdev": 5.368185083775212e+19,
        "b2_stdev": 1876.060075223344,
        "a3_stdev": 2.0445815340382554e+18,
        "b3_stdev": 45.610170336928164,
        "t_hot_stdev": 43121.48030355208,
        "n_hot_stdev": 2.0445815340382554e+18,
        "critical_energy": 16.27011431227327,
        "mswe": 1.292044686778517e+19,
        "mse": 4.731772305432035e+22
    },
    "2exp": {
        "a0": -669336833562.5352,
        "a1": 2312605522565266.0,
        "b1": -0.1165616803365645,
        "a2": 336991540930500.75,
        "b2": -0.031033145084009776,
        "a0_stdev": 5982226660644307.0,
        "a1_stdev": 5.239034385134832e+19,
        "b1_stdev": 843.2324627829523,
        "a2_stdev": 1.331904020591463e+18,
        "b2_stdev": 43.84422884987579,
        "t_hot": 32.2236111516542,
        "n_hot": 336991540930500.75,
        "t_hot_stdev": 45526.14238350303,
        "n_hot_stdev": 1.331904020591463e+18,
        "start_index": 36,
        "end_index": 371,
        "mswe": 6.607788748458269e+18,
        "mse": 8.66995138552822e+19
    },
    "2nlsq": {
        "a1": 3360024441722302.0,
        "b1": -0.13302668565248152,
        "a2": 373415078647620.06,
        "b2": -0.03239201712910568,
        "a0": -553555568916.0022,
        "a1_stdev": 1113591855904445.5,
        "b1_stdev": 0.011920427813909366,
        "a2_stdev": 13946166427621.365,
        "b2_stdev": 0.00043766981317413275,
        "a0_stdev": 58000818553.55386,
        "start_index": 36,
        "end_index": 371,
        "t_hot": 30.87180387730331,
        "n_hot": 373415078647620.06,
        "t_hot_stdev": 0.417129213703304,
        "n_hot_stdev": 13946166427621.365,
        "mswe": 6.267140273615922e+18,
        "mse": 8.865437067052068e+19
    },
    "1nlsq": null,
    "true_params": {
        "t_hot": 30.2318,
        "t_hot_stdev": 0.3401
    },
    "histogram": {
        "i": 1e+18,
        "l": 0.01,
        "a": 45.0,
        "filename": "hist_1e18_001_45"
    }
}