{
    "3exp": {
        "a1": 5585219079688487.0,
        "b1": -0.031104937438845334,
        "a2": 1115813672402661.0,
        "b2": -0.008694169270815889,
        "a3": 195967374447871.38,
        "b3": -0.004451411890198577,
        "t_hot": 224.64782515450173,
        "n_hot": 195967374447871.38,
        "start_index": 0,
        "end_index": 391,
        "a1_stdev": 1.750402889673172e+19,
        "b1_stdev": 70.57126032670418,
        "a2_stdev": 2.2296053565926239e+18,
        "b2_stdev": 26.607613688560164,
        "a3_stdev": 3.0556573300040023e+18,
        "b3_stdev": 14.166232972731184,
        "t_hot_stdev": 714922.2553328098,
        "n_hot_stdev": 3.0556573300040023e+18
    },
    "2exp": null,
    "2nlsq": null,
    "1nlsq": null,
    "true_params": {
        "t_hot": 225.445,
        "t_hot_stdev": 7.0521
    },
    "histogram": {
        "i": 1e+19,
        "l": 0.1,
        "a": 5.0,
        "filename": "hist_1e19_010_5"
    }
}