{
    "3exp": {
        "a1": 2459424523096851.5,
        "b1": -0.015228206576245117,
        "a2": 792368748114252.5,
        "b2": -0.003239531004382389,
        "a3": 260003869150354.53,
        "b3": -0.0015112242876198143,
        "t_hot": 661.715145919872,
        "n_hot": 260003869150354.53,
        "start_index": 0,
        "end_index": 873,
        "critical_energy": 163.8105312325264,
        "mse": 23491959.00788619
    },
    "2exp": {
        "a1": 895572379081190.6,
        "b1": -0.0032192826564395854,
        "a2": 220951960783342.72,
        "b2": -0.001468399157592866,
        "a1_stdev": 2182798026930.784,
        "b1_stdev": 4.610807518167409e-05,
        "a2_stdev": 840501262371.9318,
        "b2_stdev": 7.037933836395499e-05,
        "t_hot": 681.013738552732,
        "n_hot": 220951960783342.72,
        "t_hot_stdev": 32.64050928405243,
        "n_hot_stdev": 840501262371.9318,
        "start_index": 31,
        "end_index": 873,
        "mse": 21745485.523823578
    },
    "nlsq": {
        "a1": 881878979647389.2,
        "b1": -0.003618797409424918,
        "a2": 310764345208183.4,
        "b2": -0.0015975358339832774,
        "a0": -54045551903.214,
        "a1_stdev": 8518660457973.571,
        "b1_stdev": 5.0098621350582586e-05,
        "a2_stdev": 8723649815689.813,
        "b2_stdev": 1.1104907540754018e-05,
        "a0_stdev": 730380.6250373727,
        "start_index": 31,
        "end_index": 873,
        "t_hot": 625.964049586676,
        "n_hot": 310764345208183.4,
        "t_hot_stdev": 4.35124693082081,
        "n_hot_stdev": 8723649815689.813,
        "mse": 9109220.017147517
    },
    "true_params": {
        "t_hot": 617.7807,
        "t_hot_stdev": 5.3199
    },
    "histogram": {
        "i": 1e+19,
        "l": 2.0,
        "a": 3.0,
        "filename": "hist_1e19_200_3"
    }
}