{
    "3exp": {
        "a1": 5165087563091080.0,
        "b1": -0.04359049941768952,
        "a2": 626250131972508.6,
        "b2": -0.010556916071339961,
        "a3": 226989099295312.8,
        "b3": -0.006834835630496715,
        "t_hot": 146.3092975547279,
        "n_hot": 226989099295312.8,
        "start_index": 0,
        "end_index": 614,
        "a1_stdev": 4.175726527924866e+18,
        "b1_stdev": 31.43534624153376,
        "a2_stdev": 2.6197822020924134e+18,
        "b2_stdev": 29.922352834819115,
        "a3_stdev": 3.627477673352314e+18,
        "b3_stdev": 15.156816648427593,
        "t_hot_stdev": 324453.0398218348,
        "n_hot_stdev": 3.627477673352314e+18,
        "critical_energy": 63.87219483027749,
        "mswe": 3.3157113121012864e+17,
        "mse": 1.1671839068144952e+21
    },
    "2exp": {
        "a0": -804702615409.6825,
        "a1": 2467676231581018.5,
        "b1": -0.027199705200890455,
        "a2": 549237856344769.56,
        "b2": -0.0076582702422904455,
        "a0_stdev": 695201262247401.5,
        "a1_stdev": 9.961233417843745e+18,
        "b1_stdev": 41.52433812045185,
        "a2_stdev": 4.0856095948616544e+17,
        "b2_stdev": 1.822910256782273,
        "t_hot": 130.57778954806363,
        "n_hot": 549237856344769.56,
        "t_hot_stdev": 31081.639109660286,
        "n_hot_stdev": 4.0856095948616544e+17,
        "start_index": 47,
        "end_index": 614,
        "mswe": 2.0729119856344234e+17,
        "mse": 5.779612274599458e+18
    },
    "2nlsq": {
        "a1": 5181739666110095.0,
        "b1": -0.03678260804224919,
        "a2": 677655336361451.2,
        "b2": -0.008358509457881151,
        "a0": -287488729389.7691,
        "a1_stdev": 1260297491564793.8,
        "b1_stdev": 0.002364857292366602,
        "a2_stdev": 11719979961993.703,
        "b2_stdev": 4.971333147573122e-05,
        "a0_stdev": 16978598063.096409,
        "start_index": 47,
        "end_index": 614,
        "t_hot": 119.63855577828059,
        "n_hot": 677655336361451.2,
        "t_hot_stdev": 0.7115660047588344,
        "n_hot_stdev": 11719979961993.703,
        "mswe": 7.843139450066954e+16,
        "mse": 7.001447096369593e+18
    },
    "1nlsq": null,
    "true_params": {
        "t_hot": 123.0988,
        "t_hot_stdev": 0.7497
    },
    "histogram": {
        "i": 1e+19,
        "l": 0.2,
        "a": 60.0,
        "filename": "hist_1e19_020_60"
    }
}