{
    "3exp": {
        "a1": 310628582225166.2,
        "b1": -0.18594989571912568,
        "a2": 20072756489796.363,
        "b2": -0.04054587254693223,
        "a3": 6363589661393.727,
        "b3": -0.009308978174094222,
        "t_hot": 107.42317591665226,
        "n_hot": 6363589661393.727,
        "start_index": 0,
        "end_index": 542,
        "critical_energy": 22.01078522934768,
        "mse": 1661438225.0572898
    },
    "2exp": {
        "a1": 22940318683670.45,
        "b1": -0.04334362043006153,
        "a2": 6564494724781.352,
        "b2": -0.0094757774223521,
        "a1_stdev": 744935501460.4269,
        "b1_stdev": 0.0015411376362478612,
        "a2_stdev": 101246895187.2654,
        "b2_stdev": 0.004574358943666188,
        "t_hot": 105.53223819305134,
        "n_hot": 6564494724781.352,
        "t_hot_stdev": 50.94487935995308,
        "n_hot_stdev": 101246895187.2654,
        "start_index": 42,
        "end_index": 542,
        "mse": 1731858853.20269
    },
    "nlsq": {
        "a1": 34703128963012.965,
        "b1": -0.05746749639717661,
        "a2": 7961326840827.285,
        "b2": -0.009263029205705233,
        "a0": -439783204699.1028,
        "a1_stdev": 16540423165896.848,
        "b1_stdev": 0.013427600713384252,
        "a2_stdev": 871435364906.8289,
        "b2_stdev": 0.0009761287573065149,
        "a0_stdev": 297279491.896597,
        "start_index": 42,
        "end_index": 542,
        "t_hot": 107.9560452410196,
        "n_hot": 7961326840827.285,
        "t_hot_stdev": 11.37630012220386,
        "n_hot_stdev": 871435364906.8289,
        "mse": 520762079.175168
    },
    "true_params": {
        "t_hot": 95.8447,
        "t_hot_stdev": 2.749
    },
    "histogram": {
        "i": 1e+17,
        "l": 0.5,
        "a": 20.0,
        "filename": "hist_1e17_050_20"
    }
}