{
    "3exp": {
        "a1": 7814780886967878.0,
        "b1": -0.016468920816302156,
        "a2": 1060965312124586.8,
        "b2": -0.003978569759129037,
        "a3": 361520923864784.5,
        "b3": -0.0019602753117920835,
        "t_hot": 510.13242577941776,
        "n_hot": 361520923864784.5,
        "start_index": 0,
        "end_index": 627,
        "critical_energy": 211.83592110029,
        "mse": 262819301.1665309
    },
    "2exp": {
        "a1": 1215523210813405.2,
        "b1": -0.005036870485003395,
        "a2": 541300491279859.3,
        "b2": -0.0021514858059961703,
        "a1_stdev": 11532417296193.506,
        "b1_stdev": 0.00018211107925136433,
        "a2_stdev": 2885150381529.461,
        "b2_stdev": 0.00030873328096568095,
        "t_hot": 464.7950719512114,
        "n_hot": 541300491279859.3,
        "t_hot_stdev": 66.69702730097057,
        "n_hot_stdev": 2885150381529.461,
        "start_index": 48,
        "end_index": 627,
        "mse": 221858902.97544962
    },
    "nlsq": {
        "a1": 1250498652822931.5,
        "b1": -0.0037279519564425573,
        "a2": 207358416787510.03,
        "b2": -0.001618811741557823,
        "a0": -1445392573544.3672,
        "a1_stdev": 28337174704495.71,
        "b1_stdev": 0.00015924608822679193,
        "a2_stdev": 48520681959187.17,
        "b2_stdev": 0.00011845514328770203,
        "a0_stdev": 70101793.97709909,
        "start_index": 48,
        "end_index": 627,
        "t_hot": 617.7370563408906,
        "n_hot": 207358416787510.03,
        "t_hot_stdev": 45.202372607308966,
        "n_hot_stdev": 48520681959187.17,
        "mse": 126724513.81245522
    },
    "true_params": {
        "t_hot": 526.8657,
        "t_hot_stdev": 15.8406
    },
    "histogram": {
        "i": 1e+19,
        "l": 0.2,
        "a": 30.0,
        "filename": "hist_1e19_020_30"
    }
}