{
    "3exp": {
        "a1": 7165747003147153.0,
        "b1": -1.2729019311168792,
        "a2": 509525990161919.75,
        "b2": -0.5059553912766224,
        "a3": 3869178999886.2905,
        "b3": -0.11150260699311682,
        "t_hot": 8.968400174371988,
        "n_hot": 3869178999886.2905,
        "start_index": 0,
        "end_index": 345,
        "a1_stdev": 6.284662968843345e+19,
        "b1_stdev": 3479.835014694438,
        "a2_stdev": 3.2220836298879754e+18,
        "b2_stdev": 778.286134623332,
        "a3_stdev": 2.0265129438703052e+16,
        "b3_stdev": 191.50983000832525,
        "t_hot_stdev": 15403.557272402066,
        "n_hot_stdev": 2.0265129438703052e+16,
        "critical_energy": 3.446898306819631,
        "mswe": 2.2763731989815427e+18,
        "mse": 3.013968966171513e+20
    },
    "2exp": {
        "a0": 72413746867.07243,
        "a1": 949834942628689.6,
        "b1": -0.6036353213361534,
        "a2": 12692047675169.445,
        "b2": -0.18034413465058183,
        "a0_stdev": 316286304356178.94,
        "a1_stdev": 8.007529880778175e+18,
        "b1_stdev": 1425.3844807614532,
        "a2_stdev": 1.582591134392165e+17,
        "b2_stdev": 677.6507895998318,
        "t_hot": 5.544954383670463,
        "n_hot": 12692047675169.445,
        "t_hot_stdev": 20835.402957072078,
        "n_hot_stdev": 1.582591134392165e+17,
        "start_index": 27,
        "end_index": 345,
        "mswe": 3.5682691260699725e+18,
        "mse": 2.3156444944613827e+19
    },
    "2nlsq": {
        "a1": 773696757652669.6,
        "b1": -0.563777574626167,
        "a2": 6956339916190.429,
        "b2": -0.14141706284917774,
        "a0": -11117676123.01017,
        "a1_stdev": 78614043807622.08,
        "b1_stdev": 0.016248167509705775,
        "a2_stdev": 1213226152312.9612,
        "b2_stdev": 0.0092448317956621,
        "a0_stdev": 7528200802.946381,
        "start_index": 27,
        "end_index": 345,
        "t_hot": 7.071282487789375,
        "n_hot": 6956339916190.429,
        "t_hot_stdev": 0.46226965729690184,
        "n_hot_stdev": 1213226152312.9612,
        "mswe": 1.4857415412628178e+18,
        "mse": 2.5667501134323704e+19
    },
    "1nlsq": null,
    "true_params": {
        "t_hot": 7.403,
        "t_hot_stdev": 0.4465
    },
    "histogram": {
        "i": 1e+17,
        "l": 1.0,
        "a": 1.0,
        "filename": "hist_1e17_100_1"
    }
}