{
    "3exp": {
        "a1": 2057759452292857.0,
        "b1": -0.282138010247726,
        "a2": 116689907756306.31,
        "b2": -0.10583561951888223,
        "a3": 97293664255368.48,
        "b3": -0.04807747013481188,
        "t_hot": 20.799763323568083,
        "n_hot": 97293664255368.48,
        "start_index": 0,
        "end_index": 319,
        "critical_energy": 13.037819840856876,
        "mse": 3835529840.5613604
    },
    "2exp": {
        "a1": 174431366999272.78,
        "b1": -0.10629188223690313,
        "a2": 86361349908677.44,
        "b2": -0.04680185967522698,
        "a1_stdev": 8316932074228.047,
        "b1_stdev": 0.01997557386744403,
        "a2_stdev": 1417069937078.9111,
        "b2_stdev": 0.0337339096591979,
        "t_hot": 21.366672327538236,
        "n_hot": 86361349908677.44,
        "t_hot_stdev": 15.400699865701712,
        "n_hot_stdev": 1417069937078.9111,
        "start_index": 36,
        "end_index": 319,
        "mse": 4375921413.392715
    },
    "nlsq": null,
    "true_params": {
        "t_hot": 19.0541,
        "t_hot_stdev": 0.4995
    },
    "histogram": {
        "i": 1e+18,
        "l": 0.02,
        "a": 20.0,
        "filename": "hist_1e18_002_20"
    }
}