{
    "3exp": {
        "a1": 2690644617682383.0,
        "b1": -2.8505784148114794,
        "a2": 24135075082673.13,
        "b2": -0.4150100659050574,
        "a3": -2022545436250.2458,
        "b3": -0.26791623903118783,
        "t_hot": 3.7325098456745325,
        "n_hot": -2022545436250.2458,
        "start_index": 0,
        "end_index": 465,
        "critical_energy": NaN,
        "mse": 2137567070.8659515
    },
    "2exp": {
        "a1": 1696172909800185.5,
        "b1": -2.6779293617276525,
        "a2": 24300139146135.25,
        "b2": -0.45949296712359144,
        "a1_stdev": 88622519705377.12,
        "b1_stdev": 0.0727409234208492,
        "a2_stdev": 197080428597.23227,
        "b2_stdev": 0.30054177277627886,
        "t_hot": 2.176311873193538,
        "n_hot": 24300139146135.25,
        "t_hot_stdev": 1.4234660272998734,
        "n_hot_stdev": 197080428597.23227,
        "start_index": 25,
        "end_index": 465,
        "mse": 2417660631.569247
    },
    "nlsq": {
        "a1": 2.52063175561874e+17,
        "b1": -4.8448173990405,
        "a2": 28343071616890.082,
        "b2": -0.4918091939574928,
        "a0": 0.0,
        "a1_stdev": Infinity,
        "b1_stdev": Infinity,
        "a2_stdev": Infinity,
        "b2_stdev": Infinity,
        "a0_stdev": Infinity,
        "start_index": 25,
        "end_index": 465,
        "t_hot": 2.0333088772765606,
        "n_hot": 28343071616890.082,
        "t_hot_stdev": Infinity,
        "n_hot_stdev": Infinity,
        "mse": 2079284590.2465193
    },
    "true_params": {
        "t_hot": 2.186,
        "t_hot_stdev": 0.0315
    },
    "histogram": {
        "i": 1e+17,
        "l": 0.02,
        "a": 5.0,
        "filename": "hist_1e17_002_5"
    }
}