{
    "3exp": {
        "a1": 233609861755261.6,
        "b1": -0.032258574697744374,
        "a2": 183439281268366.1,
        "b2": -0.008701232232797031,
        "a3": 16115260709575.36,
        "b3": -0.002878778640624455,
        "t_hot": 347.3695357775349,
        "n_hot": 16115260709575.36,
        "start_index": 0,
        "end_index": 607,
        "a1_stdev": 5.111981964489201e+17,
        "b1_stdev": 47.66273277684741,
        "a2_stdev": 8.285049802067781e+16,
        "b2_stdev": 2.4300255046134085,
        "a3_stdev": 1.3702580443893474e+16,
        "b3_stdev": 0.7475620743946677,
        "t_hot_stdev": 90205.02204748808,
        "n_hot_stdev": 1.3702580443893474e+16,
        "critical_energy": 10.262988975670208,
        "mswe": 3327659489481377.0,
        "mse": 4.24109647084142e+18
    },
    "2exp": {
        "a0": 23637646224.787262,
        "a1": 204597957616577.88,
        "b1": -0.009282719356143698,
        "a2": 19008458345866.344,
        "b2": -0.003079605101324426,
        "a0_stdev": 180065270267539.28,
        "a1_stdev": 4.215347257601018e+16,
        "b1_stdev": 2.138756266761161,
        "a2_stdev": 2.1524851711508068e+16,
        "b2_stdev": 1.3604897498655233,
        "t_hot": 324.71695788850866,
        "n_hot": 19008458345866.344,
        "t_hot_stdev": 143451.53949278753,
        "n_hot_stdev": 2.1524851711508068e+16,
        "start_index": 25,
        "end_index": 607,
        "mswe": 3068764344208186.0,
        "mse": 4.872233333431853e+16
    },
    "2nlsq": {
        "a1": 205962396160158.4,
        "b1": -0.009435809524146993,
        "a2": 20787170040022.91,
        "b2": -0.003199499335401566,
        "a0": 23709024910.257137,
        "a1_stdev": 2852783447624.5273,
        "b1_stdev": 0.0001473625564704097,
        "a2_stdev": 1505007775913.84,
        "b2_stdev": 8.724159579125874e-05,
        "a0_stdev": 10795228001.804808,
        "start_index": 25,
        "end_index": 607,
        "t_hot": 312.5489006780778,
        "n_hot": 20787170040022.91,
        "t_hot_stdev": 8.522353655853111,
        "n_hot_stdev": 1505007775913.84,
        "mswe": 2977210219812727.0,
        "mse": 4.9374460646824216e+16
    },
    "1nlsq": null,
    "true_params": {
        "t_hot": 368.361,
        "t_hot_stdev": 11.9112
    },
    "histogram": {
        "i": 1e+18,
        "l": 5.0,
        "a": 0.0,
        "filename": "hist_1e18_500_0"
    }
}