{
    "3exp": {
        "a1": 1887070476191665.2,
        "b1": -0.014480732063842037,
        "a2": 709593157373854.9,
        "b2": -0.0023580912361026293,
        "a3": 6401336523415.049,
        "b3": -0.0004751327058699822,
        "t_hot": 2104.6751521113874,
        "n_hot": 6401336523415.049,
        "start_index": 0,
        "end_index": 660,
        "a1_stdev": 4.841204313068883e+18,
        "b1_stdev": 17.14659512230776,
        "a2_stdev": 1.7759000623610826e+17,
        "b2_stdev": 0.39484298649377614,
        "a3_stdev": 1.9115749704112244e+16,
        "b3_stdev": 0.7241983091276613,
        "t_hot_stdev": 3207950.46855638,
        "n_hot_stdev": 1.9115749704112244e+16,
        "critical_energy": 80.6828412083013,
        "mswe": 2.0686304648065e+16,
        "mse": 6.275795025109085e+17
    },
    "2exp": {
        "a0": -44115931161886.34,
        "a1": 750060399221050.8,
        "b1": -0.0024157767691694093,
        "a2": 49012147837428.055,
        "b2": -2.3289254823588307e-05,
        "a0_stdev": 2.1422811328585457e+18,
        "a1_stdev": 6.921569289909245e+16,
        "b1_stdev": 0.18653951684417,
        "a2_stdev": 2.132916296874767e+18,
        "b2_stdev": 1.115509022492565,
        "t_hot": 42938.25661554268,
        "n_hot": 49012147837428.055,
        "t_hot_stdev": 2056657159.1730738,
        "n_hot_stdev": 2.132916296874767e+18,
        "start_index": 25,
        "end_index": 660,
        "mswe": 5207351366819404.0,
        "mse": 3.1396717328660934e+17
    },
    "2nlsq": {
        "a1": 758716028513783.5,
        "b1": -0.0025001140373244945,
        "a2": 16348483946256.88,
        "b2": -0.0006568761490502423,
        "a0": -753730213935.885,
        "a1_stdev": 5054939043232.159,
        "b1_stdev": 2.304403982298692e-05,
        "a2_stdev": 3039240979369.708,
        "b2_stdev": 8.217062652779779e-05,
        "a0_stdev": 167459039632.2674,
        "start_index": 25,
        "end_index": 660,
        "t_hot": 1522.3569944591081,
        "n_hot": 16348483946256.88,
        "t_hot_stdev": 190.43624618514218,
        "n_hot_stdev": 3039240979369.708,
        "mswe": 4292068705335201.0,
        "mse": 3.1664146957601645e+17
    },
    "1nlsq": null,
    "histogram": {
        "i": 1e+19,
        "l": 0.6,
        "a": 10.0,
        "filename": "hist_1e19_060_10"
    }
}