{
    "3exp": {
        "a1": 8464943804114933.0,
        "b1": -0.1269198695368135,
        "a2": 1155038639352073.8,
        "b2": -0.028412150351494768,
        "a3": -26224077830.8559,
        "b3": 0.0054130032502852626,
        "t_hot": 35.19620963667714,
        "n_hot": 1155038639352073.8,
        "start_index": 0,
        "end_index": 472,
        "critical_energy": NaN,
        "mse": 594287025.195478
    },
    "2exp": {
        "a1": 7210698273718913.0,
        "b1": -0.11908203460013131,
        "a2": 1139825782827547.8,
        "b2": -0.028379970949680842,
        "a1_stdev": 84057573724377.17,
        "b1_stdev": 0.0012864951949648137,
        "a2_stdev": 2093892390289.3252,
        "b2_stdev": 0.003867688739837756,
        "t_hot": 35.23611781608416,
        "n_hot": 1139825782827547.8,
        "t_hot_stdev": 4.802060451524101,
        "n_hot_stdev": 2093892390289.3252,
        "start_index": 25,
        "end_index": 472,
        "mse": 677643487.292871
    },
    "nlsq": {
        "a1": 1.5942134958359704e+16,
        "b1": -0.14639961192234574,
        "a2": 1214605770420443.5,
        "b2": -0.029039023237668916,
        "a0": -78903241573.13878,
        "a1_stdev": 6633375145492081.0,
        "b1_stdev": 0.012374757551999342,
        "a2_stdev": 15683943928922.938,
        "b2_stdev": 0.00012598798404141125,
        "a0_stdev": 23283195.999997586,
        "start_index": 25,
        "end_index": 472,
        "t_hot": 34.43641997926491,
        "n_hot": 1214605770420443.5,
        "t_hot_stdev": 0.14940499531551182,
        "n_hot_stdev": 15683943928922.938,
        "mse": 446305966.02863836
    },
    "true_params": {
        "t_hot": 35.6804,
        "t_hot_stdev": 0.1869
    },
    "histogram": {
        "i": 1e+18,
        "l": 0.05,
        "a": 50.0,
        "filename": "hist_1e18_005_50"
    }
}