{
    "3exp": {
        "a1": 1981800498850803.8,
        "b1": -0.17416661862139893,
        "a2": 191769597500311.12,
        "b2": -0.028493985825984464,
        "a3": 2705371887371.76,
        "b3": -0.0126269810597153,
        "t_hot": 79.1954937819909,
        "n_hot": 2705371887371.76,
        "start_index": 0,
        "end_index": 356,
        "a1_stdev": 1.8332169894494478e+19,
        "b1_stdev": 959.7420780693272,
        "a2_stdev": 3.98684940692439e+18,
        "b2_stdev": 630.3155002561632,
        "a3_stdev": 5.67553036392801e+18,
        "b3_stdev": 8951.962958751832,
        "t_hot_stdev": 56146051.33908616,
        "n_hot_stdev": 5.67553036392801e+18
    },
    "2exp": null,
    "2nlsq": null,
    "1nlsq": null,
    "true_params": {
        "t_hot": 36.6248,
        "t_hot_stdev": 0.345
    },
    "histogram": {
        "i": 1e+18,
        "l": 0.05,
        "a": 20.0,
        "filename": "hist_1e18_005_20"
    }
}