{
    "3exp": {
        "a1": 1083861274587581.4,
        "b1": -0.7288711798828876,
        "a2": 114564388078534.39,
        "b2": -0.2206633982379055,
        "a3": 12530702867753.22,
        "b3": -0.07991167884049617,
        "t_hot": 12.513815433611418,
        "n_hot": 12530702867753.22,
        "start_index": 0,
        "end_index": 260,
        "a1_stdev": 6.228441134153974e+19,
        "b1_stdev": 19335.34243125835,
        "a2_stdev": 5.402865284071363e+18,
        "b2_stdev": 6742.312788879577,
        "a3_stdev": 1.2264331517994401e+18,
        "b3_stdev": 2446.0115726036015,
        "t_hot_stdev": 383034.59284261276,
        "n_hot_stdev": 1.2264331517994401e+18,
        "critical_energy": 4.421711499235142,
        "mswe": 9.286882290488023e+19,
        "mse": 4.124130597949463e+21
    },
    "2exp": {
        "a0": 336622263333.44635,
        "a1": 285954716667152.2,
        "b1": -0.41530425024503514,
        "a2": 54846194747883.14,
        "b2": -0.13669514124069826,
        "a0_stdev": 1.3181988757980058e+16,
        "a1_stdev": 4.738648441012158e+19,
        "b1_stdev": 25658.95892065495,
        "a2_stdev": 2.874131932217542e+18,
        "b2_stdev": 2351.4213297619413,
        "t_hot": 7.315548972140569,
        "n_hot": 54846194747883.14,
        "t_hot_stdev": 125841.61906471511,
        "n_hot_stdev": 2.874131932217542e+18,
        "start_index": 28,
        "end_index": 260,
        "mswe": 9.502577207419835e+19,
        "mse": 3.219634013065344e+20
    },
    "2nlsq": {
        "a1": 243243355314704.88,
        "b1": -0.387763673967301,
        "a2": 51395370397178.81,
        "b2": -0.13369058724171612,
        "a0": 168981400713.99362,
        "a1_stdev": 207601365392333.7,
        "b1_stdev": 0.14057684251060784,
        "a2_stdev": 18771185241738.344,
        "b2_stdev": 0.015864089617672106,
        "a0_stdev": 86458821061.7096,
        "start_index": 28,
        "end_index": 260,
        "t_hot": 7.4799581678250355,
        "n_hot": 51395370397178.81,
        "t_hot_stdev": 0.8875922318769494,
        "n_hot_stdev": 18771185241738.344,
        "mswe": 8.304184711714438e+19,
        "mse": 3.338482766653084e+20
    },
    "1nlsq": null,
    "true_params": {
        "t_hot": 8.9237,
        "t_hot_stdev": 0.3144
    },
    "histogram": {
        "i": 1e+18,
        "l": 0.01,
        "a": 5.0,
        "filename": "hist_1e18_001_5"
    }
}