{
    "3exp": {
        "a1": 1.3558376134164446e+16,
        "b1": -1.6233267907079796,
        "a2": 201758054687920.44,
        "b2": -0.34832481000594806,
        "a3": 18538623445716.996,
        "b3": -0.11450852785060155,
        "t_hot": 8.73297403058655,
        "n_hot": 18538623445716.996,
        "start_index": 0,
        "end_index": 216,
        "critical_energy": 4.370906459031664,
        "mse": 4779275494.550458
    },
    "2exp": {
        "a1": 141173524074731.06,
        "b1": -0.2817651182031853,
        "a2": 9005754410027.863,
        "b2": -0.08943926639157661,
        "a1_stdev": 3492134171098.914,
        "b1_stdev": 0.05524430904523835,
        "a2_stdev": 459303064512.75775,
        "b2_stdev": 0.0935817904633717,
        "t_hot": 11.180771492711841,
        "n_hot": 9005754410027.863,
        "t_hot_stdev": 11.698626981899544,
        "n_hot_stdev": 459303064512.75775,
        "start_index": 31,
        "end_index": 216,
        "mse": 4679178251.7042
    },
    "nlsq": {
        "a1": 163786482985216.2,
        "b1": -0.3177116926864164,
        "a2": 15953744549394.46,
        "b2": -0.11471068085212083,
        "a0": 0.0,
        "a1_stdev": Infinity,
        "b1_stdev": Infinity,
        "a2_stdev": Infinity,
        "b2_stdev": Infinity,
        "a0_stdev": Infinity,
        "start_index": 31,
        "end_index": 216,
        "t_hot": 8.71758403464756,
        "n_hot": 15953744549394.46,
        "t_hot_stdev": Infinity,
        "n_hot_stdev": Infinity,
        "mse": 4307016114.792088
    },
    "true_params": {
        "t_hot": 7.6036,
        "t_hot_stdev": 0.2888
    },
    "histogram": {
        "i": 1e+18,
        "l": 0.01,
        "a": 2.0,
        "filename": "hist_1e18_001_2"
    }
}