{
    "3exp": {
        "a1": 3995168287583635.0,
        "b1": -0.014474755938400367,
        "a2": 671417242765982.0,
        "b2": -0.002431178438924198,
        "a3": 49251632372125.82,
        "b3": -0.001197903948370498,
        "t_hot": 834.7914716871035,
        "n_hot": 49251632372125.82,
        "start_index": 0,
        "end_index": 721,
        "critical_energy": 331.0949367730619,
        "mse": 87944673.67772612
    },
    "2exp": {
        "a1": 673104296952868.6,
        "b1": -0.002323405075253545,
        "a2": 22446579691593.582,
        "b2": -0.0009936896023695443,
        "a1_stdev": 2615864368559.5596,
        "b1_stdev": 0.00029876294351275105,
        "a2_stdev": 917436019018.8839,
        "b2_stdev": 0.00040534539670566494,
        "t_hot": 1006.350471631592,
        "n_hot": 22446579691593.582,
        "t_hot_stdev": 410.5100125589712,
        "n_hot_stdev": 917436019018.8839,
        "start_index": 65,
        "end_index": 721,
        "mse": 98077716.5494971
    },
    "nlsq": {
        "a1": 691274585220312.6,
        "b1": -0.0023521992534882774,
        "a2": 18565894552000.656,
        "b2": -0.0007264402830577739,
        "a0": -1058427096709.7592,
        "a1_stdev": 7395351912879.86,
        "b1_stdev": 4.800418184124665e-05,
        "a2_stdev": 8623982755078.441,
        "b2_stdev": 0.00020389644525525458,
        "a0_stdev": 93967517.65559185,
        "start_index": 65,
        "end_index": 721,
        "t_hot": 1376.5756433422757,
        "n_hot": 18565894552000.656,
        "t_hot_stdev": 386.3757102249418,
        "n_hot_stdev": 8623982755078.441,
        "mse": 40951794.87454983
    },
    "true_params": {
        "t_hot": 588.7512,
        "t_hot_stdev": 7.9664
    },
    "histogram": {
        "i": 1e+19,
        "l": 0.4,
        "a": 20.0,
        "filename": "hist_1e19_040_20"
    }
}