{
    "3exp": {
        "a1": 4619237767011806.0,
        "b1": -0.023464684754284683,
        "a2": 705872997152442.2,
        "b2": -0.002469809144210217,
        "a3": 35636944363.8325,
        "b3": 0.0005597836798934163,
        "t_hot": 404.8895852314025,
        "n_hot": 705872997152442.2,
        "start_index": 0,
        "end_index": 824,
        "critical_energy": 490.0153122397522,
        "mse": 75572954.7026446
    },
    "2exp": {
        "a1": 751137377156321.4,
        "b1": -0.0025341634628409026,
        "a2": 519991420288.5447,
        "b2": -0.0001870937565153298,
        "a1_stdev": 1259041167322.0254,
        "b1_stdev": 0.0002403772618911186,
        "a2_stdev": 101305251512.14238,
        "b2_stdev": 0.0003442799417212975,
        "t_hot": 5344.9137941600075,
        "n_hot": 519991420288.5447,
        "t_hot_stdev": 9835.424996707417,
        "n_hot_stdev": 101305251512.14238,
        "start_index": 116,
        "end_index": 824,
        "mse": 78500652.3258016
    },
    "nlsq": {
        "a1": 792291391075221.2,
        "b1": -0.0026991625669441767,
        "a2": 19924779946904.6,
        "b2": -0.001144150140418126,
        "a0": -331882200558.40576,
        "a1_stdev": 9179790046195.568,
        "b1_stdev": 5.920387784965099e-05,
        "a2_stdev": 13895970407740.268,
        "b2_stdev": 0.00026433132992975845,
        "a0_stdev": 26284779.84376201,
        "start_index": 116,
        "end_index": 824,
        "t_hot": 874.0111674806536,
        "n_hot": 19924779946904.6,
        "t_hot_stdev": 201.92151896183256,
        "n_hot_stdev": 13895970407740.268,
        "mse": 22523408.61711188
    },
    "true_params": {
        "t_hot": 461.0446,
        "t_hot_stdev": 6.3428
    },
    "histogram": {
        "i": 1e+19,
        "l": 0.8,
        "a": 25.0,
        "filename": "hist_1e19_080_25"
    }
}