{
    "3exp": {
        "a1": 4.572537006738882e+16,
        "b1": -0.07537400942061198,
        "a2": 4357751256885013.0,
        "b2": -0.023822817392100775,
        "a3": 1351488015827808.0,
        "b3": -0.009381026821574464,
        "t_hot": 106.59813888392284,
        "n_hot": 1351488015827808.0,
        "start_index": 0,
        "end_index": 485,
        "a1_stdev": 1.5026034660379122e+20,
        "b1_stdev": 117.5775913815556,
        "a2_stdev": 1.4921580630574518e+19,
        "b2_stdev": 42.060782293978676,
        "a3_stdev": 2.2119218052245412e+18,
        "b3_stdev": 3.6699634983601332,
        "t_hot_stdev": 41702.39421951273,
        "n_hot_stdev": 2.2119218052245412e+18,
        "critical_energy": 45.59927787379439,
        "mswe": 5.7601367187168877e+17,
        "mse": 2.301916265525875e+22
    },
    "2exp": {
        "a0": 602359096380.5552,
        "a1": 6510052802706411.0,
        "b1": -0.029469785848761282,
        "a2": 1654065278728097.2,
        "b2": -0.009961646555961219,
        "a0_stdev": 1986313232570803.2,
        "a1_stdev": 3.6806985753170194e+19,
        "b1_stdev": 70.5553855537834,
        "a2_stdev": 2.738414183055092e+18,
        "b2_stdev": 4.589617545242373,
        "t_hot": 100.38501109051926,
        "n_hot": 1654065278728097.2,
        "t_hot_stdev": 46250.26651891091,
        "n_hot_stdev": 2.738414183055092e+18,
        "start_index": 30,
        "end_index": 485,
        "mswe": 8.797178056581618e+17,
        "mse": 3.1613620591706087e+19
    },
    "2nlsq": {
        "a1": 5866569191627907.0,
        "b1": -0.027653531185466818,
        "a2": 1542056513060630.0,
        "b2": -0.009739522089676494,
        "a0": 8379005208.7522545,
        "a1_stdev": 582264456537209.9,
        "b1_stdev": 0.0012825982474747363,
        "a2_stdev": 58331302395186.695,
        "b2_stdev": 0.00010066290972752793,
        "a0_stdev": 42920657442.65784,
        "start_index": 30,
        "end_index": 485,
        "t_hot": 102.67444242053315,
        "n_hot": 1542056513060630.0,
        "t_hot_stdev": 1.0611925342474064,
        "n_hot_stdev": 58331302395186.695,
        "mswe": 5.545520334069485e+17,
        "mse": 3.198301436152247e+19
    },
    "1nlsq": null,
    "true_params": {
        "t_hot": 122.0482,
        "t_hot_stdev": 3.4044
    },
    "histogram": {
        "i": 1e+19,
        "l": 0.02,
        "a": 50.0,
        "filename": "hist_1e19_002_50"
    }
}