{
    "3exp": {
        "a1": 6154727729668509.0,
        "b1": -0.3020591188644797,
        "a2": 1157357364130820.8,
        "b2": -0.10949065563706374,
        "a3": 236953771936258.94,
        "b3": -0.031926669493224924,
        "t_hot": 31.321776304045976,
        "n_hot": 236953771936258.94,
        "start_index": 0,
        "end_index": 331,
        "a1_stdev": 2.4690466513857692e+20,
        "b1_stdev": 6790.382356492127,
        "a2_stdev": 4.439166233514116e+19,
        "b2_stdev": 1629.567765669393,
        "a3_stdev": 2.266607096677761e+18,
        "b3_stdev": 98.35435791564555,
        "t_hot_stdev": 96490.90387632373,
        "n_hot_stdev": 2.266607096677761e+18
    },
    "2exp": null,
    "2nlsq": null,
    "1nlsq": null,
    "true_params": {
        "t_hot": 29.424,
        "t_hot_stdev": 0.2945
    },
    "histogram": {
        "i": 1e+18,
        "l": 0.01,
        "a": 40.0,
        "filename": "hist_1e18_001_40"
    }
}