{
    "3exp": {
        "a1": 2591356927997807.0,
        "b1": -0.0730343570564268,
        "a2": 409800462256250.0,
        "b2": -0.011939415727018711,
        "a3": -45335475761.557495,
        "b3": 0.006285585431573181,
        "t_hot": 83.75619233502488,
        "n_hot": 409800462256250.0,
        "start_index": 0,
        "end_index": 423,
        "a1_stdev": 8.443139359452593e+18,
        "b1_stdev": 134.20415992696428,
        "a2_stdev": 5.614640133181856e+17,
        "b2_stdev": 10.323626543614667,
        "a3_stdev": 7974557614589569.0,
        "b3_stdev": 379.52857277448874,
        "t_hot_stdev": 72421.27003126532,
        "n_hot_stdev": 5.614640133181856e+17
    },
    "2exp": null,
    "2nlsq": null,
    "1nlsq": null,
    "true_params": {
        "t_hot": 85.6968,
        "t_hot_stdev": 0.6431
    },
    "histogram": {
        "i": 1e+18,
        "l": 0.1,
        "a": 30.0,
        "filename": "hist_1e18_010_30"
    }
}