{
    "3exp": {
        "a1": 563618726266821.6,
        "b1": -0.04347473449548896,
        "a2": 165462184072545.53,
        "b2": -0.0182015472003309,
        "a3": 64421613195615.836,
        "b3": -0.00497779720435161,
        "t_hot": 200.89207312941474,
        "n_hot": 64421613195615.836,
        "start_index": 0,
        "end_index": 615,
        "a1_stdev": 2.585839167843808e+18,
        "b1_stdev": 309.0514478829794,
        "a2_stdev": 3.9175616658379945e+18,
        "b2_stdev": 175.71551439023702,
        "a3_stdev": 2.2230279284013216e+17,
        "b3_stdev": 6.068192965282853,
        "t_hot_stdev": 244897.85640108096,
        "n_hot_stdev": 2.2230279284013216e+17,
        "critical_energy": 48.49547932541732,
        "mswe": 7.917949772199191e+17,
        "mse": 3.6727366745624176e+20
    },
    "2exp": {
        "a0": -1098337354075.337,
        "a1": 351063721876299.06,
        "b1": -0.021174453185783232,
        "a2": 53782797107744.125,
        "b2": -0.004213349288202137,
        "a0_stdev": 9806232637783538.0,
        "a1_stdev": 1.3837703109530606e+18,
        "b1_stdev": 51.94172088151902,
        "a2_stdev": 1.539463029025584e+17,
        "b2_stdev": 9.028385216471527,
        "t_hot": 237.34087339972382,
        "n_hot": 53782797107744.125,
        "t_hot_stdev": 508575.17051021784,
        "n_hot_stdev": 1.539463029025584e+17,
        "start_index": 42,
        "end_index": 615,
        "mswe": 5.806410726335041e+17,
        "mse": 2.3789433586331136e+18
    },
    "2nlsq": {
        "a1": 389803542035530.44,
        "b1": -0.023163739234694336,
        "a2": 61808874563727.086,
        "b2": -0.004735697104342205,
        "a0": -612271417161.4314,
        "a1_stdev": 29840969486309.707,
        "b1_stdev": 0.0009954923995353024,
        "a2_stdev": 2660100714591.59,
        "b2_stdev": 0.0001347036469693743,
        "a0_stdev": 118086920234.6459,
        "start_index": 42,
        "end_index": 615,
        "t_hot": 211.16215373721658,
        "n_hot": 61808874563727.086,
        "t_hot_stdev": 6.006362227903028,
        "n_hot_stdev": 2660100714591.59,
        "mswe": 5.5376634528184314e+17,
        "mse": 2.4644841720667085e+18
    },
    "1nlsq": null,
    "true_params": {
        "t_hot": 198.8327,
        "t_hot_stdev": 4.057
    },
    "histogram": {
        "i": 1e+18,
        "l": 0.2,
        "a": 20.0,
        "filename": "hist_1e18_020_20"
    }
}