{
    "3exp": {
        "a1": 883300308982501.9,
        "b1": -0.29171059942403177,
        "a2": 67315801207264.266,
        "b2": -0.11489858264930611,
        "a3": 31272105901140.13,
        "b3": -0.027906759365237867,
        "t_hot": 35.833612456115304,
        "n_hot": 31272105901140.13,
        "start_index": 0,
        "end_index": 538,
        "critical_energy": 12.664481032094912,
        "mse": 5227404356.407728
    },
    "2exp": {
        "a1": 239413854594396.78,
        "b1": -0.15873946721603946,
        "a2": 31962189051273.887,
        "b2": -0.02827264469089866,
        "a1_stdev": 7249253170454.784,
        "b1_stdev": 0.0025474955113042935,
        "a2_stdev": 217533511525.56702,
        "b2_stdev": 0.009990310652366708,
        "t_hot": 35.3698782315159,
        "n_hot": 31962189051273.887,
        "t_hot_stdev": 12.498161213159397,
        "n_hot_stdev": 217533511525.56702,
        "start_index": 44,
        "end_index": 538,
        "mse": 5284968622.657343
    },
    "nlsq": {
        "a1": 1.2681085779457709e+17,
        "b1": -0.5123566146845482,
        "a2": 51362028796066.38,
        "b2": -0.03764694297541474,
        "a0": 0.0,
        "a1_stdev": Infinity,
        "b1_stdev": Infinity,
        "a2_stdev": Infinity,
        "b2_stdev": Infinity,
        "a0_stdev": Infinity,
        "start_index": 44,
        "end_index": 538,
        "t_hot": 26.56258173878947,
        "n_hot": 51362028796066.38,
        "t_hot_stdev": Infinity,
        "n_hot_stdev": Infinity,
        "mse": 1752808693.2313979
    },
    "true_params": {
        "t_hot": 34.9524,
        "t_hot_stdev": 0.5989
    },
    "histogram": {
        "i": 1e+17,
        "l": 0.2,
        "a": 45.0,
        "filename": "hist_1e17_020_45"
    }
}