{
    "3exp": {
        "a1": 1417425554514155.8,
        "b1": -0.3846838766004105,
        "a2": 116689371756661.1,
        "b2": -0.06878842867806066,
        "a3": -14599445672.704006,
        "b3": 0.03596255922019908,
        "t_hot": 14.5373287225405,
        "n_hot": 116689371756661.1,
        "start_index": 0,
        "end_index": 541,
        "critical_energy": NaN,
        "mse": 5207430497.592875
    },
    "2exp": {
        "a1": 924781838676528.9,
        "b1": -0.3278119540352808,
        "a2": 112827339323881.02,
        "b2": -0.06898164793226409,
        "a1_stdev": 8432344235248.385,
        "b1_stdev": 0.0029178426661261875,
        "a2_stdev": 471053860249.7629,
        "b2_stdev": 0.009547594560868643,
        "t_hot": 14.496609315305731,
        "n_hot": 112827339323881.02,
        "t_hot_stdev": 2.006443052589276,
        "n_hot_stdev": 471053860249.7629,
        "start_index": 25,
        "end_index": 541,
        "mse": 11060237865.352966
    },
    "nlsq": {
        "a1": 5957634332051596.0,
        "b1": -0.5927504035311013,
        "a2": 170967969990878.56,
        "b2": -0.08462535084282057,
        "a0": 0.0,
        "a1_stdev": Infinity,
        "b1_stdev": Infinity,
        "a2_stdev": Infinity,
        "b2_stdev": Infinity,
        "a0_stdev": Infinity,
        "start_index": 25,
        "end_index": 541,
        "t_hot": 11.816790004892935,
        "n_hot": 170967969990878.56,
        "t_hot_stdev": Infinity,
        "n_hot_stdev": Infinity,
        "mse": 3653967469.032864
    },
    "true_params": {
        "t_hot": 15.0071,
        "t_hot_stdev": 0.187
    },
    "histogram": {
        "i": 1e+17,
        "l": 0.05,
        "a": 50.0,
        "filename": "hist_1e17_005_50"
    }
}