{
    "3exp": {
        "a1": 2131727359617100.8,
        "b1": -0.021790793532478567,
        "a2": 292883016674249.94,
        "b2": -0.0072025168100499195,
        "a3": 69266310066109.61,
        "b3": -0.002925631517363896,
        "t_hot": 341.80654469467765,
        "n_hot": 69266310066109.61,
        "start_index": 0,
        "end_index": 563,
        "critical_energy": 181.6432454967558,
        "mse": 106463999.6567351
    },
    "2exp": {
        "a1": 368230016951435.8,
        "b1": -0.008588171675467337,
        "a2": 90331628176916.36,
        "b2": -0.0031575199290497695,
        "a1_stdev": 8063882892310.897,
        "b1_stdev": 0.00047338031611942157,
        "a2_stdev": 1089745143576.3475,
        "b2_stdev": 0.0009096004915055605,
        "t_hot": 316.70425602062375,
        "n_hot": 90331628176916.36,
        "t_hot_stdev": 91.23437172570941,
        "n_hot_stdev": 1089745143576.3475,
        "start_index": 52,
        "end_index": 563,
        "mse": 88811641.79158774
    },
    "nlsq": {
        "a1": 2433359612803217.0,
        "b1": -0.016728176069445183,
        "a2": 143030424051546.97,
        "b2": -0.0036626930177253163,
        "a0": 14538147292.117472,
        "a1_stdev": 1661791724047085.8,
        "b1_stdev": 0.0024729972760671867,
        "a2_stdev": 6802144465587.24,
        "b2_stdev": 5.929484286652776e-05,
        "a0_stdev": 6022978.65095361,
        "start_index": 52,
        "end_index": 563,
        "t_hot": 273.0231540455556,
        "n_hot": 143030424051546.97,
        "t_hot_stdev": 4.419934987647142,
        "n_hot_stdev": 6802144465587.24,
        "mse": 79977008.00394836
    },
    "true_params": {
        "t_hot": 339.6019,
        "t_hot_stdev": 10.4521
    },
    "histogram": {
        "i": 1e+19,
        "l": 0.2,
        "a": 3.0,
        "filename": "hist_1e19_020_3"
    }
}