{
    "3exp": {
        "a1": 2057759452292857.0,
        "b1": -0.282138010247726,
        "a2": 116689907756306.31,
        "b2": -0.10583561951888223,
        "a3": 97293664255368.48,
        "b3": -0.04807747013481188,
        "t_hot": 20.799763323568083,
        "n_hot": 97293664255368.48,
        "start_index": 0,
        "end_index": 319,
        "a1_stdev": 2.2702888517169467e+19,
        "b1_stdev": 2269.598769357458,
        "a2_stdev": 6.527200419366776e+18,
        "b2_stdev": 3012.655911441781,
        "a3_stdev": 1.209087326590216e+18,
        "b3_stdev": 115.36387056835778,
        "t_hot_stdev": 49909.88912653136,
        "n_hot_stdev": 1.209087326590216e+18,
        "critical_energy": 16.27801505227105,
        "mswe": 6.126616731305012e+18,
        "mse": 4.1512388009208426e+21
    },
    "2exp": {
        "a0": -155805179582.54626,
        "a1": 1265248252817933.8,
        "b1": -0.182906171174135,
        "a2": 93165053415426.08,
        "b2": -0.04613924426045558,
        "a0_stdev": 2007898549102634.8,
        "a1_stdev": 9.390211693217327e+19,
        "b1_stdev": 2966.7335799993807,
        "a2_stdev": 5.5944026254571174e+17,
        "b2_stdev": 90.60324014598034,
        "t_hot": 21.673523613759468,
        "n_hot": 93165053415426.08,
        "t_hot_stdev": 42560.1133321995,
        "n_hot_stdev": 5.5944026254571174e+17,
        "start_index": 44,
        "end_index": 319,
        "mswe": 4.4355701060178903e+18,
        "mse": 4.304892176169573e+19
    },
    "2nlsq": {
        "a1": 1.3487912977352232e+17,
        "b1": -0.39041513368360736,
        "a2": 139306860487251.72,
        "b2": -0.054357724286667845,
        "a0": -138898814837.77075,
        "a1_stdev": 1.1296408754568165e+18,
        "b1_stdev": 0.3143645071869627,
        "a2_stdev": 9677777724867.059,
        "b2_stdev": 0.001320627986418495,
        "a0_stdev": 24692346838.674927,
        "start_index": 44,
        "end_index": 319,
        "t_hot": 18.39664947572625,
        "n_hot": 139306860487251.72,
        "t_hot_stdev": 0.4469489934098292,
        "n_hot_stdev": 9677777724867.059,
        "mswe": 2.592518967957362e+18,
        "mse": 5.098885193572874e+19
    },
    "1nlsq": null,
    "true_params": {
        "t_hot": 19.0541,
        "t_hot_stdev": 0.4995
    },
    "histogram": {
        "i": 1e+18,
        "l": 0.02,
        "a": 20.0,
        "filename": "hist_1e18_002_20"
    }
}