{
    "3exp": {
        "a1": 2766339475123546.5,
        "b1": -1.422059758560372,
        "a2": 71458213389636.6,
        "b2": -0.3092165586397791,
        "a3": 3473669933165.918,
        "b3": -0.10455847110066352,
        "t_hot": 9.564026610883124,
        "n_hot": 3473669933165.918,
        "start_index": 0,
        "end_index": 468,
        "critical_energy": 5.07025582972836,
        "mse": 2262863817.0903726
    },
    "2exp": {
        "a1": 72042942738658.78,
        "b1": -0.3060921029688249,
        "a2": 3017579772135.541,
        "b2": -0.09951065477275126,
        "a1_stdev": 787109716235.4092,
        "b1_stdev": 0.019654477525108037,
        "a2_stdev": 102858023653.86906,
        "b2_stdev": 0.03260153929389253,
        "t_hot": 10.049175159018523,
        "n_hot": 3017579772135.541,
        "t_hot_stdev": 3.2922964838903064,
        "n_hot_stdev": 102858023653.86906,
        "start_index": 55,
        "end_index": 468,
        "mse": 2535597383.367738
    },
    "nlsq": {
        "a1": 103827652720067.42,
        "b1": -0.4651325274602697,
        "a2": 23668452393040.902,
        "b2": -0.19331495491824266,
        "a0": 5716887621.436518,
        "a1_stdev": 65713174771850.3,
        "b1_stdev": 0.1247622056187049,
        "a2_stdev": 7541873937530.205,
        "b2_stdev": 0.014531090368352203,
        "a0_stdev": 151505133.62193653,
        "start_index": 55,
        "end_index": 468,
        "t_hot": 5.172905533474753,
        "n_hot": 23668452393040.902,
        "t_hot_stdev": 0.3888367447084529,
        "n_hot_stdev": 7541873937530.205,
        "mse": 1364574816.3767715
    },
    "true_params": {
        "t_hot": 5.5568,
        "t_hot_stdev": 0.1362
    },
    "histogram": {
        "i": 1e+17,
        "l": 0.2,
        "a": 4.0,
        "filename": "hist_1e17_020_4"
    }
}