{
    "3exp": {
        "a1": 2.8010108636609756e+16,
        "b1": -0.07469876874377707,
        "a2": 2841692191453556.0,
        "b2": -0.02223240233433842,
        "a3": 820604926295807.5,
        "b3": -0.009007318984539941,
        "t_hot": 111.02082669842031,
        "n_hot": 820604926295807.5,
        "start_index": 0,
        "end_index": 420,
        "a1_stdev": 2.145108873370124e+20,
        "b1_stdev": 260.2579387682958,
        "a2_stdev": 1.7289891732581376e+19,
        "b2_stdev": 80.05142953779936,
        "a3_stdev": 3.5593473893463537e+18,
        "b3_stdev": 9.388557436284833,
        "t_hot_stdev": 115719.8284940257,
        "n_hot_stdev": 3.5593473893463537e+18,
        "critical_energy": 43.612049157567995,
        "mswe": 2.1323715263790134e+18,
        "mse": 1.4696588595779605e+22
    },
    "2exp": {
        "a0": 1006865685290.2454,
        "a1": 4992543501646044.0,
        "b1": -0.030817149028246487,
        "a2": 1176455528497652.8,
        "b2": -0.01005651570234883,
        "a0_stdev": 6202904382615182.0,
        "a1_stdev": 5.268932700553641e+19,
        "b1_stdev": 136.1788038183609,
        "a2_stdev": 3.721757146048805e+18,
        "b2_stdev": 9.508138913160188,
        "t_hot": 99.43801905131386,
        "n_hot": 1176455528497652.8,
        "t_hot_stdev": 94015.71343129654,
        "n_hot_stdev": 3.721757146048805e+18,
        "start_index": 28,
        "end_index": 420,
        "mswe": 2.1972064321975862e+18,
        "mse": 3.4214670146249183e+19
    },
    "2nlsq": {
        "a1": 4777869398678803.0,
        "b1": -0.03008159859402999,
        "a2": 1147556045143699.2,
        "b2": -0.009970011294951864,
        "a0": 556932254507.5308,
        "a1_stdev": 653931097169402.9,
        "b1_stdev": 0.0017892107900909105,
        "a2_stdev": 51846185417570.83,
        "b2_stdev": 0.00013390552129136432,
        "a0_stdev": 86882335470.4838,
        "start_index": 28,
        "end_index": 420,
        "t_hot": 100.30078907797547,
        "n_hot": 1147556045143699.2,
        "t_hot_stdev": 1.3471227915480843,
        "n_hot_stdev": 51846185417570.83,
        "mswe": 1.956826916953588e+18,
        "mse": 3.4438309531242783e+19
    },
    "1nlsq": null,
    "true_params": {
        "t_hot": 128.3402,
        "t_hot_stdev": 4.3584
    },
    "histogram": {
        "i": 1e+19,
        "l": 0.01,
        "a": 45.0,
        "filename": "hist_1e19_001_45"
    }
}