{
    "3exp": {
        "a1": 1.117584208178396e+16,
        "b1": -0.020089865472466592,
        "a2": 565694112748805.2,
        "b2": -0.005850413177066256,
        "a3": 874457207503410.8,
        "b3": -0.004030390294725893,
        "t_hot": 248.11492854887643,
        "n_hot": 874457207503410.8,
        "start_index": 0,
        "end_index": 585,
        "a1_stdev": 3.0080308138442025e+18,
        "b1_stdev": 5.899624123755995,
        "a2_stdev": 3.5563138717028767e+18,
        "b2_stdev": 20.825988882120864,
        "a3_stdev": 4.829719813428365e+18,
        "b3_stdev": 2.625310708237961,
        "t_hot_stdev": 161616.79915849492,
        "n_hot_stdev": 4.829719813428365e+18,
        "critical_energy": 158.65440077768403,
        "mswe": 3.6499513117544e+16,
        "mse": 1.638511679745662e+21
    },
    "2exp": {
        "a0": -285456551845.0061,
        "a1": 1.1188065606199528e+16,
        "b1": -0.018308874377645105,
        "a2": 1183105370535520.2,
        "b2": -0.004202390694479317,
        "a0_stdev": 193104336089943.94,
        "a1_stdev": 5.205674775137365e+19,
        "b1_stdev": 19.034096830185597,
        "a2_stdev": 2.5010751747447274e+17,
        "b2_stdev": 0.2811601276681051,
        "t_hot": 237.95978829709966,
        "n_hot": 1183105370535520.2,
        "t_hot_stdev": 15920.653104762649,
        "n_hot_stdev": 2.5010751747447274e+17,
        "start_index": 51,
        "end_index": 585,
        "mswe": 1.7560730026514162e+16,
        "mse": 3.0517834997621304e+18
    },
    "2nlsq": {
        "a1": 2.8883263150446652e+16,
        "b1": -0.022757038133566346,
        "a2": 1278124927257606.2,
        "b2": -0.0043331141196352885,
        "a0": -205269542847.14664,
        "a1_stdev": 1.6683648754873742e+16,
        "b1_stdev": 0.0023225372930695907,
        "a2_stdev": 18632343943113.645,
        "b2_stdev": 2.1155272573473832e-05,
        "a0_stdev": 14580551880.792452,
        "start_index": 51,
        "end_index": 585,
        "t_hot": 230.78090546209026,
        "n_hot": 1278124927257606.2,
        "t_hot_stdev": 1.1267261431403393,
        "n_hot_stdev": 18632343943113.645,
        "mswe": 1.6065745145188236e+16,
        "mse": 3.2353161391596667e+18
    },
    "1nlsq": null,
    "true_params": {
        "t_hot": 232.7056,
        "t_hot_stdev": 1.436
    },
    "histogram": {
        "i": 1e+19,
        "l": 0.2,
        "a": 50.0,
        "filename": "hist_1e19_020_50"
    }
}