{
    "3exp": {
        "a1": 2920631338105803.5,
        "b1": -0.017988744634317624,
        "a2": 688022513960112.0,
        "b2": -0.002929618536426858,
        "a3": 173064856318370.66,
        "b3": -0.0013453484489703653,
        "t_hot": 743.3018566790852,
        "n_hot": 173064856318370.66,
        "start_index": 0,
        "end_index": 825,
        "a1_stdev": 2.385136950037387e+18,
        "b1_stdev": 6.669759288415829,
        "a2_stdev": 7.213124046511976e+16,
        "b2_stdev": 0.4414593531981936,
        "a3_stdev": 7.737918981673093e+16,
        "b3_stdev": 0.13490624974753834,
        "t_hot_stdev": 74535.38597506232,
        "n_hot_stdev": 7.737918981673093e+16
    },
    "2exp": null,
    "2nlsq": null,
    "1nlsq": null,
    "true_params": {
        "t_hot": 659.0293,
        "t_hot_stdev": 3.2061
    },
    "histogram": {
        "i": 1e+19,
        "l": 2.0,
        "a": 4.0,
        "filename": "hist_1e19_200_4"
    }
}