{
    "3exp": {
        "a1": 5973105275523902.0,
        "b1": -0.026793657488321417,
        "a2": 1159798018336750.0,
        "b2": -0.007776639984396445,
        "a3": 332003428048280.0,
        "b3": -0.002420778552882616,
        "t_hot": 413.0902427275801,
        "n_hot": 332003428048280.0,
        "start_index": 0,
        "end_index": 738,
        "critical_energy": 118.56937094531837,
        "mse": 38338868.1043667
    },
    "2exp": {
        "a1": 1289893852624123.8,
        "b1": -0.008067293924686289,
        "a2": 335252145989983.4,
        "b2": -0.0024283199722848893,
        "a1_stdev": 5846969921714.742,
        "b1_stdev": 4.99542903501475e-05,
        "a2_stdev": 951019652629.1199,
        "b2_stdev": 0.0001138147379964335,
        "t_hot": 411.8073447541041,
        "n_hot": 335252145989983.4,
        "t_hot_stdev": 19.30130525759914,
        "n_hot_stdev": 951019652629.1199,
        "start_index": 36,
        "end_index": 738,
        "mse": 38876442.51031104
    },
    "nlsq": {
        "a1": 1283083503759701.0,
        "b1": -0.008052623799398343,
        "a2": 335477592544315.1,
        "b2": -0.002429048063913414,
        "a0": -109379566764.96463,
        "a1_stdev": 43210242552910.08,
        "b1_stdev": 0.00017639379142885925,
        "a2_stdev": 7132627281065.465,
        "b2_stdev": 1.83228496470859e-05,
        "a0_stdev": 8475271.25923022,
        "start_index": 36,
        "end_index": 738,
        "t_hot": 411.6839081351525,
        "n_hot": 335477592544315.1,
        "t_hot_stdev": 3.10542325734482,
        "n_hot_stdev": 7132627281065.465,
        "mse": 36052274.52344489
    },
    "true_params": {
        "t_hot": 401.2418,
        "t_hot_stdev": 2.4016
    },
    "histogram": {
        "i": 1e+19,
        "l": 0.5,
        "a": 45.0,
        "filename": "hist_1e19_050_45"
    }
}