{
    "3exp": {
        "a1": 5548398530955129.0,
        "b1": -0.02265937649246052,
        "a2": 844252216562017.0,
        "b2": -0.0025508715160130293,
        "a3": 27629210322.25405,
        "b3": 5.836501028596152e-05,
        "t_hot": 392.0228806988224,
        "n_hot": 844252216562017.0,
        "start_index": 0,
        "end_index": 689,
        "critical_energy": 537.4718403035758,
        "mse": 38772964.00529505
    },
    "2exp": {
        "a1": 869090269337226.6,
        "b1": -0.0025765339169304146,
        "a2": 56726505407.09936,
        "b2": 5.7828180637655674e-05,
        "a1_stdev": 1325938969044.1338,
        "b1_stdev": 0.0005764090150384044,
        "a2_stdev": 60199465258.857185,
        "b2_stdev": 0.0008166848883506136,
        "t_hot": 388.11831407651806,
        "n_hot": 869090269337226.6,
        "t_hot_stdev": 86.82784793368346,
        "n_hot_stdev": 1325938969044.1338,
        "start_index": 123,
        "end_index": 689,
        "mse": 42775911.02015932
    },
    "nlsq": {
        "a1": 875378612017953.5,
        "b1": -0.0027197704932110348,
        "a2": 42342419439362.914,
        "b2": -0.0016169130556325606,
        "a0": -332714557467.983,
        "a1_stdev": 99363377484061.92,
        "b1_stdev": 0.00020910497447574052,
        "a2_stdev": 134945493789697.78,
        "b2_stdev": 0.0010316692135991514,
        "a0_stdev": 48086722.448738836,
        "start_index": 123,
        "end_index": 689,
        "t_hot": 618.4624439245343,
        "n_hot": 42342419439362.914,
        "t_hot_stdev": 394.60913556333395,
        "n_hot_stdev": 134945493789697.78,
        "mse": 28418450.636871967
    },
    "true_params": {
        "t_hot": 417.3355,
        "t_hot_stdev": 6.8652
    },
    "histogram": {
        "i": 1e+19,
        "l": 0.8,
        "a": 30.0,
        "filename": "hist_1e19_080_30"
    }
}