{
    "3exp": {
        "a1": 2455644277489015.0,
        "b1": -1.3804971366231555,
        "a2": 240002744777056.47,
        "b2": -0.3823239484869229,
        "a3": 37374638098361.47,
        "b3": -0.12508470793751486,
        "t_hot": 7.994582363333675,
        "n_hot": 37374638098361.47,
        "start_index": 0,
        "end_index": 528,
        "critical_energy": 3.3336869990411935,
        "mse": 3460852626.5968294
    },
    "2exp": {
        "a1": 241453639658913.75,
        "b1": -0.3820805506727998,
        "a2": 37392099646657.484,
        "b2": -0.12534328835233685,
        "a1_stdev": 2627320365411.0464,
        "b1_stdev": 0.008746816406408339,
        "a2_stdev": 374996591837.8961,
        "b2_stdev": 0.017633204721422897,
        "t_hot": 7.978089717807825,
        "n_hot": 37392099646657.484,
        "t_hot_stdev": 1.122351991313156,
        "n_hot_stdev": 374996591837.8961,
        "start_index": 35,
        "end_index": 528,
        "mse": 3498427674.7200394
    },
    "nlsq": {
        "a1": 367208698159593.8,
        "b1": -0.5117174241881529,
        "a2": 62248886332723.63,
        "b2": -0.15137030070235694,
        "a0": 0.0,
        "a1_stdev": Infinity,
        "b1_stdev": Infinity,
        "a2_stdev": Infinity,
        "b2_stdev": Infinity,
        "a0_stdev": Infinity,
        "start_index": 35,
        "end_index": 528,
        "t_hot": 6.606315739349188,
        "n_hot": 62248886332723.63,
        "t_hot_stdev": Infinity,
        "n_hot_stdev": Infinity,
        "mse": 2325444812.387929
    },
    "true_params": {
        "t_hot": 7.758,
        "t_hot_stdev": 0.2104
    },
    "histogram": {
        "i": 1e+17,
        "l": 0.05,
        "a": 60.0,
        "filename": "hist_1e17_005_60"
    }
}