{
    "3exp": {
        "a1": 4342161256549140.5,
        "b1": -0.01897346833277706,
        "a2": 736178806725648.4,
        "b2": -0.0023001787860384543,
        "a3": 599682915168.2426,
        "b3": 8.90178910790405e-05,
        "t_hot": 434.7488143398963,
        "n_hot": 736178806725648.4,
        "start_index": 0,
        "end_index": 661,
        "a1_stdev": 6.633166792685124e+18,
        "b1_stdev": 11.573843953482223,
        "a2_stdev": 1.166980883832977e+17,
        "b2_stdev": 0.2337663304632724,
        "a3_stdev": 4647077429417282.0,
        "b3_stdev": 2.1900059357914667,
        "t_hot_stdev": 44183.36331869683,
        "n_hot_stdev": 1.166980883832977e+17
    },
    "2exp": null,
    "2nlsq": null,
    "1nlsq": null,
    "true_params": {
        "t_hot": 576.6755,
        "t_hot_stdev": 8.2074
    },
    "histogram": {
        "i": 1e+19,
        "l": 0.6,
        "a": 20.0,
        "filename": "hist_1e19_060_20"
    }
}