{
    "3exp": {
        "a1": 1584017581860494.0,
        "b1": -0.009732224275559937,
        "a2": 507137375241439.25,
        "b2": -0.0018055883070193675,
        "a3": -8374076796045.639,
        "b3": -0.0010792634330043988,
        "t_hot": 926.557844377485,
        "n_hot": -8374076796045.639,
        "start_index": 0,
        "end_index": 723,
        "a1_stdev": 3.4505235681433914e+17,
        "b1_stdev": 1.7814978447623926,
        "a2_stdev": 1.8710750909933565e+17,
        "b2_stdev": 0.46075498782586966,
        "a3_stdev": 2.4430684182040304e+17,
        "b3_stdev": 5.601956478240155,
        "t_hot_stdev": 4809332.513310057,
        "n_hot_stdev": 2.4430684182040304e+17
    },
    "2exp": null,
    "2nlsq": null,
    "1nlsq": null,
    "true_params": {
        "t_hot": 543.6043,
        "t_hot_stdev": 1.4279
    },
    "histogram": {
        "i": 1e+19,
        "l": 5.0,
        "a": 10.0,
        "filename": "hist_1e19_500_10"
    }
}