{
    "3exp": {
        "a1": 3362148743937505.5,
        "b1": -1.6176727896651426,
        "a2": 88619049966194.55,
        "b2": -0.3366036718761794,
        "a3": 1009261029617.3885,
        "b3": -0.05208319414407957,
        "t_hot": 19.200051310863632,
        "n_hot": 1009261029617.3885,
        "start_index": 0,
        "end_index": 554,
        "a1_stdev": 4.267283543422634e+19,
        "b1_stdev": 5163.017113566857,
        "a2_stdev": 3.1096768029653005e+17,
        "b2_stdev": 508.09081163973144,
        "a3_stdev": 8586146039952416.0,
        "b3_stdev": 255.6742900780384,
        "t_hot_stdev": 94252.27405959672,
        "n_hot_stdev": 8586146039952416.0
    },
    "2exp": null,
    "2nlsq": null,
    "1nlsq": null,
    "true_params": {
        "t_hot": 4.9787,
        "t_hot_stdev": 0.1768
    },
    "histogram": {
        "i": 1e+17,
        "l": 0.2,
        "a": 5.0,
        "filename": "hist_1e17_020_5"
    }
}