{
    "3exp": {
        "a1": 128587649296850.45,
        "b1": -0.02135545004912101,
        "a2": 184581653698855.2,
        "b2": -0.008074290039808047,
        "a3": 16564247381617.553,
        "b3": -0.0029730172006311464,
        "t_hot": 336.3586324988999,
        "n_hot": 16564247381617.553,
        "start_index": 0,
        "end_index": 517,
        "a1_stdev": 1.7685995108824464e+17,
        "b1_stdev": 50.306790768385824,
        "a2_stdev": 2.0691766848905248e+17,
        "b2_stdev": 4.642829255830427,
        "a3_stdev": 2.9116335763733144e+16,
        "b3_stdev": 1.4369517551722397,
        "t_hot_stdev": 162572.59703510007,
        "n_hot_stdev": 2.9116335763733144e+16
    },
    "2exp": null,
    "2nlsq": null,
    "1nlsq": null,
    "true_params": {
        "t_hot": 313.1803,
        "t_hot_stdev": 6.594
    },
    "histogram": {
        "i": 1e+18,
        "l": 5.0,
        "a": 4.0,
        "filename": "hist_1e18_500_4"
    }
}