{
    "3exp": {
        "a1": 1222325124603862.5,
        "b1": -0.027377568887183436,
        "a2": 177330546000008.22,
        "b2": -0.004861130095801529,
        "a3": -26866732458.330734,
        "b3": 0.003954135962081087,
        "t_hot": 205.71348231632024,
        "n_hot": 177330546000008.22,
        "start_index": 0,
        "end_index": 505,
        "critical_energy": NaN,
        "mse": 158818786.6292916
    },
    "2exp": {
        "a1": 1049651341467680.4,
        "b1": -0.025707324717076888,
        "a2": 179764555571721.78,
        "b2": -0.004968185201546447,
        "a1_stdev": 8645378100676.783,
        "b1_stdev": 0.0001743071991932699,
        "a2_stdev": 642213617436.3254,
        "b2_stdev": 0.0006150186984298781,
        "t_hot": 201.28074124304584,
        "n_hot": 179764555571721.78,
        "t_hot_stdev": 24.91682867614649,
        "n_hot_stdev": 642213617436.3254,
        "start_index": 25,
        "end_index": 505,
        "mse": 398898990.70964295
    },
    "nlsq": {
        "a1": 1701657789156879.2,
        "b1": -0.03258472783530687,
        "a2": 213719487942344.0,
        "b2": -0.005459364054405229,
        "a0": 0.0,
        "a1_stdev": Infinity,
        "b1_stdev": Infinity,
        "a2_stdev": Infinity,
        "b2_stdev": Infinity,
        "a0_stdev": Infinity,
        "start_index": 25,
        "end_index": 505,
        "t_hot": 183.17151778751364,
        "n_hot": 213719487942344.0,
        "t_hot_stdev": Infinity,
        "n_hot_stdev": Infinity,
        "mse": 276903059.0121033
    },
    "true_params": {
        "t_hot": 206.1581,
        "t_hot_stdev": 2.5686
    },
    "histogram": {
        "i": 1e+18,
        "l": 0.2,
        "a": 30.0,
        "filename": "hist_1e18_020_30"
    }
}