{
    "3exp": {
        "a1": 2066604727240762.5,
        "b1": -0.015058363753963919,
        "a2": 714004662241555.2,
        "b2": -0.002333933903311844,
        "a3": 2124620368209.3135,
        "b3": -0.0001058575738906022,
        "t_hot": 9446.65519194161,
        "n_hot": 2124620368209.3135,
        "start_index": 0,
        "end_index": 561,
        "a1_stdev": 7.689351022527864e+18,
        "b1_stdev": 24.711641402223286,
        "a2_stdev": 2.4194201721976403e+17,
        "b2_stdev": 0.5005183374830775,
        "a3_stdev": 1.3939405698311286e+16,
        "b3_stdev": 1.8130134068497905,
        "t_hot_stdev": 161792037.0117023,
        "n_hot_stdev": 1.3939405698311286e+16
    },
    "2exp": null,
    "2nlsq": null,
    "1nlsq": null,
    "histogram": {
        "i": 1e+19,
        "l": 0.6,
        "a": 10.0,
        "filename": "hist_1e19_060_10"
    }
}