{
    "3exp": {
        "a1": 1116506954353672.4,
        "b1": -0.7018762553407882,
        "a2": 150763790731441.56,
        "b2": -0.21462907124309885,
        "a3": 2760794157125.9062,
        "b3": -0.015366964590044203,
        "t_hot": 65.07466026490815,
        "n_hot": 2760794157125.9062,
        "start_index": 0,
        "end_index": 93,
        "a1_stdev": 5.004774881329367e+20,
        "b1_stdev": 163050.71469215065,
        "a2_stdev": 6.948523767699031e+19,
        "b2_stdev": 68894.14545988223,
        "a3_stdev": 9.921791080983386e+18,
        "b3_stdev": 132269.48545934097,
        "t_hot_stdev": 560123099.0834256,
        "n_hot_stdev": 9.921791080983386e+18
    },
    "2exp": null,
    "2nlsq": null,
    "1nlsq": null,
    "true_params": {
        "t_hot": 9.0493,
        "t_hot_stdev": 0.4127
    },
    "histogram": {
        "i": 1e+18,
        "l": 0.01,
        "a": 3.0,
        "filename": "hist_1e18_001_3"
    }
}