{
    "3exp": {
        "a1": 2455644277489015.0,
        "b1": -1.3804971366231555,
        "a2": 240002744777056.47,
        "b2": -0.3823239484869229,
        "a3": 37374638098361.47,
        "b3": -0.12508470793751486,
        "t_hot": 7.994582363333675,
        "n_hot": 37374638098361.47,
        "start_index": 0,
        "end_index": 528,
        "a1_stdev": 7.28939227924803e+19,
        "b1_stdev": 13456.190117407821,
        "a2_stdev": 2.348045713248814e+18,
        "b2_stdev": 1745.6192223939352,
        "a3_stdev": 1.9652952198241805e+17,
        "b3_stdev": 177.6501736949494,
        "t_hot_stdev": 11354.217225132557,
        "n_hot_stdev": 1.9652952198241805e+17,
        "critical_energy": 2.3297500958881545,
        "mswe": 1.569237414230678e+19,
        "mse": 2.0777016313974564e+22
    },
    "2exp": {
        "a0": 50633683201.74253,
        "a1": 329802590590465.4,
        "b1": -0.45368733595609123,
        "a2": 47979750361262.23,
        "b2": -0.13695814538034667,
        "a0_stdev": 1256447510397510.0,
        "a1_stdev": 2.702190703375093e+18,
        "b1_stdev": 2023.6646324201017,
        "a2_stdev": 3.164568732027889e+17,
        "b2_stdev": 321.50479336288174,
        "t_hot": 7.301500741141744,
        "n_hot": 47979750361262.23,
        "t_hot_stdev": 17140.035596280522,
        "n_hot_stdev": 3.164568732027889e+17,
        "start_index": 25,
        "end_index": 528,
        "mswe": 1.676113177761764e+19,
        "mse": 2.7359296207660217e+20
    },
    "2nlsq": {
        "a1": 300495982762862.2,
        "b1": -0.42279610843454624,
        "a2": 41441229559868.45,
        "b2": -0.12867058009517446,
        "a0": -111548589782.02866,
        "a1_stdev": 22927866823218.355,
        "b1_stdev": 0.01915330605222468,
        "a2_stdev": 3286613274802.6855,
        "b2_stdev": 0.0037292379039951147,
        "a0_stdev": 16327614163.238373,
        "start_index": 25,
        "end_index": 528,
        "t_hot": 7.771784344644476,
        "n_hot": 41441229559868.45,
        "t_hot_stdev": 0.2252483259054721,
        "n_hot_stdev": 3286613274802.6855,
        "mswe": 9.035245142934654e+18,
        "mse": 2.848503098459588e+20
    },
    "1nlsq": null,
    "true_params": {
        "t_hot": 7.758,
        "t_hot_stdev": 0.2104
    },
    "histogram": {
        "i": 1e+17,
        "l": 0.05,
        "a": 60.0,
        "filename": "hist_1e17_005_60"
    }
}