{
    "3exp": {
        "a1": 1054910140341049.5,
        "b1": -0.09515469322315481,
        "a2": 132567182621117.62,
        "b2": -0.028522119999465873,
        "a3": 43807291962118.29,
        "b3": -0.007789269795049962,
        "t_hot": 128.3817387652299,
        "n_hot": 43807291962118.29,
        "start_index": 0,
        "end_index": 673,
        "a1_stdev": 2.9155575129637023e+18,
        "b1_stdev": 164.6940764277667,
        "a2_stdev": 4.9339105613293536e+17,
        "b2_stdev": 52.35191994396028,
        "a3_stdev": 3.8326327254661736e+16,
        "b3_stdev": 2.289953664172979,
        "t_hot_stdev": 37742.72054168213,
        "n_hot_stdev": 3.8326327254661736e+16,
        "critical_energy": 31.127738451761374,
        "mswe": 6.588781348014959e+16,
        "mse": 1.1270503521725109e+20
    },
    "2exp": {
        "a0": 68272484163.28024,
        "a1": 187002395538453.34,
        "b1": -0.03321229783715155,
        "a2": 47072111905684.37,
        "b2": -0.00808224399337095,
        "a0_stdev": 417073486871235.94,
        "a1_stdev": 5.722365791512022e+17,
        "b1_stdev": 53.28133174625204,
        "a2_stdev": 4.701032734129387e+16,
        "b2_stdev": 3.5028612742395726,
        "t_hot": 123.72801425200713,
        "n_hot": 47072111905684.37,
        "t_hot_stdev": 53623.97745197914,
        "n_hot_stdev": 4.701032734129387e+16,
        "start_index": 33,
        "end_index": 673,
        "mswe": 6.893282365630445e+16,
        "mse": 4.07509390907044e+17
    },
    "2nlsq": {
        "a1": 208582983411706.38,
        "b1": -0.03595144380479588,
        "a2": 50684903070476.07,
        "b2": -0.008381713473371777,
        "a0": 35653651323.85552,
        "a1_stdev": 26585763615239.742,
        "b1_stdev": 0.0021769353214904992,
        "a2_stdev": 1626654158989.1873,
        "b2_stdev": 0.0001170906232481,
        "a0_stdev": 13551922434.574743,
        "start_index": 33,
        "end_index": 673,
        "t_hot": 119.30734725983449,
        "n_hot": 50684903070476.07,
        "t_hot_stdev": 1.6666963972358015,
        "n_hot_stdev": 1626654158989.1873,
        "mswe": 6.163975891924784e+16,
        "mse": 4.174994081909336e+17
    },
    "1nlsq": null,
    "true_params": {
        "t_hot": 199.4857,
        "t_hot_stdev": 17.8227
    },
    "histogram": {
        "i": 1e+18,
        "l": 1.0,
        "a": 20.0,
        "filename": "hist_1e18_100_20"
    }
}