{
    "3exp": {
        "a1": 9310704762104022.0,
        "b1": -2.5777334811241497,
        "a2": 162043878050527.06,
        "b2": -0.4445709769743687,
        "a3": 7984652713148.451,
        "b3": -0.16696789737346712,
        "t_hot": 5.989175259021439,
        "n_hot": 7984652713148.451,
        "start_index": 0,
        "end_index": 328,
        "critical_energy": 2.9291104975779327,
        "mse": 7976386609.356841
    },
    "2exp": {
        "a1": 164443480839780.84,
        "b1": -0.4635190284583615,
        "a2": 12197251377306.791,
        "b2": -0.19081596838404663,
        "a1_stdev": 3267654120448.1045,
        "b1_stdev": 0.1222533778694571,
        "a2_stdev": 630684182140.0941,
        "b2_stdev": 0.18234530813669667,
        "t_hot": 5.24065154750228,
        "n_hot": 12197251377306.791,
        "t_hot_stdev": 5.008009703585447,
        "n_hot_stdev": 630684182140.0941,
        "start_index": 41,
        "end_index": 328,
        "mse": 7843797693.230906
    },
    "nlsq": {
        "a1": 183933196440360.9,
        "b1": -0.6719386281776807,
        "a2": 65285033238672.586,
        "b2": -0.3034116314646748,
        "a0": 0.0,
        "a1_stdev": Infinity,
        "b1_stdev": Infinity,
        "a2_stdev": Infinity,
        "b2_stdev": Infinity,
        "a0_stdev": Infinity,
        "start_index": 41,
        "end_index": 328,
        "t_hot": 3.2958525524306626,
        "n_hot": 65285033238672.586,
        "t_hot_stdev": Infinity,
        "n_hot_stdev": Infinity,
        "mse": 6175147786.503244
    },
    "true_params": {
        "t_hot": 3.1843,
        "t_hot_stdev": 0.0507
    },
    "histogram": {
        "i": 1e+17,
        "l": 0.01,
        "a": 60.0,
        "filename": "hist_1e17_001_60"
    }
}