{
    "3exp": {
        "a1": 743292928894812.5,
        "b1": -0.2235662651627898,
        "a2": 51576084915473.12,
        "b2": -0.04145296692803286,
        "a3": 12993366836294.893,
        "b3": -0.012684078964894242,
        "t_hot": 78.83899199679398,
        "n_hot": 12993366836294.893,
        "start_index": 0,
        "end_index": 526,
        "a1_stdev": 6.556126051482756e+18,
        "b1_stdev": 936.2368090973813,
        "a2_stdev": 2.8826523063070176e+17,
        "b2_stdev": 262.6730592964714,
        "a3_stdev": 1.37253350086787e+17,
        "b3_stdev": 53.374604108888015,
        "t_hot_stdev": 331754.47723237623,
        "n_hot_stdev": 1.37253350086787e+17
    },
    "2exp": null,
    "2nlsq": null,
    "1nlsq": null,
    "true_params": {
        "t_hot": 65.2683,
        "t_hot_stdev": 1.4144
    },
    "histogram": {
        "i": 1e+17,
        "l": 0.2,
        "a": 30.0,
        "filename": "hist_1e17_020_30"
    }
}