{
    "3exp": {
        "a1": 4804137223702844.0,
        "b1": -1.515068938100145,
        "a2": 387256680992497.06,
        "b2": -0.4307014760396932,
        "a3": 48004123878294.29,
        "b3": -0.10500537218215118,
        "t_hot": 9.52332227598142,
        "n_hot": 48004123878294.29,
        "start_index": 0,
        "end_index": 525,
        "a1_stdev": 3.4212816928400114e+20,
        "b1_stdev": 32702.102595767978,
        "a2_stdev": 9.209329940504667e+18,
        "b2_stdev": 4160.882013903131,
        "a3_stdev": 3.822392857929349e+17,
        "b3_stdev": 304.20474300027786,
        "t_hot_stdev": 27589.443713873028,
        "n_hot_stdev": 3.822392857929349e+17,
        "critical_energy": 2.322224802766665,
        "mswe": 9.975629493028494e+19,
        "mse": 5.184332863999302e+22
    },
    "2exp": {
        "a0": -64214456333.40364,
        "a1": 425622917372981.6,
        "b1": -0.43852735113346186,
        "a2": 46803761948187.484,
        "b2": -0.10311541051317245,
        "a0_stdev": 1.2203539746072864e+16,
        "a1_stdev": 6.28764295519073e+18,
        "b1_stdev": 3474.7983043656486,
        "a2_stdev": 5.6705710154994336e+17,
        "b2_stdev": 652.3084785382767,
        "t_hot": 9.697871491984753,
        "n_hot": 46803761948187.484,
        "t_hot_stdev": 61348.77189077561,
        "n_hot_stdev": 5.6705710154994336e+17,
        "start_index": 25,
        "end_index": 525,
        "mswe": 9.638944521036351e+19,
        "mse": 4.869970801564825e+20
    },
    "2nlsq": {
        "a1": 415928593925447.7,
        "b1": -0.4321622192268429,
        "a2": 45863223619170.32,
        "b2": -0.10222430857207407,
        "a0": -199105970268.69012,
        "a1_stdev": 31994964976453.867,
        "b1_stdev": 0.018192731396651098,
        "a2_stdev": 3048802366578.917,
        "b2_stdev": 0.0035617651489519204,
        "a0_stdev": 66949133269.11415,
        "start_index": 25,
        "end_index": 525,
        "t_hot": 9.782409037229554,
        "n_hot": 45863223619170.32,
        "t_hot_stdev": 0.34084499145357827,
        "n_hot_stdev": 3048802366578.917,
        "mswe": 8.87348990572636e+19,
        "mse": 4.950576987964576e+20
    },
    "1nlsq": null,
    "true_params": {
        "t_hot": 8.8633,
        "t_hot_stdev": 0.1697
    },
    "histogram": {
        "i": 1e+17,
        "l": 0.01,
        "a": 40.0,
        "filename": "hist_1e17_001_40"
    }
}