{
    "3exp": {
        "a1": 278598476685939.03,
        "b1": -0.128822155513298,
        "a2": 53638343084461.125,
        "b2": -0.034355756166396516,
        "a3": 9059332028235.115,
        "b3": -0.013564355591116267,
        "t_hot": 73.72263232725425,
        "n_hot": 9059332028235.115,
        "start_index": 0,
        "end_index": 418,
        "a1_stdev": 1.6015997725424366e+18,
        "b1_stdev": 616.9991344268828,
        "a2_stdev": 3.140196939781403e+17,
        "b2_stdev": 228.18264891241222,
        "a3_stdev": 1.944971296442029e+17,
        "b3_stdev": 85.9161314609242,
        "t_hot_stdev": 466956.45275047736,
        "n_hot_stdev": 1.944971296442029e+17
    },
    "2exp": null,
    "2nlsq": null,
    "1nlsq": null,
    "true_params": {
        "t_hot": 57.3069,
        "t_hot_stdev": 2.675
    },
    "histogram": {
        "i": 1e+18,
        "l": 0.2,
        "a": 3.0,
        "filename": "hist_1e18_020_3"
    }
}