{
    "3exp": {
        "a1": 4140707307273809.0,
        "b1": -1.146068935336497,
        "a2": 508121989494081.56,
        "b2": -0.39168914918162523,
        "a3": 98698446494908.58,
        "b3": -0.10335118956688825,
        "t_hot": 9.67574736382503,
        "n_hot": 98698446494908.58,
        "start_index": 0,
        "end_index": 426,
        "a1_stdev": 2.8893504265819855e+20,
        "b1_stdev": 33593.581198817585,
        "a2_stdev": 2.5662574462711562e+19,
        "b2_stdev": 7389.265757838893,
        "a3_stdev": 9.882531930151753e+17,
        "b3_stdev": 352.37023016254494,
        "t_hot_stdev": 32988.931621141055,
        "n_hot_stdev": 9.882531930151753e+17
    },
    "2exp": null,
    "2nlsq": null,
    "1nlsq": null,
    "true_params": {
        "t_hot": 9.0443,
        "t_hot_stdev": 0.1104
    },
    "histogram": {
        "i": 1e+17,
        "l": 0.02,
        "a": 45.0,
        "filename": "hist_1e17_002_45"
    }
}