{
    "3exp": {
        "a1": 829476877323366.0,
        "b1": -0.10089500674491585,
        "a2": 76639120201228.3,
        "b2": -0.013550413321144213,
        "a3": 4348080151476.323,
        "b3": -0.004219759389991704,
        "t_hot": 236.98033645514704,
        "n_hot": 4348080151476.323,
        "start_index": 0,
        "end_index": 814,
        "a1_stdev": 8.481450999389121e+17,
        "b1_stdev": 37.397388846648376,
        "a2_stdev": 1.1847612892304498e+16,
        "b2_stdev": 1.9549383609602942,
        "a3_stdev": 3701112164469002.0,
        "b3_stdev": 1.2019415340706299,
        "t_hot_stdev": 67500.6517715299,
        "n_hot_stdev": 3701112164469002.0
    },
    "2exp": null,
    "2nlsq": null,
    "1nlsq": null,
    "true_params": {
        "t_hot": 195.0797,
        "t_hot_stdev": 8.7166
    },
    "histogram": {
        "i": 1e+18,
        "l": 1.0,
        "a": 3.0,
        "filename": "hist_1e18_100_3"
    }
}