{
    "3exp": {
        "a1": 2371389250267536.0,
        "b1": -0.026325850529882178,
        "a2": 356988200117834.8,
        "b2": -0.005898455942904208,
        "a3": -16317929655.58837,
        "b3": 0.000728121249347407,
        "t_hot": 169.53589374571686,
        "n_hot": 356988200117834.8,
        "start_index": 0,
        "end_index": 690,
        "a1_stdev": 2.882248169817757e+17,
        "b1_stdev": 2.238348793505639,
        "a2_stdev": 3.73197244398844e+16,
        "b2_stdev": 0.2710242783328469,
        "a3_stdev": 237669024058409.2,
        "b3_stdev": 9.701554322582012,
        "t_hot_stdev": 7789.893439692907,
        "n_hot_stdev": 3.73197244398844e+16,
        "critical_energy": 92.69554702802333,
        "mswe": 4008830305240660.0,
        "mse": 4.9953081028774784e+17
    },
    "2exp": {
        "a0": -202416471259.84668,
        "a1": 1311267482550733.5,
        "b1": -0.019863068785877323,
        "a2": 297958552203844.5,
        "b2": -0.005514902301468862,
        "a0_stdev": 81508036654245.34,
        "a1_stdev": 2.592549573313948e+18,
        "b1_stdev": 13.699650508185242,
        "a2_stdev": 8.038484017122272e+16,
        "b2_stdev": 0.455632451231548,
        "t_hot": 181.32687495364257,
        "n_hot": 297958552203844.5,
        "t_hot_stdev": 14980.937828631999,
        "n_hot_stdev": 8.038484017122272e+16,
        "start_index": 46,
        "end_index": 690,
        "mswe": 1.0320312989304048e+16,
        "mse": 2.9428181069977504e+17
    },
    "2nlsq": {
        "a1": 3860982330749140.0,
        "b1": -0.02884081445886402,
        "a2": 364041801870994.1,
        "b2": -0.005974401235922233,
        "a0": -39727848347.82742,
        "a1_stdev": 1062255254401063.6,
        "b1_stdev": 0.0018114670632716611,
        "a2_stdev": 4596971211530.941,
        "b2_stdev": 2.5881904621350842e-05,
        "a0_stdev": 4543244208.979828,
        "start_index": 46,
        "end_index": 690,
        "t_hot": 167.3807902266939,
        "n_hot": 364041801870994.1,
        "t_hot_stdev": 0.725115953385561,
        "n_hot_stdev": 4596971211530.941,
        "mswe": 3572382097586723.0,
        "mse": 3.717679755982896e+17
    },
    "1nlsq": null,
    "true_params": {
        "t_hot": 183.2596,
        "t_hot_stdev": 1.2414
    },
    "histogram": {
        "i": 1e+19,
        "l": 1.0,
        "a": 60.0,
        "filename": "hist_1e19_100_60"
    }
}