{
    "3exp": {
        "a1": 9.367463388098568e+16,
        "b1": -6.596006844531082,
        "a2": 2092739584064301.5,
        "b2": -2.538476820276247,
        "a3": 153640840552728.66,
        "b3": -1.1066783472910242,
        "t_hot": 0.9036049204792376,
        "n_hot": 153640840552728.66,
        "start_index": 0,
        "end_index": 289,
        "a1_stdev": 3.789482319206793e+22,
        "b1_stdev": 416775.5368079444,
        "a2_stdev": 2.031858019076558e+20,
        "b2_stdev": 61762.02922638214,
        "a3_stdev": 6.809765992069915e+18,
        "b3_stdev": 9055.205199167209,
        "t_hot_stdev": 7393.591818206009,
        "n_hot_stdev": 6.809765992069915e+18
    },
    "2exp": null,
    "2nlsq": null,
    "1nlsq": null,
    "true_params": {
        "t_hot": 0.9211,
        "t_hot_stdev": 0.0192
    },
    "histogram": {
        "i": 1e+17,
        "l": 2.0,
        "a": 50.0,
        "filename": "hist_1e17_200_50"
    }
}