{
    "3exp": {
        "a1": 8220265545520167.0,
        "b1": -0.22317088189512896,
        "a2": 1082012344434930.0,
        "b2": -0.10003650708885763,
        "a3": 461051955356086.6,
        "b3": -0.035249324481058934,
        "t_hot": 28.36933798652923,
        "n_hot": 461051955356086.6,
        "start_index": 0,
        "end_index": 335,
        "a1_stdev": 1.0001198015731794e+20,
        "b1_stdev": 3180.2658977631672,
        "a2_stdev": 8.268265560801328e+19,
        "b2_stdev": 2492.831200064134,
        "a3_stdev": 3.676603047435813e+18,
        "b3_stdev": 69.58937932227333,
        "t_hot_stdev": 56006.87818364266,
        "n_hot_stdev": 3.676603047435813e+18,
        "critical_energy": 16.468024686692765,
        "mswe": 2.343220926886452e+19,
        "mse": 7.964960531298692e+22
    },
    "2exp": {
        "a0": -1118552144393.7507,
        "a1": 2092947105251907.5,
        "b1": -0.10907577893517129,
        "a2": 392067518682465.8,
        "b2": -0.03263955496538288,
        "a0_stdev": 1.266472346694978e+16,
        "a1_stdev": 5.714186987714292e+19,
        "b1_stdev": 1086.7786892974962,
        "a2_stdev": 2.6678946278410353e+18,
        "b2_stdev": 76.7035060348276,
        "t_hot": 30.63767263556712,
        "n_hot": 392067518682465.8,
        "t_hot_stdev": 71999.04871214375,
        "n_hot_stdev": 2.6678946278410353e+18,
        "start_index": 37,
        "end_index": 335,
        "mswe": 1.1692156848725279e+19,
        "mse": 1.5485607133195928e+20
    },
    "2nlsq": {
        "a1": 3098713017182518.5,
        "b1": -0.12753032760596938,
        "a2": 449081038847014.3,
        "b2": -0.034469354339170304,
        "a0": -797112392549.0967,
        "a1_stdev": 990649817828009.6,
        "b1_stdev": 0.011913145850353028,
        "a2_stdev": 19951273240290.56,
        "b2_stdev": 0.0005349835401055085,
        "a0_stdev": 86330888143.83514,
        "start_index": 37,
        "end_index": 335,
        "t_hot": 29.011277384549658,
        "n_hot": 449081038847014.3,
        "t_hot_stdev": 0.45027115174397087,
        "n_hot_stdev": 19951273240290.56,
        "mswe": 1.1113193136954716e+19,
        "mse": 1.5593204807187884e+20
    },
    "1nlsq": null,
    "true_params": {
        "t_hot": 26.8161,
        "t_hot_stdev": 0.2326
    },
    "histogram": {
        "i": 1e+18,
        "l": 0.01,
        "a": 50.0,
        "filename": "hist_1e18_001_50"
    }
}