{
    "3exp": {
        "a1": 6231384671013287.0,
        "b1": -1.3666709465035143,
        "a2": 313119296870282.4,
        "b2": -0.45048651584708554,
        "a3": 1154886312965.5806,
        "b3": -0.08023533144505302,
        "t_hot": 12.463337310257424,
        "n_hot": 1154886312965.5806,
        "start_index": 0,
        "end_index": 347,
        "a1_stdev": 6.2817656587374125e+19,
        "b1_stdev": 3533.1957712101826,
        "a2_stdev": 1.160985001854519e+18,
        "b2_stdev": 455.22574189586965,
        "a3_stdev": 7428985434651223.0,
        "b3_stdev": 205.55642775263567,
        "t_hot_stdev": 31930.061847219007,
        "n_hot_stdev": 7428985434651223.0,
        "critical_energy": 3.2643750401293783,
        "mswe": 2.138226716552455e+18,
        "mse": 7.14567334407105e+19
    },
    "2exp": {
        "a0": 38366950927.3286,
        "a1": 379742580682118.0,
        "b1": -0.47733721077128555,
        "a2": 2450384363728.3594,
        "b2": -0.1236410149646421,
        "a0_stdev": 430035827637160.1,
        "a1_stdev": 1.4735641922210575e+18,
        "b1_stdev": 635.6137474916089,
        "a2_stdev": 4.406821010579002e+16,
        "b2_stdev": 898.3041876446389,
        "t_hot": 8.087931017761155,
        "n_hot": 2450384363728.3594,
        "t_hot_stdev": 58762.23439862186,
        "n_hot_stdev": 4.406821010579002e+16,
        "start_index": 26,
        "end_index": 347,
        "mswe": 2.310127150651874e+18,
        "mse": 2.143846121941093e+19
    },
    "2nlsq": {
        "a1": 395005715611842.9,
        "b1": -0.48532859342240137,
        "a2": 3256294356174.095,
        "b2": -0.1334123568486878,
        "a0": -10317173059.199032,
        "a1_stdev": 32287926878083.84,
        "b1_stdev": 0.01365461952820601,
        "a2_stdev": 1055961316190.6736,
        "b2_stdev": 0.0161041283594303,
        "a0_stdev": 7303947594.79647,
        "start_index": 26,
        "end_index": 347,
        "t_hot": 7.49555756019039,
        "n_hot": 3256294356174.095,
        "t_hot_stdev": 0.9047844137234543,
        "n_hot_stdev": 1055961316190.6736,
        "mswe": 8.548251886793859e+17,
        "mse": 2.227622500595508e+19
    },
    "1nlsq": null,
    "true_params": {
        "t_hot": 5.2463,
        "t_hot_stdev": 0.2
    },
    "histogram": {
        "i": 1e+17,
        "l": 1.0,
        "a": 40.0,
        "filename": "hist_1e17_100_40"
    }
}