{
    "3exp": {
        "a1": 897228131612127.6,
        "b1": -0.3502491604011073,
        "a2": -3753757629.0715218,
        "b2": 0.04686741142248151,
        "a3": 51436655712477.67,
        "b3": -0.04383478394809685,
        "t_hot": 22.812933244613752,
        "n_hot": 51436655712477.67,
        "start_index": 0,
        "end_index": 545,
        "critical_energy": NaN,
        "mse": 1318075926.681901
    },
    "2exp": {
        "a1": 634794133863147.0,
        "b1": -0.3110019768363964,
        "a2": 50592662947417.18,
        "b2": -0.043935223810348666,
        "a1_stdev": 7111397436895.718,
        "b1_stdev": 0.0014911523161072666,
        "a2_stdev": 254841396885.87515,
        "b2_stdev": 0.007165704019529582,
        "t_hot": 22.760780833087647,
        "n_hot": 50592662947417.18,
        "t_hot_stdev": 3.712215497235536,
        "n_hot_stdev": 254841396885.87515,
        "start_index": 25,
        "end_index": 545,
        "mse": 1930181824.8867173
    },
    "nlsq": {
        "a1": 975782252829538.4,
        "b1": -0.36577729578827495,
        "a2": 57612344113225.6,
        "b2": -0.048015581957051565,
        "a0": 0.0,
        "a1_stdev": Infinity,
        "b1_stdev": Infinity,
        "a2_stdev": Infinity,
        "b2_stdev": Infinity,
        "a0_stdev": Infinity,
        "start_index": 25,
        "end_index": 545,
        "t_hot": 20.82657252586189,
        "n_hot": 57612344113225.6,
        "t_hot_stdev": Infinity,
        "n_hot_stdev": Infinity,
        "mse": 1538893829.3091426
    },
    "true_params": {
        "t_hot": 21.7929,
        "t_hot_stdev": 0.2267
    },
    "histogram": {
        "i": 1e+17,
        "l": 0.05,
        "a": 30.0,
        "filename": "hist_1e17_005_30"
    }
}