{
    "3exp": {
        "a1": 9748916296473018.0,
        "b1": -0.38150642887282754,
        "a2": 793851493564589.2,
        "b2": -0.10320945437987948,
        "a3": 153524409873517.6,
        "b3": -0.04858537348593186,
        "t_hot": 20.582326083992236,
        "n_hot": 153524409873517.6,
        "start_index": 0,
        "end_index": 494,
        "a1_stdev": 2.8181839532074967e+19,
        "b1_stdev": 495.9205813718627,
        "a2_stdev": 1.721887818423069e+18,
        "b2_stdev": 167.5133932259948,
        "a3_stdev": 6.582398842324119e+17,
        "b3_stdev": 40.46631840227515,
        "t_hot_stdev": 17142.833347065873,
        "n_hot_stdev": 6.582398842324119e+17,
        "critical_energy": 9.012009582078088,
        "mswe": 1.7548181376621463e+18,
        "mse": 1.5310636340478772e+22
    },
    "2exp": {
        "a0": 324789282243.25366,
        "a1": 1435741192760372.5,
        "b1": -0.17134525111926452,
        "a2": 403124189296873.7,
        "b2": -0.062310415897014526,
        "a0_stdev": 741403159135286.2,
        "a1_stdev": 2.026860888392348e+19,
        "b1_stdev": 1043.3607342663743,
        "a2_stdev": 1.7985307273980247e+18,
        "b2_stdev": 72.41862516515678,
        "t_hot": 16.048681197262123,
        "n_hot": 403124189296873.7,
        "t_hot_stdev": 18652.15327627609,
        "n_hot_stdev": 1.7985307273980247e+18,
        "start_index": 33,
        "end_index": 494,
        "mswe": 6.004597254915406e+18,
        "mse": 1.2902684390370332e+20
    },
    "2nlsq": {
        "a1": 950544259332832.0,
        "b1": -0.11894026679759746,
        "a2": 214832599327309.3,
        "b2": -0.05246827299282453,
        "a0": -88558276803.87485,
        "a1_stdev": 53083080008243.51,
        "b1_stdev": 0.005951854432209228,
        "a2_stdev": 26028804740896.812,
        "b2_stdev": 0.0015293237897532528,
        "a0_stdev": 16047524527.552132,
        "start_index": 33,
        "end_index": 494,
        "t_hot": 19.059136940466065,
        "n_hot": 214832599327309.3,
        "t_hot_stdev": 0.5555279385545233,
        "n_hot_stdev": 26028804740896.812,
        "mswe": 1.1388238508902634e+18,
        "mse": 1.5035569059749157e+20
    },
    "1nlsq": null,
    "true_params": {
        "t_hot": 18.4813,
        "t_hot_stdev": 0.2435
    },
    "histogram": {
        "i": 1e+18,
        "l": 0.02,
        "a": 60.0,
        "filename": "hist_1e18_002_60"
    }
}