{
    "3exp": {
        "a1": 1.1189115242554988e+16,
        "b1": -0.02260025913781475,
        "a2": 2810083209754919.5,
        "b2": -0.008855275188883672,
        "a3": 821359184252510.4,
        "b3": -0.0026707471408091645,
        "t_hot": 374.42706002374564,
        "n_hot": 821359184252510.4,
        "start_index": 0,
        "end_index": 623,
        "critical_energy": 131.04867906214824,
        "mse": 157861427.90802398
    },
    "2exp": {
        "a1": 4589359504912034.0,
        "b1": -0.010508838524997892,
        "a2": 868877457818585.2,
        "b2": -0.002716664534482667,
        "a1_stdev": 24889152097502.137,
        "b1_stdev": 5.606450959626772e-05,
        "a2_stdev": 2044583564913.8687,
        "b2_stdev": 0.00015063850859529766,
        "t_hot": 368.0984484123762,
        "n_hot": 868877457818585.2,
        "t_hot_stdev": 20.410985817813806,
        "n_hot_stdev": 2044583564913.8687,
        "start_index": 36,
        "end_index": 623,
        "mse": 151408640.24587733
    },
    "nlsq": {
        "a1": 4306858609704644.5,
        "b1": -0.010149396616605728,
        "a2": 839627853577194.2,
        "b2": -0.002674070883762904,
        "a0": -537994613164.9748,
        "a1_stdev": 319168810011301.3,
        "b1_stdev": 0.00032889208781282093,
        "a2_stdev": 17939794591502.027,
        "b2_stdev": 2.0731763323385892e-05,
        "a0_stdev": 19705598.37700772,
        "start_index": 36,
        "end_index": 623,
        "t_hot": 373.96166499252183,
        "n_hot": 839627853577194.2,
        "t_hot_stdev": 2.8992816823668366,
        "n_hot_stdev": 17939794591502.027,
        "mse": 114285078.81894507
    },
    "true_params": {
        "t_hot": 372.6228,
        "t_hot_stdev": 5.2658
    },
    "histogram": {
        "i": 1e+19,
        "l": 0.2,
        "a": 40.0,
        "filename": "hist_1e19_020_40"
    }
}