{
    "3exp": {
        "a1": 1997569608437573.8,
        "b1": -1.6770094251814358,
        "a2": 85853815295490.58,
        "b2": -0.3305387364300755,
        "a3": 4347988438903.49,
        "b3": -0.07295329873755846,
        "t_hot": 13.707399354173017,
        "n_hot": 4347988438903.49,
        "start_index": 0,
        "end_index": 337,
        "a1_stdev": 1.9013252104841796e+20,
        "b1_stdev": 44289.05213263832,
        "a2_stdev": 2.1033834994937306e+18,
        "b2_stdev": 6430.576040739021,
        "a3_stdev": 4.527262737929361e+17,
        "b3_stdev": 4588.71096605127,
        "t_hot_stdev": 862185.7382873278,
        "n_hot_stdev": 4.527262737929361e+17
    },
    "2exp": null,
    "2nlsq": null,
    "1nlsq": null,
    "true_params": {
        "t_hot": 8.8364,
        "t_hot_stdev": 0.6769
    },
    "histogram": {
        "i": 1e+17,
        "l": 0.01,
        "a": 20.0,
        "filename": "hist_1e17_001_20"
    }
}