{
    "3exp": {
        "a1": 1.3558376134164446e+16,
        "b1": -1.6233267907079796,
        "a2": 201758054687920.44,
        "b2": -0.34832481000594806,
        "a3": 18538623445716.996,
        "b3": -0.11450852785060155,
        "t_hot": 8.73297403058655,
        "n_hot": 18538623445716.996,
        "start_index": 0,
        "end_index": 216,
        "a1_stdev": 3.6326726021667813e+21,
        "b1_stdev": 79281.6525778353,
        "a2_stdev": 8.378646362433212e+18,
        "b2_stdev": 8506.47481396236,
        "a3_stdev": 1.3345546779334083e+18,
        "b3_stdev": 2737.1168372107873,
        "t_hot_stdev": 208745.7651121783,
        "n_hot_stdev": 1.3345546779334083e+18,
        "critical_energy": 3.300144339722524,
        "mswe": 2.0625007432361234e+20,
        "mse": 1.2922869483142958e+22
    },
    "2exp": {
        "a0": 27411724991.108067,
        "a1": 202890326584325.78,
        "b1": -0.3492152514340331,
        "a2": 18822759954465.734,
        "b2": -0.11622636993701697,
        "a0_stdev": 9.379806807908048e+16,
        "a1_stdev": 1.2853868830475921e+19,
        "b1_stdev": 18094.01453543286,
        "a2_stdev": 4.4593731060699003e+18,
        "b2_stdev": 12785.715966623797,
        "t_hot": 8.6038994467598,
        "n_hot": 18822759954465.734,
        "t_hot_stdev": 946489.2914686672,
        "n_hot_stdev": 4.4593731060699003e+18,
        "start_index": 25,
        "end_index": 216,
        "mswe": 2.056161852858087e+20,
        "mse": 6.684284614795069e+20
    },
    "2nlsq": {
        "a1": 215941627237187.53,
        "b1": -0.3725218561428275,
        "a2": 25843294823882.848,
        "b2": -0.13629385010949113,
        "a0": 86490367770.03928,
        "a1_stdev": 78578885926597.2,
        "b1_stdev": 0.10516262592668181,
        "a2_stdev": 27117056456224.63,
        "b2_stdev": 0.0546305958160796,
        "a0_stdev": 294670456229.7593,
        "start_index": 25,
        "end_index": 216,
        "t_hot": 7.337088204615644,
        "n_hot": 25843294823882.848,
        "t_hot_stdev": 2.940921397783374,
        "n_hot_stdev": 27117056456224.63,
        "mswe": 1.916335657609795e+20,
        "mse": 6.875163799938866e+20
    },
    "1nlsq": null,
    "true_params": {
        "t_hot": 7.6036,
        "t_hot_stdev": 0.2888
    },
    "histogram": {
        "i": 1e+18,
        "l": 0.01,
        "a": 2.0,
        "filename": "hist_1e18_001_2"
    }
}