{
    "3exp": {
        "a1": 3145181432881083.0,
        "b1": -0.020435061330895215,
        "a2": 494138250201973.6,
        "b2": -0.003211934932016015,
        "a3": 34194467763670.34,
        "b3": -0.0011255232340875501,
        "t_hot": 888.4756615537035,
        "n_hot": 34194467763670.34,
        "start_index": 0,
        "end_index": 653,
        "critical_energy": 234.16215159703177,
        "mse": 74962805.23180196
    },
    "2exp": {
        "a1": 488157556332790.5,
        "b1": -0.003072875250432168,
        "a2": 22837170173763.58,
        "b2": -0.0010033458011368495,
        "a1_stdev": 1878563977993.2766,
        "b1_stdev": 8.631426071641597e-05,
        "a2_stdev": 482819950886.3629,
        "b2_stdev": 0.00013477728283290536,
        "t_hot": 996.6653559191074,
        "n_hot": 22837170173763.58,
        "t_hot_stdev": 133.87991299935328,
        "n_hot_stdev": 482819950886.3629,
        "start_index": 43,
        "end_index": 653,
        "mse": 85215559.10628076
    },
    "nlsq": {
        "a1": 515723604573063.75,
        "b1": -0.0032789445913557953,
        "a2": 33349515295447.0,
        "b2": -0.0010760498676079815,
        "a0": -394746236307.05853,
        "a1_stdev": 9957912550223.137,
        "b1_stdev": 7.245652915529056e-05,
        "a2_stdev": 5291331169337.84,
        "b2_stdev": 7.214194460934417e-05,
        "a0_stdev": 16443133.131049985,
        "start_index": 43,
        "end_index": 653,
        "t_hot": 929.3249598394194,
        "n_hot": 33349515295447.0,
        "t_hot_stdev": 62.30502116584165,
        "n_hot_stdev": 5291331169337.84,
        "mse": 34687771.27796381
    },
    "true_params": {
        "t_hot": 639.3633,
        "t_hot_stdev": 12.183
    },
    "histogram": {
        "i": 1e+19,
        "l": 0.4,
        "a": 5.0,
        "filename": "hist_1e19_040_5"
    }
}