{
    "3exp": {
        "a1": 7945499595470102.0,
        "b1": -2.166475655995971,
        "a2": 301131984859796.94,
        "b2": -0.9010121643248817,
        "a3": 9380899203109.807,
        "b3": -0.3448830257911718,
        "t_hot": 2.8995338280449454,
        "n_hot": 9380899203109.807,
        "start_index": 0,
        "end_index": 163,
        "a1_stdev": 3.462819900579022e+20,
        "b1_stdev": 29650.551096445382,
        "a2_stdev": 2.2955693437102223e+19,
        "b2_stdev": 21169.584736216646,
        "a3_stdev": 1.1399514558553088e+18,
        "b3_stdev": 10405.60917026207,
        "t_hot_stdev": 87483.04072482388,
        "n_hot_stdev": 1.1399514558553088e+18
    },
    "2exp": null,
    "2nlsq": null,
    "1nlsq": null,
    "true_params": {
        "t_hot": 2.7262,
        "t_hot_stdev": 0.1437
    },
    "histogram": {
        "i": 1e+17,
        "l": 0.5,
        "a": 60.0,
        "filename": "hist_1e17_050_60"
    }
}