{
    "3exp": {
        "a1": 2562661931206328.5,
        "b1": -1.079322838351349,
        "a2": 349598921604267.1,
        "b2": -0.39998595737766185,
        "a3": 76000588374913.42,
        "b3": -0.11380051627942557,
        "t_hot": 8.787306355839387,
        "n_hot": 76000588374913.42,
        "start_index": 0,
        "end_index": 475,
        "a1_stdev": 1.1694530860299973e+20,
        "b1_stdev": 26197.74379537606,
        "a2_stdev": 1.9473213297269973e+19,
        "b2_stdev": 7908.09932338059,
        "a3_stdev": 7.070179283509126e+17,
        "b3_stdev": 318.6316920012718,
        "t_hot_stdev": 24603.704656486178,
        "n_hot_stdev": 7.070179283509126e+17,
        "critical_energy": 2.932293698143111,
        "mswe": 1.12194548696954e+20,
        "mse": 8.935243153491775e+22
    },
    "2exp": {
        "a0": -395254275643.95966,
        "a1": 515018988406030.94,
        "b1": -0.4180532024945952,
        "a2": 64024389447816.63,
        "b2": -0.10304007956924731,
        "a0_stdev": 1.0025416158875192e+16,
        "a1_stdev": 8.348534855366628e+18,
        "b1_stdev": 3344.2231717787836,
        "a2_stdev": 6.471168895247686e+17,
        "b2_stdev": 495.0187108352226,
        "t_hot": 9.704961449762445,
        "n_hot": 64024389447816.63,
        "t_hot_stdev": 46623.96929088504,
        "n_hot_stdev": 6.471168895247686e+17,
        "start_index": 28,
        "end_index": 475,
        "mswe": 7.38576175709467e+19,
        "mse": 7.0090417555741e+20
    },
    "2nlsq": {
        "a1": 560128704332340.25,
        "b1": -0.4409217960194579,
        "a2": 70113289384842.64,
        "b2": -0.10806924714042501,
        "a0": -433363829171.46295,
        "a1_stdev": 68587660363850.7,
        "b1_stdev": 0.02497406073496402,
        "a2_stdev": 4467369751447.279,
        "b2_stdev": 0.0031713656396335933,
        "a0_stdev": 59241224098.623695,
        "start_index": 28,
        "end_index": 475,
        "t_hot": 9.253326237209755,
        "n_hot": 70113289384842.64,
        "t_hot_stdev": 0.27154515884500696,
        "n_hot_stdev": 4467369751447.279,
        "mswe": 6.452077543114864e+19,
        "mse": 7.135645058179899e+20
    },
    "1nlsq": null,
    "true_params": {
        "t_hot": 8.4951,
        "t_hot_stdev": 0.231
    },
    "histogram": {
        "i": 1e+17,
        "l": 0.01,
        "a": 45.0,
        "filename": "hist_1e17_001_45"
    }
}