{
    "3exp": {
        "a1": 2179565035856834.0,
        "b1": -0.5820606863853522,
        "a2": 30725235858918.21,
        "b2": -0.1565249251999973,
        "a3": 990044895392.35,
        "b3": -0.019067739226372334,
        "t_hot": 52.444602274448634,
        "n_hot": 990044895392.35,
        "start_index": 0,
        "end_index": 368,
        "a1_stdev": 2.0599302220868137e+19,
        "b1_stdev": 1633.3509093534929,
        "a2_stdev": 4.274965281038e+17,
        "b2_stdev": 809.1869957912547,
        "a3_stdev": 7032996053590091.0,
        "b3_stdev": 90.63134232865909,
        "t_hot_stdev": 249275.73455860696,
        "n_hot_stdev": 7032996053590091.0,
        "critical_energy": 10.01513073142251,
        "mswe": 2.8765633544746e+18,
        "mse": 1.9716144927237628e+19
    },
    "2exp": {
        "a0": 50417517798.38799,
        "a1": 34622265671889.176,
        "b1": -0.16379433431274845,
        "a2": 1092227264445.5312,
        "b2": -0.02377769229855758,
        "a0_stdev": 5777345923295035.0,
        "a1_stdev": 8.755447123198618e+17,
        "b1_stdev": 1631.3780762071437,
        "a2_stdev": 2.452661370802058e+16,
        "b2_stdev": 732.7303816523414,
        "t_hot": 42.05622595514295,
        "n_hot": 1092227264445.5312,
        "t_hot_stdev": 1295999.3807657429,
        "n_hot_stdev": 2.452661370802058e+16,
        "start_index": 41,
        "end_index": 368,
        "mswe": 2.885468287014696e+18,
        "mse": 2.7218543287941565e+18
    },
    "2nlsq": {
        "a1": 43479028441465.375,
        "b1": -0.18231261107851465,
        "a2": 1663177218566.562,
        "b2": -0.027228048816337145,
        "a0": -110596980940.72215,
        "a1_stdev": 24357607231047.75,
        "b1_stdev": 0.035400332300776584,
        "a2_stdev": 475934219423.7517,
        "b2_stdev": 0.008520324914932868,
        "a0_stdev": 72089536279.80884,
        "start_index": 41,
        "end_index": 368,
        "t_hot": 36.72683293413182,
        "n_hot": 1663177218566.562,
        "t_hot_stdev": 11.492727657646258,
        "n_hot_stdev": 475934219423.7517,
        "mswe": 9.530645691688924e+17,
        "mse": 3.733904008118514e+18
    },
    "1nlsq": null,
    "true_params": {
        "t_hot": 36.3744,
        "t_hot_stdev": 3.3814
    },
    "histogram": {
        "i": 1e+17,
        "l": 1.0,
        "a": 5.0,
        "filename": "hist_1e17_100_5"
    }
}