{
    "3exp": {
        "a1": 785741284882883.4,
        "b1": -0.5928979554754905,
        "a2": 6948925435616.178,
        "b2": -0.15112614998044877,
        "a3": 986523767099.2843,
        "b3": -0.025516562757100326,
        "t_hot": 39.190231439841426,
        "n_hot": 986523767099.2843,
        "start_index": 0,
        "end_index": 518,
        "critical_energy": 11.773730212778426,
        "mse": 819365668.3511994
    },
    "2exp": {
        "a1": 2178335031179.7654,
        "b1": -0.08006394297453434,
        "a2": 705281416563.3313,
        "b2": -0.022298982322907272,
        "a1_stdev": 112813673617.80626,
        "b1_stdev": 0.011151908091490078,
        "a2_stdev": 23069797087.949505,
        "b2_stdev": 0.024907923972746143,
        "t_hot": 44.84509586667196,
        "n_hot": 705281416563.3313,
        "t_hot_stdev": 50.091893083843054,
        "n_hot_stdev": 23069797087.949505,
        "start_index": 60,
        "end_index": 518,
        "mse": 852048448.4803569
    },
    "nlsq": null,
    "true_params": {
        "t_hot": 34.6732,
        "t_hot_stdev": 1.8113
    },
    "histogram": {
        "i": 1e+17,
        "l": 5.0,
        "a": 5.0,
        "filename": "hist_1e17_500_5"
    }
}