{
    "3exp": {
        "a1": 1083861274587581.4,
        "b1": -0.7288711798828876,
        "a2": 114564388078534.39,
        "b2": -0.2206633982379055,
        "a3": 12530702867753.22,
        "b3": -0.07991167884049617,
        "t_hot": 12.513815433611418,
        "n_hot": 12530702867753.22,
        "start_index": 0,
        "end_index": 260,
        "critical_energy": 6.872699034447914,
        "mse": 3696300890.8557205
    },
    "2exp": {
        "a1": 91881169112014.16,
        "b1": -0.17688392311444567,
        "a2": 3350562386429.037,
        "b2": -0.0480971638119454,
        "a1_stdev": 1899058891804.0193,
        "b1_stdev": 0.04962531442721199,
        "a2_stdev": 257068300170.81268,
        "b2_stdev": 0.07967826989454511,
        "t_hot": 20.7912467335889,
        "n_hot": 3350562386429.037,
        "t_hot_stdev": 34.44299907495877,
        "n_hot_stdev": 257068300170.81268,
        "start_index": 44,
        "end_index": 260,
        "mse": 3814297796.9923987
    },
    "nlsq": {
        "a1": 97114329848105.34,
        "b1": -0.19491035486624037,
        "a2": 8815139045170.68,
        "b2": -0.07881865288190328,
        "a0": 0.0,
        "a1_stdev": Infinity,
        "b1_stdev": Infinity,
        "a2_stdev": Infinity,
        "b2_stdev": Infinity,
        "a0_stdev": Infinity,
        "start_index": 44,
        "end_index": 260,
        "t_hot": 12.687352085277768,
        "n_hot": 8815139045170.68,
        "t_hot_stdev": Infinity,
        "n_hot_stdev": Infinity,
        "mse": 3317990163.6764493
    },
    "true_params": {
        "t_hot": 8.9237,
        "t_hot_stdev": 0.3144
    },
    "histogram": {
        "i": 1e+18,
        "l": 0.01,
        "a": 5.0,
        "filename": "hist_1e18_001_5"
    }
}