{
    "3exp": {
        "a1": 1070378465902780.1,
        "b1": -0.15778946156846835,
        "a2": 54773475741065.67,
        "b2": -0.02912532756928217,
        "a3": 3971130154701.4736,
        "b3": -0.007185704559384906,
        "t_hot": 139.1651983094612,
        "n_hot": 3971130154701.4736,
        "start_index": 0,
        "end_index": 658,
        "a1_stdev": 1.6506707058417134e+18,
        "b1_stdev": 75.03570050960492,
        "a2_stdev": 2.211061972778006e+16,
        "b2_stdev": 7.102758721165998,
        "a3_stdev": 2259694157633347.0,
        "b3_stdev": 1.5470388233966872,
        "t_hot_stdev": 29961.42728540799,
        "n_hot_stdev": 2259694157633347.0,
        "critical_energy": 23.103264456988327,
        "mswe": 4760637202169349.0,
        "mse": 2.222372708749777e+18
    },
    "2exp": {
        "a0": -21275793220.59243,
        "a1": 54766533694881.06,
        "b1": -0.0284648878026669,
        "a2": 3429880913331.715,
        "b2": -0.006556221090049876,
        "a0_stdev": 98804493802262.86,
        "a1_stdev": 1.951077417498843e+16,
        "b1_stdev": 7.379818125543518,
        "a2_stdev": 3217059516387343.0,
        "b2_stdev": 3.5728024660914124,
        "t_hot": 152.52688801444808,
        "n_hot": 3429880913331.715,
        "t_hot_stdev": 83119.28993217084,
        "n_hot_stdev": 3217059516387343.0,
        "start_index": 28,
        "end_index": 658,
        "mswe": 4441831335762948.5,
        "mse": 4.710373629425956e+16
    },
    "2nlsq": {
        "a1": 55234906779996.17,
        "b1": -0.028742463999470922,
        "a2": 3599885142147.8096,
        "b2": -0.006818157497716184,
        "a0": -22976689201.849297,
        "a1_stdev": 1391233803932.4136,
        "b1_stdev": 0.0005297432361419907,
        "a2_stdev": 237941461838.26926,
        "b2_stdev": 0.0002503013805528836,
        "a0_stdev": 6311322304.9691105,
        "start_index": 28,
        "end_index": 658,
        "t_hot": 146.6671898287713,
        "n_hot": 3599885142147.8096,
        "t_hot_stdev": 5.384299219877226,
        "n_hot_stdev": 237941461838.26926,
        "mswe": 4163110631161816.0,
        "mse": 4.756991569098049e+16
    },
    "1nlsq": null,
    "true_params": {
        "t_hot": 127.5731,
        "t_hot_stdev": 2.5645
    },
    "histogram": {
        "i": 1e+18,
        "l": 5.0,
        "a": 40.0,
        "filename": "hist_1e18_500_40"
    }
}