{
    "3exp": {
        "a1": 8000644557247512.0,
        "b1": -0.7440793907974441,
        "a2": 310341761008943.2,
        "b2": -0.26465087313092817,
        "a3": 43444586642175.49,
        "b3": -0.09079270660477227,
        "t_hot": 11.014100552735782,
        "n_hot": 43444586642175.49,
        "start_index": 0,
        "end_index": 188,
        "a1_stdev": 7.085856983196849e+20,
        "b1_stdev": 16939.23623891016,
        "a2_stdev": 1.852926194119688e+19,
        "b2_stdev": 5130.056162479708,
        "a3_stdev": 7.55717182135483e+17,
        "b3_stdev": 410.3643577625085,
        "t_hot_stdev": 49781.46889408337,
        "n_hot_stdev": 7.55717182135483e+17
    },
    "2exp": null,
    "2nlsq": null,
    "1nlsq": null,
    "true_params": {
        "t_hot": 10.2753,
        "t_hot_stdev": 0.2895
    },
    "histogram": {
        "i": 1e+18,
        "l": 0.02,
        "a": 3.0,
        "filename": "hist_1e18_002_3"
    }
}