{
    "3exp": {
        "a1": 1720964801066481.0,
        "b1": -0.3978612785195037,
        "a2": 116319316107163.75,
        "b2": -0.09281978757006612,
        "a3": 11550779315447.69,
        "b3": -0.0375057651052607,
        "t_hot": 26.662567666423534,
        "n_hot": 11550779315447.69,
        "start_index": 0,
        "end_index": 303,
        "a1_stdev": 2.605422263512459e+19,
        "b1_stdev": 1932.2549529462226,
        "a2_stdev": 5.345468130980869e+17,
        "b2_stdev": 323.74700119094007,
        "a3_stdev": 1.696412708770249e+17,
        "b3_stdev": 139.84741387027046,
        "t_hot_stdev": 99416.4797018745,
        "n_hot_stdev": 1.696412708770249e+17
    },
    "2exp": null,
    "2nlsq": null,
    "1nlsq": null,
    "true_params": {
        "t_hot": 20.2129,
        "t_hot_stdev": 0.8242
    },
    "histogram": {
        "i": 1e+18,
        "l": 0.05,
        "a": 3.0,
        "filename": "hist_1e18_005_3"
    }
}