{
    "3exp": {
        "a1": 5326360129744332.0,
        "b1": -0.11713857128449576,
        "a2": 895850812506679.8,
        "b2": -0.025859095209515234,
        "a3": -29764240293.488937,
        "b3": 0.005992616380239801,
        "t_hot": 38.67111327360113,
        "n_hot": 895850812506679.8,
        "start_index": 0,
        "end_index": 444,
        "a1_stdev": 4.1644103701730755e+18,
        "b1_stdev": 47.871356365614176,
        "a2_stdev": 2.8082905362977136e+17,
        "b2_stdev": 3.3919685032903377,
        "a3_stdev": 861800841716907.8,
        "b3_stdev": 88.65555193213721,
        "t_hot_stdev": 5072.536264260381,
        "n_hot_stdev": 2.8082905362977136e+17,
        "critical_energy": 19.52957622928972,
        "mswe": 3.094596930466903e+17,
        "mse": 7.168927394920635e+19
    },
    "2exp": {
        "a0": -516312256292.2362,
        "a1": 2567425112055685.0,
        "b1": -0.08535020043758951,
        "a2": 779185266871802.5,
        "b2": -0.024555716615472543,
        "a0_stdev": 496760785690397.94,
        "a1_stdev": 2.230867926831796e+19,
        "b1_stdev": 246.0853375004506,
        "a2_stdev": 6.438015272931991e+17,
        "b2_stdev": 6.020003369822474,
        "t_hot": 40.72371479356056,
        "n_hot": 779185266871802.5,
        "t_hot_stdev": 9983.699687039501,
        "n_hot_stdev": 6.438015272931991e+17,
        "start_index": 31,
        "end_index": 444,
        "mswe": 6.507078174683228e+17,
        "mse": 4.710352408732444e+19
    },
    "2nlsq": {
        "a1": 8252019600306428.0,
        "b1": -0.12516974533313333,
        "a2": 911924268959369.2,
        "b2": -0.026121539815165202,
        "a0": -220430633410.06796,
        "a1_stdev": 4961539945859675.0,
        "b1_stdev": 0.015966479026975046,
        "a2_stdev": 15922921250251.123,
        "b2_stdev": 0.00015255058540389164,
        "a0_stdev": 12026804090.78689,
        "start_index": 31,
        "end_index": 444,
        "t_hot": 38.282582385110274,
        "n_hot": 911924268959369.2,
        "t_hot_stdev": 0.22357144314405142,
        "n_hot_stdev": 15922921250251.123,
        "mswe": 2.506991658658469e+17,
        "mse": 5.758797580980904e+19
    },
    "1nlsq": null,
    "true_params": {
        "t_hot": 38.8393,
        "t_hot_stdev": 0.2209
    },
    "histogram": {
        "i": 1e+18,
        "l": 0.05,
        "a": 40.0,
        "filename": "hist_1e18_005_40"
    }
}