{
    "3exp": {
        "a1": 5548398530955129.0,
        "b1": -0.02265937649246052,
        "a2": 844252216562017.0,
        "b2": -0.0025508715160130293,
        "a3": 27629210322.25405,
        "b3": 5.836501028596152e-05,
        "t_hot": 392.0228806988224,
        "n_hot": 844252216562017.0,
        "start_index": 0,
        "end_index": 689,
        "a1_stdev": 4.1209533084135864e+18,
        "b1_stdev": 6.873615538151554,
        "a2_stdev": 7.201654213482493e+16,
        "b2_stdev": 0.14783876196511644,
        "a3_stdev": 3536907698727908.5,
        "b3_stdev": 41.413978246257706,
        "t_hot_stdev": 22720.147596887597,
        "n_hot_stdev": 7.201654213482493e+16,
        "critical_energy": 93.63268575075227,
        "mswe": 1.1901553283893208e+16,
        "mse": 5.251877297120115e+17
    },
    "2exp": {
        "a0": 67672204695.17262,
        "a1": 835063969989849.1,
        "b1": -0.012800545894377109,
        "a2": 821913228471029.2,
        "b2": -0.0025257388874202116,
        "a0_stdev": 331369597439529.25,
        "a1_stdev": 5.532213002965161e+18,
        "b1_stdev": 31.153057730168033,
        "a2_stdev": 1.259480807806798e+17,
        "b2_stdev": 0.15790338278273391,
        "t_hot": 395.92374531691974,
        "n_hot": 821913228471029.2,
        "t_hot_stdev": 24752.24142168028,
        "n_hot_stdev": 1.259480807806798e+17,
        "start_index": 25,
        "end_index": 689,
        "mswe": 1.4284455470280504e+16,
        "mse": 4.824691150271612e+17
    },
    "2nlsq": {
        "a1": 2453756209822410.5,
        "b1": -0.017931499117337255,
        "a2": 832934800737155.0,
        "b2": -0.0025333796054672567,
        "a0": -167025195332.07193,
        "a1_stdev": 1096029480718365.9,
        "b1_stdev": 0.002040918813887787,
        "a2_stdev": 4356057835904.4805,
        "b2_stdev": 5.977045430087686e-06,
        "a0_stdev": 14326353393.948317,
        "start_index": 25,
        "end_index": 689,
        "t_hot": 394.7296322437868,
        "n_hot": 832934800737155.0,
        "t_hot_stdev": 0.9312923098580667,
        "n_hot_stdev": 4356057835904.4805,
        "mswe": 8713456658974512.0,
        "mse": 4.511445687894948e+17
    },
    "1nlsq": null,
    "true_params": {
        "t_hot": 417.3355,
        "t_hot_stdev": 6.8652
    },
    "histogram": {
        "i": 1e+19,
        "l": 0.8,
        "a": 30.0,
        "filename": "hist_1e19_080_30"
    }
}