{
    "3exp": {
        "a1": 1937819089058561.5,
        "b1": -0.01954359400773342,
        "a2": 224144545246846.53,
        "b2": -0.005814642716054088,
        "a3": 42734579659216.55,
        "b3": -0.0027326373884144035,
        "t_hot": 365.9468337217782,
        "n_hot": 42734579659216.55,
        "start_index": 0,
        "end_index": 621,
        "critical_energy": 226.89428713566446,
        "mse": 81321220.50041588
    },
    "2exp": {
        "a1": 208270041736616.0,
        "b1": -0.004851972655808255,
        "a2": 15254583654544.377,
        "b2": -0.0021780758365666187,
        "a1_stdev": 2572628570105.9966,
        "b1_stdev": 0.0007990791115396981,
        "a2_stdev": 728561699937.4181,
        "b2_stdev": 0.0011312453144103807,
        "t_hot": 459.12083647938397,
        "n_hot": 15254583654544.377,
        "t_hot_stdev": 238.45739725674238,
        "n_hot_stdev": 728561699937.4181,
        "start_index": 65,
        "end_index": 621,
        "mse": 82086953.62719318
    },
    "nlsq": {
        "a1": 200241344276393.75,
        "b1": -0.004869006587862356,
        "a2": 20663700860057.105,
        "b2": -0.002517557781528452,
        "a0": -35777582746.75187,
        "a1_stdev": 10960669291857.06,
        "b1_stdev": 0.00043504109433977416,
        "a2_stdev": 20966342713523.652,
        "b2_stdev": 0.0005872646390340432,
        "a0_stdev": 11518114.455154225,
        "start_index": 65,
        "end_index": 621,
        "t_hot": 397.21034700259514,
        "n_hot": 20663700860057.105,
        "t_hot_stdev": 92.65630078664785,
        "n_hot_stdev": 20966342713523.652,
        "mse": 59991647.57715646
    },
    "true_params": {
        "t_hot": 313.7168,
        "t_hot_stdev": 19.0078
    },
    "histogram": {
        "i": 1e+19,
        "l": 0.2,
        "a": 0.0,
        "filename": "hist_1e19_020_0"
    }
}