{
    "3exp": {
        "a1": 157176623193389.22,
        "b1": -0.20648471815896788,
        "a2": 9620749609697.678,
        "b2": -0.052039093744240796,
        "a3": 2043048761842.3857,
        "b3": -0.010362686887285026,
        "t_hot": 96.5000690339294,
        "n_hot": 2043048761842.3857,
        "start_index": 0,
        "end_index": 475,
        "a1_stdev": 1.18249341534285e+18,
        "b1_stdev": 799.6119315567365,
        "a2_stdev": 1.0590931026923773e+17,
        "b2_stdev": 322.8923737948438,
        "a3_stdev": 8713042163876954.0,
        "b3_stdev": 22.367906691859115,
        "t_hot_stdev": 208295.83711125847,
        "n_hot_stdev": 8713042163876954.0
    },
    "2exp": null,
    "2nlsq": null,
    "1nlsq": null,
    "true_params": {
        "t_hot": 96.2317,
        "t_hot_stdev": 7.1096
    },
    "histogram": {
        "i": 1e+17,
        "l": 2.0,
        "a": 20.0,
        "filename": "hist_1e17_200_20"
    }
}