{
    "3exp": {
        "a1": 7165747003147153.0,
        "b1": -1.2729019311168792,
        "a2": 509525990161919.75,
        "b2": -0.5059553912766224,
        "a3": 3869178999886.2905,
        "b3": -0.11150260699311682,
        "t_hot": 8.968400174371988,
        "n_hot": 3869178999886.2905,
        "start_index": 0,
        "end_index": 345,
        "critical_energy": 6.47841366529471,
        "mse": 1228979843.6492453
    },
    "2exp": {
        "a1": 382958227995443.25,
        "b1": -0.4719436576250983,
        "a2": 3139373307172.5093,
        "b2": -0.10374742704607923,
        "a1_stdev": 4907484604765.508,
        "b1_stdev": 0.009078307635705246,
        "a2_stdev": 76660574267.4665,
        "b2_stdev": 0.02196187315384544,
        "t_hot": 9.63879325465924,
        "n_hot": 3139373307172.5093,
        "t_hot_stdev": 2.040397153376607,
        "n_hot_stdev": 76660574267.4665,
        "start_index": 55,
        "end_index": 345,
        "mse": 1483266224.1469367
    },
    "nlsq": {
        "a1": 1050749571656454.0,
        "b1": -0.5984713269416307,
        "a2": 8694466529739.928,
        "b2": -0.154153699258549,
        "a0": 0.0,
        "a1_stdev": Infinity,
        "b1_stdev": Infinity,
        "a2_stdev": Infinity,
        "b2_stdev": Infinity,
        "a0_stdev": Infinity,
        "start_index": 55,
        "end_index": 345,
        "t_hot": 6.487032129684961,
        "n_hot": 8694466529739.928,
        "t_hot_stdev": Infinity,
        "n_hot_stdev": Infinity,
        "mse": 877905332.0013187
    },
    "true_params": {
        "t_hot": 7.403,
        "t_hot_stdev": 0.4465
    },
    "histogram": {
        "i": 1e+17,
        "l": 1.0,
        "a": 1.0,
        "filename": "hist_1e17_100_1"
    }
}