{
    "3exp": {
        "a1": 2355696915503648.5,
        "b1": -0.9638175409978795,
        "a2": 163798646742992.84,
        "b2": -0.38767689058308463,
        "a3": 975705412447.302,
        "b3": -0.03952196876249656,
        "t_hot": 25.302383239291625,
        "n_hot": 975705412447.302,
        "start_index": 0,
        "end_index": 260,
        "a1_stdev": 5.52193902187049e+19,
        "b1_stdev": 7059.715470308465,
        "a2_stdev": 2.9345584863650836e+18,
        "b2_stdev": 1641.3480341455527,
        "a3_stdev": 8836674891177155.0,
        "b3_stdev": 274.33556140508466,
        "t_hot_stdev": 175632.53370678477,
        "n_hot_stdev": 8836674891177155.0
    },
    "2exp": null,
    "2nlsq": null,
    "1nlsq": null,
    "true_params": {
        "t_hot": 26.6032,
        "t_hot_stdev": 2.1615
    },
    "histogram": {
        "i": 1e+17,
        "l": 5.0,
        "a": 0.0,
        "filename": "hist_1e17_500_0"
    }
}