{
    "3exp": {
        "a1": 573828241896353.0,
        "b1": -0.0646679993997891,
        "a2": 105262145015873.22,
        "b2": -0.012980324661489292,
        "a3": 7275164452029.604,
        "b3": -0.0031805380186760938,
        "t_hot": 314.41221394871184,
        "n_hot": 7275164452029.604,
        "start_index": 0,
        "end_index": 770,
        "a1_stdev": 9.872012280458223e+17,
        "b1_stdev": 57.22779186890882,
        "a2_stdev": 6.26277126997998e+16,
        "b2_stdev": 4.985815325843427,
        "a3_stdev": 7233463200810756.0,
        "b3_stdev": 1.1818187458730132,
        "t_hot_stdev": 116828.73972709007,
        "n_hot_stdev": 7233463200810756.0,
        "critical_energy": 32.810070718054675,
        "mswe": 2.2382350700905384e+16,
        "mse": 3.708997593725804e+18
    },
    "2exp": {
        "a0": -43834256870.82764,
        "a1": 122900648956269.62,
        "b1": -0.014376773881230528,
        "a2": 9307999583391.877,
        "b2": -0.0034974113198970053,
        "a0_stdev": 335558734908047.1,
        "a1_stdev": 3.825952189487396e+16,
        "b1_stdev": 4.315735224714121,
        "a2_stdev": 1.1345034908978862e+16,
        "b2_stdev": 2.479738795461903,
        "t_hot": 285.9257629524253,
        "n_hot": 9307999583391.877,
        "t_hot_stdev": 202727.4295652627,
        "n_hot_stdev": 1.1345034908978862e+16,
        "start_index": 27,
        "end_index": 770,
        "mswe": 1.2652150010638646e+16,
        "mse": 1.5442423339117008e+17
    },
    "2nlsq": {
        "a1": 117388269272175.06,
        "b1": -0.013265131489315896,
        "a2": 6068530582690.454,
        "b2": -0.0024030107981118085,
        "a0": -368670392851.04285,
        "a1_stdev": 1620278884627.682,
        "b1_stdev": 0.00016434201555481708,
        "a2_stdev": 329107169156.7468,
        "b2_stdev": 0.00012853110148714053,
        "a0_stdev": 39566380823.040276,
        "start_index": 27,
        "end_index": 770,
        "t_hot": 416.1446135763355,
        "n_hot": 6068530582690.454,
        "t_hot_stdev": 22.258545655697944,
        "n_hot_stdev": 329107169156.7468,
        "mswe": 6969815308835853.0,
        "mse": 1.7796854929881245e+17
    },
    "1nlsq": null,
    "true_params": {
        "t_hot": 286.9864,
        "t_hot_stdev": 12.7614
    },
    "histogram": {
        "i": 1e+18,
        "l": 2.0,
        "a": 2.0,
        "filename": "hist_1e18_200_2"
    }
}