{
    "3exp": {
        "a1": 612107431007750.2,
        "b1": -0.21483301862325613,
        "a2": 37879603331996.71,
        "b2": -0.028019193438175563,
        "a3": -8707057680.932497,
        "b3": 0.00945956421774539,
        "t_hot": 35.68982105807232,
        "n_hot": 37879603331996.71,
        "start_index": 0,
        "end_index": 583,
        "critical_energy": NaN,
        "mse": 584692646.7099113
    },
    "2exp": {
        "a1": 336838535130932.2,
        "b1": -0.17886179207234987,
        "a2": 36986944860631.07,
        "b2": -0.027964976400458592,
        "a1_stdev": 5933495789785.872,
        "b1_stdev": 0.0013898004907369117,
        "a2_stdev": 201613693264.65433,
        "b2_stdev": 0.006184635489048818,
        "t_hot": 35.75901462171809,
        "n_hot": 36986944860631.07,
        "t_hot_stdev": 7.90833747598895,
        "n_hot_stdev": 201613693264.65433,
        "start_index": 25,
        "end_index": 583,
        "mse": 835227893.4254353
    },
    "nlsq": {
        "a1": 855740703593307.0,
        "b1": -0.24480578465775593,
        "a2": 44364698674012.27,
        "b2": -0.03132806381976239,
        "a0": 0.0,
        "a1_stdev": Infinity,
        "b1_stdev": Infinity,
        "a2_stdev": Infinity,
        "b2_stdev": Infinity,
        "a0_stdev": Infinity,
        "start_index": 25,
        "end_index": 583,
        "t_hot": 31.92026183785987,
        "n_hot": 44364698674012.27,
        "t_hot_stdev": Infinity,
        "n_hot_stdev": Infinity,
        "mse": 583049455.6990505
    },
    "true_params": {
        "t_hot": 36.2435,
        "t_hot_stdev": 0.7237
    },
    "histogram": {
        "i": 1e+18,
        "l": 0.1,
        "a": 5.0,
        "filename": "hist_1e18_010_5"
    }
}