{
    "3exp": {
        "a1": 3644664435981147.0,
        "b1": -3.215738756199353,
        "a2": 25120746661815.51,
        "b2": -0.5236307089417515,
        "a3": -1374354472.248503,
        "b3": 0.14614855060896212,
        "t_hot": 1.9097428453365208,
        "n_hot": 25120746661815.51,
        "start_index": 0,
        "end_index": 433,
        "a1_stdev": 2.8356574205196157e+19,
        "b1_stdev": 5155.313474950628,
        "a2_stdev": 5.859409214753198e+16,
        "b2_stdev": 560.020771881363,
        "a3_stdev": 454982509390600.44,
        "b3_stdev": 24299.604847383245,
        "t_hot_stdev": 2042.461689272772,
        "n_hot_stdev": 5.859409214753198e+16,
        "critical_energy": 1.8488580051084078,
        "mswe": 6.282726144599441e+18,
        "mse": 2.1067311471337574e+20
    },
    "2exp": {
        "a0": -25623097933.651146,
        "a1": 498757601737660.6,
        "b1": -2.207811570962078,
        "a2": 21074047715555.133,
        "b2": -0.48956219387558103,
        "a0_stdev": 224067589676299.28,
        "a1_stdev": 4.471666351661433e+19,
        "b1_stdev": 35177.422879630416,
        "a2_stdev": 7.9491521637579e+16,
        "b2_stdev": 609.9942251447666,
        "t_hot": 2.0426413896129882,
        "n_hot": 21074047715555.133,
        "t_hot_stdev": 2545.1300514889563,
        "n_hot_stdev": 7.9491521637579e+16,
        "start_index": 40,
        "end_index": 433,
        "mswe": 6.29487975685213e+18,
        "mse": 2.0284780758872542e+20
    },
    "2nlsq": {
        "a1": 1.204761478640263e+16,
        "b1": -3.5109160166748272,
        "a2": 24388596301614.03,
        "b2": -0.5219819524705973,
        "a0": -14433076940.017765,
        "a1_stdev": 3.5703424707380908e+16,
        "b1_stdev": 1.132502924011242,
        "a2_stdev": 1009079677576.3176,
        "b2_stdev": 0.007620008751229784,
        "a0_stdev": 2822688722.6772366,
        "start_index": 40,
        "end_index": 433,
        "t_hot": 1.9157750479051838,
        "n_hot": 24388596301614.03,
        "t_hot_stdev": 0.0279669106591333,
        "n_hot_stdev": 1009079677576.3176,
        "mswe": 5.852924343860695e+18,
        "mse": 2.075269655563056e+20
    },
    "1nlsq": null,
    "true_params": {
        "t_hot": 1.9074,
        "t_hot_stdev": 0.028
    },
    "histogram": {
        "i": 1e+17,
        "l": 0.02,
        "a": 4.0,
        "filename": "hist_1e17_002_4"
    }
}