{
    "3exp": {
        "a1": 4204314140324291.0,
        "b1": -1.2460281101783697,
        "a2": 471572874306681.5,
        "b2": -0.42814882987200076,
        "a3": 88232609679845.28,
        "b3": -0.12312091949722727,
        "t_hot": 8.122096586701664,
        "n_hot": 88232609679845.28,
        "start_index": 0,
        "end_index": 400,
        "a1_stdev": 3.611277404438341e+20,
        "b1_stdev": 40777.00901173201,
        "a2_stdev": 2.5640003099361944e+19,
        "b2_stdev": 8505.93689902589,
        "a3_stdev": 1.03375059702558e+18,
        "b3_stdev": 443.8015140398583,
        "t_hot_stdev": 29276.899304162045,
        "n_hot_stdev": 1.03375059702558e+18,
        "critical_energy": 2.67495809890154,
        "mswe": 1.6181467539038333e+20,
        "mse": 1.3940275416650552e+23
    },
    "2exp": {
        "a0": -158419862032.95477,
        "a1": 616710738628559.8,
        "b1": -0.45816354523763225,
        "a2": 86770595985851.81,
        "b2": -0.12087169722136115,
        "a0_stdev": 1.6018886397894392e+16,
        "a1_stdev": 1.7247858529485779e+19,
        "b1_stdev": 6051.967698161543,
        "a2_stdev": 1.327132694014522e+18,
        "b2_stdev": 814.8448565257002,
        "t_hot": 8.273235364343623,
        "n_hot": 86770595985851.81,
        "t_hot_stdev": 55773.21605003945,
        "n_hot_stdev": 1.327132694014522e+18,
        "start_index": 25,
        "end_index": 400,
        "mswe": 1.3497402081304497e+20,
        "mse": 8.944004143775893e+20
    },
    "2nlsq": {
        "a1": 541249525622374.2,
        "b1": -0.42034560307334967,
        "a2": 74498437703602.62,
        "b2": -0.11132088247728479,
        "a0": -584503231413.4028,
        "a1_stdev": 59016285531745.086,
        "b1_stdev": 0.024257459013363125,
        "a2_stdev": 6043108263658.75,
        "b2_stdev": 0.004222353405325893,
        "a0_stdev": 95677150754.89917,
        "start_index": 25,
        "end_index": 400,
        "t_hot": 8.98304053782588,
        "n_hot": 74498437703602.62,
        "t_hot_stdev": 0.34072288110731824,
        "n_hot_stdev": 6043108263658.75,
        "mswe": 1.0974279733916103e+20,
        "mse": 9.21686529237413e+20
    },
    "1nlsq": null,
    "true_params": {
        "t_hot": 7.9063,
        "t_hot_stdev": 0.1099
    },
    "histogram": {
        "i": 1e+17,
        "l": 0.01,
        "a": 50.0,
        "filename": "hist_1e17_001_50"
    }
}