{
    "3exp": {
        "a1": 2.1717355916048016e+16,
        "b1": -4.886392054691211,
        "a2": 1850937471532312.5,
        "b2": -2.0630922245176797,
        "a3": 130585585472124.39,
        "b3": -0.9905139824216505,
        "t_hot": 1.0095768638774363,
        "n_hot": 130585585472124.39,
        "start_index": 0,
        "end_index": 240,
        "a1_stdev": 7.400253632437015e+21,
        "b1_stdev": 338184.14909784636,
        "a2_stdev": 1.4552507713765956e+20,
        "b2_stdev": 43420.31428388063,
        "a3_stdev": 7.784001774700358e+18,
        "b3_stdev": 9886.770271993008,
        "t_hot_stdev": 10077.045556360838,
        "n_hot_stdev": 7.784001774700358e+18
    },
    "2exp": null,
    "2nlsq": null,
    "1nlsq": null,
    "true_params": {
        "t_hot": 1.0224,
        "t_hot_stdev": 0.025
    },
    "histogram": {
        "i": 1e+17,
        "l": 1.0,
        "a": 60.0,
        "filename": "hist_1e17_100_60"
    }
}