{
    "3exp": {
        "a1": 1.4711628035699344e+16,
        "b1": -0.06652891483654019,
        "a2": 2593953660768582.0,
        "b2": -0.022078044318112083,
        "a3": 624730763433711.9,
        "b3": -0.00873778220246709,
        "t_hot": 114.44551681748861,
        "n_hot": 624730763433711.9,
        "start_index": 0,
        "end_index": 357,
        "critical_energy": 54.66362330176338,
        "mse": 395982649.4012823
    },
    "2exp": {
        "a1": 2647125130921491.0,
        "b1": -0.022067494101987446,
        "a2": 617435655460960.0,
        "b2": -0.008709884705036135,
        "a1_stdev": 29858322831332.934,
        "b1_stdev": 0.0007650893142478728,
        "a2_stdev": 4610896891365.246,
        "b2_stdev": 0.0013657690101292386,
        "t_hot": 114.81208234843693,
        "n_hot": 617435655460960.0,
        "t_hot_stdev": 18.00331340427896,
        "n_hot_stdev": 4610896891365.246,
        "start_index": 32,
        "end_index": 357,
        "mse": 400602806.0889315
    },
    "nlsq": {
        "a1": 2564459978073571.0,
        "b1": -0.021847037727188167,
        "a2": 625185219930654.2,
        "b2": -0.008797460471206647,
        "a0": 0.0,
        "a1_stdev": Infinity,
        "b1_stdev": Infinity,
        "a2_stdev": Infinity,
        "b2_stdev": Infinity,
        "a0_stdev": Infinity,
        "start_index": 32,
        "end_index": 357,
        "t_hot": 113.66916660471695,
        "n_hot": 625185219930654.2,
        "t_hot_stdev": Infinity,
        "n_hot_stdev": Infinity,
        "mse": 394555876.8080683
    },
    "true_params": {
        "t_hot": 126.5243,
        "t_hot_stdev": 3.8423
    },
    "histogram": {
        "i": 1e+19,
        "l": 0.01,
        "a": 40.0,
        "filename": "hist_1e19_001_40"
    }
}