{
    "3exp": {
        "a1": 9167888865599888.0,
        "b1": -0.03764571540434371,
        "a2": 1381981547120135.8,
        "b2": -0.010292292916225642,
        "a3": 544646289486514.06,
        "b3": -0.004498965537680015,
        "t_hot": 222.27331852727878,
        "n_hot": 544646289486514.06,
        "start_index": 0,
        "end_index": 485,
        "a1_stdev": 4.2873875482373644e+19,
        "b1_stdev": 105.42044885247967,
        "a2_stdev": 5.022581458011326e+18,
        "b2_stdev": 32.38177687070651,
        "a3_stdev": 2.2631802641319196e+18,
        "b3_stdev": 4.345829750440108,
        "t_hot_stdev": 214707.5793968,
        "n_hot_stdev": 2.2631802641319196e+18,
        "critical_energy": 69.17557266465978,
        "mswe": 7.0029508962671e+17,
        "mse": 3.4342347633628283e+21
    },
    "2exp": {
        "a0": 826499600286.6793,
        "a1": 1891218177056245.8,
        "b1": -0.014268508080767548,
        "a2": 807245321128601.8,
        "b2": -0.005074474431742741,
        "a0_stdev": 5537630379821266.0,
        "a1_stdev": 1.0677331468983595e+19,
        "b1_stdev": 54.85085046319013,
        "a2_stdev": 2.442127878773275e+18,
        "b2_stdev": 4.734248804136671,
        "t_hot": 197.06474304897958,
        "n_hot": 807245321128601.8,
        "t_hot_stdev": 183852.2465067826,
        "n_hot_stdev": 2.442127878773275e+18,
        "start_index": 29,
        "end_index": 485,
        "mswe": 8.513799605446419e+17,
        "mse": 1.141471844185454e+19
    },
    "2nlsq": {
        "a1": 1686022783102243.0,
        "b1": -0.012170966548988528,
        "a2": 661768303640752.5,
        "b2": -0.004745599764996745,
        "a0": -113092656039.90076,
        "a1_stdev": 97122268446326.9,
        "b1_stdev": 0.0006837073275258906,
        "a2_stdev": 47071797981498.766,
        "b2_stdev": 0.0001005809774183121,
        "a0_stdev": 113300100004.68857,
        "start_index": 29,
        "end_index": 485,
        "t_hot": 210.72152088676737,
        "n_hot": 661768303640752.5,
        "t_hot_stdev": 4.466153401766882,
        "n_hot_stdev": 47071797981498.766,
        "mswe": 6.633608288472369e+17,
        "mse": 1.2106143516155075e+19
    },
    "1nlsq": null,
    "true_params": {
        "t_hot": 216.3205,
        "t_hot_stdev": 3.4366
    },
    "histogram": {
        "i": 1e+19,
        "l": 0.02,
        "a": 0.0,
        "filename": "hist_1e19_002_0"
    }
}