{
    "3exp": {
        "a1": 346942444944615.4,
        "b1": -0.036283747125064304,
        "a2": 49558453606598.16,
        "b2": -0.012751833352982597,
        "a3": 19702112913627.586,
        "b3": -0.004410279309852627,
        "t_hot": 226.74300871738117,
        "n_hot": 19702112913627.586,
        "start_index": 0,
        "end_index": 784,
        "critical_energy": 89.99438133356936,
        "mse": 82497894.89861514
    },
    "2exp": {
        "a1": 153717710597729.94,
        "b1": -0.018998422868290756,
        "a2": 21718227936689.258,
        "b2": -0.004614515272532902,
        "a1_stdev": 1381878026240.9858,
        "b1_stdev": 0.00019296402569630067,
        "a2_stdev": 106066886185.9688,
        "b2_stdev": 0.0005405739240338696,
        "t_hot": 216.70748517234858,
        "n_hot": 21718227936689.258,
        "t_hot_stdev": 25.386505127509647,
        "n_hot_stdev": 106066886185.9688,
        "start_index": 61,
        "end_index": 784,
        "mse": 59745948.73151808
    },
    "nlsq": {
        "a1": 193707529307008.03,
        "b1": -0.021047932202479913,
        "a2": 23563878768289.06,
        "b2": -0.00473883313442091,
        "a0": -60383577380.22005,
        "a1_stdev": 27998790037974.457,
        "b1_stdev": 0.0011156784838797576,
        "a2_stdev": 810212180150.6975,
        "b2_stdev": 6.853243578659273e-05,
        "a0_stdev": 4492034.503782312,
        "start_index": 61,
        "end_index": 784,
        "t_hot": 211.02241240283743,
        "n_hot": 23563878768289.06,
        "t_hot_stdev": 3.0517807901874145,
        "n_hot_stdev": 810212180150.6975,
        "mse": 31604670.444506157
    },
    "true_params": {
        "t_hot": 245.3881,
        "t_hot_stdev": 8.2872
    },
    "histogram": {
        "i": 1e+18,
        "l": 2.0,
        "a": 5.0,
        "filename": "hist_1e18_200_5"
    }
}