{
    "3exp": {
        "a1": 4958161917516665.0,
        "b1": -0.03184872323908847,
        "a2": 1082115533319954.1,
        "b2": -0.00883714640375966,
        "a3": 148953179675789.94,
        "b3": -0.004686585792564361,
        "t_hot": 213.3749480456709,
        "n_hot": 148953179675789.94,
        "start_index": 0,
        "end_index": 535,
        "a1_stdev": 3.4618828075220337e+18,
        "b1_stdev": 15.509528023828572,
        "a2_stdev": 4.6093547024020454e+17,
        "b2_stdev": 4.101040134687529,
        "a3_stdev": 3.9226696265560806e+17,
        "b3_stdev": 2.097973142347967,
        "t_hot_stdev": 95518.34321692142,
        "n_hot_stdev": 3.9226696265560806e+17,
        "critical_energy": 66.14571220030382,
        "mswe": 2.6779529113199436e+16,
        "mse": 2.010257231808192e+20
    },
    "2exp": {
        "a0": 430595761414.6804,
        "a1": 2875514892018771.5,
        "b1": -0.02130554447482692,
        "a2": 811161053085098.5,
        "b2": -0.006770774582931876,
        "a0_stdev": 235297159477061.97,
        "a1_stdev": 1.329117074866986e+19,
        "b1_stdev": 37.48391867540173,
        "a2_stdev": 6.70662132271051e+17,
        "b2_stdev": 1.5794470712406248,
        "t_hot": 147.69358922697745,
        "n_hot": 811161053085098.5,
        "t_hot_stdev": 34453.10489786727,
        "n_hot_stdev": 6.70662132271051e+17,
        "start_index": 28,
        "end_index": 535,
        "mswe": 9.193420771753957e+16,
        "mse": 4.1566043958155443e+18
    },
    "2nlsq": {
        "a1": 2102321598562960.8,
        "b1": -0.017887858082789844,
        "a2": 704489827507394.1,
        "b2": -0.006476783181405805,
        "a0": -16106633899.064785,
        "a1_stdev": 277830888371845.6,
        "b1_stdev": 0.0011772283941775927,
        "a2_stdev": 32928901845169.836,
        "b2_stdev": 7.969392458702238e-05,
        "a0_stdev": 10988377580.444418,
        "start_index": 28,
        "end_index": 535,
        "t_hot": 154.39763413277439,
        "n_hot": 704489827507394.1,
        "t_hot_stdev": 1.899793935717523,
        "n_hot_stdev": 32928901845169.836,
        "mswe": 1.7854423052044924e+16,
        "mse": 4.420033703638876e+18
    },
    "1nlsq": null,
    "true_params": {
        "t_hot": 206.385,
        "t_hot_stdev": 8.0474
    },
    "histogram": {
        "i": 1e+19,
        "l": 0.1,
        "a": 2.0,
        "filename": "hist_1e19_010_2"
    }
}