{
    "3exp": {
        "a1": 1.1619930836880764e+16,
        "b1": -0.058233324666842695,
        "a2": 3076803774571646.5,
        "b2": -0.02178494142714866,
        "a3": 928830682181889.6,
        "b3": -0.005990522054157724,
        "t_hot": 166.93035948443753,
        "n_hot": 928830682181889.6,
        "start_index": 0,
        "end_index": 349,
        "a1_stdev": 4.3390622768518175e+20,
        "b1_stdev": 1119.466960117039,
        "a2_stdev": 6.937677203072301e+19,
        "b2_stdev": 171.67742084420573,
        "a3_stdev": 2.367795839823179e+18,
        "b3_stdev": 4.877936617687846,
        "t_hot_stdev": 135927.3375127273,
        "n_hot_stdev": 2.367795839823179e+18
    },
    "2exp": null,
    "2nlsq": null,
    "1nlsq": null,
    "true_params": {
        "t_hot": 158.7006,
        "t_hot_stdev": 3.7218
    },
    "histogram": {
        "i": 1e+19,
        "l": 0.05,
        "a": 4.0,
        "filename": "hist_1e19_005_4"
    }
}