{
    "3exp": {
        "a1": 2991646674922290.0,
        "b1": -0.018309758613988626,
        "a2": 698152227300734.2,
        "b2": -0.0029993412083898427,
        "a3": 168632157702811.25,
        "b3": -0.001357246226643008,
        "t_hot": 736.7859864848434,
        "n_hot": 168632157702811.25,
        "start_index": 0,
        "end_index": 880,
        "critical_energy": 169.64208109054414,
        "mse": 33684266.46738407
    },
    "2exp": {
        "a1": 738077997134809.4,
        "b1": -0.0029925124113603955,
        "a2": 154070983725934.56,
        "b2": -0.0013380157826223234,
        "a1_stdev": 1801234514787.3176,
        "b1_stdev": 4.69582673199767e-05,
        "a2_stdev": 716403019124.5358,
        "b2_stdev": 7.11395955600133e-05,
        "t_hot": 747.3753396541707,
        "n_hot": 154070983725934.56,
        "t_hot_stdev": 39.73643665870928,
        "n_hot_stdev": 716403019124.5358,
        "start_index": 35,
        "end_index": 880,
        "mse": 33412686.337394945
    },
    "nlsq": {
        "a1": 740618745404468.5,
        "b1": -0.003159828900828451,
        "a2": 182591317912280.06,
        "b2": -0.0013827260003173825,
        "a0": -166443612222.8888,
        "a1_stdev": 4904175922413.64,
        "b1_stdev": 3.408817709835328e-05,
        "a2_stdev": 6401217219744.408,
        "b2_stdev": 1.2962218600338862e-05,
        "a0_stdev": 1505565.1689861466,
        "start_index": 35,
        "end_index": 880,
        "t_hot": 723.2090810257897,
        "n_hot": 182591317912280.06,
        "t_hot_stdev": 6.779647016006588,
        "n_hot_stdev": 6401217219744.408,
        "mse": 8107602.035071039
    },
    "true_params": {
        "t_hot": 657.6568,
        "t_hot_stdev": 3.5187
    },
    "histogram": {
        "i": 1e+19,
        "l": 2.0,
        "a": 5.0,
        "filename": "hist_1e19_200_5"
    }
}