{
    "3exp": {
        "a1": 316434607430812.8,
        "b1": -0.07609089633664498,
        "a2": 52345386149389.58,
        "b2": -0.013693859423158894,
        "a3": 18481374895210.715,
        "b3": -0.0059599789874669505,
        "t_hot": 167.78582644382942,
        "n_hot": 18481374895210.715,
        "start_index": 0,
        "end_index": 703,
        "critical_energy": 40.500727118178,
        "mse": 244536417.32172248
    },
    "2exp": {
        "a1": 55572507602203.97,
        "b1": -0.014390757185080545,
        "a2": 19785848318101.19,
        "b2": -0.006116523637561316,
        "a1_stdev": 436428547656.8364,
        "b1_stdev": 0.0006016422080289533,
        "a2_stdev": 161668850432.36746,
        "b2_stdev": 0.0009744982091576117,
        "t_hot": 163.49156142535637,
        "n_hot": 19785848318101.19,
        "t_hot_stdev": 26.047840777235006,
        "n_hot_stdev": 161668850432.36746,
        "start_index": 42,
        "end_index": 703,
        "mse": 231990482.08464658
    },
    "nlsq": {
        "a1": 61698264921143.44,
        "b1": -0.014187049249353666,
        "a2": 15494240346307.36,
        "b2": -0.00515369562489268,
        "a0": -279373668586.70087,
        "a1_stdev": 1479320602216.0374,
        "b1_stdev": 0.0006663375892804485,
        "a2_stdev": 2210165356700.9805,
        "b2_stdev": 0.0003134776404674619,
        "a0_stdev": 39846135.15322002,
        "start_index": 42,
        "end_index": 703,
        "t_hot": 194.03551796305857,
        "n_hot": 15494240346307.36,
        "t_hot_stdev": 11.802364897947976,
        "n_hot_stdev": 2210165356700.9805,
        "mse": 54454593.813560806
    },
    "true_params": {
        "t_hot": 144.5773,
        "t_hot_stdev": 2.186
    },
    "histogram": {
        "i": 1e+18,
        "l": 1.0,
        "a": 45.0,
        "filename": "hist_1e18_100_45"
    }
}