{
    "3exp": {
        "a1": 1258615445946521.0,
        "b1": -1.0419793492838814,
        "a2": 140033966371183.11,
        "b2": -0.27373520085145536,
        "a3": 14398151515242.383,
        "b3": -0.09565727198549033,
        "t_hot": 10.453988277563298,
        "n_hot": 14398151515242.383,
        "start_index": 0,
        "end_index": 345,
        "a1_stdev": 9.654824231144032e+19,
        "b1_stdev": 28126.94670015309,
        "a2_stdev": 3.3939037892630697e+18,
        "b2_stdev": 4013.9969056174864,
        "a3_stdev": 5.927511191100916e+17,
        "b3_stdev": 1157.2645067907574,
        "t_hot_stdev": 126472.65949488636,
        "n_hot_stdev": 5.927511191100916e+17,
        "critical_energy": 2.8583133860533527,
        "mswe": 1.044986468387287e+20,
        "mse": 6.571851912896853e+21
    },
    "2exp": {
        "a0": -577338044.5859503,
        "a1": 154624353964821.03,
        "b1": -0.2870207271315921,
        "a2": 15878125116337.115,
        "b2": -0.09850411318810108,
        "a0_stdev": 2.117608942133244e+16,
        "a1_stdev": 2.305758499909945e+18,
        "b1_stdev": 4880.928733824356,
        "a2_stdev": 1.3333150313492705e+18,
        "b2_stdev": 3569.474420282386,
        "t_hot": 10.151860339988282,
        "n_hot": 15878125116337.115,
        "t_hot_stdev": 367870.9916678351,
        "n_hot_stdev": 1.3333150313492705e+18,
        "start_index": 25,
        "end_index": 345,
        "mswe": 1.0266064989802275e+20,
        "mse": 4.673411902557901e+20
    },
    "2nlsq": {
        "a1": 181172555621479.56,
        "b1": -0.3699653999989517,
        "a2": 38799015703368.04,
        "b2": -0.1347689112532995,
        "a0": -149854696186.53592,
        "a1_stdev": 45101904781521.64,
        "b1_stdev": 0.06597802527731177,
        "a2_stdev": 12386076854926.467,
        "b2_stdev": 0.014354662567797221,
        "a0_stdev": 63085576684.93685,
        "start_index": 25,
        "end_index": 345,
        "t_hot": 7.420108916072565,
        "n_hot": 38799015703368.04,
        "t_hot_stdev": 0.7903392460174492,
        "n_hot_stdev": 12386076854926.467,
        "mswe": 4.8960269251737805e+19,
        "mse": 5.05271461287271e+20
    },
    "1nlsq": null,
    "true_params": {
        "t_hot": 8.6685,
        "t_hot_stdev": 0.6326
    },
    "histogram": {
        "i": 1e+18,
        "l": 0.02,
        "a": 4.0,
        "filename": "hist_1e18_002_4"
    }
}