{
    "3exp": {
        "a1": 590704563262724.0,
        "b1": -0.009706396767063198,
        "a2": 696799809318410.1,
        "b2": -0.004476982623559207,
        "a3": 36777031371192.47,
        "b3": -0.0018012704962095092,
        "t_hot": 555.1637036771228,
        "n_hot": 36777031371192.47,
        "start_index": 0,
        "end_index": 748,
        "a1_stdev": 1.589475225805062e+18,
        "b1_stdev": 20.44624722122151,
        "a2_stdev": 1.718485655137317e+18,
        "b2_stdev": 4.968852520503689,
        "a3_stdev": 2.2086184659415773e+17,
        "b3_stdev": 2.6246904537195053,
        "t_hot_stdev": 808947.2826869788,
        "n_hot_stdev": 2.2086184659415773e+17,
        "critical_energy": -31.58712389010216,
        "mswe": 4.776853642827413e+16,
        "mse": 1.849255189635985e+19
    },
    "2exp": {
        "a0": -2452007068871.758,
        "a1": 1063007123865634.8,
        "b1": -0.005274217485067354,
        "a2": 36763683381811.19,
        "b2": -0.0012391871187859692,
        "a0_stdev": 4288051303035805.5,
        "a1_stdev": 1.6452443569998333e+17,
        "b1_stdev": 0.949111342287926,
        "a2_stdev": 6.6172577751278936e+16,
        "b2_stdev": 1.6145357176747053,
        "t_hot": 806.9806285427654,
        "n_hot": 36763683381811.19,
        "t_hot_stdev": 1051414.2928876858,
        "n_hot_stdev": 6.6172577751278936e+16,
        "start_index": 25,
        "end_index": 748,
        "mswe": 3.9493780577819016e+16,
        "mse": 2.244677858211921e+17
    },
    "2nlsq": {
        "a1": 1018118625577643.6,
        "b1": -0.0059588624303924375,
        "a2": 147426213213376.66,
        "b2": -0.002535861040427943,
        "a0": -321947987428.7521,
        "a1_stdev": 5289456115159.186,
        "b1_stdev": 5.156625602910738e-05,
        "a2_stdev": 7406354464823.125,
        "b2_stdev": 3.762463775975823e-05,
        "a0_stdev": 20318040287.263996,
        "start_index": 25,
        "end_index": 748,
        "t_hot": 394.343374521517,
        "n_hot": 147426213213376.66,
        "t_hot_stdev": 5.850883144933251,
        "n_hot_stdev": 7406354464823.125,
        "mswe": 5697728831117028.0,
        "mse": 4.755201082222966e+17
    },
    "1nlsq": null,
    "true_params": {
        "t_hot": 332.7145,
        "t_hot_stdev": 1.7598
    },
    "histogram": {
        "i": 1e+19,
        "l": 2.0,
        "a": 45.0,
        "filename": "hist_1e19_200_45"
    }
}