{
    "3exp": {
        "a1": 562468031298095.75,
        "b1": -0.3258998774350284,
        "a2": 48244854680338.43,
        "b2": -0.0912225750901738,
        "a3": 9013491258169.031,
        "b3": -0.016936545284668033,
        "t_hot": 59.04391853191332,
        "n_hot": 9013491258169.031,
        "start_index": 0,
        "end_index": 624,
        "critical_energy": 13.37897214807447,
        "mse": 1879855926.5795715
    },
    "2exp": {
        "a1": 66232305240415.39,
        "b1": -0.10206088166436254,
        "a2": 9402061147068.762,
        "b2": -0.01746108717757457,
        "a1_stdev": 1305722252473.631,
        "b1_stdev": 0.0014998026411927653,
        "a2_stdev": 106193473379.84193,
        "b2_stdev": 0.005459954148495321,
        "t_hot": 57.27020258419584,
        "n_hot": 9402061147068.762,
        "t_hot_stdev": 17.90797314077565,
        "n_hot_stdev": 106193473379.84193,
        "start_index": 57,
        "end_index": 624,
        "mse": 1910065636.477003
    },
    "nlsq": {
        "a1": 147456772769836.47,
        "b1": -0.1572293423415457,
        "a2": 14792743211907.297,
        "b2": -0.02427960473131313,
        "a0": 0.0,
        "a1_stdev": Infinity,
        "b1_stdev": Infinity,
        "a2_stdev": Infinity,
        "b2_stdev": Infinity,
        "a0_stdev": Infinity,
        "start_index": 57,
        "end_index": 624,
        "t_hot": 41.186831954900455,
        "n_hot": 14792743211907.297,
        "t_hot_stdev": Infinity,
        "n_hot_stdev": Infinity,
        "mse": 1212710889.6094627
    },
    "true_params": {
        "t_hot": 54.0131,
        "t_hot_stdev": 2.2531
    },
    "histogram": {
        "i": 1e+17,
        "l": 0.1,
        "a": 20.0,
        "filename": "hist_1e17_010_20"
    }
}