{
    "3exp": {
        "a1": 375604588704010.4,
        "b1": -0.1253126629247856,
        "a2": 55944385136088.91,
        "b2": -0.03638044730167625,
        "a3": 18132156411836.703,
        "b3": -0.009830431757837916,
        "t_hot": 101.72493178671309,
        "n_hot": 18132156411836.703,
        "start_index": 0,
        "end_index": 565,
        "a1_stdev": 1.3749060136957862e+18,
        "b1_stdev": 270.7595086720133,
        "a2_stdev": 1.9872737491214634e+17,
        "b2_stdev": 66.88765616294042,
        "a3_stdev": 1.7568345237788074e+16,
        "b3_stdev": 3.3821853226828917,
        "t_hot_stdev": 34998.724340426066,
        "n_hot_stdev": 1.7568345237788074e+16
    },
    "2exp": null,
    "2nlsq": null,
    "1nlsq": null,
    "true_params": {
        "t_hot": 100.1087,
        "t_hot_stdev": 1.2385
    },
    "histogram": {
        "i": 1e+18,
        "l": 2.0,
        "a": 45.0,
        "filename": "hist_1e18_200_45"
    }
}