{
    "3exp": {
        "a1": 1.218824638235603e+17,
        "b1": -0.13322987255949217,
        "a2": 5904785454893510.0,
        "b2": -0.0460105329474907,
        "a3": 842993138861764.9,
        "b3": -0.01228421430304206,
        "t_hot": 81.40528774008446,
        "n_hot": 842993138861764.9,
        "start_index": 0,
        "end_index": 236,
        "a1_stdev": 8.821296354886866e+21,
        "b1_stdev": 2340.728643184235,
        "a2_stdev": 1.7593964108706244e+20,
        "b2_stdev": 409.94583588362553,
        "a3_stdev": 3.4549735653481825e+18,
        "b3_stdev": 15.65070850074013,
        "t_hot_stdev": 103714.44175501159,
        "n_hot_stdev": 3.4549735653481825e+18
    },
    "2exp": null,
    "2nlsq": null,
    "1nlsq": null,
    "true_params": {
        "t_hot": 84.4236,
        "t_hot_stdev": 2.371
    },
    "histogram": {
        "i": 1e+19,
        "l": 0.01,
        "a": 60.0,
        "filename": "hist_1e19_001_60"
    }
}