{
    "3exp": {
        "a1": 817502294293888.9,
        "b1": -0.09435941377120086,
        "a2": 77128286331490.83,
        "b2": -0.014852685917156999,
        "a3": 8839577638244.902,
        "b3": -0.005237665534095011,
        "t_hot": 190.92475330668185,
        "n_hot": 8839577638244.902,
        "start_index": 0,
        "end_index": 817,
        "a1_stdev": 7.004625951700913e+17,
        "b1_stdev": 32.033037740145886,
        "a2_stdev": 1.5301989234865048e+16,
        "b2_stdev": 2.8939074042444055,
        "a3_stdev": 6132090939475835.0,
        "b3_stdev": 1.0735890900472693,
        "t_hot_stdev": 39134.75017366424,
        "n_hot_stdev": 6132090939475835.0
    },
    "2exp": null,
    "2nlsq": null,
    "1nlsq": null,
    "true_params": {
        "t_hot": 187.6469,
        "t_hot_stdev": 11.1004
    },
    "histogram": {
        "i": 1e+18,
        "l": 1.0,
        "a": 4.0,
        "filename": "hist_1e18_100_4"
    }
}