{
    "3exp": {
        "a1": 2514929807775372.0,
        "b1": -2.306205265065489,
        "a2": 42927148930602.04,
        "b2": -0.42724535925055784,
        "a3": -22550201495.131065,
        "b3": 0.0946802202625434,
        "t_hot": 2.3405754523679927,
        "n_hot": 42927148930602.04,
        "start_index": 0,
        "end_index": 371,
        "a1_stdev": 2.2198197209909498e+19,
        "b1_stdev": 5575.443334765858,
        "a2_stdev": 2.169671869294134e+17,
        "b2_stdev": 1231.0003223086842,
        "a3_stdev": 6549678939037285.0,
        "b3_stdev": 20706.054706551895,
        "t_hot_stdev": 6743.78100046977,
        "n_hot_stdev": 2.169671869294134e+17
    },
    "2exp": null,
    "2nlsq": null,
    "1nlsq": null,
    "true_params": {
        "t_hot": 2.1676,
        "t_hot_stdev": 0.0129
    },
    "histogram": {
        "i": 1e+17,
        "l": 0.1,
        "a": 0.0,
        "filename": "hist_1e17_010_0"
    }
}