{
    "3exp": {
        "a1": 2492706584579072.5,
        "b1": -2.2983464547499555,
        "a2": 42647237808022.125,
        "b2": -0.4148807351449264,
        "a3": -733621994493.5582,
        "b3": -0.16735238823328283,
        "t_hot": 5.975415173675551,
        "n_hot": -733621994493.5582,
        "start_index": 0,
        "end_index": 470,
        "critical_energy": NaN,
        "mse": 931310637.30127
    },
    "2exp": {
        "a1": 3137515483555082.5,
        "b1": -2.4185847473087256,
        "a2": 46823958357667.08,
        "b2": -0.4475090785521182,
        "a1_stdev": 46183727649410.28,
        "b1_stdev": 0.0238298543197014,
        "a2_stdev": 183639560392.7793,
        "b2_stdev": 0.09045158830995757,
        "t_hot": 2.23459153775254,
        "n_hot": 46823958357667.08,
        "t_hot_stdev": 0.4516609014227362,
        "n_hot_stdev": 183639560392.7793,
        "start_index": 25,
        "end_index": 470,
        "mse": 1291722618.079158
    },
    "nlsq": {
        "a1": 1.1237397743859168e+16,
        "b1": -2.9877932374675327,
        "a2": 52664343201575.58,
        "b2": -0.4686398733098137,
        "a0": 0.0,
        "a1_stdev": Infinity,
        "b1_stdev": Infinity,
        "a2_stdev": Infinity,
        "b2_stdev": Infinity,
        "a0_stdev": Infinity,
        "start_index": 25,
        "end_index": 470,
        "t_hot": 2.133834649914453,
        "n_hot": 52664343201575.58,
        "t_hot_stdev": Infinity,
        "n_hot_stdev": Infinity,
        "mse": 1091287215.429152
    },
    "true_params": {
        "t_hot": 2.1676,
        "t_hot_stdev": 0.0129
    },
    "histogram": {
        "i": 1e+17,
        "l": 0.1,
        "a": 0.0,
        "filename": "hist_1e17_010_0"
    }
}