{
    "3exp": {
        "a1": 1.4096208249999278e+16,
        "b1": -0.0317169938932129,
        "a2": 3331585896828752.5,
        "b2": -0.009673971509259128,
        "a3": 779469018335051.1,
        "b3": -0.00356030079563968,
        "t_hot": 280.87514437676316,
        "n_hot": 779469018335051.1,
        "start_index": 0,
        "end_index": 495,
        "a1_stdev": 6.483641999979169e+19,
        "b1_stdev": 94.48598935296698,
        "a2_stdev": 1.1485626351864453e+19,
        "b2_stdev": 19.469842982957136,
        "a3_stdev": 1.9959374515121288e+18,
        "b3_stdev": 2.4589345082490843,
        "t_hot_stdev": 193987.42540611007,
        "n_hot_stdev": 1.9959374515121288e+18
    },
    "2exp": null,
    "2nlsq": null,
    "1nlsq": null,
    "true_params": {
        "t_hot": 297.6995,
        "t_hot_stdev": 5.6262
    },
    "histogram": {
        "i": 1e+19,
        "l": 0.1,
        "a": 40.0,
        "filename": "hist_1e19_010_40"
    }
}