{
    "3exp": {
        "a1": 8319261891833269.0,
        "b1": -0.03952455416891969,
        "a2": 2169215857364479.0,
        "b2": -0.01245556340721049,
        "a3": 665709782841037.6,
        "b3": -0.004171325010452156,
        "t_hot": 239.73197904605468,
        "n_hot": 665709782841037.6,
        "start_index": 0,
        "end_index": 468,
        "a1_stdev": 9.474128072124001e+19,
        "b1_stdev": 244.55603008026716,
        "a2_stdev": 1.2818417829217214e+19,
        "b2_stdev": 35.96450786692393,
        "a3_stdev": 1.3088024620229568e+18,
        "b3_stdev": 2.305436795312696,
        "t_hot_stdev": 132496.73044441038,
        "n_hot_stdev": 1.3088024620229568e+18,
        "critical_energy": 49.65858541283317,
        "mswe": 6.663561134646574e+17,
        "mse": 4.4221330405525155e+21
    },
    "2exp": {
        "a0": 206125084602.32693,
        "a1": 2669523976016039.0,
        "b1": -0.013842912020344482,
        "a2": 718893207607594.0,
        "b2": -0.004284445776955254,
        "a0_stdev": 6287077492562985.0,
        "a1_stdev": 1.1138931413699734e+19,
        "b1_stdev": 33.98506198186755,
        "a2_stdev": 1.5934695777675569e+18,
        "b2_stdev": 3.337315985934261,
        "t_hot": 233.40241703575745,
        "n_hot": 718893207607594.0,
        "t_hot_stdev": 181805.92265137297,
        "n_hot_stdev": 1.5934695777675569e+18,
        "start_index": 25,
        "end_index": 468,
        "mswe": 6.787795596546022e+17,
        "mse": 9.299762646116712e+18
    },
    "2nlsq": {
        "a1": 2648533820926376.0,
        "b1": -0.013758178366810286,
        "a2": 712907026561284.5,
        "b2": -0.004264421305733072,
        "a0": -268071849842.47693,
        "a1_stdev": 193465525175825.94,
        "b1_stdev": 0.0005961567274700373,
        "a2_stdev": 28213980623057.332,
        "b2_stdev": 5.9378839304954075e-05,
        "a0_stdev": 112871961280.64584,
        "start_index": 25,
        "end_index": 468,
        "t_hot": 234.49840630324303,
        "n_hot": 712907026561284.5,
        "t_hot_stdev": 3.2652128358960213,
        "n_hot_stdev": 28213980623057.332,
        "mswe": 6.055182075598724e+17,
        "mse": 9.361955409113862e+18
    },
    "1nlsq": null,
    "true_params": {
        "t_hot": 237.7093,
        "t_hot_stdev": 3.1374
    },
    "histogram": {
        "i": 1e+19,
        "l": 0.01,
        "a": 4.0,
        "filename": "hist_1e19_001_4"
    }
}