{
    "3exp": {
        "a1": 3447553863411802.5,
        "b1": -1.629717748177432,
        "a2": 89879184549489.84,
        "b2": -0.3394655165345072,
        "a3": 1105057609196.8467,
        "b3": -0.05547753365653374,
        "t_hot": 18.025314647026082,
        "n_hot": 1105057609196.8467,
        "start_index": 0,
        "end_index": 653,
        "a1_stdev": 3.286954462540545e+19,
        "b1_stdev": 3865.4558947974433,
        "a2_stdev": 2.2593149179840013e+17,
        "b2_stdev": 352.81610889536637,
        "a3_stdev": 5025672636921090.0,
        "b3_stdev": 119.52606854318276,
        "t_hot_stdev": 38835.45017252466,
        "n_hot_stdev": 5025672636921090.0,
        "critical_energy": 2.8265433450857413,
        "mswe": 3.873617057981334e+18,
        "mse": 8.085802489751167e+19
    },
    "2exp": {
        "a0": 65147136045.23485,
        "a1": 106242148920966.27,
        "b1": -0.3723647037344779,
        "a2": 2581604278371.3286,
        "b2": -0.09910999363358786,
        "a0_stdev": 442569325577811.8,
        "a1_stdev": 3.1164159373144525e+17,
        "b1_stdev": 618.0574191545245,
        "a2_stdev": 3.417735904365679e+16,
        "b2_stdev": 582.3125315797951,
        "t_hot": 10.089799861122232,
        "n_hot": 2581604278371.3286,
        "t_hot_stdev": 59281.78062431439,
        "n_hot_stdev": 3.417735904365679e+16,
        "start_index": 31,
        "end_index": 653,
        "mswe": 3.984340360592441e+18,
        "mse": 2.5399324611678675e+19
    },
    "2nlsq": {
        "a1": 101414626000887.4,
        "b1": -0.3677322349583671,
        "a2": 3273749744648.022,
        "b2": -0.11449737148787666,
        "a0": -3974494538.455978,
        "a1_stdev": 5888217196494.767,
        "b1_stdev": 0.013634103532005002,
        "a2_stdev": 1003466227477.6361,
        "b2_stdev": 0.013074403836075384,
        "a0_stdev": 6524969204.69191,
        "start_index": 31,
        "end_index": 653,
        "t_hot": 8.733824951657368,
        "n_hot": 3273749744648.022,
        "t_hot_stdev": 0.9973115798876723,
        "n_hot_stdev": 1003466227477.6361,
        "mswe": 1.2995687548538245e+18,
        "mse": 2.819216082910585e+19
    },
    "1nlsq": null,
    "true_params": {
        "t_hot": 4.9787,
        "t_hot_stdev": 0.1768
    },
    "histogram": {
        "i": 1e+17,
        "l": 0.2,
        "a": 5.0,
        "filename": "hist_1e17_020_5"
    }
}