{
    "3exp": {
        "a1": 6108176033966796.0,
        "b1": -0.07143046935405131,
        "a2": 894677294600859.9,
        "b2": -0.020362485565382244,
        "a3": 124321112823077.6,
        "b3": -0.007918931558969153,
        "t_hot": 126.27966191567579,
        "n_hot": 124321112823077.6,
        "start_index": 0,
        "end_index": 568,
        "a1_stdev": 7.255969262775905e+18,
        "b1_stdev": 49.4653763628274,
        "a2_stdev": 9.202577062472714e+17,
        "b2_stdev": 12.949889896228376,
        "a3_stdev": 1.9027257569231853e+17,
        "b3_stdev": 3.0517225330538125,
        "t_hot_stdev": 48664.45515594919,
        "n_hot_stdev": 1.9027257569231853e+17,
        "critical_energy": 37.61496450572149,
        "mswe": 7.580198342392458e+16,
        "mse": 5.0015608011572426e+20
    },
    "2exp": {
        "a0": 384299290264.7218,
        "a1": 1521432750325312.2,
        "b1": -0.02973068592020134,
        "a2": 276554743402902.38,
        "b2": -0.0101268550273641,
        "a0_stdev": 516464791170950.4,
        "a1_stdev": 3.2384301823688617e+18,
        "b1_stdev": 34.14063295303114,
        "a2_stdev": 4.251333947853509e+17,
        "b2_stdev": 4.604871409615436,
        "t_hot": 98.74734034385483,
        "n_hot": 276554743402902.38,
        "t_hot_stdev": 44902.27253142972,
        "n_hot_stdev": 4.251333947853509e+17,
        "start_index": 30,
        "end_index": 568,
        "mswe": 1.6685196990857306e+17,
        "mse": 1.7951097685971837e+18
    },
    "2nlsq": {
        "a1": 1255424581261334.5,
        "b1": -0.025032410128215495,
        "a2": 187411818891941.34,
        "b2": -0.00889039537791916,
        "a0": 35283275562.021484,
        "a1_stdev": 42095127723060.04,
        "b1_stdev": 0.0005681056876183799,
        "a2_stdev": 9282222052350.602,
        "b2_stdev": 0.00013197732325560967,
        "a0_stdev": 16017360767.487503,
        "start_index": 30,
        "end_index": 568,
        "t_hot": 112.4809367290541,
        "n_hot": 187411818891941.34,
        "t_hot_stdev": 1.6697719635342787,
        "n_hot_stdev": 9282222052350.602,
        "mswe": 7.645088116828648e+16,
        "mse": 2.3482650468548787e+18
    },
    "1nlsq": null,
    "true_params": {
        "t_hot": 139.41,
        "t_hot_stdev": 4.7401
    },
    "histogram": {
        "i": 1e+19,
        "l": 0.5,
        "a": 60.0,
        "filename": "hist_1e19_050_60"
    }
}