{
    "3exp": {
        "a1": 609326065476785.2,
        "b1": -0.07098175797998862,
        "a2": 63428221708696.69,
        "b2": -0.017008264140411195,
        "a3": 5663039931482.898,
        "b3": -0.003861944791809293,
        "t_hot": 258.93689679895897,
        "n_hot": 5663039931482.898,
        "start_index": 0,
        "end_index": 713,
        "critical_energy": 69.70211141980027,
        "mse": 247933164.6467227
    },
    "2exp": {
        "a1": 58696132416823.414,
        "b1": -0.01633385486894151,
        "a2": 5446551920001.534,
        "b2": -0.0038215240785193787,
        "a1_stdev": 460133956760.147,
        "b1_stdev": 0.0002487181571714109,
        "a2_stdev": 65897123209.129036,
        "b2_stdev": 0.0005713629359146869,
        "t_hot": 261.6757030580958,
        "n_hot": 5446551920001.534,
        "t_hot_stdev": 39.123604845829114,
        "n_hot_stdev": 65897123209.129036,
        "start_index": 69,
        "end_index": 713,
        "mse": 264672270.229396
    },
    "nlsq": {
        "a1": 55992058764658.266,
        "b1": -0.014710035739823584,
        "a2": 5104926341071.892,
        "b2": -0.0009259920128259053,
        "a0": -2458498845015.201,
        "a1_stdev": 3304120115799.4316,
        "b1_stdev": 0.0006249669058060729,
        "a2_stdev": 1235177337096.8303,
        "b2_stdev": 0.0005468549153728781,
        "a0_stdev": 2065372646.2070236,
        "start_index": 69,
        "end_index": 713,
        "t_hot": 1079.9229217412362,
        "n_hot": 5104926341071.892,
        "t_hot_stdev": 637.7605311905274,
        "n_hot_stdev": 1235177337096.8303,
        "mse": 98164164.94572042
    },
    "true_params": {
        "t_hot": 242.1108,
        "t_hot_stdev": 10.4131
    },
    "histogram": {
        "i": 1e+18,
        "l": 2.0,
        "a": 20.0,
        "filename": "hist_1e18_200_20"
    }
}