{
    "3exp": {
        "a1": 237320963968685.2,
        "b1": -0.05538201477696401,
        "a2": 45889894561320.3,
        "b2": -0.014291074792724427,
        "a3": 19391625042745.953,
        "b3": -0.004444018085040423,
        "t_hot": 225.02158651564173,
        "n_hot": 19391625042745.953,
        "start_index": 0,
        "end_index": 565,
        "a1_stdev": 7.817482874699258e+17,
        "b1_stdev": 147.98028564140435,
        "a2_stdev": 1.7075014975092096e+17,
        "b2_stdev": 41.87912179102801,
        "a3_stdev": 4.336952609366803e+16,
        "b3_stdev": 3.5091678407561404,
        "t_hot_stdev": 177685.71139139117,
        "n_hot_stdev": 4.336952609366803e+16
    },
    "2exp": null,
    "2nlsq": null,
    "1nlsq": null,
    "true_params": {
        "t_hot": 248.2638,
        "t_hot_stdev": 11.7026
    },
    "histogram": {
        "i": 1e+18,
        "l": 1.0,
        "a": 50.0,
        "filename": "hist_1e18_100_50"
    }
}