{
    "3exp": {
        "a1": 1544098501502717.5,
        "b1": -0.00889382526701742,
        "a2": 549884126990528.0,
        "b2": -0.0016610429023768013,
        "a3": 638837722841.2083,
        "b3": -0.0002513709905888056,
        "t_hot": 3978.183789854283,
        "n_hot": 638837722841.2083,
        "start_index": 0,
        "end_index": 696,
        "a1_stdev": 4.385674438398866e+17,
        "b1_stdev": 1.732921534085027,
        "a2_stdev": 4.771565801794243e+16,
        "b2_stdev": 0.09796960997243903,
        "a3_stdev": 5011712801739033.0,
        "b3_stdev": 1.5922603484264946,
        "t_hot_stdev": 25199026.71545625,
        "n_hot_stdev": 5011712801739033.0
    },
    "2exp": null,
    "2nlsq": null,
    "1nlsq": null,
    "true_params": {
        "t_hot": 642.3659,
        "t_hot_stdev": 2.0588
    },
    "histogram": {
        "i": 1e+19,
        "l": 5.0,
        "a": 0.0,
        "filename": "hist_1e19_500_0"
    }
}