{
    "3exp": {
        "a1": 1.8657828582915805e+17,
        "b1": -7.3973981621564135,
        "a2": 1898699116901346.2,
        "b2": -3.343786147766078,
        "a3": 20757749432117.953,
        "b3": -0.7900541640875431,
        "t_hot": 1.2657360032459666,
        "n_hot": 20757749432117.953,
        "start_index": 0,
        "end_index": 273,
        "a1_stdev": 9.141911843606784e+22,
        "b1_stdev": 497536.353924437,
        "a2_stdev": 4.32116823448614e+20,
        "b2_stdev": 117152.17582654468,
        "a3_stdev": 4.3307310552931923e+17,
        "b3_stdev": 4547.841517976951,
        "t_hot_stdev": 7286.040638755969,
        "n_hot_stdev": 4.3307310552931923e+17,
        "critical_energy": 1.1317516135043446,
        "mswe": 2.568007987304735e+20,
        "mse": 5.305391693572234e+22
    },
    "2exp": {
        "a0": -29923856436.929337,
        "a1": 951711682628045.0,
        "b1": -2.8822240546678284,
        "a2": 15919557372500.594,
        "b2": -0.7183858370853707,
        "a0_stdev": 4613748972574140.0,
        "a1_stdev": 1.2704321541366571e+20,
        "b1_stdev": 79761.23825871143,
        "a2_stdev": 6.80285345400691e+17,
        "b2_stdev": 11164.832236645481,
        "t_hot": 1.3920096254363699,
        "n_hot": 15919557372500.594,
        "t_hot_stdev": 21633.992678430095,
        "n_hot_stdev": 6.80285345400691e+17,
        "start_index": 25,
        "end_index": 273,
        "mswe": 2.5396498209682214e+20,
        "mse": 1.9519316890808403e+21
    },
    "2nlsq": {
        "a1": 2281490138723966.0,
        "b1": -3.456722287036454,
        "a2": 24110324538474.516,
        "b2": -0.8548870690311516,
        "a0": -8226370634.295218,
        "a1_stdev": 2764816094173690.5,
        "b1_stdev": 0.70933369969641,
        "a2_stdev": 5428514871708.372,
        "b2_stdev": 0.06127832150650941,
        "a0_stdev": 18309630213.70537,
        "start_index": 25,
        "end_index": 273,
        "t_hot": 1.1697451467283342,
        "n_hot": 24110324538474.516,
        "t_hot_stdev": 0.08384735455541895,
        "n_hot_stdev": 5428514871708.372,
        "mswe": 2.1739505579404575e+20,
        "mse": 2.050415978676911e+21
    },
    "1nlsq": null,
    "true_params": {
        "t_hot": 1.1753,
        "t_hot_stdev": 0.0436
    },
    "histogram": {
        "i": 1e+17,
        "l": 0.01,
        "a": 3.0,
        "filename": "hist_1e17_001_3"
    }
}