{
    "3exp": {
        "a1": 1370592057048967.8,
        "b1": -0.007940790552016519,
        "a2": 520886446776084.56,
        "b2": -0.0016892718767229794,
        "a3": 8430559520420.533,
        "b3": -0.0006288029466304085,
        "t_hot": 1590.3233363627508,
        "n_hot": 8430559520420.533,
        "start_index": 0,
        "end_index": 666,
        "a1_stdev": 5.4933286229636845e+17,
        "b1_stdev": 2.837225012142024,
        "a2_stdev": 9.146285726604869e+16,
        "b2_stdev": 0.38921804629985457,
        "a3_stdev": 6.577903967946494e+16,
        "b3_stdev": 1.5898308478405385,
        "t_hot_stdev": 4020886.212030223,
        "n_hot_stdev": 6.577903967946494e+16
    },
    "2exp": null,
    "2nlsq": null,
    "1nlsq": null,
    "true_params": {
        "t_hot": 674.6052,
        "t_hot_stdev": 2.4797
    },
    "histogram": {
        "i": 1e+19,
        "l": 5.0,
        "a": 3.0,
        "filename": "hist_1e19_500_3"
    }
}