{
    "3exp": {
        "a1": 187947750711774.1,
        "b1": -0.04842400040308969,
        "a2": 38507137238208.11,
        "b2": -0.00729549113636198,
        "a3": -4169503541.318084,
        "b3": 0.004447791696452287,
        "t_hot": 137.07096360049405,
        "n_hot": 38507137238208.11,
        "start_index": 0,
        "end_index": 681,
        "a1_stdev": 7.416174348585043e+16,
        "b1_stdev": 13.184912775232052,
        "a2_stdev": 6831509452103348.0,
        "b2_stdev": 0.7941423548097644,
        "a3_stdev": 49973378242743.13,
        "b3_stdev": 15.058572122722786,
        "t_hot_stdev": 14920.703181612207,
        "n_hot_stdev": 6831509452103348.0,
        "critical_energy": 38.5455350509407,
        "mswe": 7442422303420049.0,
        "mse": 1.594784264245848e+17
    },
    "2exp": {
        "a0": -149422704644.28714,
        "a1": 177257087018476.44,
        "b1": -0.043609064790159,
        "a2": 36238298588382.73,
        "b2": -0.006968879185642435,
        "a0_stdev": 82467663666542.36,
        "a1_stdev": 5.6198076796552224e+17,
        "b1_stdev": 44.71357876473256,
        "a2_stdev": 6976543499072448.0,
        "b2_stdev": 0.6842262557895638,
        "t_hot": 143.49509775693056,
        "n_hot": 36238298588382.73,
        "t_hot_stdev": 14088.795464364317,
        "n_hot_stdev": 6976543499072448.0,
        "start_index": 39,
        "end_index": 681,
        "mswe": 6297215327469908.0,
        "mse": 1.2231977389679141e+17
    },
    "2nlsq": {
        "a1": 321026613146041.25,
        "b1": -0.05306800497871671,
        "a2": 38073245383901.57,
        "b2": -0.0071885879157926914,
        "a0": -127858945963.3041,
        "a1_stdev": 89697037106133.88,
        "b1_stdev": 0.003910016545384853,
        "a2_stdev": 418259227519.3964,
        "b2_stdev": 4.152501706929812e-05,
        "a0_stdev": 4869404771.538632,
        "start_index": 39,
        "end_index": 681,
        "t_hot": 139.10937888136397,
        "n_hot": 38073245383901.57,
        "t_hot_stdev": 0.8035680164469571,
        "n_hot_stdev": 418259227519.3964,
        "mswe": 5995717149923243.0,
        "mse": 1.2237663268473491e+17
    },
    "1nlsq": null,
    "true_params": {
        "t_hot": 138.7158,
        "t_hot_stdev": 0.9305
    },
    "histogram": {
        "i": 1e+18,
        "l": 2.0,
        "a": 50.0,
        "filename": "hist_1e18_200_50"
    }
}