{
    "3exp": {
        "a1": 4063674007216682.0,
        "b1": -1.3122831764253438,
        "a2": 267288728840990.44,
        "b2": -0.3411504253880212,
        "a3": 36105281273337.42,
        "b3": -0.07988286209379288,
        "t_hot": 12.51832963653543,
        "n_hot": 36105281273337.42,
        "start_index": 0,
        "end_index": 383,
        "a1_stdev": 5.3349417294846624e+20,
        "b1_stdev": 48811.58545992395,
        "a2_stdev": 1.0148671533430317e+19,
        "b2_stdev": 5969.530433498644,
        "a3_stdev": 6.034020703965755e+17,
        "b3_stdev": 564.0361150805787,
        "t_hot_stdev": 88389.29690825587,
        "n_hot_stdev": 6.034020703965755e+17
    },
    "2exp": null,
    "2nlsq": null,
    "1nlsq": null,
    "true_params": {
        "t_hot": 11.5437,
        "t_hot_stdev": 0.2561
    },
    "histogram": {
        "i": 1e+17,
        "l": 0.02,
        "a": 30.0,
        "filename": "hist_1e17_002_30"
    }
}