{
    "3exp": {
        "a1": 1556066184234486.0,
        "b1": -0.015911435857785795,
        "a2": 576067746380088.1,
        "b2": -0.00312089800333355,
        "a3": 40938959005437.27,
        "b3": -0.000957729115533836,
        "t_hot": 1044.1365765961937,
        "n_hot": 40938959005437.27,
        "start_index": 0,
        "end_index": 772,
        "a1_stdev": 2.7797688841402665e+18,
        "b1_stdev": 14.222250872375842,
        "a2_stdev": 1.5765040157655965e+17,
        "b2_stdev": 0.6143876716633794,
        "a3_stdev": 2.9120612975266964e+16,
        "b3_stdev": 0.21154176364353636,
        "t_hot_stdev": 230627.31341812245,
        "n_hot_stdev": 2.9120612975266964e+16,
        "critical_energy": 77.68953745130909,
        "mswe": 6577600590414343.0,
        "mse": 4.680994397589448e+18
    },
    "2exp": {
        "a0": 65279808855.90611,
        "a1": 630750967866769.4,
        "b1": -0.0033968398104174125,
        "a2": 57936392311198.875,
        "b2": -0.0011047235967808517,
        "a0_stdev": 434347244758836.8,
        "a1_stdev": 1.0437254929704648e+17,
        "b1_stdev": 0.6828951686600794,
        "a2_stdev": 5.873473516266371e+16,
        "b2_stdev": 0.4405073103597625,
        "t_hot": 905.2038020315537,
        "n_hot": 57936392311198.875,
        "t_hot_stdev": 360949.0132394193,
        "n_hot_stdev": 5.873473516266371e+16,
        "start_index": 25,
        "end_index": 772,
        "mswe": 5245465084992032.0,
        "mse": 1.4787573957111053e+17
    },
    "2nlsq": {
        "a1": 623110425911994.4,
        "b1": -0.0031803265486249786,
        "a2": 34805574705940.098,
        "b2": -0.0008499548568057827,
        "a0": -499322379388.66956,
        "a1_stdev": 6145481109406.491,
        "b1_stdev": 3.3439111820250436e-05,
        "a2_stdev": 2325650622228.8735,
        "b2_stdev": 2.95864549607145e-05,
        "a0_stdev": 52169513588.20821,
        "start_index": 25,
        "end_index": 772,
        "t_hot": 1176.5330734835757,
        "n_hot": 34805574705940.098,
        "t_hot_stdev": 40.95446071010202,
        "n_hot_stdev": 2325650622228.8735,
        "mswe": 3139048214933223.0,
        "mse": 1.621881606252935e+17
    },
    "1nlsq": null,
    "true_params": {
        "t_hot": 909.2089,
        "t_hot_stdev": 17.6015
    },
    "histogram": {
        "i": 1e+19,
        "l": 0.5,
        "a": 0.0,
        "filename": "hist_1e19_050_0"
    }
}