{
    "3exp": {
        "a1": 1051954400023013.9,
        "b1": -0.2777596474345003,
        "a2": 85046578392803.34,
        "b2": -0.04484236774949697,
        "a3": -3680819381.5383277,
        "b3": 0.038075708726148245,
        "t_hot": 22.30033894700437,
        "n_hot": 85046578392803.34,
        "start_index": 0,
        "end_index": 484,
        "a1_stdev": 1.4953796837370488e+18,
        "b1_stdev": 202.2094497788576,
        "a2_stdev": 6.955402862088996e+16,
        "b2_stdev": 19.482031919510582,
        "a3_stdev": 109444485593593.84,
        "b3_stdev": 233.7983722223011,
        "t_hot_stdev": 9688.514166077184,
        "n_hot_stdev": 6.955402862088996e+16,
        "critical_energy": 10.798709148066258,
        "mswe": 1.4379576948875246e+18,
        "mse": 5.4869213555819815e+19
    },
    "2exp": {
        "a0": -607393875298.3298,
        "a1": 428483219042498.1,
        "b1": -0.19287032180484184,
        "a2": 68847986013021.61,
        "b2": -0.039339249864958785,
        "a0_stdev": 1013964984108910.4,
        "a1_stdev": 6.526382970644286e+18,
        "b1_stdev": 892.1829638548035,
        "a2_stdev": 9.42731112046886e+16,
        "b2_stdev": 24.241029586043286,
        "t_hot": 25.41990514391441,
        "n_hot": 68847986013021.61,
        "t_hot_stdev": 15663.864328458483,
        "n_hot_stdev": 9.42731112046886e+16,
        "start_index": 46,
        "end_index": 484,
        "mswe": 1.161891643618905e+18,
        "mse": 4.6711515333404385e+19
    },
    "2nlsq": {
        "a1": 2634966024909802.0,
        "b1": -0.31759306329232007,
        "a2": 86023164929152.88,
        "b2": -0.04482372765940783,
        "a0": -365603405317.7411,
        "a1_stdev": 3344338389652633.0,
        "b1_stdev": 0.07145925063163297,
        "a2_stdev": 2559614138654.0156,
        "b2_stdev": 0.0006162850969484969,
        "a0_stdev": 19664532800.78962,
        "start_index": 46,
        "end_index": 484,
        "t_hot": 22.30961261407082,
        "n_hot": 86023164929152.88,
        "t_hot_stdev": 0.3067366881491464,
        "n_hot_stdev": 2559614138654.0156,
        "mswe": 9.075576725345883e+17,
        "mse": 5.143624744123395e+19
    },
    "1nlsq": null,
    "true_params": {
        "t_hot": 22.4994,
        "t_hot_stdev": 0.2693
    },
    "histogram": {
        "i": 1e+17,
        "l": 0.1,
        "a": 50.0,
        "filename": "hist_1e17_010_50"
    }
}