{
    "3exp": {
        "a1": 3644664435981147.0,
        "b1": -3.215738756199353,
        "a2": 25120746661815.51,
        "b2": -0.5236307089417515,
        "a3": -1374354472.248503,
        "b3": 0.14614855060896212,
        "t_hot": 1.9097428453365208,
        "n_hot": 25120746661815.51,
        "start_index": 0,
        "end_index": 433,
        "critical_energy": NaN,
        "mse": 1914469879.5184896
    },
    "2exp": {
        "a1": 2121927427534302.8,
        "b1": -2.866198056089532,
        "a2": 24103720613063.25,
        "b2": -0.5191341297973774,
        "a1_stdev": 63526469637411.57,
        "b1_stdev": 0.044633371017577556,
        "a2_stdev": 175487643877.6079,
        "b2_stdev": 0.17314431058683796,
        "t_hot": 1.9262844467388587,
        "n_hot": 24103720613063.25,
        "t_hot_stdev": 0.642464390956006,
        "n_hot_stdev": 175487643877.6079,
        "start_index": 25,
        "end_index": 433,
        "mse": 1847734601.8634176
    },
    "nlsq": {
        "a1": 7473367436094199.0,
        "b1": -3.4904654009247427,
        "a2": 27108540499762.746,
        "b2": -0.5467185403005921,
        "a0": 0.0,
        "a1_stdev": Infinity,
        "b1_stdev": Infinity,
        "a2_stdev": Infinity,
        "b2_stdev": Infinity,
        "a0_stdev": Infinity,
        "start_index": 25,
        "end_index": 433,
        "t_hot": 1.8290947284322727,
        "n_hot": 27108540499762.746,
        "t_hot_stdev": Infinity,
        "n_hot_stdev": Infinity,
        "mse": 1662294447.5932415
    },
    "true_params": {
        "t_hot": 1.9074,
        "t_hot_stdev": 0.028
    },
    "histogram": {
        "i": 1e+17,
        "l": 0.02,
        "a": 4.0,
        "filename": "hist_1e17_002_4"
    }
}