{
    "3exp": {
        "a1": 279186691066514.12,
        "b1": -0.032490602501679955,
        "a2": 185956789794493.78,
        "b2": -0.008301952111553006,
        "a3": 12744677348950.639,
        "b3": -0.0026708197097779105,
        "t_hot": 374.4168864483758,
        "n_hot": 12744677348950.639,
        "start_index": 0,
        "end_index": 641,
        "critical_energy": 103.51406653690525,
        "mse": 14168789.184002923
    },
    "2exp": {
        "a1": 205562022352918.84,
        "b1": -0.00885019200793642,
        "a2": 15501240576650.97,
        "b2": -0.002842682209254254,
        "a1_stdev": 864096054432.9825,
        "b1_stdev": 0.00011743796504017246,
        "a2_stdev": 169220107556.94043,
        "b2_stdev": 0.0002104777208440061,
        "t_hot": 351.78044057986307,
        "n_hot": 15501240576650.97,
        "t_hot_stdev": 26.046508163912552,
        "n_hot_stdev": 169220107556.94043,
        "start_index": 40,
        "end_index": 641,
        "mse": 14187721.602363395
    },
    "nlsq": {
        "a1": 203189953929241.94,
        "b1": -0.008909498476753257,
        "a2": 17304169150718.197,
        "b2": -0.0030274289126478032,
        "a0": 26427886042.772053,
        "a1_stdev": 4902119986345.711,
        "b1_stdev": 0.00018145951529762355,
        "a2_stdev": 1599094893298.1272,
        "b2_stdev": 0.00010043790326948558,
        "a0_stdev": 4901632.249544145,
        "start_index": 40,
        "end_index": 641,
        "t_hot": 330.3132885539484,
        "n_hot": 17304169150718.197,
        "t_hot_stdev": 10.958465114013622,
        "n_hot_stdev": 1599094893298.1272,
        "mse": 13793580.427604908
    },
    "true_params": {
        "t_hot": 365.4781,
        "t_hot_stdev": 13.3679
    },
    "histogram": {
        "i": 1e+18,
        "l": 5.0,
        "a": 1.0,
        "filename": "hist_1e18_500_1"
    }
}