{
    "3exp": {
        "a1": 3406542478427617.0,
        "b1": -0.8993282106906276,
        "a2": 151561055323885.9,
        "b2": -0.3806644304908179,
        "a3": 5576772530368.0,
        "b3": -0.08899040603322385,
        "t_hot": 11.237166393270057,
        "n_hot": 5576772530368.0,
        "start_index": 0,
        "end_index": 312,
        "a1_stdev": 2.5014385371780575e+19,
        "b1_stdev": 2947.6413433149532,
        "a2_stdev": 3.544810999260557e+18,
        "b2_stdev": 2342.3070635982976,
        "a3_stdev": 4.067994427285566e+16,
        "b3_stdev": 231.6943530227795,
        "t_hot_stdev": 29256.951545158678,
        "n_hot_stdev": 4.067994427285566e+16
    },
    "2exp": null,
    "2nlsq": null,
    "1nlsq": null,
    "true_params": {
        "t_hot": 12.2693,
        "t_hot_stdev": 0.5717
    },
    "histogram": {
        "i": 1e+17,
        "l": 2.0,
        "a": 0.0,
        "filename": "hist_1e17_200_0"
    }
}