{
    "3exp": {
        "a1": 573828241896353.0,
        "b1": -0.0646679993997891,
        "a2": 105262145015873.22,
        "b2": -0.012980324661489292,
        "a3": 7275164452029.604,
        "b3": -0.0031805380186760938,
        "t_hot": 314.41221394871184,
        "n_hot": 7275164452029.604,
        "start_index": 0,
        "end_index": 770,
        "critical_energy": 71.03665699304982,
        "mse": 103213679.04067439
    },
    "2exp": {
        "a1": 103126451507418.17,
        "b1": -0.012633234806152794,
        "a2": 6656945445922.911,
        "b2": -0.0031185832585457034,
        "a1_stdev": 359545261165.2616,
        "b1_stdev": 0.00010805779635997574,
        "a2_stdev": 64169619288.5015,
        "b2_stdev": 0.0002196252745050168,
        "t_hot": 320.658426309366,
        "n_hot": 6656945445922.911,
        "t_hot_stdev": 22.58227184012478,
        "n_hot_stdev": 64169619288.5015,
        "start_index": 53,
        "end_index": 770,
        "mse": 103419287.79764971
    },
    "nlsq": {
        "a1": 105135015081840.86,
        "b1": -0.012388012680639344,
        "a2": 5143225817235.383,
        "b2": -0.002056815080972425,
        "a0": -471800236789.1802,
        "a1_stdev": 2485780927600.2476,
        "b1_stdev": 0.00021053695707359306,
        "a2_stdev": 311219572987.7578,
        "b2_stdev": 0.0001537703984458917,
        "a0_stdev": 51608712.32541087,
        "start_index": 53,
        "end_index": 770,
        "t_hot": 486.18857827861615,
        "n_hot": 5143225817235.383,
        "t_hot_stdev": 36.348144319516834,
        "n_hot_stdev": 311219572987.7578,
        "mse": 30776721.361955747
    },
    "true_params": {
        "t_hot": 286.9864,
        "t_hot_stdev": 12.7614
    },
    "histogram": {
        "i": 1e+18,
        "l": 2.0,
        "a": 2.0,
        "filename": "hist_1e18_200_2"
    }
}