{
    "3exp": {
        "a1": 619678204007292.2,
        "b1": -0.009440964916601067,
        "a2": 948296793262426.2,
        "b2": -0.003554349875725906,
        "a3": 10687717799540.041,
        "b3": -0.0007998566348494854,
        "t_hot": 1250.2240481985586,
        "n_hot": 10687717799540.041,
        "start_index": 0,
        "end_index": 794,
        "critical_energy": 469.85930185813794,
        "mse": 1483611534.788886
    },
    "2exp": {
        "a1": 3554254942287698.0,
        "b1": -0.006923746043444984,
        "a2": 279518565518866.3,
        "b2": -0.0023744592888584265,
        "a1_stdev": 18710486307958.953,
        "b1_stdev": 9.977195825660441e-05,
        "a2_stdev": 838578927898.8867,
        "b2_stdev": 0.00020341138374840704,
        "t_hot": 421.1485135551732,
        "n_hot": 279518565518866.3,
        "t_hot_stdev": 36.07827782426564,
        "n_hot_stdev": 838578927898.8867,
        "start_index": 127,
        "end_index": 794,
        "mse": 94862667.67752874
    },
    "nlsq": {
        "a1": 5916653339474495.0,
        "b1": -0.007942130468657596,
        "a2": 314692724047492.06,
        "b2": -0.002424770682975625,
        "a0": -207215964667.96426,
        "a1_stdev": 754847037645637.0,
        "b1_stdev": 0.00024177560817929963,
        "a2_stdev": 8838304028690.238,
        "b2_stdev": 1.8419476254229536e-05,
        "a0_stdev": 2628927.4572217893,
        "start_index": 127,
        "end_index": 794,
        "t_hot": 412.4101330575401,
        "n_hot": 314692724047492.06,
        "t_hot_stdev": 3.1328235309802146,
        "n_hot_stdev": 8838304028690.238,
        "mse": 15693211.980451772
    },
    "true_params": {
        "t_hot": 427.2837,
        "t_hot_stdev": 3.0487
    },
    "histogram": {
        "i": 1e+19,
        "l": 2.0,
        "a": 40.0,
        "filename": "hist_1e19_200_40"
    }
}