{
    "3exp": {
        "a1": 318539013515527.5,
        "b1": -0.12088869330161024,
        "a2": 70539693323572.67,
        "b2": -0.03878479963337613,
        "a3": 20565108255182.06,
        "b3": -0.014089117126273852,
        "t_hot": 70.97676817060218,
        "n_hot": 20565108255182.06,
        "start_index": 0,
        "end_index": 549,
        "critical_energy": 25.65692853226741,
        "mse": 875995173.3939748
    },
    "2exp": {
        "a1": 91330640583385.06,
        "b1": -0.043956658772666725,
        "a2": 22697803937837.387,
        "b2": -0.014510898574042776,
        "a1_stdev": 1725278152284.1445,
        "b1_stdev": 0.0016425537968765072,
        "a2_stdev": 282797485707.75476,
        "b2_stdev": 0.003392184188289768,
        "t_hot": 68.9137199117916,
        "n_hot": 22697803937837.387,
        "t_hot_stdev": 16.109824615491114,
        "n_hot_stdev": 282797485707.75476,
        "start_index": 41,
        "end_index": 549,
        "mse": 865907570.6632184
    },
    "nlsq": {
        "a1": 135061828194968.52,
        "b1": -0.06088536359245655,
        "a2": 34600372551583.844,
        "b2": -0.01717965431059465,
        "a0": -52124995527.00253,
        "a1_stdev": 50377890181796.05,
        "b1_stdev": 0.009482424645137055,
        "a2_stdev": 2817722022023.2236,
        "b2_stdev": 0.0004827972600519937,
        "a0_stdev": 19847302.11407173,
        "start_index": 41,
        "end_index": 549,
        "t_hot": 58.208388941988346,
        "n_hot": 34600372551583.844,
        "t_hot_stdev": 1.635821663530318,
        "n_hot_stdev": 2817722022023.2236,
        "mse": 309909705.846567
    },
    "true_params": {
        "t_hot": 66.648,
        "t_hot_stdev": 3.7649
    },
    "histogram": {
        "i": 1e+18,
        "l": 0.2,
        "a": 5.0,
        "filename": "hist_1e18_020_5"
    }
}