{
    "3exp": {
        "a1": 827424964225197.8,
        "b1": -0.08505391191499362,
        "a2": 118088699987631.36,
        "b2": -0.02398599400558152,
        "a3": 37989280095324.59,
        "b3": -0.007353419885710292,
        "t_hot": 135.99114637031317,
        "n_hot": 37989280095324.59,
        "start_index": 0,
        "end_index": 676,
        "a1_stdev": 1.50184825133175e+18,
        "b1_stdev": 103.9551787200456,
        "a2_stdev": 2.6571503495034342e+17,
        "b2_stdev": 30.090404364245124,
        "a3_stdev": 3.0738896715841076e+16,
        "b3_stdev": 1.787896466000271,
        "t_hot_stdev": 33064.627585770315,
        "n_hot_stdev": 3.0738896715841076e+16,
        "critical_energy": 31.88060859483064,
        "mswe": 4.556578094388772e+16,
        "mse": 9.391728822134528e+19
    },
    "2exp": {
        "a0": 31583890877.78738,
        "a1": 166680095595579.8,
        "b1": -0.028822907193686458,
        "a2": 42754498854408.64,
        "b2": -0.007719939942588877,
        "a0_stdev": 257316979628513.3,
        "a1_stdev": 3.051127009876391e+17,
        "b1_stdev": 32.98679581045568,
        "a2_stdev": 4.126485939365524e+16,
        "b2_stdev": 3.044267403881636,
        "t_hot": 129.5346864660518,
        "n_hot": 42754498854408.64,
        "t_hot_stdev": 51080.478166050096,
        "n_hot_stdev": 4.126485939365524e+16,
        "start_index": 34,
        "end_index": 676,
        "mswe": 4.7736648408337384e+16,
        "mse": 4.607814159711935e+17
    },
    "2nlsq": {
        "a1": 152236387604576.44,
        "b1": -0.02596210168050811,
        "a2": 36868799130274.13,
        "b2": -0.007151172126791488,
        "a0": -135800767428.37471,
        "a1_stdev": 8911784027376.693,
        "b1_stdev": 0.001085280593675115,
        "a2_stdev": 1648443128844.52,
        "b2_stdev": 0.00013393392078619415,
        "a0_stdev": 13046065467.791636,
        "start_index": 34,
        "end_index": 676,
        "t_hot": 139.83721581159443,
        "n_hot": 36868799130274.13,
        "t_hot_stdev": 2.6190037455964763,
        "n_hot_stdev": 1648443128844.52,
        "mswe": 2.551980012773583e+16,
        "mse": 4.7688939278325414e+17
    },
    "1nlsq": null,
    "true_params": {
        "t_hot": 128.0458,
        "t_hot_stdev": 4.99
    },
    "histogram": {
        "i": 1e+18,
        "l": 1.0,
        "a": 30.0,
        "filename": "hist_1e18_100_30"
    }
}