{
    "3exp": {
        "a1": 335846632445453.44,
        "b1": -0.18412410760682751,
        "a2": 28426100957740.293,
        "b2": -0.04940912521837811,
        "a3": 7567914830079.552,
        "b3": -0.01001937930334779,
        "t_hot": 99.80658179752398,
        "n_hot": 7567914830079.552,
        "start_index": 0,
        "end_index": 472,
        "a1_stdev": 4.859172532829585e+18,
        "b1_stdev": 1442.967221680695,
        "a2_stdev": 5.317391527182662e+17,
        "b2_stdev": 483.0872061272276,
        "a3_stdev": 3.617317853101026e+16,
        "b3_stdev": 22.397638735691874,
        "t_hot_stdev": 223110.80306125295,
        "n_hot_stdev": 3.617317853101026e+16
    },
    "2exp": null,
    "2nlsq": null,
    "1nlsq": null,
    "true_params": {
        "t_hot": 89.4827,
        "t_hot_stdev": 2.5241
    },
    "histogram": {
        "i": 1e+17,
        "l": 0.5,
        "a": 30.0,
        "filename": "hist_1e17_050_30"
    }
}