{
    "3exp": {
        "a1": -75575183227080.75,
        "b1": -0.1067204789504831,
        "a2": 83708885114547.86,
        "b2": -0.07136021726265236,
        "a3": 12018320538933.79,
        "b3": -0.016730411899708995,
        "t_hot": 59.771391523085796,
        "n_hot": 12018320538933.79,
        "start_index": 0,
        "end_index": 768,
        "critical_energy": NaN,
        "mse": 118920543.63049467
    },
    "2exp": {
        "a1": 35956052262273.04,
        "b1": -0.053404090476152855,
        "a2": 10676728086699.717,
        "b2": -0.016093303621108775,
        "a1_stdev": 187384583602.73593,
        "b1_stdev": 0.0004958707081235711,
        "a2_stdev": 51187123804.73862,
        "b2_stdev": 0.0010723483569954292,
        "t_hot": 62.137645790038434,
        "n_hot": 10676728086699.717,
        "t_hot_stdev": 4.140430326754803,
        "n_hot_stdev": 51187123804.73862,
        "start_index": 25,
        "end_index": 768,
        "mse": 138026788.29462355
    },
    "nlsq": {
        "a1": 36775609009536.44,
        "b1": -0.04922559844244339,
        "a2": 8417633028330.022,
        "b2": -0.013758250377075676,
        "a0": -112961937383.77219,
        "a1_stdev": 671450031695.6068,
        "b1_stdev": 0.0011740059772690392,
        "a2_stdev": 380953533562.5251,
        "b2_stdev": 0.0003170390014799077,
        "a0_stdev": 24259075.371276416,
        "start_index": 25,
        "end_index": 768,
        "t_hot": 72.68366053769626,
        "n_hot": 8417633028330.022,
        "t_hot_stdev": 1.6748899408875066,
        "n_hot_stdev": 380953533562.5251,
        "mse": 47410213.43690421
    },
    "true_params": {
        "t_hot": 64.7401,
        "t_hot_stdev": 2.1264
    },
    "histogram": {
        "i": 1e+18,
        "l": 5.0,
        "a": 60.0,
        "filename": "hist_1e18_500_60"
    }
}