{
    "3exp": {
        "a1": 1586255888178697.2,
        "b1": -0.013625795317357296,
        "a2": 639058589415019.1,
        "b2": -0.003042634234452903,
        "a3": 187330913811327.53,
        "b3": -0.0013828410460910347,
        "t_hot": 723.1489134826913,
        "n_hot": 187330913811327.53,
        "start_index": 0,
        "end_index": 820,
        "a1_stdev": 1.552704450425031e+18,
        "b1_stdev": 9.89173138095143,
        "a2_stdev": 1.9973358868108682e+17,
        "b2_stdev": 1.1399506517945075,
        "a3_stdev": 1.5344265703180586e+17,
        "b3_stdev": 0.24545944100370323,
        "t_hot_stdev": 128361.62808998035,
        "n_hot_stdev": 1.5344265703180586e+17,
        "critical_energy": 85.90397372882843,
        "mswe": 7584748203727450.0,
        "mse": 6.806975638794061e+19
    },
    "2exp": {
        "a0": -1173684876572.5085,
        "a1": 829001524431787.6,
        "b1": -0.0030189741169000454,
        "a2": 103339007597485.7,
        "b2": -0.001075257102164966,
        "a0_stdev": 737550046553705.5,
        "a1_stdev": 9.8629322290447e+16,
        "b1_stdev": 0.5841340089467273,
        "a2_stdev": 9.923139848246493e+16,
        "b2_stdev": 0.38253949422851785,
        "t_hot": 930.0101324479139,
        "n_hot": 103339007597485.7,
        "t_hot_stdev": 330865.6180719095,
        "n_hot_stdev": 9.923139848246493e+16,
        "start_index": 25,
        "end_index": 820,
        "mswe": 8220847050816904.0,
        "mse": 1.236201756495939e+17
    },
    "2nlsq": {
        "a1": 764924837195556.1,
        "b1": -0.0034914905668307758,
        "a2": 221911582763811.7,
        "b2": -0.0014523465627978786,
        "a0": -267421991136.008,
        "a1_stdev": 5980193601459.476,
        "b1_stdev": 4.5308925760339956e-05,
        "a2_stdev": 7667740937380.758,
        "b2_stdev": 1.461801004631043e-05,
        "a0_stdev": 14859835142.063858,
        "start_index": 25,
        "end_index": 820,
        "t_hot": 688.5408934858814,
        "n_hot": 221911582763811.7,
        "t_hot_stdev": 6.93023136219101,
        "n_hot_stdev": 7667740937380.758,
        "mswe": 1595840091374184.0,
        "mse": 1.5303332008562173e+17
    },
    "1nlsq": null,
    "true_params": {
        "t_hot": 724.5653,
        "t_hot_stdev": 8.8966
    },
    "histogram": {
        "i": 1e+19,
        "l": 2.0,
        "a": 2.0,
        "filename": "hist_1e19_200_2"
    }
}