{
    "3exp": {
        "a1": 1.0367467436674448e+16,
        "b1": -0.04225309067264018,
        "a2": 2221273053106980.2,
        "b2": -0.012919787073534255,
        "a3": 751749064638927.0,
        "b3": -0.004645735148015956,
        "t_hot": 215.25118590263756,
        "n_hot": 751749064638927.0,
        "start_index": 0,
        "end_index": 464,
        "critical_energy": 69.7742618959246,
        "mse": 196948449.32002324
    },
    "2exp": {
        "a1": 2612778163367208.5,
        "b1": -0.01401609446788915,
        "a2": 790607767783647.0,
        "b2": -0.004709550856605017,
        "a1_stdev": 23351751449383.79,
        "b1_stdev": 0.00021774929103304488,
        "a2_stdev": 3381099118767.3047,
        "b2_stdev": 0.0004564077385212716,
        "t_hot": 212.3344731690342,
        "n_hot": 790607767783647.0,
        "t_hot_stdev": 20.577566663978022,
        "n_hot_stdev": 3381099118767.3047,
        "start_index": 27,
        "end_index": 464,
        "mse": 202866593.7669326
    },
    "nlsq": {
        "a1": 2546094297903233.0,
        "b1": -0.013943327542105489,
        "a2": 801346778845650.0,
        "b2": -0.004751028563384369,
        "a0": 0.0,
        "a1_stdev": Infinity,
        "b1_stdev": Infinity,
        "a2_stdev": Infinity,
        "b2_stdev": Infinity,
        "a0_stdev": Infinity,
        "start_index": 27,
        "end_index": 464,
        "t_hot": 210.4807383619802,
        "n_hot": 801346778845650.0,
        "t_hot_stdev": Infinity,
        "n_hot_stdev": Infinity,
        "mse": 200460508.0446717
    },
    "true_params": {
        "t_hot": 220.5841,
        "t_hot_stdev": 4.5128
    },
    "histogram": {
        "i": 1e+19,
        "l": 0.01,
        "a": 5.0,
        "filename": "hist_1e19_001_5"
    }
}