{
    "3exp": {
        "a1": 1135404524753105.8,
        "b1": -0.30689738192860416,
        "a2": 144817295135796.84,
        "b2": -0.11284644975305655,
        "a3": 37690134469383.23,
        "b3": -0.02178829632999774,
        "t_hot": 45.89619972366622,
        "n_hot": 37690134469383.23,
        "start_index": 0,
        "end_index": 442,
        "a1_stdev": 3.3023473603304264e+19,
        "b1_stdev": 5297.006670271078,
        "a2_stdev": 6.735586193195506e+18,
        "b2_stdev": 1816.7009054050948,
        "a3_stdev": 1.4241351909190566e+17,
        "b3_stdev": 35.62187654274514,
        "t_hot_stdev": 75036.09899442659,
        "n_hot_stdev": 1.4241351909190566e+17
    },
    "2exp": null,
    "2nlsq": null,
    "1nlsq": null,
    "true_params": {
        "t_hot": 43.6352,
        "t_hot_stdev": 0.6473
    },
    "histogram": {
        "i": 1e+17,
        "l": 0.2,
        "a": 40.0,
        "filename": "hist_1e17_020_40"
    }
}