{
    "3exp": {
        "a1": 6687504214954931.0,
        "b1": -3.4518746197186885,
        "a2": 19323174718291.723,
        "b2": -0.5297660256264732,
        "a3": -86001832104.21417,
        "b3": 0.04967056443869894,
        "t_hot": 1.8876257661435594,
        "n_hot": 19323174718291.723,
        "start_index": 0,
        "end_index": 217,
        "a1_stdev": 5.3627789900080474e+20,
        "b1_stdev": 49062.99131424161,
        "a2_stdev": 6.925501686692497e+17,
        "b2_stdev": 15327.468904375077,
        "a3_stdev": 8.184684397415768e+16,
        "b3_stdev": 93957.29704485636,
        "t_hot_stdev": 54613.780110660206,
        "n_hot_stdev": 6.925501686692497e+17,
        "critical_energy": 2.0008465445536414,
        "mswe": 2.24175709926297e+20,
        "mse": 1.2780182730456312e+21
    },
    "2exp": {
        "a0": -319771994735.4703,
        "a1": 114660183041709.16,
        "b1": -1.4909478517402595,
        "a2": 10121920009862.348,
        "b2": -0.38332744253919054,
        "a0_stdev": 3.246249127525994e+16,
        "a1_stdev": 4.916080230067936e+19,
        "b1_stdev": 187632.2773158648,
        "a2_stdev": 1.2619852648839112e+18,
        "b2_stdev": 24124.007621998513,
        "t_hot": 2.608735741370153,
        "n_hot": 10121920009862.348,
        "t_hot_stdev": 164175.98617964683,
        "n_hot_stdev": 1.2619852648839112e+18,
        "start_index": 36,
        "end_index": 217,
        "mswe": 2.391762813917648e+20,
        "mse": 1.1005729741794264e+21
    },
    "2nlsq": {
        "a1": 20748572569741.383,
        "b1": -0.609420517307362,
        "a2": 4849554962993.247,
        "b2": -0.6095693629055579,
        "a0": -82334595740.0784,
        "a1_stdev": 1.891898431191783e+19,
        "b1_stdev": 201.45928651217355,
        "a2_stdev": 1.891898359024879e+19,
        "b2_stdev": 903.4111808787432,
        "a0_stdev": 79879629407.63751,
        "start_index": 36,
        "end_index": 217,
        "t_hot": 1.6409030736581662,
        "n_hot": 20748572569741.383,
        "t_hot_stdev": 542.4418001471399,
        "n_hot_stdev": 1.891898431191783e+19,
        "mswe": 1.9223108519108565e+20,
        "mse": 1.223510879845054e+21
    },
    "1nlsq": null,
    "true_params": {
        "t_hot": 1.78,
        "t_hot_stdev": 0.1008
    },
    "histogram": {
        "i": 1e+17,
        "l": 0.01,
        "a": 4.0,
        "filename": "hist_1e17_001_4"
    }
}