{
    "3exp": {
        "a1": 2747797658476083.5,
        "b1": -0.8872835561245168,
        "a2": 151069840760475.78,
        "b2": -0.325633105586562,
        "a3": 2230933105424.996,
        "b3": -0.05144108378446565,
        "t_hot": 19.43971484329386,
        "n_hot": 2230933105424.996,
        "start_index": 0,
        "end_index": 420,
        "a1_stdev": 2.558395839813893e+19,
        "b1_stdev": 3034.545403818865,
        "a2_stdev": 1.6886629118977062e+18,
        "b2_stdev": 1004.1925757198652,
        "a3_stdev": 1.1190224736661862e+16,
        "b3_stdev": 113.22403697297332,
        "t_hot_stdev": 42787.64812544328,
        "n_hot_stdev": 1.1190224736661862e+16,
        "critical_energy": 5.164800925715913,
        "mswe": 3.4624479766164024e+18,
        "mse": 8.400093692175616e+19
    },
    "2exp": {
        "a0": 126278430194.31133,
        "a1": 427653262782170.1,
        "b1": -0.4476497074418261,
        "a2": 6417816232096.453,
        "b2": -0.09818071999317314,
        "a0_stdev": 532758526331117.56,
        "a1_stdev": 9.637588558338705e+18,
        "b1_stdev": 2526.832974374717,
        "a2_stdev": 7.820021484668283e+16,
        "b2_stdev": 479.675538321728,
        "t_hot": 10.185299110350114,
        "n_hot": 6417816232096.453,
        "t_hot_stdev": 49761.69286663129,
        "n_hot_stdev": 7.820021484668283e+16,
        "start_index": 35,
        "end_index": 420,
        "mswe": 4.465677069157536e+18,
        "mse": 8.229098940155179e+18
    },
    "2nlsq": {
        "a1": 400630638373252.8,
        "b1": -0.43803468279480456,
        "a2": 5676260832393.708,
        "b2": -0.08779244274071235,
        "a0": -2017141516.324111,
        "a1_stdev": 133055660692695.94,
        "b1_stdev": 0.03659420059407065,
        "a2_stdev": 962163885758.6797,
        "b2_stdev": 0.006631978377025647,
        "a0_stdev": 10464281688.224127,
        "start_index": 35,
        "end_index": 420,
        "t_hot": 11.390502061247076,
        "n_hot": 5676260832393.708,
        "t_hot_stdev": 0.8604563333174631,
        "n_hot_stdev": 962163885758.6797,
        "mswe": 1.6620182449083535e+18,
        "mse": 9.800428693347443e+18
    },
    "1nlsq": null,
    "true_params": {
        "t_hot": 12.4532,
        "t_hot_stdev": 0.7287
    },
    "histogram": {
        "i": 1e+17,
        "l": 0.5,
        "a": 4.0,
        "filename": "hist_1e17_050_4"
    }
}