{
    "3exp": {
        "a1": 2917093350326866.0,
        "b1": -1.3570821326572164,
        "a2": 149572691003127.6,
        "b2": -0.30502945107163115,
        "a3": 19967295619500.137,
        "b3": -0.10835589162179528,
        "t_hot": 9.228847504576803,
        "n_hot": 19967295619500.137,
        "start_index": 0,
        "end_index": 410,
        "critical_energy": 3.9914651359393982,
        "mse": 9747395030.667734
    },
    "2exp": {
        "a1": 164518347169295.38,
        "b1": -0.3249361796934771,
        "a2": 22820965586327.285,
        "b2": -0.11288369761135543,
        "a1_stdev": 3315511138183.961,
        "b1_stdev": 0.021948708634077715,
        "a2_stdev": 506799566904.9807,
        "b2_stdev": 0.040655676899042724,
        "t_hot": 8.85867508914242,
        "n_hot": 22820965586327.285,
        "t_hot_stdev": 3.190499955252557,
        "n_hot_stdev": 506799566904.9807,
        "start_index": 37,
        "end_index": 410,
        "mse": 9875182591.546898
    },
    "nlsq": {
        "a1": 797800646604245.0,
        "b1": -0.698389185044677,
        "a2": 68263744156824.92,
        "b2": -0.16722582021681065,
        "a0": 0.0,
        "a1_stdev": Infinity,
        "b1_stdev": Infinity,
        "a2_stdev": Infinity,
        "b2_stdev": Infinity,
        "a0_stdev": Infinity,
        "start_index": 37,
        "end_index": 410,
        "t_hot": 5.979937779366164,
        "n_hot": 68263744156824.92,
        "t_hot_stdev": Infinity,
        "n_hot_stdev": Infinity,
        "mse": 4801419189.562591
    },
    "true_params": {
        "t_hot": 7.5726,
        "t_hot_stdev": 0.2304
    },
    "histogram": {
        "i": 1e+18,
        "l": 0.02,
        "a": 5.0,
        "filename": "hist_1e18_002_5"
    }
}