{
    "3exp": {
        "a1": 3375014320027659.0,
        "b1": -0.2207005549367379,
        "a2": 202801754229544.03,
        "b2": -0.061921299681848764,
        "a3": 209552654304124.88,
        "b3": -0.02764278165937701,
        "t_hot": 36.17580937845953,
        "n_hot": 209552654304124.88,
        "start_index": 0,
        "end_index": 680,
        "critical_energy": 17.709655584592017,
        "mse": 2958515445.666407
    },
    "2exp": {
        "a1": 595974719433790.8,
        "b1": -0.09585604903605757,
        "a2": 227717660906780.66,
        "b2": -0.02841150202542123,
        "a1_stdev": 7950952247517.023,
        "b1_stdev": 0.001912517858994881,
        "a2_stdev": 707046406676.7765,
        "b2_stdev": 0.004634585912633221,
        "t_hot": 35.197012783950974,
        "n_hot": 227717660906780.66,
        "t_hot_stdev": 5.7414627170825225,
        "n_hot_stdev": 707046406676.7765,
        "start_index": 51,
        "end_index": 680,
        "mse": 2502928513.418351
    },
    "nlsq": {
        "a1": 1657140095136089.8,
        "b1": -0.1419370591195941,
        "a2": 263022204296469.53,
        "b2": -0.029855836439707798,
        "a0": -158844162689.56042,
        "a1_stdev": 684727240809553.8,
        "b1_stdev": 0.015126664552794886,
        "a2_stdev": 5088941161203.804,
        "b2_stdev": 0.0002081190487955045,
        "a0_stdev": 29401594.929802585,
        "start_index": 51,
        "end_index": 680,
        "t_hot": 33.49428852946205,
        "n_hot": 263022204296469.53,
        "t_hot_stdev": 0.23348196869014073,
        "n_hot_stdev": 5088941161203.804,
        "mse": 541786654.0439231
    },
    "true_params": {
        "t_hot": 35.4018,
        "t_hot_stdev": 0.3237
    },
    "histogram": {
        "i": 1e+18,
        "l": 0.1,
        "a": 60.0,
        "filename": "hist_1e18_010_60"
    }
}