{
    "3exp": {
        "a1": 1246969593821528.2,
        "b1": -0.007987798989772015,
        "a2": 519872357123661.75,
        "b2": -0.0034468593831635187,
        "a3": 48069195130005.64,
        "b3": -0.001982398477251706,
        "t_hot": 504.4394512380518,
        "n_hot": 48069195130005.64,
        "start_index": 0,
        "end_index": 664,
        "critical_energy": 542.1503556795356,
        "mse": 37577595.565804675
    },
    "2exp": {
        "a1": 362900208715605.06,
        "b1": -0.003967372165031485,
        "a2": 248418527051437.47,
        "b2": -0.002681956363763255,
        "a1_stdev": 6099093435241.265,
        "b1_stdev": 0.0016666453427674713,
        "a2_stdev": 2169544829005.065,
        "b2_stdev": 0.002066395233231977,
        "t_hot": 372.86214403459746,
        "n_hot": 248418527051437.47,
        "t_hot_stdev": 287.2830324519627,
        "n_hot_stdev": 2169544829005.065,
        "start_index": 127,
        "end_index": 664,
        "mse": 12563105.575041264
    },
    "nlsq": {
        "a1": 1.6612487337363786e+17,
        "b1": -0.015564180048491793,
        "a2": 448710004210289.9,
        "b2": -0.0029301250873757165,
        "a0": -48164620306.3614,
        "a1_stdev": 3.0187476140650285e+17,
        "b1_stdev": 0.0027718477761610066,
        "a2_stdev": 6228845551215.301,
        "b2_stdev": 1.1104389825441744e-05,
        "a0_stdev": 1462314.5380614991,
        "start_index": 127,
        "end_index": 664,
        "t_hot": 341.28235832266864,
        "n_hot": 448710004210289.9,
        "t_hot_stdev": 1.2933687929190667,
        "n_hot_stdev": 6228845551215.301,
        "mse": 6042506.073132493
    },
    "true_params": {
        "t_hot": 352.021,
        "t_hot_stdev": 1.3828
    },
    "histogram": {
        "i": 1e+19,
        "l": 5.0,
        "a": 45.0,
        "filename": "hist_1e19_500_45"
    }
}