{
    "3exp": {
        "a1": 3.6014932296643516e+16,
        "b1": -0.05280431357645382,
        "a2": 3817605065096970.0,
        "b2": -0.01455487304951555,
        "a3": 1142798957713237.0,
        "b3": -0.0074045955878238225,
        "t_hot": 135.05126487183287,
        "n_hot": 1142798957713237.0,
        "start_index": 0,
        "end_index": 560,
        "critical_energy": 76.00164300603451,
        "mse": 202202263.51765552
    },
    "2exp": {
        "a1": 4352175224718686.0,
        "b1": -0.01677322364237097,
        "a2": 1499689681958020.8,
        "b2": -0.007819268976337692,
        "a1_stdev": 31705710253429.297,
        "b1_stdev": 0.0005164107741581029,
        "a2_stdev": 6650047008362.023,
        "b2_stdev": 0.0008212695420782047,
        "t_hot": 127.88919309799337,
        "n_hot": 1499689681958020.8,
        "t_hot_stdev": 13.432393663676432,
        "n_hot_stdev": 6650047008362.023,
        "start_index": 39,
        "end_index": 560,
        "mse": 193628829.3475979
    },
    "nlsq": {
        "a1": 3917943770353350.5,
        "b1": -0.014973535775365235,
        "a2": 1237308112113923.8,
        "b2": -0.007564096330190814,
        "a0": -25990416012.4691,
        "a1_stdev": 123680170898384.58,
        "b1_stdev": 0.000549977519215699,
        "a2_stdev": 111128661899345.48,
        "b2_stdev": 0.0001352967543064025,
        "a0_stdev": 14715069.69807173,
        "start_index": 39,
        "end_index": 560,
        "t_hot": 132.20349878526383,
        "n_hot": 1237308112113923.8,
        "t_hot_stdev": 2.3646848893508747,
        "n_hot_stdev": 111128661899345.48,
        "mse": 190243585.9027013
    },
    "true_params": {
        "t_hot": 141.4644,
        "t_hot_stdev": 2.9818
    },
    "histogram": {
        "i": 1e+19,
        "l": 0.05,
        "a": 50.0,
        "filename": "hist_1e19_005_50"
    }
}