{
    "3exp": {
        "a1": 1.0454460379478376e+16,
        "b1": -0.04361014101706373,
        "a2": 1967483010135563.5,
        "b2": -0.013160707585560828,
        "a3": 619383517232441.0,
        "b3": -0.004560916679295958,
        "t_hot": 219.25416978991254,
        "n_hot": 619383517232441.0,
        "start_index": 0,
        "end_index": 464,
        "a1_stdev": 8.672867599290186e+19,
        "b1_stdev": 202.4320819580137,
        "a2_stdev": 1.1587942378257457e+19,
        "b2_stdev": 42.32685421108381,
        "a3_stdev": 1.597358692536405e+18,
        "b3_stdev": 3.3109595889517363,
        "t_hot_stdev": 159165.74384683176,
        "n_hot_stdev": 1.597358692536405e+18,
        "critical_energy": 54.85401413648548,
        "mswe": 1.0380402909280289e+18,
        "mse": 6.162017904799626e+21
    },
    "2exp": {
        "a0": 636830718598.4119,
        "a1": 2740826037639069.5,
        "b1": -0.01601713581480316,
        "a2": 736886506658282.0,
        "b2": -0.0048570541968029,
        "a0_stdev": 9595986406753700.0,
        "a1_stdev": 1.3190354325877862e+19,
        "b1_stdev": 45.90861412482284,
        "a2_stdev": 1.9096893450357494e+18,
        "b2_stdev": 4.615154412293357,
        "t_hot": 205.88611110377119,
        "n_hot": 736886506658282.0,
        "t_hot_stdev": 195632.19918689516,
        "n_hot_stdev": 1.9096893450357494e+18,
        "start_index": 25,
        "end_index": 464,
        "mswe": 1.1131722990077612e+18,
        "mse": 9.723605592028766e+18
    },
    "2nlsq": {
        "a1": 2584262860360735.0,
        "b1": -0.015232459040885004,
        "a2": 692918826140914.9,
        "b2": -0.004731844061986164,
        "a0": -46008818031.67422,
        "a1_stdev": 145782041154924.94,
        "b1_stdev": 0.0005544316313825195,
        "a2_stdev": 25690768833871.902,
        "b2_stdev": 6.427071210313553e-05,
        "a0_stdev": 135858328609.32005,
        "start_index": 25,
        "end_index": 464,
        "t_hot": 211.33409869391505,
        "n_hot": 692918826140914.9,
        "t_hot_stdev": 2.8704650526947058,
        "n_hot_stdev": 25690768833871.902,
        "mswe": 1.0019261098904919e+18,
        "mse": 1.0113614209523143e+19
    },
    "1nlsq": null,
    "true_params": {
        "t_hot": 215.5509,
        "t_hot_stdev": 2.9649
    },
    "histogram": {
        "i": 1e+19,
        "l": 0.01,
        "a": 2.0,
        "filename": "hist_1e19_001_2"
    }
}