{
    "3exp": {
        "a1": 720597160439090.5,
        "b1": -0.09778304450409211,
        "a2": 68268181030222.82,
        "b2": -0.012907350383774012,
        "a3": 3186204556425.876,
        "b3": -0.0034166163350538956,
        "t_hot": 292.6872384646096,
        "n_hot": 3186204556425.876,
        "start_index": 0,
        "end_index": 764,
        "a1_stdev": 1.2360475333948997e+18,
        "b1_stdev": 63.195565121480904,
        "a2_stdev": 1.9540915931908264e+16,
        "b2_stdev": 3.2555105820241588,
        "a3_stdev": 4613327013467033.0,
        "b3_stdev": 1.9117897525799414,
        "t_hot_stdev": 163775.0359812453,
        "n_hot_stdev": 4613327013467033.0,
        "critical_energy": 27.76574017885022,
        "mswe": 1.5159794131227316e+16,
        "mse": 1.325923514169766e+18
    },
    "2exp": {
        "a0": -1452580363657.7556,
        "a1": 71242203897829.75,
        "b1": -0.012662127880933474,
        "a2": 2956309273752.386,
        "b2": -0.0007574963380995877,
        "a0_stdev": 8194002279381371.0,
        "a1_stdev": 9798643627273478.0,
        "b1_stdev": 1.6537714495015632,
        "a2_stdev": 6274727893177435.0,
        "b2_stdev": 3.741412340129233,
        "t_hot": 1320.1383950037398,
        "n_hot": 2956309273752.386,
        "t_hot_stdev": 6520403.906026593,
        "n_hot_stdev": 6274727893177435.0,
        "start_index": 28,
        "end_index": 764,
        "mswe": 5330400367018541.0,
        "mse": 1.1185713280918864e+17
    },
    "2nlsq": {
        "a1": 71497034040834.7,
        "b1": -0.012864930372091441,
        "a2": 2434963283464.05,
        "b2": -0.0017734505502583517,
        "a0": -452308254918.3195,
        "a1_stdev": 707444744473.7118,
        "b1_stdev": 0.00013814808229294245,
        "a2_stdev": 129517372931.48145,
        "b2_stdev": 0.0002775086544022167,
        "a0_stdev": 100045912000.00557,
        "start_index": 28,
        "end_index": 764,
        "t_hot": 563.8725025935021,
        "n_hot": 2434963283464.05,
        "t_hot_stdev": 88.23448695896126,
        "n_hot_stdev": 129517372931.48145,
        "mswe": 4942704705144767.0,
        "mse": 1.1249230767325498e+17
    },
    "1nlsq": null,
    "true_params": {
        "t_hot": 225.0821,
        "t_hot_stdev": 13.2496
    },
    "histogram": {
        "i": 1e+18,
        "l": 1.0,
        "a": 1.0,
        "filename": "hist_1e18_100_1"
    }
}