{
    "3exp": {
        "a1": 1.2344219217816624e+16,
        "b1": -4.207041305158019,
        "a2": 1408413497065128.0,
        "b2": -1.8914423142396335,
        "a3": 92038214345727.5,
        "b3": -0.9311319648975905,
        "t_hot": 1.0739616270288646,
        "n_hot": 92038214345727.5,
        "start_index": 0,
        "end_index": 339,
        "critical_energy": 1.4953830463530766,
        "mse": 2369258264.255813
    },
    "2exp": {
        "a1": 1870008799201269.5,
        "b1": -2.042850841602875,
        "a2": 117526774993939.94,
        "b2": -0.9697808976358387,
        "a1_stdev": 15864229368496.041,
        "b1_stdev": 0.09977196916265793,
        "a2_stdev": 1162794591148.8396,
        "b2_stdev": 0.15072367097346462,
        "t_hot": 1.0311607523285211,
        "n_hot": 117526774993939.94,
        "t_hot_stdev": 0.16026334848789314,
        "n_hot_stdev": 1162794591148.8396,
        "start_index": 31,
        "end_index": 339,
        "mse": 2137022996.8479292
    },
    "nlsq": {
        "a1": 2485182524166597.0,
        "b1": -2.272863827176473,
        "a2": 186170268998042.16,
        "b2": -1.0594798063982858,
        "a0": 0.0,
        "a1_stdev": Infinity,
        "b1_stdev": Infinity,
        "a2_stdev": Infinity,
        "b2_stdev": Infinity,
        "a0_stdev": Infinity,
        "start_index": 31,
        "end_index": 339,
        "t_hot": 0.9438594241824315,
        "n_hot": 186170268998042.16,
        "t_hot_stdev": Infinity,
        "n_hot_stdev": Infinity,
        "mse": 1913686465.8239882
    },
    "true_params": {
        "t_hot": 1.0224,
        "t_hot_stdev": 0.025
    },
    "histogram": {
        "i": 1e+17,
        "l": 1.0,
        "a": 60.0,
        "filename": "hist_1e17_100_60"
    }
}