{
    "3exp": {
        "a1": 5951434065706936.0,
        "b1": -0.01551466494857918,
        "a2": 746091210748368.5,
        "b2": -0.0025945687832827037,
        "a3": 100500151032812.61,
        "b3": -0.0012515193017227498,
        "t_hot": 799.0288273009239,
        "n_hot": 100500151032812.61,
        "start_index": 0,
        "end_index": 617,
        "a1_stdev": 7.126439095592633e+18,
        "b1_stdev": 10.795025322439322,
        "a2_stdev": 5.624711387309571e+17,
        "b2_stdev": 2.98945088579968,
        "a3_stdev": 9.387522215528206e+17,
        "b3_stdev": 2.8794107783035443,
        "t_hot_stdev": 1838351.3656868914,
        "n_hot_stdev": 9.387522215528206e+17
    },
    "2exp": null,
    "2nlsq": null,
    "1nlsq": null,
    "true_params": {
        "t_hot": 618.4466,
        "t_hot_stdev": 9.6195
    },
    "histogram": {
        "i": 1e+19,
        "l": 0.4,
        "a": 25.0,
        "filename": "hist_1e19_040_25"
    }
}