{
    "3exp": {
        "a1": 3349307755127654.5,
        "b1": -0.027533065028968774,
        "a2": 1114402471632589.4,
        "b2": -0.004261913574837275,
        "a3": 36220440161330.18,
        "b3": -0.0017815518905659746,
        "t_hot": 561.3083768681662,
        "n_hot": 36220440161330.18,
        "start_index": 0,
        "end_index": 678,
        "a1_stdev": 5.210488179379042e+18,
        "b1_stdev": 17.169683932412838,
        "a2_stdev": 1.0645877959564963e+17,
        "b2_stdev": 0.42235026729744546,
        "a3_stdev": 5.546632647167786e+16,
        "b3_stdev": 0.6242761094979216,
        "t_hot_stdev": 196688.85963716218,
        "n_hot_stdev": 5.546632647167786e+16,
        "critical_energy": 47.28753216217979,
        "mswe": 7549131004871711.0,
        "mse": 8.160561231318462e+18
    },
    "2exp": {
        "a0": -3148544256579.069,
        "a1": 1159846989542072.2,
        "b1": -0.004188250270700403,
        "a2": 9869384960962.66,
        "b2": -0.0004281143037438635,
        "a0_stdev": 1.0533170514379338e+16,
        "a1_stdev": 9.660579361691851e+16,
        "b1_stdev": 0.26750176765283584,
        "a2_stdev": 3452945576909395.0,
        "b2_stdev": 1.3285504301012978,
        "t_hot": 2335.8247815010873,
        "n_hot": 9869384960962.66,
        "t_hot_stdev": 7248673.9895548755,
        "n_hot_stdev": 3452945576909395.0,
        "start_index": 25,
        "end_index": 678,
        "mswe": 9352499332140542.0,
        "mse": 3.3648776242324224e+17
    },
    "2nlsq": {
        "a1": 1112867121697954.1,
        "b1": -0.004571003943942287,
        "a2": 108235297901585.05,
        "b2": -0.002377789647004995,
        "a0": -99206076125.97887,
        "a1_stdev": 12251041316089.434,
        "b1_stdev": 5.615021544468697e-05,
        "a2_stdev": 17663189123167.426,
        "b2_stdev": 8.628736700100545e-05,
        "a0_stdev": 14148696130.371716,
        "start_index": 25,
        "end_index": 678,
        "t_hot": 420.55864834787855,
        "n_hot": 108235297901585.05,
        "t_hot_stdev": 15.261610076042173,
        "n_hot_stdev": 17663189123167.426,
        "mswe": 1848097540052433.2,
        "mse": 4.304335910901325e+17
    },
    "1nlsq": null,
    "true_params": {
        "t_hot": 317.3464,
        "t_hot_stdev": 3.6918
    },
    "histogram": {
        "i": 1e+19,
        "l": 1.0,
        "a": 45.0,
        "filename": "hist_1e19_100_45"
    }
}