{
    "3exp": {
        "a1": 954363332203126.1,
        "b1": -0.035645543278496915,
        "a2": 161356809327121.94,
        "b2": -0.009395784108598143,
        "a3": 46163598907047.77,
        "b3": -0.003369846499283822,
        "t_hot": 296.7494217355376,
        "n_hot": 46163598907047.77,
        "start_index": 0,
        "end_index": 615,
        "critical_energy": 93.84314414475823,
        "mse": 177130126.1410243
    },
    "2exp": {
        "a1": 194812146873590.1,
        "b1": -0.010774215542706106,
        "a2": 54227389677482.83,
        "b2": -0.003569986694174825,
        "a1_stdev": 2148840194866.6965,
        "b1_stdev": 0.0002796229907888834,
        "a2_stdev": 427371380330.1733,
        "b2_stdev": 0.0005672988733087034,
        "t_hot": 280.1130888335544,
        "n_hot": 54227389677482.83,
        "t_hot_stdev": 44.5121658166366,
        "n_hot_stdev": 427371380330.1733,
        "start_index": 49,
        "end_index": 615,
        "mse": 157917777.50269896
    },
    "nlsq": {
        "a1": 188196305994000.22,
        "b1": -0.008854866336853425,
        "a2": 30051563489148.605,
        "b2": -0.0025334913910058142,
        "a0": -948989571260.5952,
        "a1_stdev": 6689277341529.616,
        "b1_stdev": 0.000390108294967088,
        "a2_stdev": 3737420073293.9995,
        "b2_stdev": 0.00018274059803182236,
        "a0_stdev": 99551325.13795833,
        "start_index": 49,
        "end_index": 615,
        "t_hot": 394.71221554180727,
        "n_hot": 30051563489148.605,
        "t_hot_stdev": 28.47057091831653,
        "n_hot_stdev": 3737420073293.9995,
        "mse": 76069797.2564982
    },
    "true_params": {
        "t_hot": 314.8762,
        "t_hot_stdev": 12.5244
    },
    "histogram": {
        "i": 1e+18,
        "l": 0.5,
        "a": 30.0,
        "filename": "hist_1e18_050_30"
    }
}