{
    "3exp": {
        "a1": 688625796717380.9,
        "b1": -0.06192156422158952,
        "a2": 101230573374947.11,
        "b2": -0.013408784307453276,
        "a3": 30936901133478.707,
        "b3": -0.005603151402162945,
        "t_hot": 178.47099395065018,
        "n_hot": 30936901133478.707,
        "start_index": 0,
        "end_index": 579,
        "critical_energy": 55.09296470887957,
        "mse": 296153437.12113106
    },
    "2exp": {
        "a1": 118691798649841.89,
        "b1": -0.017671144770804385,
        "a2": 48027088466279.81,
        "b2": -0.0064044588910945974,
        "a1_stdev": 1744452579899.0771,
        "b1_stdev": 0.0007614671055646575,
        "a2_stdev": 397245606880.715,
        "b2_stdev": 0.0014574914964342795,
        "t_hot": 156.14121614403683,
        "n_hot": 48027088466279.81,
        "t_hot_stdev": 35.53375837719607,
        "n_hot_stdev": 397245606880.715,
        "start_index": 48,
        "end_index": 579,
        "mse": 256539084.35085163
    },
    "nlsq": {
        "a1": 121776613419136.7,
        "b1": -0.013297134892114898,
        "a2": 20887977320090.406,
        "b2": -0.004102293945651719,
        "a0": -915831603987.1832,
        "a1_stdev": 4206033445789.842,
        "b1_stdev": 0.0009307848278637754,
        "a2_stdev": 5476710888264.78,
        "b2_stdev": 0.000656804223767247,
        "a0_stdev": 322495199.07541966,
        "start_index": 48,
        "end_index": 579,
        "t_hot": 243.766052176725,
        "n_hot": 20887977320090.406,
        "t_hot_stdev": 39.0285471499299,
        "n_hot_stdev": 5476710888264.78,
        "mse": 159421922.7236931
    },
    "true_params": {
        "t_hot": 168.4757,
        "t_hot_stdev": 5.0488
    },
    "histogram": {
        "i": 1e+18,
        "l": 0.5,
        "a": 40.0,
        "filename": "hist_1e18_050_40"
    }
}