{
    "3exp": {
        "a1": 513213182927851.5,
        "b1": -0.20971858381639336,
        "a2": 32997626247216.188,
        "b2": -0.028829623976613122,
        "a3": -4005506521.327345,
        "b3": 0.013096667961779917,
        "t_hot": 34.686543286558646,
        "n_hot": 32997626247216.188,
        "start_index": 0,
        "end_index": 600,
        "critical_energy": NaN,
        "mse": 532025618.5966669
    },
    "2exp": {
        "a1": 314224723903519.44,
        "b1": -0.1789363811917411,
        "a2": 32128754559131.543,
        "b2": -0.028702816115361456,
        "a1_stdev": 4871189689575.762,
        "b1_stdev": 0.0012440817796353302,
        "a2_stdev": 184459073496.4691,
        "b2_stdev": 0.005365809154867609,
        "t_hot": 34.83978700838383,
        "n_hot": 32128754559131.543,
        "t_hot_stdev": 6.51307688178977,
        "n_hot_stdev": 184459073496.4691,
        "start_index": 25,
        "end_index": 600,
        "mse": 767204325.2212622
    },
    "nlsq": {
        "a1": 362857478353435.6,
        "b1": -0.18847423028028162,
        "a2": 32985110713570.79,
        "b2": -0.02908830960080658,
        "a0": -89693725455.08969,
        "a1_stdev": 89586057787973.03,
        "b1_stdev": 0.014544548899301353,
        "a2_stdev": 912202978154.3817,
        "b2_stdev": 0.00040245381404025045,
        "a0_stdev": 41852621.81740666,
        "start_index": 25,
        "end_index": 600,
        "t_hot": 34.37807193760999,
        "n_hot": 32985110713570.79,
        "t_hot_stdev": 0.4756407766733066,
        "n_hot_stdev": 912202978154.3817,
        "mse": 426282958.9805959
    },
    "true_params": {
        "t_hot": 34.6991,
        "t_hot_stdev": 0.5763
    },
    "histogram": {
        "i": 1e+18,
        "l": 0.1,
        "a": 4.0,
        "filename": "hist_1e18_010_4"
    }
}