{
    "3exp": {
        "a1": 1920236495141310.8,
        "b1": -0.013395314517837707,
        "a2": 675553862972883.2,
        "b2": -0.0031577677843111843,
        "a3": 216187923830104.12,
        "b3": -0.001381878097934461,
        "t_hot": 723.6528326881605,
        "n_hot": 216187923830104.12,
        "start_index": 0,
        "end_index": 784,
        "a1_stdev": 1.6493369237038653e+18,
        "b1_stdev": 8.246247242897224,
        "a2_stdev": 2.2279793277825312e+17,
        "b2_stdev": 1.0691925665632793,
        "a3_stdev": 1.2681263978136134e+17,
        "b3_stdev": 0.181230714405182,
        "t_hot_stdev": 94905.70843075118,
        "n_hot_stdev": 1.2681263978136134e+17
    },
    "2exp": null,
    "2nlsq": null,
    "1nlsq": null,
    "true_params": {
        "t_hot": 699.6279,
        "t_hot_stdev": 5.4528
    },
    "histogram": {
        "i": 1e+19,
        "l": 2.0,
        "a": 1.0,
        "filename": "hist_1e19_200_1"
    }
}