{
    "3exp": {
        "a1": 463902871682072.2,
        "b1": -0.014566911062706883,
        "a2": 905007766103882.2,
        "b2": -0.005033695440710275,
        "a3": 53547792260323.24,
        "b3": -0.0018754600755809838,
        "t_hot": 533.2024994934739,
        "n_hot": 53547792260323.24,
        "start_index": 0,
        "end_index": 649,
        "a1_stdev": 1.2169410452606185e+18,
        "b1_stdev": 67.63475376269024,
        "a2_stdev": 1.388794213455958e+18,
        "b2_stdev": 5.0346840727164555,
        "a3_stdev": 3.1481574474046016e+17,
        "b3_stdev": 3.118481347112302,
        "t_hot_stdev": 886599.5445885219,
        "n_hot_stdev": 3.1481574474046016e+17
    },
    "2exp": null,
    "2nlsq": null,
    "1nlsq": null,
    "true_params": {
        "t_hot": 332.7145,
        "t_hot_stdev": 1.7598
    },
    "histogram": {
        "i": 1e+19,
        "l": 2.0,
        "a": 45.0,
        "filename": "hist_1e19_200_45"
    }
}