{
    "3exp": {
        "a1": 877570750739035.4,
        "b1": -0.6892683542932114,
        "a2": 8229490217367.567,
        "b2": -0.21132111648911012,
        "a3": 1167807085351.6543,
        "b3": -0.03917139406560472,
        "t_hot": 25.528833574960032,
        "n_hot": 1167807085351.6543,
        "start_index": 0,
        "end_index": 452,
        "critical_energy": 10.186218796163311,
        "mse": 932808021.1655254
    },
    "2exp": {
        "a1": 3203915763093.619,
        "b1": -0.13921081532567192,
        "a2": 965644385458.6809,
        "b2": -0.036116640946087346,
        "a1_stdev": 250673786673.98483,
        "b1_stdev": 0.02042632452846234,
        "a2_stdev": 28900415705.093597,
        "b2_stdev": 0.051906787710634575,
        "t_hot": 27.68806771074689,
        "n_hot": 965644385458.6809,
        "t_hot_stdev": 39.79325361195064,
        "n_hot_stdev": 28900415705.093597,
        "start_index": 60,
        "end_index": 452,
        "mse": 1007181304.5303712
    },
    "nlsq": {
        "a1": 2531840331274.329,
        "b1": -0.06903456590149261,
        "a2": 18604644450.93032,
        "b2": -0.005234109300120132,
        "a0": -144672040.53942767,
        "a1_stdev": 497736933226.843,
        "b1_stdev": 0.036801569644005,
        "a2_stdev": 7190895044512.674,
        "b2_stdev": 3.456466352399998,
        "a0_stdev": 100834940892.268,
        "start_index": 60,
        "end_index": 452,
        "t_hot": 191.05447415418863,
        "n_hot": 18604644450.93032,
        "t_hot_stdev": 126167.28530569114,
        "n_hot_stdev": 7190895044512.674,
        "mse": 585802034.406825
    },
    "true_params": {
        "t_hot": 19.2499,
        "t_hot_stdev": 1.115
    },
    "histogram": {
        "i": 1e+17,
        "l": 5.0,
        "a": 20.0,
        "filename": "hist_1e17_500_20"
    }
}