{
    "3exp": {
        "a1": 187376491793883.16,
        "b1": -0.048314672828635566,
        "a2": -1029105484.2338877,
        "b2": 0.007396102900164207,
        "a3": 38482782657080.336,
        "b3": -0.007299010127831342,
        "t_hot": 137.0048790844899,
        "n_hot": 38482782657080.336,
        "start_index": 0,
        "end_index": 582,
        "a1_stdev": 1.4981542019144474e+17,
        "b1_stdev": 27.347844236095256,
        "a2_stdev": 56097433230987.88,
        "b2_stdev": 81.05930086520928,
        "a3_stdev": 1.5196233875624718e+16,
        "b3_stdev": 1.8365628911958571,
        "t_hot_stdev": 34472.90419284697,
        "n_hot_stdev": 1.5196233875624718e+16
    },
    "2exp": null,
    "2nlsq": null,
    "1nlsq": null,
    "true_params": {
        "t_hot": 138.7158,
        "t_hot_stdev": 0.9305
    },
    "histogram": {
        "i": 1e+18,
        "l": 2.0,
        "a": 50.0,
        "filename": "hist_1e18_200_50"
    }
}