{
    "3exp": {
        "a1": 8458822239089500.0,
        "b1": -0.12687488670447902,
        "a2": 1154885490694308.0,
        "b2": -0.02841148076669363,
        "a3": -31857688369.9908,
        "b3": 0.007692240866982599,
        "t_hot": 35.197039119914,
        "n_hot": 1154885490694308.0,
        "start_index": 0,
        "end_index": 373,
        "a1_stdev": 1.5017224865177446e+19,
        "b1_stdev": 112.69187287628307,
        "a2_stdev": 9.622051550718829e+17,
        "b2_stdev": 10.306804460103018,
        "a3_stdev": 4961338081687296.0,
        "b3_stdev": 574.8713020177343,
        "t_hot_stdev": 12768.394676873686,
        "n_hot_stdev": 9.622051550718829e+17
    },
    "2exp": null,
    "2nlsq": null,
    "1nlsq": null,
    "true_params": {
        "t_hot": 35.6804,
        "t_hot_stdev": 0.1869
    },
    "histogram": {
        "i": 1e+18,
        "l": 0.05,
        "a": 50.0,
        "filename": "hist_1e18_005_50"
    }
}