{
    "3exp": {
        "a1": 6257558399456819.0,
        "b1": -0.030619794554515703,
        "a2": 1620876637894015.8,
        "b2": -0.011061664562121104,
        "a3": 595098782013769.8,
        "b3": -0.004247236394741425,
        "t_hot": 235.44721957038155,
        "n_hot": 595098782013769.8,
        "start_index": 0,
        "end_index": 455,
        "critical_energy": 89.21462718045777,
        "mse": 219943974.4432811
    },
    "2exp": {
        "a1": 2054212051361665.5,
        "b1": -0.012239791023316262,
        "a2": 632628513767488.0,
        "b2": -0.004318144745892236,
        "a1_stdev": 18443947884584.504,
        "b1_stdev": 0.00022809854430340385,
        "a2_stdev": 2857619180976.9497,
        "b2_stdev": 0.000455661034068973,
        "t_hot": 231.5809355282219,
        "n_hot": 632628513767488.0,
        "t_hot_stdev": 24.436978091999137,
        "n_hot_stdev": 2857619180976.9497,
        "start_index": 32,
        "end_index": 455,
        "mse": 211511701.50478575
    },
    "nlsq": {
        "a1": 2303135010982802.0,
        "b1": -0.013600357310004824,
        "a2": 721506086578438.1,
        "b2": -0.004519748510957747,
        "a0": 0.0,
        "a1_stdev": Infinity,
        "b1_stdev": Infinity,
        "a2_stdev": Infinity,
        "b2_stdev": Infinity,
        "a0_stdev": Infinity,
        "start_index": 32,
        "end_index": 455,
        "t_hot": 221.2512482886127,
        "n_hot": 721506086578438.1,
        "t_hot_stdev": Infinity,
        "n_hot_stdev": Infinity,
        "mse": 196234263.6744825
    },
    "true_params": {
        "t_hot": 221.2223,
        "t_hot_stdev": 1.9074
    },
    "histogram": {
        "i": 1e+19,
        "l": 0.01,
        "a": 1.0,
        "filename": "hist_1e19_001_1"
    }
}