{
    "3exp": {
        "a1": 2290814784192141.5,
        "b1": -0.02557615490088757,
        "a2": 414555497932622.3,
        "b2": -0.008895822827003264,
        "a3": 85489612977850.19,
        "b3": -0.0032401126630989346,
        "t_hot": 308.63124340978067,
        "n_hot": 85489612977850.19,
        "start_index": 0,
        "end_index": 518,
        "a1_stdev": 3.0213482271997655e+18,
        "b1_stdev": 29.1644548623906,
        "a2_stdev": 1.0768563343629824e+18,
        "b2_stdev": 11.290836846554773,
        "a3_stdev": 1.2874113477435019e+17,
        "b3_stdev": 1.2799346236181546,
        "t_hot_stdev": 121917.92553061567,
        "n_hot_stdev": 1.2874113477435019e+17
    },
    "2exp": null,
    "2nlsq": null,
    "1nlsq": null,
    "true_params": {
        "t_hot": 350.1637,
        "t_hot_stdev": 16.7033
    },
    "histogram": {
        "i": 1e+19,
        "l": 0.2,
        "a": 2.0,
        "filename": "hist_1e19_020_2"
    }
}