{
    "3exp": {
        "a1": 3938455165189702.5,
        "b1": -3.274849167506229,
        "a2": 25768102719850.008,
        "b2": -0.5522545066143997,
        "a3": 896669309389.088,
        "b3": -0.3124588774518242,
        "t_hot": 3.2004211503133972,
        "n_hot": 896669309389.088,
        "start_index": 0,
        "end_index": 334,
        "a1_stdev": 1.0799866962249087e+20,
        "b1_stdev": 19798.961371449503,
        "a2_stdev": 1.2123038010734784e+18,
        "b2_stdev": 21156.078509828632,
        "a3_stdev": 1.7311112867441994e+18,
        "b3_stdev": 126575.21247352226,
        "t_hot_stdev": 1296471.3641977776,
        "n_hot_stdev": 1.7311112867441994e+18
    },
    "2exp": null,
    "2nlsq": null,
    "1nlsq": null,
    "true_params": {
        "t_hot": 1.9074,
        "t_hot_stdev": 0.028
    },
    "histogram": {
        "i": 1e+17,
        "l": 0.02,
        "a": 4.0,
        "filename": "hist_1e17_002_4"
    }
}