{
    "3exp": {
        "a1": 1667319448421414.5,
        "b1": -2.3672860857142184,
        "a2": 26755644540466.258,
        "b2": -0.4070862630262463,
        "a3": -12368446841.666735,
        "b3": 0.12392936145293151,
        "t_hot": 2.456481809447661,
        "n_hot": 26755644540466.258,
        "start_index": 0,
        "end_index": 385,
        "a1_stdev": 1.7438081006816055e+19,
        "b1_stdev": 6353.741685083633,
        "a2_stdev": 1.2060521975687646e+17,
        "b2_stdev": 1069.7034367791296,
        "a3_stdev": 3095495485714385.0,
        "b3_stdev": 17737.863019557997,
        "t_hot_stdev": 6454.914529459719,
        "n_hot_stdev": 1.2060521975687646e+17
    },
    "2exp": null,
    "2nlsq": null,
    "1nlsq": null,
    "true_params": {
        "t_hot": 2.3174,
        "t_hot_stdev": 0.0177
    },
    "histogram": {
        "i": 1e+17,
        "l": 0.05,
        "a": 1.0,
        "filename": "hist_1e17_005_1"
    }
}