{
    "3exp": {
        "a1": 4362643307539473.0,
        "b1": -0.019028802952727793,
        "a2": 737054350868446.1,
        "b2": -0.0023098960544885405,
        "a3": 1631615281322.4045,
        "b3": -0.00025081563215886507,
        "t_hot": 3986.9923233756267,
        "n_hot": 1631615281322.4045,
        "start_index": 0,
        "end_index": 760,
        "a1_stdev": 5.054903316584267e+18,
        "b1_stdev": 8.77969241743302,
        "a2_stdev": 8.687905718872104e+16,
        "b2_stdev": 0.1826531578479167,
        "a3_stdev": 6228534880281326.0,
        "b3_stdev": 0.9689600366696974,
        "t_hot_stdev": 15402693.183863834,
        "n_hot_stdev": 6228534880281326.0,
        "critical_energy": 106.35694014563846,
        "mswe": 1.176865714291172e+16,
        "mse": 3.2523824910067194e+17
    },
    "2exp": {
        "a0": 272191738942.20483,
        "a1": 651117606419996.9,
        "b1": -0.0026320344775910254,
        "a2": 144019603762782.1,
        "b2": -0.0016944385134000203,
        "a0_stdev": 504067548296297.1,
        "a1_stdev": 1.2296985728094513e+18,
        "b1_stdev": 1.8800066770328447,
        "a2_stdev": 1.33008776675775e+18,
        "b2_stdev": 2.6739877340851215,
        "t_hot": 590.1660001775005,
        "n_hot": 144019603762782.1,
        "t_hot_stdev": 931338.9851970151,
        "n_hot_stdev": 1.33008776675775e+18,
        "start_index": 25,
        "end_index": 760,
        "mswe": 7316118399928710.0,
        "mse": 4.07113779163117e+17
    },
    "2nlsq": {
        "a1": 767761760615236.5,
        "b1": -0.002415673392547594,
        "a2": 11536602459563.861,
        "b2": -0.0007851874835929042,
        "a0": -248739047161.17126,
        "a1_stdev": 3900090103490.9937,
        "b1_stdev": 2.2851993596532387e-05,
        "a2_stdev": 4973041040643.675,
        "b2_stdev": 0.00017823164020425774,
        "a0_stdev": 147389462607.49606,
        "start_index": 25,
        "end_index": 760,
        "t_hot": 1273.581177611422,
        "n_hot": 11536602459563.861,
        "t_hot_stdev": 289.0933273417314,
        "n_hot_stdev": 4973041040643.675,
        "mswe": 5926525643259619.0,
        "mse": 4.312108348325573e+17
    },
    "1nlsq": null,
    "true_params": {
        "t_hot": 576.6755,
        "t_hot_stdev": 8.2074
    },
    "histogram": {
        "i": 1e+19,
        "l": 0.6,
        "a": 20.0,
        "filename": "hist_1e19_060_20"
    }
}