{
    "3exp": {
        "a1": 1.0273224323752962e+16,
        "b1": -0.03568604743730951,
        "a2": 2354258241245085.0,
        "b2": -0.010754279310054066,
        "a3": 363917604615754.44,
        "b3": -0.004010088931830261,
        "t_hot": 249.37102817407742,
        "n_hot": 363917604615754.44,
        "start_index": 0,
        "end_index": 411,
        "critical_energy": 105.45438514759786,
        "mse": 222976145.15997759
    },
    "2exp": {
        "a1": 2542545492513657.5,
        "b1": -0.011085261506641308,
        "a2": 373755393667442.5,
        "b2": -0.00403314148937144,
        "a1_stdev": 20311838059586.34,
        "b1_stdev": 0.00025490986942548586,
        "a2_stdev": 3119160016834.8003,
        "b2_stdev": 0.00046725314740092035,
        "t_hot": 247.94567773912857,
        "n_hot": 373755393667442.5,
        "t_hot_stdev": 28.72534936187368,
        "n_hot_stdev": 3119160016834.8003,
        "start_index": 35,
        "end_index": 411,
        "mse": 222376888.849449
    },
    "nlsq": {
        "a1": 2529667188621657.5,
        "b1": -0.011164147512643025,
        "a2": 392836497457707.0,
        "b2": -0.004128924740178724,
        "a0": 0.0,
        "a1_stdev": Infinity,
        "b1_stdev": Infinity,
        "a2_stdev": Infinity,
        "b2_stdev": Infinity,
        "a0_stdev": Infinity,
        "start_index": 35,
        "end_index": 411,
        "t_hot": 242.1938066027123,
        "n_hot": 392836497457707.0,
        "t_hot_stdev": Infinity,
        "n_hot_stdev": Infinity,
        "mse": 217104767.37651077
    },
    "true_params": {
        "t_hot": 275.9745,
        "t_hot_stdev": 11.1979
    },
    "histogram": {
        "i": 1e+19,
        "l": 0.05,
        "a": 20.0,
        "filename": "hist_1e19_005_20"
    }
}