{
    "3exp": {
        "a1": 425738948641790.44,
        "b1": -0.10235815654409364,
        "a2": 59115778141879.6,
        "b2": -0.01983344668761681,
        "a3": 7586422578053.349,
        "b3": -0.007318484445379896,
        "t_hot": 136.64031227548654,
        "n_hot": 7586422578053.349,
        "start_index": 0,
        "end_index": 763,
        "critical_energy": 42.37668466415761,
        "mse": 335123587.7361277
    },
    "2exp": {
        "a1": 59563133438119.43,
        "b1": -0.019746271117961674,
        "a2": 7479880918449.029,
        "b2": -0.0073606267273846945,
        "a1_stdev": 466275973972.1954,
        "b1_stdev": 0.0008235459340526539,
        "a2_stdev": 131691194138.68077,
        "b2_stdev": 0.0013429137210590168,
        "t_hot": 135.85799647733396,
        "n_hot": 7479880918449.029,
        "t_hot_stdev": 24.786689278268035,
        "n_hot_stdev": 131691194138.68077,
        "start_index": 58,
        "end_index": 763,
        "mse": 334163276.69392574
    },
    "nlsq": {
        "a1": 61133309319870.16,
        "b1": -0.020945674744497097,
        "a2": 9454442183660.984,
        "b2": -0.007822519456335398,
        "a0": -86593642981.2572,
        "a1_stdev": 2288309468372.815,
        "b1_stdev": 0.0011254505792935349,
        "a2_stdev": 1986292050469.5054,
        "b2_stdev": 0.0005944924865089161,
        "a0_stdev": 23567500.22146697,
        "start_index": 58,
        "end_index": 763,
        "t_hot": 127.83605148979306,
        "n_hot": 9454442183660.984,
        "t_hot_stdev": 9.715229542075354,
        "n_hot_stdev": 1986292050469.5054,
        "mse": 97541035.94459133
    },
    "true_params": {
        "t_hot": 116.9574,
        "t_hot_stdev": 4.9093
    },
    "histogram": {
        "i": 1e+18,
        "l": 0.5,
        "a": 2.0,
        "filename": "hist_1e18_050_2"
    }
}