{
    "3exp": {
        "a1": 2185432348276247.2,
        "b1": -0.5826471468460502,
        "a2": 30998394368023.316,
        "b2": -0.15740048352111588,
        "a3": 1018196404222.6418,
        "b3": -0.019544260963847218,
        "t_hot": 51.165915244878796,
        "n_hot": 1018196404222.6418,
        "start_index": 0,
        "end_index": 269,
        "a1_stdev": 2.3431466074436547e+19,
        "b1_stdev": 1908.9325982187115,
        "a2_stdev": 5.705504864327334e+17,
        "b2_stdev": 1203.8442301609732,
        "a3_stdev": 1.7681788791482992e+16,
        "b3_stdev": 296.34309548673417,
        "t_hot_stdev": 775811.668454848,
        "n_hot_stdev": 1.7681788791482992e+16
    },
    "2exp": null,
    "2nlsq": null,
    "1nlsq": null,
    "true_params": {
        "t_hot": 36.3744,
        "t_hot_stdev": 3.3814
    },
    "histogram": {
        "i": 1e+17,
        "l": 1.0,
        "a": 5.0,
        "filename": "hist_1e17_100_5"
    }
}