{
    "3exp": {
        "a1": 3404818357930902.0,
        "b1": -0.018092558882250268,
        "a2": 565955890756385.4,
        "b2": -0.002938217477385373,
        "a3": 46107515169891.5,
        "b3": -0.0012186084388600615,
        "t_hot": 820.6081363882912,
        "n_hot": 46107515169891.5,
        "start_index": 0,
        "end_index": 678,
        "critical_energy": 254.9474665294675,
        "mse": 56250683.16702752
    },
    "2exp": {
        "a1": 577900465869112.8,
        "b1": -0.002882313015748853,
        "a2": 34584099391101.824,
        "b2": -0.0011301972153759576,
        "a1_stdev": 2590995634191.069,
        "b1_stdev": 0.00012926024393479374,
        "a2_stdev": 787055050044.7916,
        "b2_stdev": 0.0001900803202371819,
        "t_hot": 884.8013305955211,
        "n_hot": 34584099391101.824,
        "t_hot_stdev": 148.80882555522444,
        "n_hot_stdev": 787055050044.7916,
        "start_index": 46,
        "end_index": 678,
        "mse": 63250534.40790273
    },
    "nlsq": {
        "a1": 584491608373348.9,
        "b1": -0.0031935371549974612,
        "a2": 78609211624744.72,
        "b2": -0.0014137986899051035,
        "a0": -144415885774.43488,
        "a1_stdev": 11133030697790.479,
        "b1_stdev": 0.0001032131510745106,
        "a2_stdev": 15134994909677.197,
        "b2_stdev": 7.538961233848281e-05,
        "a0_stdev": 8114397.991748615,
        "start_index": 46,
        "end_index": 678,
        "t_hot": 707.3142782917147,
        "n_hot": 78609211624744.72,
        "t_hot_stdev": 37.71693213654436,
        "n_hot_stdev": 15134994909677.197,
        "mse": 34708843.29516749
    },
    "histogram": {
        "i": 1e+19,
        "l": 0.4,
        "a": 10.0,
        "filename": "hist_1e19_040_10"
    }
}