{
    "3exp": {
        "a1": 1705196738183965.0,
        "b1": -0.008819642293657223,
        "a2": 494347692585935.06,
        "b2": -0.0016346641443446897,
        "a3": 285910593263.00354,
        "b3": -3.2997883168489e-05,
        "t_hot": 30304.974258316666,
        "n_hot": 285910593263.00354,
        "start_index": 0,
        "end_index": 759,
        "a1_stdev": 4.6781895410914995e+17,
        "b1_stdev": 1.6144448806236653,
        "a2_stdev": 4.676845597531702e+16,
        "b2_stdev": 0.08515815573485397,
        "a3_stdev": 1523604462881655.8,
        "b3_stdev": 1.0011614871216785,
        "t_hot_stdev": 919458164.6562574,
        "n_hot_stdev": 1523604462881655.8,
        "critical_energy": 172.33130644704028,
        "mswe": 2341927385938334.5,
        "mse": 1.7924903959295094e+17
    },
    "2exp": {
        "a0": 428253649321.6252,
        "a1": 1198261883645734.0,
        "b1": -0.007735538200025323,
        "a2": 484355543041649.75,
        "b2": -0.0016304264630716027,
        "a0_stdev": 159281041467688.44,
        "a1_stdev": 4.1574383928588636e+18,
        "b1_stdev": 9.535649828752867,
        "a2_stdev": 9.35721291796303e+16,
        "b2_stdev": 0.12116146160085968,
        "t_hot": 613.3364629742786,
        "n_hot": 484355543041649.75,
        "t_hot_stdev": 45578.71452053437,
        "n_hot_stdev": 9.35721291796303e+16,
        "start_index": 29,
        "end_index": 759,
        "mswe": 5935945245635398.0,
        "mse": 2.0829749556214707e+17
    },
    "2nlsq": {
        "a1": 8366122092069419.0,
        "b1": -0.012745524071862049,
        "a2": 490910747856841.5,
        "b2": -0.0016158550324172148,
        "a0": 17297777858.32432,
        "a1_stdev": 2052466176626624.2,
        "b1_stdev": 0.0006507801358376106,
        "a2_stdev": 2740197961494.807,
        "b2_stdev": 4.0136587579967126e-06,
        "a0_stdev": 6838298782.500963,
        "start_index": 29,
        "end_index": 759,
        "t_hot": 618.867398335892,
        "n_hot": 490910747856841.5,
        "t_hot_stdev": 1.5372186882716237,
        "n_hot_stdev": 2740197961494.807,
        "mswe": 859291936349391.1,
        "mse": 1.207211271525475e+17
    },
    "1nlsq": null,
    "true_params": {
        "t_hot": 686.3973,
        "t_hot_stdev": 3.4146
    },
    "histogram": {
        "i": 1e+19,
        "l": 5.0,
        "a": 5.0,
        "filename": "hist_1e19_500_5"
    }
}