{
    "3exp": {
        "a1": 971871281410250.0,
        "b1": -0.1712564953358492,
        "a2": 78161212700690.69,
        "b2": -0.02086464796942525,
        "a3": -12079521028.056227,
        "b3": 0.01093269181318386,
        "t_hot": 47.927959362908275,
        "n_hot": 78161212700690.69,
        "start_index": 0,
        "end_index": 616,
        "a1_stdev": 1.507901906905307e+18,
        "b1_stdev": 125.97029696860889,
        "a2_stdev": 4.385029416039401e+16,
        "b2_stdev": 7.394682572406839,
        "a3_stdev": 385463532406030.75,
        "b3_stdev": 112.89336889245445,
        "t_hot_stdev": 16986.246130357496,
        "n_hot_stdev": 4.385029416039401e+16,
        "critical_energy": 16.7592186016947,
        "mswe": 5.763888371852321e+17,
        "mse": 1.6409338206684402e+19
    },
    "2exp": {
        "a0": -456380632377.9119,
        "a1": 124442864137959.3,
        "b1": -0.07790713442525474,
        "a2": 64762384335079.695,
        "b2": -0.018640214449726893,
        "a0_stdev": 693129071359635.6,
        "a1_stdev": 1.1809821502844687e+18,
        "b1_stdev": 354.74015247930475,
        "a2_stdev": 7.563832330571066e+16,
        "b2_stdev": 9.245921462603977,
        "t_hot": 53.64745146559467,
        "n_hot": 64762384335079.695,
        "t_hot_stdev": 26610.21547029543,
        "n_hot_stdev": 7.563832330571066e+16,
        "start_index": 41,
        "end_index": 616,
        "mswe": 4.9581063511214195e+17,
        "mse": 1.5240777030953535e+19
    },
    "2nlsq": {
        "a1": 4054901437977949.0,
        "b1": -0.22426457254974988,
        "a2": 84767212002542.61,
        "b2": -0.021950278075021437,
        "a0": -239488565097.3416,
        "a1_stdev": 1.0930519223278708e+16,
        "b1_stdev": 0.09239415184176909,
        "a2_stdev": 1859487567439.762,
        "b2_stdev": 0.00024624249335363977,
        "a0_stdev": 14959176513.150587,
        "start_index": 41,
        "end_index": 616,
        "t_hot": 45.55750941205438,
        "n_hot": 84767212002542.61,
        "t_hot_stdev": 0.5110730110235847,
        "n_hot_stdev": 1859487567439.762,
        "mswe": 3.611436479322273e+17,
        "mse": 1.6994629494333747e+19
    },
    "1nlsq": null,
    "true_params": {
        "t_hot": 47.8406,
        "t_hot_stdev": 0.5413
    },
    "histogram": {
        "i": 1e+18,
        "l": 0.1,
        "a": 10.0,
        "filename": "hist_1e18_010_10"
    }
}