{
    "3exp": {
        "a1": 2936154322295597.0,
        "b1": -1.070500212869673,
        "a2": 378217381885138.1,
        "b2": -0.3820682767102529,
        "a3": 75172052096402.64,
        "b3": -0.09601607556064634,
        "t_hot": 10.414922648743055,
        "n_hot": 75172052096402.64,
        "start_index": 0,
        "end_index": 579,
        "a1_stdev": 9.241317492500916e+19,
        "b1_stdev": 15819.025754134394,
        "a2_stdev": 1.1090154611764883e+19,
        "b2_stdev": 3836.997851323417,
        "a3_stdev": 2.777613476101576e+17,
        "b3_stdev": 108.37142706881538,
        "t_hot_stdev": 11755.115210293163,
        "n_hot_stdev": 2.777613476101576e+17,
        "critical_energy": 2.9768910013118615,
        "mswe": 3.6386881277818167e+19,
        "mse": 5.66534428257591e+22
    },
    "2exp": {
        "a0": -170093070635.44873,
        "a1": 549248894221746.94,
        "b1": -0.4132941278382798,
        "a2": 71453986954161.3,
        "b2": -0.0930274290980159,
        "a0_stdev": 2483813698092617.0,
        "a1_stdev": 5.39188118426691e+18,
        "b1_stdev": 1795.9868087068205,
        "a2_stdev": 2.6630051357232547e+17,
        "b2_stdev": 156.14865255845706,
        "t_hot": 10.749517746495782,
        "n_hot": 71453986954161.3,
        "t_hot_stdev": 18043.309678052126,
        "n_hot_stdev": 2.6630051357232547e+17,
        "start_index": 27,
        "end_index": 579,
        "mswe": 2.0991118930258403e+19,
        "mse": 4.09166455135805e+20
    },
    "2nlsq": {
        "a1": 563775128272305.0,
        "b1": -0.42021042955756677,
        "a2": 72855884273108.7,
        "b2": -0.09355432239169728,
        "a0": -328351992201.79865,
        "a1_stdev": 60085754160961.13,
        "b1_stdev": 0.019427724353674385,
        "a2_stdev": 2770669712745.901,
        "b2_stdev": 0.0016043404732637738,
        "a0_stdev": 25545330929.708523,
        "start_index": 27,
        "end_index": 579,
        "t_hot": 10.688976996842078,
        "n_hot": 72855884273108.7,
        "t_hot_stdev": 0.1833026842097156,
        "n_hot_stdev": 2770669712745.901,
        "mswe": 1.3507754042618714e+19,
        "mse": 4.1358341545750646e+20
    },
    "1nlsq": null,
    "true_params": {
        "t_hot": 10.2144,
        "t_hot_stdev": 0.1255
    },
    "histogram": {
        "i": 1e+17,
        "l": 0.02,
        "a": 40.0,
        "filename": "hist_1e17_002_40"
    }
}