{
    "3exp": {
        "a1": 288136397816162.3,
        "b1": -0.03709142350274985,
        "a2": 174753899450899.47,
        "b2": -0.008352191367089565,
        "a3": 17234861856212.14,
        "b3": -0.0031361636812900955,
        "t_hot": 318.8609083020306,
        "n_hot": 17234861856212.14,
        "start_index": 0,
        "end_index": 750,
        "critical_energy": 82.94737845410792,
        "mse": 11901891.611338861
    },
    "2exp": {
        "a1": 185908843984447.34,
        "b1": -0.008746256660288722,
        "a2": 19744271760721.668,
        "b2": -0.0032552865574035895,
        "a1_stdev": 696926795845.6091,
        "b1_stdev": 0.00012547427899382353,
        "a2_stdev": 182960921980.6157,
        "b2_stdev": 0.0002085505304940092,
        "t_hot": 307.1926180279496,
        "n_hot": 19744271760721.668,
        "t_hot_stdev": 19.680351429543798,
        "n_hot_stdev": 182960921980.6157,
        "start_index": 35,
        "end_index": 750,
        "mse": 11544699.621171897
    },
    "nlsq": {
        "a1": 185945396148376.28,
        "b1": -0.009077698636412416,
        "a2": 25046785935506.3,
        "b2": -0.0035557704957695393,
        "a0": 11872431257.047733,
        "a1_stdev": 3339812981244.091,
        "b1_stdev": 0.00017299276530652238,
        "a2_stdev": 1833641116351.3884,
        "b2_stdev": 7.582205066121321e-05,
        "a0_stdev": 1636631.730261902,
        "start_index": 35,
        "end_index": 750,
        "t_hot": 281.23299892097793,
        "n_hot": 25046785935506.3,
        "t_hot_stdev": 5.996917606791842,
        "n_hot_stdev": 1833641116351.3884,
        "mse": 11002167.153193403
    },
    "true_params": {
        "t_hot": 350.4175,
        "t_hot_stdev": 20.3582
    },
    "histogram": {
        "i": 1e+18,
        "l": 5.0,
        "a": 3.0,
        "filename": "hist_1e18_500_3"
    }
}