{
    "3exp": {
        "a1": 491819476901681.94,
        "b1": -0.22369031315136526,
        "a2": 22925739993768.11,
        "b2": -0.03553856241994308,
        "a3": 4324054433366.8613,
        "b3": -0.010483090078539026,
        "t_hot": 95.39172061940012,
        "n_hot": 4324054433366.8613,
        "start_index": 0,
        "end_index": 691,
        "a1_stdev": 2.0901553487970284e+18,
        "b1_stdev": 471.00742298854016,
        "a2_stdev": 8.179981669965827e+16,
        "b2_stdev": 155.31854679591444,
        "a3_stdev": 4.118491882841883e+16,
        "b3_stdev": 40.071227460891194,
        "t_hot_stdev": 364631.3545136,
        "n_hot_stdev": 4.118491882841883e+16,
        "critical_energy": 16.294567676655614,
        "mswe": 1.6340233544825132e+18,
        "mse": 3.565937168016765e+19
    },
    "2exp": {
        "a0": 201656100440.16605,
        "a1": 25358998062893.945,
        "b1": -0.05443870778546872,
        "a2": 10863897175902.086,
        "b2": -0.017497624218740414,
        "a0_stdev": 2071955848166312.0,
        "a1_stdev": 2.3588033841568333e+17,
        "b1_stdev": 635.6100623416193,
        "a2_stdev": 1.4595721733613856e+17,
        "b2_stdev": 105.00269329960258,
        "t_hot": 57.15061584926334,
        "n_hot": 10863897175902.086,
        "t_hot_stdev": 342959.0504907752,
        "n_hot_stdev": 1.4595721733613856e+17,
        "start_index": 48,
        "end_index": 691,
        "mswe": 1.7264046666646577e+18,
        "mse": 3.5100233895603656e+18
    },
    "2nlsq": {
        "a1": 26287279124225.387,
        "b1": -0.041907754619306875,
        "a2": 6014910427911.811,
        "b2": -0.010946574413460594,
        "a0": -359490969019.7181,
        "a1_stdev": 2136172807162.0774,
        "b1_stdev": 0.005828024181140523,
        "a2_stdev": 1861466832744.464,
        "b2_stdev": 0.0026148920184760702,
        "a0_stdev": 142304988551.1747,
        "start_index": 48,
        "end_index": 691,
        "t_hot": 91.35277962120618,
        "n_hot": 6014910427911.811,
        "t_hot_stdev": 21.822137709433235,
        "n_hot_stdev": 1861466832744.464,
        "mswe": 5.868235125567067e+17,
        "mse": 4.0098380410066806e+18
    },
    "1nlsq": null,
    "true_params": {
        "t_hot": 63.6784,
        "t_hot_stdev": 1.6201
    },
    "histogram": {
        "i": 1e+17,
        "l": 0.2,
        "a": 20.0,
        "filename": "hist_1e17_020_20"
    }
}