{
    "3exp": {
        "a1": 2.726000531303374e+16,
        "b1": -4.5808411391410635,
        "a2": 491712934012486.56,
        "b2": -1.6317432758187038,
        "a3": 3745824311140.713,
        "b3": -0.5399893059473242,
        "t_hot": 1.8518885262841662,
        "n_hot": 3745824311140.713,
        "start_index": 0,
        "end_index": 230,
        "a1_stdev": 2.726060215651037e+21,
        "b1_stdev": 89371.90928630886,
        "a2_stdev": 2.7710312921368388e+19,
        "b2_stdev": 26776.769659365997,
        "a3_stdev": 8.514015968779484e+17,
        "b3_stdev": 35045.99867717252,
        "t_hot_stdev": 120189.94103701189,
        "n_hot_stdev": 8.514015968779484e+17,
        "critical_energy": 1.3615285105780015,
        "mswe": 3.2590302678099984e+20,
        "mse": 9.82127631890266e+21
    },
    "2exp": {
        "a0": 83030679919.38463,
        "a1": 1933469405628649.5,
        "b1": -2.6401557138632468,
        "a2": 159748996074563.5,
        "b2": -1.2605519970693166,
        "a0_stdev": 4112745887014798.5,
        "a1_stdev": 3.692093047303577e+20,
        "b1_stdev": 137259.42713392223,
        "a2_stdev": 2.060257574918948e+19,
        "b2_stdev": 28668.252933956726,
        "t_hot": 0.7933032531184121,
        "n_hot": 159748996074563.5,
        "t_hot_stdev": 18041.793092711858,
        "n_hot_stdev": 2.060257574918948e+19,
        "start_index": 27,
        "end_index": 230,
        "mswe": 3.205259078783541e+20,
        "mse": 3.490405647625378e+21
    },
    "2nlsq": {
        "a1": 1188337652319368.2,
        "b1": -2.233251429034897,
        "a2": 82923808089777.28,
        "b2": -1.1173782318467282,
        "a0": 10202003905.838243,
        "a1_stdev": 594271313279437.9,
        "b1_stdev": 0.4276743318942119,
        "a2_stdev": 84216027301601.88,
        "b2_stdev": 0.20777370931287456,
        "a0_stdev": 27612417145.216984,
        "start_index": 27,
        "end_index": 230,
        "t_hot": 0.8949521043982275,
        "n_hot": 82923808089777.28,
        "t_hot_stdev": 0.1664141228891322,
        "n_hot_stdev": 84216027301601.88,
        "mswe": 2.5919093080771582e+20,
        "mse": 3.605757796908572e+21
    },
    "1nlsq": null,
    "true_params": {
        "t_hot": 0.9338,
        "t_hot_stdev": 0.0244
    },
    "histogram": {
        "i": 1e+17,
        "l": 5.0,
        "a": 45.0,
        "filename": "hist_1e17_500_45"
    }
}