{
    "3exp": {
        "a1": 6805511400595961.0,
        "b1": -2.389352446830266,
        "a2": 518396505926162.1,
        "b2": -1.1115605706557121,
        "a3": 15146441851958.508,
        "b3": -0.4026885576511678,
        "t_hot": 2.4833087034627344,
        "n_hot": 15146441851958.508,
        "start_index": 0,
        "end_index": 398,
        "critical_energy": 3.074361220902581,
        "mse": 2587719697.592841
    },
    "2exp": {
        "a1": 656495639190320.6,
        "b1": -1.1609643036116757,
        "a2": 16037136337021.166,
        "b2": -0.4076363075465417,
        "a1_stdev": 8953927269315.715,
        "b1_stdev": 0.049440714013847815,
        "a2_stdev": 278929089625.16223,
        "b2_stdev": 0.09040502754134981,
        "t_hot": 2.4531671528935766,
        "n_hot": 16037136337021.166,
        "t_hot_stdev": 0.5440600847252964,
        "n_hot_stdev": 278929089625.16223,
        "start_index": 67,
        "end_index": 398,
        "mse": 2828126919.994169
    },
    "nlsq": {
        "a1": 2466268346963385.0,
        "b1": -1.5930807697309064,
        "a2": 44123736357074.93,
        "b2": -0.5279273898766581,
        "a0": 0.0,
        "a1_stdev": Infinity,
        "b1_stdev": Infinity,
        "a2_stdev": Infinity,
        "b2_stdev": Infinity,
        "a0_stdev": Infinity,
        "start_index": 67,
        "end_index": 398,
        "t_hot": 1.8941998827407576,
        "n_hot": 44123736357074.93,
        "t_hot_stdev": Infinity,
        "n_hot_stdev": Infinity,
        "mse": 1873570833.2108154
    },
    "true_params": {
        "t_hot": 2.1348,
        "t_hot_stdev": 0.0511
    },
    "histogram": {
        "i": 1e+17,
        "l": 1.0,
        "a": 45.0,
        "filename": "hist_1e17_100_45"
    }
}