{
    "3exp": {
        "a1": 972530503982072.5,
        "b1": -0.3786628416591935,
        "a2": 27409575330695.562,
        "b2": -0.13012680899488924,
        "a3": 46014607609027.47,
        "b3": -0.041797629269010164,
        "t_hot": 23.924801896394293,
        "n_hot": 46014607609027.47,
        "start_index": 0,
        "end_index": 446,
        "a1_stdev": 1.0702218592985606e+19,
        "b1_stdev": 5036.39945093262,
        "a2_stdev": 6.472604882756284e+18,
        "b2_stdev": 18772.15006991205,
        "a3_stdev": 1.1465626842216499e+18,
        "b3_stdev": 365.1933342161316,
        "t_hot_stdev": 209035.2569704863,
        "n_hot_stdev": 1.1465626842216499e+18
    },
    "2exp": null,
    "2nlsq": null,
    "1nlsq": null,
    "true_params": {
        "t_hot": 21.7929,
        "t_hot_stdev": 0.2267
    },
    "histogram": {
        "i": 1e+17,
        "l": 0.05,
        "a": 30.0,
        "filename": "hist_1e17_005_30"
    }
}