{
    "3exp": {
        "a1": 3343730129119536.5,
        "b1": -0.017886873216061548,
        "a2": 571009939580492.6,
        "b2": -0.0028724742166508083,
        "a3": 33853604881860.55,
        "b3": -0.001098720995787782,
        "t_hot": 910.1491678358261,
        "n_hot": 33853604881860.55,
        "start_index": 0,
        "end_index": 579,
        "a1_stdev": 6.606030208046685e+18,
        "b1_stdev": 15.0699384541581,
        "a2_stdev": 1.6485644581235328e+17,
        "b2_stdev": 1.0503597267825353,
        "a3_stdev": 1.1245534269601106e+17,
        "b3_stdev": 1.0667427957290707,
        "t_hot_stdev": 883659.3380392676,
        "n_hot_stdev": 1.1245534269601106e+17
    },
    "2exp": null,
    "2nlsq": null,
    "1nlsq": null,
    "histogram": {
        "i": 1e+19,
        "l": 0.4,
        "a": 10.0,
        "filename": "hist_1e19_040_10"
    }
}