{
    "3exp": {
        "a1": 563618726266821.6,
        "b1": -0.04347473449548896,
        "a2": 165462184072545.53,
        "b2": -0.0182015472003309,
        "a3": 64421613195615.836,
        "b3": -0.00497779720435161,
        "t_hot": 200.89207312941474,
        "n_hot": 64421613195615.836,
        "start_index": 0,
        "end_index": 615,
        "critical_energy": 56.340295431849114,
        "mse": 216449324.51016742
    },
    "2exp": {
        "a1": 459561938943264.75,
        "b1": -0.025320803803330724,
        "a2": 68053841441435.43,
        "b2": -0.005130850166705849,
        "a1_stdev": 4704462946877.55,
        "b1_stdev": 0.0002028755449786568,
        "a2_stdev": 349665264038.3557,
        "b2_stdev": 0.0006675545399250466,
        "t_hot": 194.89947426042812,
        "n_hot": 68053841441435.43,
        "t_hot_stdev": 25.357596625177877,
        "n_hot_stdev": 349665264038.3557,
        "start_index": 48,
        "end_index": 615,
        "mse": 171438670.6956111
    },
    "nlsq": {
        "a1": 556048635617385.44,
        "b1": -0.0280200285414643,
        "a2": 75129539591350.42,
        "b2": -0.0054358163739071964,
        "a0": 0.0,
        "a1_stdev": Infinity,
        "b1_stdev": Infinity,
        "a2_stdev": Infinity,
        "b2_stdev": Infinity,
        "a0_stdev": Infinity,
        "start_index": 48,
        "end_index": 615,
        "t_hot": 183.96500750101913,
        "n_hot": 75129539591350.42,
        "t_hot_stdev": Infinity,
        "n_hot_stdev": Infinity,
        "mse": 155575972.8221936
    },
    "true_params": {
        "t_hot": 198.8327,
        "t_hot_stdev": 4.057
    },
    "histogram": {
        "i": 1e+18,
        "l": 0.2,
        "a": 20.0,
        "filename": "hist_1e18_020_20"
    }
}