{
    "3exp": {
        "a1": 4596015728547197.0,
        "b1": -0.0248968733356768,
        "a2": 554044347643493.0,
        "b2": -0.002270907621269706,
        "a3": 139394506618.46872,
        "b3": 0.0003186186255906663,
        "t_hot": 440.35256680361204,
        "n_hot": 554044347643493.0,
        "start_index": 0,
        "end_index": 772,
        "critical_energy": 412.5793883350972,
        "mse": 108217628.44979061
    },
    "2exp": {
        "a1": 579617046600867.5,
        "b1": -0.002323803642987176,
        "a2": 1080919550583.0676,
        "b2": -0.0003067774217628278,
        "a1_stdev": 985929028815.6757,
        "b1_stdev": 0.00019689146889351482,
        "a2_stdev": 131107650213.15123,
        "b2_stdev": 0.0002819989686300076,
        "t_hot": 3259.6923015185534,
        "n_hot": 1080919550583.0676,
        "t_hot_stdev": 2996.4065210446684,
        "n_hot_stdev": 131107650213.15123,
        "start_index": 90,
        "end_index": 772,
        "mse": 75646883.53342128
    },
    "nlsq": {
        "a1": 606585572524909.1,
        "b1": -0.0024680059708169643,
        "a2": 13711392897638.072,
        "b2": -0.0008204124401392169,
        "a0": -645367389066.0836,
        "a1_stdev": 5768823102798.381,
        "b1_stdev": 4.145011915210167e-05,
        "a2_stdev": 6339851842039.288,
        "b2_stdev": 0.00019832398461449625,
        "a0_stdev": 50417927.72236738,
        "start_index": 90,
        "end_index": 772,
        "t_hot": 1218.8991183877083,
        "n_hot": 13711392897638.072,
        "t_hot_stdev": 294.6529308608805,
        "n_hot_stdev": 6339851842039.288,
        "mse": 19336194.030501664
    },
    "true_params": {
        "t_hot": 540.409,
        "t_hot_stdev": 7.5137
    },
    "histogram": {
        "i": 1e+19,
        "l": 0.8,
        "a": 15.0,
        "filename": "hist_1e19_080_15"
    }
}