{
    "3exp": {
        "a1": 7134901854698490.0,
        "b1": -0.027081877641641633,
        "a2": 686366692531654.8,
        "b2": -0.0032198525802992835,
        "a3": 170980576380465.34,
        "b3": -0.001597785549231648,
        "t_hot": 625.8662187055613,
        "n_hot": 170980576380465.34,
        "start_index": 0,
        "end_index": 722,
        "a1_stdev": 9.840732229857858e+18,
        "b1_stdev": 10.972730928816539,
        "a2_stdev": 6.761799545053734e+16,
        "b2_stdev": 0.4492989025389274,
        "a3_stdev": 9.570666202804923e+16,
        "b3_stdev": 0.19015009878577596,
        "t_hot_stdev": 74483.41447997952,
        "n_hot_stdev": 9.570666202804923e+16
    },
    "2exp": null,
    "2nlsq": null,
    "1nlsq": null,
    "true_params": {
        "t_hot": 579.7274,
        "t_hot_stdev": 5.9363
    },
    "histogram": {
        "i": 1e+19,
        "l": 1.0,
        "a": 1.0,
        "filename": "hist_1e19_100_1"
    }
}