{
    "3exp": {
        "a1": 2770874906932438.5,
        "b1": -2.872279976584839,
        "a2": 22906843987857.59,
        "b2": -0.4413024655921763,
        "a3": -20919340418.792862,
        "b3": 0.052527149266120225,
        "t_hot": 2.2660195171538797,
        "n_hot": 22906843987857.59,
        "start_index": 0,
        "end_index": 366,
        "a1_stdev": 6.052032196612863e+19,
        "b1_stdev": 13403.319710195945,
        "a2_stdev": 1.6668013041711942e+17,
        "b2_stdev": 2181.174790092009,
        "a3_stdev": 1.0936298157498788e+16,
        "b3_stdev": 39007.43701176232,
        "t_hot_stdev": 11199.993270012981,
        "n_hot_stdev": 1.6668013041711942e+17
    },
    "2exp": null,
    "2nlsq": null,
    "1nlsq": null,
    "true_params": {
        "t_hot": 2.186,
        "t_hot_stdev": 0.0315
    },
    "histogram": {
        "i": 1e+17,
        "l": 0.02,
        "a": 5.0,
        "filename": "hist_1e17_002_5"
    }
}