{
    "3exp": {
        "a1": 1.1394104407705338e+16,
        "b1": -0.05486910676082854,
        "a2": 3317169596925139.0,
        "b2": -0.018755529791990525,
        "a3": 660786379097646.9,
        "b3": -0.006518779175297328,
        "t_hot": 153.40295676673065,
        "n_hot": 660786379097646.9,
        "start_index": 0,
        "end_index": 256,
        "a1_stdev": 5.821523639998865e+20,
        "b1_stdev": 1282.610897101154,
        "a2_stdev": 6.251248134523268e+19,
        "b2_stdev": 155.4666150411954,
        "a3_stdev": 5.637072720866969e+18,
        "b3_stdev": 15.49602103551945,
        "t_hot_stdev": 364659.6058931104,
        "n_hot_stdev": 5.637072720866969e+18
    },
    "2exp": null,
    "2nlsq": null,
    "1nlsq": null,
    "true_params": {
        "t_hot": 171.5095,
        "t_hot_stdev": 10.6995
    },
    "histogram": {
        "i": 1e+19,
        "l": 0.02,
        "a": 30.0,
        "filename": "hist_1e19_002_30"
    }
}