{
    "3exp": {
        "a1": 1005724725916338.9,
        "b1": -0.2898098844252215,
        "a2": 136235313871134.75,
        "b2": -0.11384999656093292,
        "a3": 38430385980435.195,
        "b3": -0.021972036664735003,
        "t_hot": 45.51239447024019,
        "n_hot": 38430385980435.195,
        "start_index": 0,
        "end_index": 541,
        "critical_energy": 12.188774887377035,
        "mse": 3237684905.638766
    },
    "2exp": {
        "a1": 221715946801563.28,
        "b1": -0.1267051302093041,
        "a2": 38259515735574.68,
        "b2": -0.022020585408936786,
        "a1_stdev": 5140573338641.159,
        "b1_stdev": 0.0014566828445150498,
        "a2_stdev": 212744482420.489,
        "b2_stdev": 0.005840240344105474,
        "t_hot": 45.41205337775272,
        "n_hot": 38259515735574.68,
        "t_hot_stdev": 12.044062467920925,
        "n_hot_stdev": 212744482420.489,
        "start_index": 34,
        "end_index": 541,
        "mse": 3333210736.9933124
    },
    "nlsq": {
        "a1": 3.0873101810198196e+16,
        "b1": -0.3731584613119478,
        "a2": 56309747288731.41,
        "b2": -0.027995700497401715,
        "a0": 0.0,
        "a1_stdev": Infinity,
        "b1_stdev": Infinity,
        "a2_stdev": Infinity,
        "b2_stdev": Infinity,
        "a0_stdev": Infinity,
        "start_index": 34,
        "end_index": 541,
        "t_hot": 35.71977061594905,
        "n_hot": 56309747288731.41,
        "t_hot_stdev": Infinity,
        "n_hot_stdev": Infinity,
        "mse": 1323613596.8289375
    },
    "true_params": {
        "t_hot": 43.6352,
        "t_hot_stdev": 0.6473
    },
    "histogram": {
        "i": 1e+17,
        "l": 0.2,
        "a": 40.0,
        "filename": "hist_1e17_020_40"
    }
}