{
    "3exp": {
        "a1": 3576810318604976.5,
        "b1": -0.05036622673471762,
        "a2": 611172978026398.9,
        "b2": -0.00849348137828775,
        "a3": 67614770977678.27,
        "b3": -0.003192201218879365,
        "t_hot": 313.263460362644,
        "n_hot": 67614770977678.27,
        "start_index": 0,
        "end_index": 779,
        "a1_stdev": 3.9371977134830495e+18,
        "b1_stdev": 22.30528238259079,
        "a2_stdev": 9.863564550811118e+16,
        "b2_stdev": 1.225719730250077,
        "a3_stdev": 3.4577320080495976e+16,
        "b3_stdev": 0.410692921873459,
        "t_hot_stdev": 40302.93738741497,
        "n_hot_stdev": 3.4577320080495976e+16,
        "critical_energy": 42.19562556062802,
        "mswe": 8315882036830003.0,
        "mse": 5.58435574599216e+19
    },
    "2exp": {
        "a0": -157621002003.32843,
        "a1": 647176833148768.0,
        "b1": -0.008720652455126595,
        "a2": 67133700098072.984,
        "b2": -0.0031204810293643664,
        "a0_stdev": 84676028679654.83,
        "a1_stdev": 3.226356532751304e+16,
        "b1_stdev": 0.5630107153881874,
        "a2_stdev": 2.202716600960986e+16,
        "b2_stdev": 0.3480085991906058,
        "t_hot": 320.46341272060135,
        "n_hot": 67133700098072.984,
        "t_hot_stdev": 35739.36912395029,
        "n_hot_stdev": 2.202716600960986e+16,
        "start_index": 25,
        "end_index": 779,
        "mswe": 1480674153285008.8,
        "mse": 1.1358900601890394e+17
    },
    "2nlsq": {
        "a1": 647183168056893.8,
        "b1": -0.008684508031574152,
        "a2": 65253302330348.4,
        "b2": -0.00308298020517216,
        "a0": -201717829921.56976,
        "a1_stdev": 2684470866219.2603,
        "b1_stdev": 4.628974718807667e-05,
        "a2_stdev": 1794061415536.6833,
        "b2_stdev": 2.9109887620904534e-05,
        "a0_stdev": 7308276773.927584,
        "start_index": 25,
        "end_index": 779,
        "t_hot": 324.36147281203773,
        "n_hot": 65253302330348.4,
        "t_hot_stdev": 3.0626619030083035,
        "n_hot_stdev": 1794061415536.6833,
        "mswe": 1166230748304656.2,
        "mse": 1.147828619986351e+17
    },
    "1nlsq": null,
    "true_params": {
        "t_hot": 286.3392,
        "t_hot_stdev": 1.986
    },
    "histogram": {
        "i": 1e+19,
        "l": 5.0,
        "a": 60.0,
        "filename": "hist_1e19_500_60"
    }
}