{
    "3exp": {
        "a1": 1258911634366003.5,
        "b1": -1.8001323697781224,
        "a2": -111792040865287.39,
        "b2": -0.9789233556762178,
        "a3": 53792601358314.65,
        "b3": -0.4069924697518995,
        "t_hot": 2.457047916905182,
        "n_hot": 53792601358314.65,
        "start_index": 0,
        "end_index": 379,
        "a1_stdev": 1.7006015327046427e+19,
        "b1_stdev": 35710.87374463233,
        "a2_stdev": 2.613376280388809e+19,
        "b2_stdev": 55132.11484463524,
        "a3_stdev": 8.009528238911279e+17,
        "b3_stdev": 1215.1904988538597,
        "t_hot_stdev": 7336.207683822656,
        "n_hot_stdev": 8.009528238911279e+17
    },
    "2exp": null,
    "2nlsq": null,
    "1nlsq": null,
    "true_params": {
        "t_hot": 5.1832,
        "t_hot_stdev": 0.3075
    },
    "histogram": {
        "i": 1e+17,
        "l": 0.05,
        "a": 4.0,
        "filename": "hist_1e17_005_4"
    }
}