{
    "3exp": {
        "a1": 3023489206095946.5,
        "b1": -1.4640473948650987,
        "a2": 75833897502226.5,
        "b2": -0.3339769185613996,
        "a3": 6319686972623.95,
        "b3": -0.12814969413549837,
        "t_hot": 7.803374067695047,
        "n_hot": 6319686972623.95,
        "start_index": 0,
        "end_index": 369,
        "a1_stdev": 5.155442691553342e+19,
        "b1_stdev": 6846.054938615051,
        "a2_stdev": 6.259403819341158e+17,
        "b2_stdev": 2031.5505659473415,
        "a3_stdev": 1.804579668694711e+17,
        "b3_stdev": 1018.8998336293113,
        "t_hot_stdev": 62043.50773490704,
        "n_hot_stdev": 1.804579668694711e+17
    },
    "2exp": null,
    "2nlsq": null,
    "1nlsq": null,
    "true_params": {
        "t_hot": 5.5568,
        "t_hot_stdev": 0.1362
    },
    "histogram": {
        "i": 1e+17,
        "l": 0.2,
        "a": 4.0,
        "filename": "hist_1e17_020_4"
    }
}