{
    "3exp": {
        "a1": 9603024537974870.0,
        "b1": -0.032293950884927196,
        "a2": 3309031399927178.5,
        "b2": -0.011713675983297088,
        "a3": 143579216969589.94,
        "b3": -0.004100041528798661,
        "t_hot": 243.89996856763707,
        "n_hot": 143579216969589.94,
        "start_index": 0,
        "end_index": 353,
        "a1_stdev": 3.596423071877453e+19,
        "b1_stdev": 68.70506550956165,
        "a2_stdev": 6.332760817977049e+18,
        "b2_stdev": 8.269786827903802,
        "a3_stdev": 3.240333139754076e+17,
        "b3_stdev": 2.1340323481117474,
        "t_hot_stdev": 126947.59771842677,
        "n_hot_stdev": 3.240333139754076e+17,
        "critical_energy": 51.76911347596186,
        "mswe": 1.3552729618741917e+17,
        "mse": 2.1137381156584187e+20
    },
    "2exp": {
        "a0": 656867832336.0725,
        "a1": 4445657263196400.0,
        "b1": -0.013993538072877332,
        "a2": 377733895541234.25,
        "b2": -0.0055206586696578686,
        "a0_stdev": 1323441243409941.5,
        "a1_stdev": 1.2028634920984357e+19,
        "b1_stdev": 20.113355468637177,
        "a2_stdev": 1.9500586044677207e+18,
        "b2_stdev": 7.280334936024422,
        "t_hot": 181.13780616362087,
        "n_hot": 377733895541234.25,
        "t_hot_stdev": 238874.37665650054,
        "n_hot_stdev": 1.9500586044677207e+18,
        "start_index": 25,
        "end_index": 353,
        "mswe": 3.061695029522409e+17,
        "mse": 4.086198510096249e+18
    },
    "2nlsq": {
        "a1": 3837552441440030.5,
        "b1": -0.012393919386260395,
        "a2": 172992220972266.75,
        "b2": -0.004285030219923532,
        "a0": -383834317770.6136,
        "a1_stdev": 181053797090659.34,
        "b1_stdev": 0.0003136868765485882,
        "a2_stdev": 24668629375684.48,
        "b2_stdev": 0.0001888764336513502,
        "a0_stdev": 64325949448.79675,
        "start_index": 25,
        "end_index": 353,
        "t_hot": 233.3705828608708,
        "n_hot": 172992220972266.75,
        "t_hot_stdev": 10.286556021227963,
        "n_hot_stdev": 24668629375684.48,
        "mswe": 5.691948108990442e+16,
        "mse": 4.707287839522941e+18
    },
    "1nlsq": null,
    "true_params": {
        "t_hot": 243.1204,
        "t_hot_stdev": 10.8612
    },
    "histogram": {
        "i": 1e+19,
        "l": 0.05,
        "a": 30.0,
        "filename": "hist_1e19_005_30"
    }
}