{
    "3exp": {
        "a1": 2.078359046876421e+16,
        "b1": -0.0648577510151701,
        "a2": 1695216496818998.2,
        "b2": -0.018041415355169923,
        "a3": 982403074833801.8,
        "b3": -0.009334489092560136,
        "t_hot": 107.12959114141871,
        "n_hot": 982403074833801.8,
        "start_index": 0,
        "end_index": 521,
        "critical_energy": 54.96646345279499,
        "mse": 153792649.02790228
    },
    "2exp": {
        "a1": 2633245522701740.5,
        "b1": -0.024709276988094147,
        "a2": 1262402323380858.2,
        "b2": -0.009826690061469818,
        "a1_stdev": 30847822176685.836,
        "b1_stdev": 0.0006941075765037805,
        "a2_stdev": 4112251728077.8403,
        "b2_stdev": 0.0012914078536451954,
        "t_hot": 101.76366546055752,
        "n_hot": 1262402323380858.2,
        "t_hot_stdev": 13.373617766451618,
        "n_hot_stdev": 4112251728077.8403,
        "start_index": 33,
        "end_index": 521,
        "mse": 148140320.20593658
    },
    "nlsq": {
        "a1": 2856629607532369.5,
        "b1": -0.026333417776167708,
        "a2": 1332470118703712.2,
        "b2": -0.009981881542768141,
        "a0": 27623460430.47365,
        "a1_stdev": 413845497793230.75,
        "b1_stdev": 0.0017264902619143524,
        "a2_stdev": 43342554988062.67,
        "b2_stdev": 8.020097087468306e-05,
        "a0_stdev": 11942269.158082599,
        "start_index": 33,
        "end_index": 521,
        "t_hot": 100.18151344668065,
        "n_hot": 1332470118703712.2,
        "t_hot_stdev": 0.8049238620688701,
        "n_hot_stdev": 43342554988062.67,
        "mse": 146309542.27234402
    },
    "true_params": {
        "t_hot": 109.7498,
        "t_hot_stdev": 1.5831
    },
    "histogram": {
        "i": 1e+19,
        "l": 0.1,
        "a": 60.0,
        "filename": "hist_1e19_010_60"
    }
}