{
    "3exp": {
        "a1": 2934353410861969.0,
        "b1": -0.018259766758805317,
        "a2": 660317273257605.4,
        "b2": -0.0029625330075532825,
        "a3": 167140794942276.03,
        "b3": -0.0013727700597586602,
        "t_hot": 728.4541157430291,
        "n_hot": 167140794942276.03,
        "start_index": 0,
        "end_index": 853,
        "critical_energy": 169.68120000298285,
        "mse": 58342570.34766782
    },
    "2exp": {
        "a1": 731441032077071.6,
        "b1": -0.0029351104595555094,
        "a2": 136145574570057.05,
        "b2": -0.0013225315411965616,
        "a1_stdev": 1981616776085.0146,
        "b1_stdev": 6.011039587406658e-05,
        "a2_stdev": 808896132869.5554,
        "b2_stdev": 8.950833519633026e-05,
        "t_hot": 756.125633945372,
        "n_hot": 136145574570057.05,
        "t_hot_stdev": 51.1742401489245,
        "n_hot_stdev": 808896132869.5554,
        "start_index": 35,
        "end_index": 853,
        "mse": 57986402.788386114
    },
    "nlsq": {
        "a1": 723192042763282.2,
        "b1": -0.0032376847801515816,
        "a2": 194341390763778.0,
        "b2": -0.0014305686411916591,
        "a0": -205855616122.42728,
        "a1_stdev": 5896161565974.236,
        "b1_stdev": 4.357586026548842e-05,
        "a2_stdev": 8094552290571.125,
        "b2_stdev": 1.5908196560360142e-05,
        "a0_stdev": 2114110.1330469605,
        "start_index": 35,
        "end_index": 853,
        "t_hot": 699.0227320843571,
        "n_hot": 194341390763778.0,
        "t_hot_stdev": 7.773266309608769,
        "n_hot_stdev": 8094552290571.125,
        "mse": 11308910.619859714
    },
    "true_params": {
        "t_hot": 644.2915,
        "t_hot_stdev": 5.0989
    },
    "histogram": {
        "i": 1e+19,
        "l": 2.0,
        "a": 0.0,
        "filename": "hist_1e19_200_0"
    }
}