{
    "3exp": {
        "a1": 964250202158304.4,
        "b1": -0.035270068300314456,
        "a2": 162971723028079.88,
        "b2": -0.008449968370317472,
        "a3": 32985743168231.637,
        "b3": -0.002964742858370264,
        "t_hot": 337.2973805052711,
        "n_hot": 32985743168231.637,
        "start_index": 0,
        "end_index": 516,
        "a1_stdev": 2.54871958503001e+18,
        "b1_stdev": 74.50011979386568,
        "a2_stdev": 4.379037158073919e+17,
        "b2_stdev": 25.26923170540001,
        "a3_stdev": 2.3221447163966365e+17,
        "b3_stdev": 7.140566877405837,
        "t_hot_stdev": 812378.8868474264,
        "n_hot_stdev": 2.3221447163966365e+17
    },
    "2exp": null,
    "2nlsq": null,
    "1nlsq": null,
    "true_params": {
        "t_hot": 314.8762,
        "t_hot_stdev": 12.5244
    },
    "histogram": {
        "i": 1e+18,
        "l": 0.5,
        "a": 30.0,
        "filename": "hist_1e18_050_30"
    }
}