{
    "3exp": {
        "a1": 1.2872645663402146e+16,
        "b1": -0.03673105157759678,
        "a2": 2717254283480716.5,
        "b2": -0.010154181971273874,
        "a3": 244121832058516.97,
        "b3": -0.004850305553119849,
        "t_hot": 206.17257800527076,
        "n_hot": 244121832058516.97,
        "start_index": 0,
        "end_index": 483,
        "a1_stdev": 1.9565355770772582e+19,
        "b1_stdev": 33.509791593552286,
        "a2_stdev": 2.208771521798824e+18,
        "b2_stdev": 6.881504470188064,
        "a3_stdev": 1.0445792995218245e+18,
        "b3_stdev": 4.098983717890755,
        "t_hot_stdev": 174236.04163980484,
        "n_hot_stdev": 1.0445792995218245e+18,
        "critical_energy": 58.52768501000713,
        "mswe": 1.8758685998391453e+17,
        "mse": 7.464676618058211e+20
    },
    "2exp": {
        "a0": 1078315565665.3118,
        "a1": 4340576925322321.0,
        "b1": -0.019249042816124162,
        "a2": 1616565924496550.5,
        "b2": -0.007500661971388535,
        "a0_stdev": 1343980947277658.5,
        "a1_stdev": 2.381556107463763e+19,
        "b1_stdev": 57.05455066408378,
        "a2_stdev": 3.8334299216049644e+18,
        "b2_stdev": 4.461517701167741,
        "t_hot": 133.32156599171185,
        "n_hot": 1616565924496550.5,
        "t_hot_stdev": 79301.87080665256,
        "n_hot_stdev": 3.8334299216049644e+18,
        "start_index": 26,
        "end_index": 483,
        "mswe": 6.059843928635276e+17,
        "mse": 1.0752938923879301e+19
    },
    "2nlsq": {
        "a1": 3344480319271715.0,
        "b1": -0.013380353991851106,
        "a2": 812267310290117.2,
        "b2": -0.006299731551998509,
        "a0": -33267500346.80275,
        "a1_stdev": 104518028824569.16,
        "b1_stdev": 0.0005093905464534871,
        "a2_stdev": 90668871883391.4,
        "b2_stdev": 0.0001586963112327514,
        "a0_stdev": 38950601156.642204,
        "start_index": 26,
        "end_index": 483,
        "t_hot": 158.73692263645154,
        "n_hot": 812267310290117.2,
        "t_hot_stdev": 3.998736116121009,
        "n_hot_stdev": 90668871883391.4,
        "mswe": 1.5513703072061584e+17,
        "mse": 1.4732057552773022e+19
    },
    "1nlsq": null,
    "true_params": {
        "t_hot": 212.0327,
        "t_hot_stdev": 11.035
    },
    "histogram": {
        "i": 1e+19,
        "l": 0.05,
        "a": 40.0,
        "filename": "hist_1e19_005_40"
    }
}