{
    "3exp": {
        "a1": 144130419893199.28,
        "b1": -0.44983517920057414,
        "a2": 93569662845429.75,
        "b2": -0.239542842687312,
        "a3": 6322226270640.887,
        "b3": -0.04662186569571645,
        "t_hot": 21.449163071392885,
        "n_hot": 6322226270640.887,
        "start_index": 0,
        "end_index": 323,
        "a1_stdev": 1.2323887185787032e+19,
        "b1_stdev": 39643.084260287265,
        "a2_stdev": 1.9032910484387766e+19,
        "b2_stdev": 12623.573649544905,
        "a3_stdev": 2.5029844681140157e+17,
        "b3_stdev": 951.8141586329644,
        "t_hot_stdev": 437897.90042775637,
        "n_hot_stdev": 2.5029844681140157e+17
    },
    "2exp": null,
    "2nlsq": null,
    "1nlsq": null,
    "true_params": {
        "t_hot": 18.1601,
        "t_hot_stdev": 1.6525
    },
    "histogram": {
        "i": 1e+17,
        "l": 0.1,
        "a": 10.0,
        "filename": "hist_1e17_010_10"
    }
}