{
    "3exp": {
        "a1": 2654588064929486.0,
        "b1": -1.1267417300738205,
        "a2": 172117754627801.38,
        "b2": -0.3374798504878874,
        "a3": 31054582119704.85,
        "b3": -0.12077034564405148,
        "t_hot": 8.280178339037938,
        "n_hot": 31054582119704.85,
        "start_index": 0,
        "end_index": 327,
        "a1_stdev": 1.6058693754201856e+20,
        "b1_stdev": 20068.7977875801,
        "a2_stdev": 4.3556994488339794e+18,
        "b2_stdev": 3675.5356867577,
        "a3_stdev": 3.5322537906155725e+17,
        "b3_stdev": 329.8665949242079,
        "t_hot_stdev": 22616.10016513322,
        "n_hot_stdev": 3.5322537906155725e+17,
        "critical_energy": 3.4663601213380053,
        "mswe": 2.1162273830609805e+19,
        "mse": 9.347984120090574e+21
    },
    "2exp": {
        "a0": 14034941507.334785,
        "a1": 339004508091247.1,
        "b1": -0.4226178142636282,
        "a2": 35525153565524.11,
        "b2": -0.12584486133829356,
        "a0_stdev": 2244641793574158.5,
        "a1_stdev": 8.980757181822356e+18,
        "b1_stdev": 4356.23676539652,
        "a2_stdev": 4.7774483566487674e+17,
        "b2_stdev": 584.3871362723114,
        "t_hot": 7.946291881651176,
        "n_hot": 35525153565524.11,
        "t_hot_stdev": 36900.28108671771,
        "n_hot_stdev": 4.7774483566487674e+17,
        "start_index": 25,
        "end_index": 327,
        "mswe": 2.0682523928784925e+19,
        "mse": 2.774163331587906e+20
    },
    "2nlsq": {
        "a1": 590667872562458.1,
        "b1": -0.5337394049447739,
        "a2": 50374788640483.27,
        "b2": -0.14307205427759564,
        "a0": -77630443769.26694,
        "a1_stdev": 348480402567823.94,
        "b1_stdev": 0.09076518794672003,
        "a2_stdev": 6291669555401.615,
        "b2_stdev": 0.006023812082662059,
        "a0_stdev": 19803955908.54755,
        "start_index": 25,
        "end_index": 327,
        "t_hot": 6.9894851587141495,
        "n_hot": 50374788640483.27,
        "t_hot_stdev": 0.2942807060626836,
        "n_hot_stdev": 6291669555401.615,
        "mswe": 1.0025001492998146e+19,
        "mse": 2.9302045366386436e+20
    },
    "1nlsq": null,
    "true_params": {
        "t_hot": 7.0572,
        "t_hot_stdev": 0.198
    },
    "histogram": {
        "i": 1e+18,
        "l": 0.02,
        "a": 1.0,
        "filename": "hist_1e18_002_1"
    }
}