{
    "3exp": {
        "a1": 4958161917516665.0,
        "b1": -0.03184872323908847,
        "a2": 1082115533319954.1,
        "b2": -0.00883714640375966,
        "a3": 148953179675789.94,
        "b3": -0.004686585792564361,
        "t_hot": 213.3749480456709,
        "n_hot": 148953179675789.94,
        "start_index": 0,
        "end_index": 535,
        "critical_energy": 129.045747986177,
        "mse": 259634517.0158209
    },
    "2exp": {
        "a1": 1117134069201465.8,
        "b1": -0.009569964375467784,
        "a2": 228631987401536.72,
        "b2": -0.0050870027039572035,
        "a1_stdev": 12641692691957.87,
        "b1_stdev": 0.0011326669472388467,
        "a2_stdev": 3753811197117.049,
        "b2_stdev": 0.0015727467423683938,
        "t_hot": 196.579411924058,
        "n_hot": 228631987401536.72,
        "t_hot_stdev": 60.776383995186855,
        "n_hot_stdev": 3753811197117.049,
        "start_index": 51,
        "end_index": 535,
        "mse": 236760742.3198179
    },
    "nlsq": {
        "a1": 996554498288012.2,
        "b1": -0.01159516397212122,
        "a2": 503650231642014.4,
        "b2": -0.0060599044136878675,
        "a0": -36972073842.03646,
        "a1_stdev": 117061567386115.12,
        "b1_stdev": 0.0014694699809681376,
        "a2_stdev": 99770926650002.28,
        "b2_stdev": 0.00022598939275893278,
        "a0_stdev": 9626100.22332851,
        "start_index": 51,
        "end_index": 535,
        "t_hot": 165.01910454911473,
        "n_hot": 503650231642014.4,
        "t_hot_stdev": 6.153986050744024,
        "n_hot_stdev": 99770926650002.28,
        "mse": 172679962.64266378
    },
    "true_params": {
        "t_hot": 206.385,
        "t_hot_stdev": 8.0474
    },
    "histogram": {
        "i": 1e+19,
        "l": 0.1,
        "a": 2.0,
        "filename": "hist_1e19_010_2"
    }
}