{
    "3exp": {
        "a1": 428930397466905.2,
        "b1": -0.1508524078115182,
        "a2": 51439740569513.266,
        "b2": -0.05950088006544239,
        "a3": 20600927135399.438,
        "b3": -0.016779091689722556,
        "t_hot": 59.597981731783186,
        "n_hot": 20600927135399.438,
        "start_index": 0,
        "end_index": 617,
        "critical_energy": 22.64401797882511,
        "mse": 45942261.89397414
    },
    "2exp": {
        "a1": 99632840962909.23,
        "b1": -0.06964095933699029,
        "a2": 20534549837400.543,
        "b2": -0.01678732435009393,
        "a1_stdev": 1124837149376.8962,
        "b1_stdev": 0.000697117993178916,
        "a2_stdev": 78566003243.0914,
        "b2_stdev": 0.002014080766263504,
        "t_hot": 59.56875432590333,
        "n_hot": 20534549837400.543,
        "t_hot_stdev": 7.146837688723547,
        "n_hot_stdev": 78566003243.0914,
        "start_index": 45,
        "end_index": 617,
        "mse": 44654081.33761453
    },
    "nlsq": {
        "a1": 96759672967020.53,
        "b1": -0.06794160885571662,
        "a2": 19871339048508.223,
        "b2": -0.016469744565063674,
        "a0": -30838120922.851746,
        "a1_stdev": 11838527473109.42,
        "b1_stdev": 0.003484456053359345,
        "a2_stdev": 567054092586.7659,
        "b2_stdev": 0.0001984732569821611,
        "a0_stdev": 13292677.387724817,
        "start_index": 45,
        "end_index": 617,
        "t_hot": 60.717395831459505,
        "n_hot": 19871339048508.223,
        "t_hot_stdev": 0.7316919372087584,
        "n_hot_stdev": 567054092586.7659,
        "mse": 37351725.27857227
    },
    "true_params": {
        "t_hot": 56.8816,
        "t_hot_stdev": 0.5808
    },
    "histogram": {
        "i": 1e+18,
        "l": 5.0,
        "a": 50.0,
        "filename": "hist_1e18_500_50"
    }
}