{
    "3exp": {
        "a1": 625598953023163.1,
        "b1": -0.09305301405264198,
        "a2": 83175431982277.14,
        "b2": -0.01309347383316615,
        "a3": 5610945094191.57,
        "b3": -0.0036709519346240283,
        "t_hot": 272.4089058666517,
        "n_hot": 5610945094191.57,
        "start_index": 0,
        "end_index": 694,
        "critical_energy": 52.739780585007416,
        "mse": 648225395.2266519
    },
    "2exp": {
        "a1": 83095484716456.53,
        "b1": -0.012883363846047852,
        "a2": 5073767172817.394,
        "b2": -0.0035843850484829913,
        "a1_stdev": 448857436676.23083,
        "b1_stdev": 0.00041033185861651263,
        "a2_stdev": 111181786122.20929,
        "b2_stdev": 0.0006899492678605433,
        "t_hot": 278.98788396721693,
        "n_hot": 5073767172817.394,
        "t_hot_stdev": 53.70167648886088,
        "n_hot_stdev": 111181786122.20929,
        "start_index": 52,
        "end_index": 694,
        "mse": 654004842.1209753
    },
    "nlsq": {
        "a1": 88936451441733.44,
        "b1": -0.014337398305202798,
        "a2": 8606143137284.768,
        "b2": -0.003916679137295386,
        "a0": -395263284135.2673,
        "a1_stdev": 3306741715965.7793,
        "b1_stdev": 0.000688262082019303,
        "a2_stdev": 1896267648175.1353,
        "b2_stdev": 0.0005542356649002203,
        "a0_stdev": 113631772.10517074,
        "start_index": 52,
        "end_index": 694,
        "t_hot": 255.31833600506206,
        "n_hot": 8606143137284.768,
        "t_hot_stdev": 36.1292111905544,
        "n_hot_stdev": 1896267648175.1353,
        "mse": 144900689.7210283
    },
    "true_params": {
        "t_hot": 188.2092,
        "t_hot_stdev": 9.6953
    },
    "histogram": {
        "i": 1e+18,
        "l": 0.5,
        "a": 10.0,
        "filename": "hist_1e18_050_10"
    }
}