{
    "3exp": {
        "a1": 4499422059524950.0,
        "b1": -0.017509008955834782,
        "a2": 882211046427997.9,
        "b2": -0.002504411803165616,
        "a3": 22476509861982.14,
        "b3": -0.0008638289945814756,
        "t_hot": 1157.6365302307306,
        "n_hot": 22476509861982.14,
        "start_index": 0,
        "end_index": 733,
        "a1_stdev": 5.119837709870728e+18,
        "b1_stdev": 9.17241981495576,
        "a2_stdev": 1.4386132598963035e+17,
        "b2_stdev": 0.4706046074440582,
        "a3_stdev": 7.376769154999026e+16,
        "b3_stdev": 0.9181360518295063,
        "t_hot_stdev": 1230414.6306580163,
        "n_hot_stdev": 7.376769154999026e+16,
        "critical_energy": 108.5849163871761,
        "mswe": 1.8882287144556484e+16,
        "mse": 3.2244846910820347e+18
    },
    "2exp": {
        "a0": 1015707575945.2386,
        "a1": 511038740356591.56,
        "b1": -0.005724799137866115,
        "a2": 714300804664188.6,
        "b2": -0.002206995023711262,
        "a0_stdev": 733204776180532.4,
        "a1_stdev": 1.1465710381390847e+18,
        "b1_stdev": 14.256579692353032,
        "a2_stdev": 6.582016731308172e+17,
        "b2_stdev": 0.5896021858283553,
        "t_hot": 453.10478241061435,
        "n_hot": 714300804664188.6,
        "t_hot_stdev": 121047.65404923298,
        "n_hot_stdev": 6.582016731308172e+17,
        "start_index": 25,
        "end_index": 733,
        "mswe": 3.6616038672475016e+16,
        "mse": 5.625655864162434e+17
    },
    "2nlsq": {
        "a1": 927064750192049.5,
        "b1": -0.0027422145619871072,
        "a2": 65386429944290.74,
        "b2": -0.0011489580812658333,
        "a0": -356188405350.16205,
        "a1_stdev": 9241779004110.941,
        "b1_stdev": 3.931425139180024e-05,
        "a2_stdev": 13424285313058.69,
        "b2_stdev": 8.220278052943339e-05,
        "a0_stdev": 99524286540.0944,
        "start_index": 25,
        "end_index": 733,
        "t_hot": 870.353772087383,
        "n_hot": 65386429944290.74,
        "t_hot_stdev": 62.26989589649809,
        "n_hot_stdev": 13424285313058.69,
        "mswe": 1.2982570050261128e+16,
        "mse": 9.346431085217217e+17
    },
    "1nlsq": null,
    "true_params": {
        "t_hot": 625.9867,
        "t_hot_stdev": 9.5873
    },
    "histogram": {
        "i": 1e+19,
        "l": 0.6,
        "a": 25.0,
        "filename": "hist_1e19_060_25"
    }
}