{
    "3exp": {
        "a1": 230487305407298.7,
        "b1": -0.16479405003770736,
        "a2": 14589421955734.385,
        "b2": -0.05595679496997268,
        "a3": 4706892079122.079,
        "b3": -0.009421159892829776,
        "t_hot": 106.14404291780215,
        "n_hot": 4706892079122.079,
        "start_index": 0,
        "end_index": 438,
        "a1_stdev": 3.1580459872106353e+18,
        "b1_stdev": 1433.1498935623567,
        "a2_stdev": 6.511802993279095e+17,
        "b2_stdev": 953.0166442488495,
        "a3_stdev": 1.5138204085288388e+16,
        "b3_stdev": 13.491500574769658,
        "t_hot_stdev": 152002.77166761569,
        "n_hot_stdev": 1.5138204085288388e+16,
        "critical_energy": 25.35803611095448,
        "mswe": 8.386466611193701e+17,
        "mse": 2.2443848775138566e+19
    },
    "2exp": {
        "a0": 33933609955.18166,
        "a1": 16435787071829.072,
        "b1": -0.05854636496281343,
        "a2": 4811254471396.592,
        "b2": -0.00979391938782912,
        "a0_stdev": 4160047645600121.0,
        "a1_stdev": 9.216119900245549e+17,
        "b1_stdev": 1466.3131224747328,
        "a2_stdev": 4.183852852423323e+16,
        "b2_stdev": 78.57567339251679,
        "t_hot": 102.10416896454117,
        "n_hot": 4811254471396.592,
        "t_hot_stdev": 819171.9285072102,
        "n_hot_stdev": 4.183852852423323e+16,
        "start_index": 42,
        "end_index": 438,
        "mswe": 8.809456310390461e+17,
        "mse": 7.068026428293472e+17
    },
    "2nlsq": null,
    "1nlsq": null,
    "true_params": {
        "t_hot": 100.7455,
        "t_hot_stdev": 2.8536
    },
    "histogram": {
        "i": 1e+17,
        "l": 1.0,
        "a": 20.0,
        "filename": "hist_1e17_100_20"
    }
}