{
    "3exp": {
        "a1": 3803867726025422.5,
        "b1": -2.000467063987108,
        "a2": 73034348143488.84,
        "b2": -0.43785273305535405,
        "a3": 1306294875876.49,
        "b3": -0.13517453852138636,
        "t_hot": 7.397842899547144,
        "n_hot": 1306294875876.49,
        "start_index": 0,
        "end_index": 569,
        "a1_stdev": 1.4856414330314738e+19,
        "b1_stdev": 2185.314973869457,
        "a2_stdev": 1.7445022424359862e+17,
        "b2_stdev": 552.1631199429919,
        "a3_stdev": 1.7937828782215416e+16,
        "b3_stdev": 594.1427199384709,
        "t_hot_stdev": 32516.29005057812,
        "n_hot_stdev": 1.7937828782215416e+16,
        "critical_energy": 2.5296349326097407,
        "mswe": 4.2850967670102026e+18,
        "mse": 2.0626231157597844e+20
    },
    "2exp": {
        "a0": 64706740572.984055,
        "a1": 784331237248782.5,
        "b1": -1.3870771682515006,
        "a2": 52647254549166.484,
        "b2": -0.3759651622443305,
        "a0_stdev": 135459136798871.98,
        "a1_stdev": 4.518480122911245e+19,
        "b1_stdev": 16306.326187007704,
        "a2_stdev": 2.151849328559369e+17,
        "b2_stdev": 422.9088364172115,
        "t_hot": 2.6598209100824204,
        "n_hot": 52647254549166.484,
        "t_hot_stdev": 2991.9308465876015,
        "n_hot_stdev": 2.151849328559369e+17,
        "start_index": 42,
        "end_index": 569,
        "mswe": 6.357473721488289e+18,
        "mse": 7.837217449155361e+19
    },
    "2nlsq": {
        "a1": 529068281058240.3,
        "b1": -1.2530013351216822,
        "a2": 48612689588872.4,
        "b2": -0.36545426563994926,
        "a0": 8215490107.576681,
        "a1_stdev": 381731469566908.6,
        "b1_stdev": 0.20779696986876722,
        "a2_stdev": 3445571412645.9585,
        "b2_stdev": 0.006976105549053338,
        "a0_stdev": 2199881944.3479824,
        "start_index": 42,
        "end_index": 569,
        "t_hot": 2.7363205030563638,
        "n_hot": 48612689588872.4,
        "t_hot_stdev": 0.05223324076388409,
        "n_hot_stdev": 3445571412645.9585,
        "mswe": 2.4053824087278484e+18,
        "mse": 8.110467883217299e+19
    },
    "1nlsq": null,
    "true_params": {
        "t_hot": 2.8198,
        "t_hot_stdev": 0.0397
    },
    "histogram": {
        "i": 1e+17,
        "l": 0.2,
        "a": 3.0,
        "filename": "hist_1e17_020_3"
    }
}