{
    "3exp": {
        "a1": 1.2159558515361384e+16,
        "b1": -0.050423459739648825,
        "a2": 2396206548134468.5,
        "b2": -0.017528697974464293,
        "a3": 934623623129785.6,
        "b3": -0.005965031418970892,
        "t_hot": 167.64371044545538,
        "n_hot": 934623623129785.6,
        "start_index": 0,
        "end_index": 297,
        "a1_stdev": 4.862738011875901e+20,
        "b1_stdev": 977.7406270181785,
        "a2_stdev": 6.119572365006865e+19,
        "b2_stdev": 191.3120948708631,
        "a3_stdev": 4.948147280345833e+18,
        "b3_stdev": 8.81256526800985,
        "t_hot_stdev": 247671.97962668928,
        "n_hot_stdev": 4.948147280345833e+18
    },
    "2exp": null,
    "2nlsq": null,
    "1nlsq": null,
    "true_params": {
        "t_hot": 181.733,
        "t_hot_stdev": 7.2255
    },
    "histogram": {
        "i": 1e+19,
        "l": 0.05,
        "a": 1.0,
        "filename": "hist_1e19_005_1"
    }
}