{
    "3exp": {
        "a1": 1646385078173499.8,
        "b1": -2.3568865391197154,
        "a2": 26550553969894.35,
        "b2": -0.39427895169640736,
        "a3": -461761000527.6153,
        "b3": -0.14819217252953368,
        "t_hot": 6.747994735016837,
        "n_hot": -461761000527.6153,
        "start_index": 0,
        "end_index": 484,
        "a1_stdev": 7.402751058883507e+18,
        "b1_stdev": 2743.3538161108804,
        "a2_stdev": 3.3022942703693844e+16,
        "b2_stdev": 801.1182531999511,
        "a3_stdev": 3.342839993507914e+16,
        "b3_stdev": 3727.73386650238,
        "t_hot_stdev": 169743.97551050715,
        "n_hot_stdev": 3.342839993507914e+16,
        "critical_energy": 2.1029607322191843,
        "mswe": 2.388950291423422e+18,
        "mse": 1.924858675165068e+20
    },
    "2exp": {
        "a0": -35696877006.976746,
        "a1": 8892962998299608.0,
        "b1": -2.8706368502221187,
        "a2": 26427844168549.113,
        "b2": -0.40545892197079725,
        "a0_stdev": 130338225029990.2,
        "a1_stdev": 8.028436840302231e+20,
        "b1_stdev": 30268.948286702383,
        "a2_stdev": 3.666530409505833e+16,
        "b2_stdev": 210.34360740648972,
        "t_hot": 2.4663410910761114,
        "n_hot": 26427844168549.113,
        "t_hot_stdev": 1279.486167600405,
        "n_hot_stdev": 3.666530409505833e+16,
        "start_index": 41,
        "end_index": 484,
        "mswe": 2.640442492797453e+18,
        "mse": 1.03902564331329e+20
    },
    "2nlsq": {
        "a1": 1.3646488323963298e+19,
        "b1": -5.398932312018743,
        "a2": 29543918290734.945,
        "b2": -0.42687298121494816,
        "a0": -21386273720.593327,
        "a1_stdev": 4.9437345958247285e+19,
        "b1_stdev": 1.225932959679805,
        "a2_stdev": 528566694714.44025,
        "b2_stdev": 0.0030519662211708153,
        "a0_stdev": 1886267785.9548473,
        "start_index": 41,
        "end_index": 484,
        "t_hot": 2.3426172280893525,
        "n_hot": 29543918290734.945,
        "t_hot_stdev": 0.016748749543512097,
        "n_hot_stdev": 528566694714.44025,
        "mswe": 2.2882065070271265e+18,
        "mse": 1.0618310624993118e+20
    },
    "1nlsq": null,
    "true_params": {
        "t_hot": 2.3174,
        "t_hot_stdev": 0.0177
    },
    "histogram": {
        "i": 1e+17,
        "l": 0.05,
        "a": 1.0,
        "filename": "hist_1e17_005_1"
    }
}