{
    "3exp": {
        "a1": 1036868279311709.1,
        "b1": -0.30050418347635005,
        "a2": 119964711631299.67,
        "b2": -0.0843928340954423,
        "a3": 22617077584970.58,
        "b3": -0.0164703030039947,
        "t_hot": 60.715337159095405,
        "n_hot": 22617077584970.58,
        "start_index": 0,
        "end_index": 407,
        "a1_stdev": 2.6485344466578223e+19,
        "b1_stdev": 4124.3975708831085,
        "a2_stdev": 3.0640500240563005e+18,
        "b2_stdev": 1121.585913325775,
        "a3_stdev": 2.2125283119246442e+17,
        "b3_stdev": 88.35104136732222,
        "t_hot_stdev": 325693.0527430557,
        "n_hot_stdev": 2.2125283119246442e+17
    },
    "2exp": null,
    "2nlsq": null,
    "1nlsq": null,
    "true_params": {
        "t_hot": 57.1452,
        "t_hot_stdev": 1.7542
    },
    "histogram": {
        "i": 1e+17,
        "l": 0.1,
        "a": 30.0,
        "filename": "hist_1e17_010_30"
    }
}