{
    "3exp": {
        "a1": 542297537192346.56,
        "b1": -0.59004800681781,
        "a2": 158844249459418.1,
        "b2": -0.24963358202207173,
        "a3": 19632332774563.918,
        "b3": -0.04341645570195758,
        "t_hot": 23.032741476290326,
        "n_hot": 19632332774563.918,
        "start_index": 0,
        "end_index": 458,
        "a1_stdev": 2.0489320771179147e+19,
        "b1_stdev": 21636.418365937196,
        "a2_stdev": 1.1670276516019282e+19,
        "b2_stdev": 5584.3610456757115,
        "a3_stdev": 1.6067150339638976e+17,
        "b3_stdev": 173.29138489634138,
        "t_hot_stdev": 91932.32390468456,
        "n_hot_stdev": 1.6067150339638976e+17
    },
    "2exp": null,
    "2nlsq": null,
    "1nlsq": null,
    "true_params": {
        "t_hot": 21.7997,
        "t_hot_stdev": 0.4939
    },
    "histogram": {
        "i": 1e+17,
        "l": 0.05,
        "a": 20.0,
        "filename": "hist_1e17_005_20"
    }
}