{
    "3exp": {
        "a1": 1392168254586901.2,
        "b1": -0.22349398260509268,
        "a2": 139614192168020.58,
        "b2": -0.07041913928890843,
        "a3": 27277990659793.965,
        "b3": -0.016706110190148997,
        "t_hot": 59.85833857301292,
        "n_hot": 27277990659793.965,
        "start_index": 0,
        "end_index": 496,
        "a1_stdev": 9.83493514601732e+18,
        "b1_stdev": 949.8765200675512,
        "a2_stdev": 1.6423414047783752e+18,
        "b2_stdev": 367.9101857599971,
        "a3_stdev": 8.72875298582587e+16,
        "b3_stdev": 20.929644263343622,
        "t_hot_stdev": 74991.34857057751,
        "n_hot_stdev": 8.72875298582587e+16
    },
    "2exp": null,
    "2nlsq": null,
    "1nlsq": null,
    "true_params": {
        "t_hot": 57.6938,
        "t_hot_stdev": 1.1217
    },
    "histogram": {
        "i": 1e+18,
        "l": 0.5,
        "a": 50.0,
        "filename": "hist_1e18_050_50"
    }
}