{
    "3exp": {
        "a1": 1483355359634641.0,
        "b1": -0.007590518240854705,
        "a2": 457386405185098.9,
        "b2": -0.001602026568859291,
        "a3": 16823915748612.984,
        "b3": -0.0007874028252959862,
        "t_hot": 1269.997983083307,
        "n_hot": 16823915748612.984,
        "start_index": 0,
        "end_index": 675,
        "a1_stdev": 5.013922907054909e+17,
        "b1_stdev": 2.3503821122288118,
        "a2_stdev": 8.906889682630443e+16,
        "b2_stdev": 0.550201487548829,
        "a3_stdev": 1.615312453872385e+17,
        "b3_stdev": 1.7566935113177022,
        "t_hot_stdev": 2833361.964926121,
        "n_hot_stdev": 1.615312453872385e+17
    },
    "2exp": null,
    "2nlsq": null,
    "1nlsq": null,
    "true_params": {
        "t_hot": 739.8149,
        "t_hot_stdev": 3.4586
    },
    "histogram": {
        "i": 1e+19,
        "l": 5.0,
        "a": 1.0,
        "filename": "hist_1e19_500_1"
    }
}