{
    "3exp": {
        "a1": 1538858653521407.0,
        "b1": -0.008864591334127576,
        "a2": 548408520440140.1,
        "b2": -0.0016609106218937683,
        "a3": 1148461040472.3955,
        "b3": -0.0004270640625614044,
        "t_hot": 2341.569070462859,
        "n_hot": 1148461040472.3955,
        "start_index": 0,
        "end_index": 795,
        "a1_stdev": 2.4759302546491757e+17,
        "b1_stdev": 0.9687956580308724,
        "a2_stdev": 2.552806189482385e+16,
        "b2_stdev": 0.052952269484539384,
        "a3_stdev": 3576572034116172.5,
        "b3_stdev": 0.5540380068815454,
        "t_hot_stdev": 3037760.313976743,
        "n_hot_stdev": 3576572034116172.5,
        "critical_energy": 143.22897464454707,
        "mswe": 531871147287010.0,
        "mse": 8.592447670095035e+16
    },
    "2exp": {
        "a0": 209044818624.23038,
        "a1": 1102374053333487.8,
        "b1": -0.007753336838992427,
        "a2": 536826671589416.75,
        "b2": -0.0016440604979095653,
        "a0_stdev": 54392169143624.984,
        "a1_stdev": 1.7831660514254577e+18,
        "b1_stdev": 4.724481637096629,
        "a2_stdev": 4.72591106606372e+16,
        "b2_stdev": 0.05518850569762443,
        "t_hot": 608.2501229556377,
        "n_hot": 536826671589416.75,
        "t_hot_stdev": 20417.992780071327,
        "n_hot_stdev": 4.72591106606372e+16,
        "start_index": 25,
        "end_index": 795,
        "mswe": 1454645754898041.0,
        "mse": 9.597010010503642e+16
    },
    "2nlsq": {
        "a1": 2799900112870971.5,
        "b1": -0.010344991257246217,
        "a2": 542835027001680.75,
        "b2": -0.0016387382379636235,
        "a0": -2514976724.3753576,
        "a1_stdev": 415076978315790.56,
        "b1_stdev": 0.0004203774478872458,
        "a2_stdev": 2501833489156.713,
        "b2_stdev": 3.1620179749374018e-06,
        "a0_stdev": 3647883529.5537033,
        "start_index": 25,
        "end_index": 795,
        "t_hot": 610.2255850468523,
        "n_hot": 542835027001680.75,
        "t_hot_stdev": 1.1774572802320067,
        "n_hot_stdev": 2501833489156.713,
        "mswe": 240779114587784.22,
        "mse": 6.9716127309743496e+16
    },
    "1nlsq": null,
    "true_params": {
        "t_hot": 642.3659,
        "t_hot_stdev": 2.0588
    },
    "histogram": {
        "i": 1e+19,
        "l": 5.0,
        "a": 0.0,
        "filename": "hist_1e19_500_0"
    }
}