{
    "3exp": {
        "a1": 3525044045134212.0,
        "b1": -0.019997174607944715,
        "a2": 793512375387907.5,
        "b2": -0.0024260347472225396,
        "a3": 889366484906.2208,
        "b3": -3.643184529571519e-05,
        "t_hot": 27448.513570560524,
        "n_hot": 889366484906.2208,
        "start_index": 0,
        "end_index": 571,
        "a1_stdev": 1.0961708848633549e+19,
        "b1_stdev": 23.614139198573426,
        "a2_stdev": 1.6936612369049286e+17,
        "b2_stdev": 0.3628240969572537,
        "a3_stdev": 1.139832861080724e+16,
        "b3_stdev": 4.004446953293218,
        "t_hot_stdev": 3017034016.473112,
        "n_hot_stdev": 1.139832861080724e+16
    },
    "2exp": null,
    "2nlsq": null,
    "1nlsq": null,
    "true_params": {
        "t_hot": 522.5313,
        "t_hot_stdev": 9.2643
    },
    "histogram": {
        "i": 1e+19,
        "l": 0.8,
        "a": 20.0,
        "filename": "hist_1e19_080_20"
    }
}