{
    "3exp": {
        "a1": 359646731701847.44,
        "b1": -0.030395856382511584,
        "a2": 31437444933467.305,
        "b2": -0.006028884222578426,
        "a3": 3184527880741.5557,
        "b3": -0.003309674869351702,
        "t_hot": 302.14448230556246,
        "n_hot": 3184527880741.5557,
        "start_index": 0,
        "end_index": 698,
        "critical_energy": 174.51031998010305,
        "mse": 106948617.25199197
    },
    "2exp": {
        "a1": 29466919270320.957,
        "b1": -0.005178559540543715,
        "a2": -10276372486.525558,
        "b2": 0.0009131940030730143,
        "a1_stdev": 128494005591.43086,
        "b1_stdev": 0.0011012357733893256,
        "a2_stdev": 6076837850.063227,
        "b2_stdev": 0.0015392654234072166,
        "t_hot": 193.10389156885248,
        "n_hot": 29466919270320.957,
        "t_hot_stdev": 41.06410512642026,
        "n_hot_stdev": 128494005591.43086,
        "start_index": 106,
        "end_index": 698,
        "mse": 59202908.528523676
    },
    "nlsq": null,
    "true_params": {
        "t_hot": 210.4507,
        "t_hot_stdev": 4.2198
    },
    "histogram": {
        "i": 1e+18,
        "l": 2.0,
        "a": 10.0,
        "filename": "hist_1e18_200_10"
    }
}