{
    "3exp": {
        "a1": 7052089780046664.0,
        "b1": -2.066356678361817,
        "a2": 206216574477370.72,
        "b2": -0.7775344698602932,
        "a3": 2087801932775.0022,
        "b3": -0.21035546625766768,
        "t_hot": 4.753857923402307,
        "n_hot": 2087801932775.0022,
        "start_index": 0,
        "end_index": 262,
        "critical_energy": 4.377673579013092,
        "mse": 3556007346.4934464
    },
    "2exp": {
        "a1": 231127582560616.2,
        "b1": -0.7860826602391868,
        "a2": 1818265094986.9204,
        "b2": -0.20033907313056562,
        "a1_stdev": 6021988710124.009,
        "b1_stdev": 0.06392647969001124,
        "a2_stdev": 94987335767.43156,
        "b2_stdev": 0.1281104407704875,
        "t_hot": 4.9915375187359325,
        "n_hot": 1818265094986.9204,
        "t_hot_stdev": 3.1919288716631407,
        "n_hot_stdev": 94987335767.43156,
        "start_index": 60,
        "end_index": 262,
        "mse": 4538696439.016343
    },
    "nlsq": {
        "a1": 1973543630331288.0,
        "b1": -1.257746467461525,
        "a2": 19017072534179.293,
        "b2": -0.4132156397673419,
        "a0": 0.0,
        "a1_stdev": Infinity,
        "b1_stdev": Infinity,
        "a2_stdev": Infinity,
        "b2_stdev": Infinity,
        "a0_stdev": Infinity,
        "start_index": 60,
        "end_index": 262,
        "t_hot": 2.4200439280639108,
        "n_hot": 19017072534179.293,
        "t_hot_stdev": Infinity,
        "n_hot_stdev": Infinity,
        "mse": 1998164652.6121566
    },
    "true_params": {
        "t_hot": 2.7262,
        "t_hot_stdev": 0.1437
    },
    "histogram": {
        "i": 1e+17,
        "l": 0.5,
        "a": 60.0,
        "filename": "hist_1e17_050_60"
    }
}