{
    "3exp": {
        "a1": 292064608368972.2,
        "b1": -0.2602029084915197,
        "a2": 17475367031339.105,
        "b2": -0.06888041918330272,
        "a3": 1911600479685.9165,
        "b3": -0.011796024272656183,
        "t_hot": 84.77432539012773,
        "n_hot": 1911600479685.9165,
        "start_index": 0,
        "end_index": 451,
        "critical_energy": 20.245148263460052,
        "mse": 679342099.5040143
    },
    "2exp": {
        "a1": 15176186961767.277,
        "b1": -0.06472250750910047,
        "a2": 1844582418190.3396,
        "b2": -0.011609775262704451,
        "a1_stdev": 517210116151.094,
        "b1_stdev": 0.001993752862802924,
        "a2_stdev": 40052561869.47973,
        "b2_stdev": 0.006724219372052845,
        "t_hot": 86.13431159278565,
        "n_hot": 1844582418190.3396,
        "t_hot_stdev": 49.887787963582525,
        "n_hot_stdev": 40052561869.47973,
        "start_index": 45,
        "end_index": 451,
        "mse": 747776149.6982138
    },
    "nlsq": {
        "a1": 11573457021047.758,
        "b1": -0.05218554634353722,
        "a2": 1581710097002.2803,
        "b2": -0.005725571925452706,
        "a0": -427532785249.67255,
        "a1_stdev": 2993124083971.949,
        "b1_stdev": 0.00935454547205835,
        "a2_stdev": 106982923119.15321,
        "b2_stdev": 0.0038059434555075015,
        "a0_stdev": 1614752526.744444,
        "start_index": 45,
        "end_index": 451,
        "t_hot": 174.65504110682053,
        "n_hot": 1581710097002.2803,
        "t_hot_stdev": 116.09795830472237,
        "n_hot_stdev": 106982923119.15321,
        "mse": 330040992.51996017
    },
    "true_params": {
        "t_hot": 77.0037,
        "t_hot_stdev": 4.4358
    },
    "histogram": {
        "i": 1e+17,
        "l": 2.0,
        "a": 10.0,
        "filename": "hist_1e17_200_10"
    }
}