{
    "3exp": {
        "a1": 1710399237229842.5,
        "b1": -0.38723246994635785,
        "a2": 107429729473580.03,
        "b2": -0.09842629024628843,
        "a3": 22187692855564.695,
        "b3": -0.04394152756187278,
        "t_hot": 22.75751562327753,
        "n_hot": 22187692855564.695,
        "start_index": 0,
        "end_index": 312,
        "a1_stdev": 2.3686967100595057e+19,
        "b1_stdev": 2053.619233255884,
        "a2_stdev": 8.546230162847698e+17,
        "b2_stdev": 720.3341130362134,
        "a3_stdev": 4.3748525165760134e+17,
        "b3_stdev": 200.4146823887084,
        "t_hot_stdev": 103795.66935111914,
        "n_hot_stdev": 4.3748525165760134e+17
    },
    "2exp": null,
    "2nlsq": null,
    "1nlsq": null,
    "true_params": {
        "t_hot": 18.6441,
        "t_hot_stdev": 0.5828
    },
    "histogram": {
        "i": 1e+18,
        "l": 0.05,
        "a": 4.0,
        "filename": "hist_1e18_005_4"
    }
}