{
    "3exp": {
        "a1": 1586255888178697.2,
        "b1": -0.013625795317357296,
        "a2": 639058589415019.1,
        "b2": -0.003042634234452903,
        "a3": 187330913811327.53,
        "b3": -0.0013828410460910347,
        "t_hot": 723.1489134826913,
        "n_hot": 187330913811327.53,
        "start_index": 0,
        "end_index": 820,
        "critical_energy": 174.4885293333917,
        "mse": 66763797.41046162
    },
    "2exp": {
        "a1": 761823764218671.8,
        "b1": -0.0032377340855771915,
        "a2": 182246125441285.53,
        "b2": -0.0013932184949951424,
        "a1_stdev": 2049574653790.83,
        "b1_stdev": 5.115246160672553e-05,
        "a2_stdev": 756035443600.626,
        "b2_stdev": 8.066547345206142e-05,
        "t_hot": 717.7625071676116,
        "n_hot": 182246125441285.53,
        "t_hot_stdev": 41.55748195620666,
        "n_hot_stdev": 756035443600.626,
        "start_index": 36,
        "end_index": 820,
        "mse": 47693000.25984564
    },
    "nlsq": {
        "a1": 774701945841543.6,
        "b1": -0.003538539690614705,
        "a2": 226387828160830.72,
        "b2": -0.0014593729321040992,
        "a0": -263266223700.65796,
        "a1_stdev": 7611550827021.731,
        "b1_stdev": 5.3683265876787737e-05,
        "a2_stdev": 8104199403068.089,
        "b2_stdev": 1.502283538317065e-05,
        "a0_stdev": 3181449.2993651344,
        "start_index": 36,
        "end_index": 820,
        "t_hot": 685.2258103473366,
        "n_hot": 226387828160830.72,
        "t_hot_stdev": 7.053738165683246,
        "n_hot_stdev": 8104199403068.089,
        "mse": 13745109.434772102
    },
    "true_params": {
        "t_hot": 724.5653,
        "t_hot_stdev": 8.8966
    },
    "histogram": {
        "i": 1e+19,
        "l": 2.0,
        "a": 2.0,
        "filename": "hist_1e19_200_2"
    }
}