{
    "3exp": {
        "a1": 6620981635983781.0,
        "b1": -1.283518682998118,
        "a2": 469652413816857.9,
        "b2": -0.515950363207079,
        "a3": 4518239344793.878,
        "b3": -0.11835907863896655,
        "t_hot": 8.448866039675108,
        "n_hot": 4518239344793.878,
        "start_index": 0,
        "end_index": 239,
        "a1_stdev": 1.1846297640630895e+20,
        "b1_stdev": 7606.965473179651,
        "a2_stdev": 7.611445007273902e+18,
        "b2_stdev": 2175.8552050672406,
        "a3_stdev": 8.343178010900464e+16,
        "b3_stdev": 833.3644079077101,
        "t_hot_stdev": 59488.33267047206,
        "n_hot_stdev": 8.343178010900464e+16
    },
    "2exp": null,
    "2nlsq": null,
    "1nlsq": null,
    "true_params": {
        "t_hot": 8.9147,
        "t_hot_stdev": 0.6735
    },
    "histogram": {
        "i": 1e+17,
        "l": 1.0,
        "a": 0.0,
        "filename": "hist_1e17_100_0"
    }
}