{
    "3exp": {
        "a1": 4789429283013675.0,
        "b1": -0.5196998090533215,
        "a2": 162154643670272.88,
        "b2": -0.1201285018359584,
        "a3": 35416769431454.4,
        "b3": -0.04458252572216849,
        "t_hot": 22.43031285916477,
        "n_hot": 35416769431454.4,
        "start_index": 0,
        "end_index": 448,
        "a1_stdev": 4.293690066895391e+19,
        "b1_stdev": 1215.9104105705803,
        "a2_stdev": 4.731451241667459e+17,
        "b2_stdev": 200.56055713036773,
        "a3_stdev": 7.396252928100806e+16,
        "b3_stdev": 22.835473776087728,
        "t_hot_stdev": 11488.959245532551,
        "n_hot_stdev": 7.396252928100806e+16,
        "critical_energy": 8.473121077761629,
        "mswe": 3.0769242858710515e+17,
        "mse": 7.264467532753078e+20
    },
    "2exp": {
        "a0": 26292286553.69523,
        "a1": 214956507496816.0,
        "b1": -0.1393760019339178,
        "a2": 42295109026555.92,
        "b2": -0.04723482689260033,
        "a0_stdev": 157019491742214.16,
        "a1_stdev": 1.0780156172423114e+18,
        "b1_stdev": 334.6978613450945,
        "a2_stdev": 1.0734225611639792e+17,
        "b2_stdev": 34.64983830144872,
        "t_hot": 21.170819621584283,
        "n_hot": 42295109026555.92,
        "t_hot_stdev": 15530.182385657296,
        "n_hot_stdev": 1.0734225611639792e+17,
        "start_index": 27,
        "end_index": 448,
        "mswe": 3.3984034315391136e+17,
        "mse": 1.3536934995334097e+19
    },
    "2nlsq": {
        "a1": 298217249017969.06,
        "b1": -0.17009233577544527,
        "a2": 56345026347485.63,
        "b2": -0.052611018647022785,
        "a0": -4233037639.6440763,
        "a1_stdev": 108558547203536.03,
        "b1_stdev": 0.022785889358655827,
        "a2_stdev": 4875842640155.808,
        "b2_stdev": 0.0013445702376269069,
        "a0_stdev": 5406147705.069505,
        "start_index": 27,
        "end_index": 448,
        "t_hot": 19.00742516903518,
        "n_hot": 56345026347485.63,
        "t_hot_stdev": 0.48576930904286003,
        "n_hot_stdev": 4875842640155.808,
        "mswe": 2.2913593625198573e+17,
        "mse": 1.4025546383628364e+19
    },
    "1nlsq": null,
    "true_params": {
        "t_hot": 19.498,
        "t_hot_stdev": 0.4464
    },
    "histogram": {
        "i": 1e+18,
        "l": 0.05,
        "a": 5.0,
        "filename": "hist_1e18_005_5"
    }
}