{
    "3exp": {
        "a1": 493087974895892.25,
        "b1": -0.2240872639543002,
        "a2": 22875297206437.75,
        "b2": -0.03595418010909497,
        "a3": 4527914511915.275,
        "b3": -0.010728880064741458,
        "t_hot": 93.20637326223087,
        "n_hot": 4527914511915.275,
        "start_index": 0,
        "end_index": 592,
        "a1_stdev": 2.565454765905493e+18,
        "b1_stdev": 592.8944353388258,
        "a2_stdev": 1.0061333768956802e+17,
        "b2_stdev": 253.39055020980896,
        "a3_stdev": 8.301430151916459e+16,
        "b3_stdev": 88.99405749375308,
        "t_hot_stdev": 773129.4683908902,
        "n_hot_stdev": 8.301430151916459e+16
    },
    "2exp": null,
    "2nlsq": null,
    "1nlsq": null,
    "true_params": {
        "t_hot": 63.6784,
        "t_hot_stdev": 1.6201
    },
    "histogram": {
        "i": 1e+17,
        "l": 0.2,
        "a": 20.0,
        "filename": "hist_1e17_020_20"
    }
}