{
    "3exp": {
        "a1": 9047225282601402.0,
        "b1": -0.038260154772445265,
        "a2": 1600308517349313.0,
        "b2": -0.011396516287310901,
        "a3": 605055773042897.5,
        "b3": -0.00455679305921711,
        "t_hot": 219.45258145468804,
        "n_hot": 605055773042897.5,
        "start_index": 0,
        "end_index": 550,
        "a1_stdev": 3.0710943515459756e+19,
        "b1_stdev": 78.74826859895896,
        "a2_stdev": 4.568641852207714e+18,
        "b2_stdev": 19.717871163782092,
        "a3_stdev": 9.284601322935473e+17,
        "b3_stdev": 1.640020108129227,
        "t_hot_stdev": 78982.44262784012,
        "n_hot_stdev": 9.284601322935473e+17,
        "critical_energy": 64.48350915125872,
        "mswe": 2.3279964095966768e+17,
        "mse": 2.765918420304381e+21
    },
    "2exp": {
        "a0": 486091400889.4849,
        "a1": 2368514843114516.5,
        "b1": -0.014913368194799652,
        "a2": 779645693083112.2,
        "b2": -0.004931003440347851,
        "a0_stdev": 1716730698996481.8,
        "a1_stdev": 7.956043346687689e+18,
        "b1_stdev": 29.362768177187878,
        "a2_stdev": 1.1933636499411576e+18,
        "b2_stdev": 2.348410043175609,
        "t_hot": 202.79847947732446,
        "n_hot": 779645693083112.2,
        "t_hot_stdev": 96583.58419472017,
        "n_hot_stdev": 1.1933636499411576e+18,
        "start_index": 27,
        "end_index": 550,
        "mswe": 3.4367572412344256e+17,
        "mse": 6.655465783786766e+18
    },
    "2nlsq": {
        "a1": 2248751270776525.5,
        "b1": -0.014099472076176407,
        "a2": 724070689076428.9,
        "b2": -0.00478627257755706,
        "a0": -314858188448.26733,
        "a1_stdev": 175121099764369.03,
        "b1_stdev": 0.0007005546433315662,
        "a2_stdev": 32333490459163.285,
        "b2_stdev": 6.602710827903375e-05,
        "a0_stdev": 50269143408.05147,
        "start_index": 27,
        "end_index": 550,
        "t_hot": 208.93085042607532,
        "n_hot": 724070689076428.9,
        "t_hot_stdev": 2.8822219504586126,
        "n_hot_stdev": 32333490459163.285,
        "mswe": 1.64281179493795e+17,
        "mse": 6.835555506321033e+18
    },
    "1nlsq": null,
    "true_params": {
        "t_hot": 217.6156,
        "t_hot_stdev": 3.7184
    },
    "histogram": {
        "i": 1e+19,
        "l": 0.02,
        "a": 5.0,
        "filename": "hist_1e19_002_5"
    }
}