{
    "3exp": {
        "a1": 1.2802336767444646e+16,
        "b1": -0.056074319111713455,
        "a2": 2778983722935814.0,
        "b2": -0.018765941413032408,
        "a3": 875070685323494.2,
        "b3": -0.0059073575478184835,
        "t_hot": 169.28042562266916,
        "n_hot": 875070685323494.2,
        "start_index": 0,
        "end_index": 457,
        "a1_stdev": 1.8821935943562376e+20,
        "b1_stdev": 414.9331182282713,
        "a2_stdev": 2.3900309549690266e+19,
        "b2_stdev": 67.12506679317359,
        "a3_stdev": 1.483555203176398e+18,
        "b3_stdev": 2.7995314652389918,
        "t_hot_stdev": 80222.98872949021,
        "n_hot_stdev": 1.483555203176398e+18,
        "critical_energy": 40.943683828334535,
        "mswe": 1.2049748202975345e+18,
        "mse": 1.1139859097060662e+22
    },
    "2exp": {
        "a0": -610570847059.3374,
        "a1": 3259983038749295.5,
        "b1": -0.018853167552556827,
        "a2": 810642281730677.5,
        "b2": -0.005730861565805892,
        "a0_stdev": 5053627694223094.0,
        "a1_stdev": 1.3733404068316795e+19,
        "b1_stdev": 42.69442264138693,
        "a2_stdev": 1.5593539375307812e+18,
        "b2_stdev": 3.795264730956879,
        "t_hot": 174.49383282378707,
        "n_hot": 810642281730677.5,
        "t_hot_stdev": 115558.59130100574,
        "n_hot_stdev": 1.5593539375307812e+18,
        "start_index": 25,
        "end_index": 457,
        "mswe": 8.727592133596835e+17,
        "mse": 1.878724609717096e+19
    },
    "2nlsq": {
        "a1": 3699774787143879.5,
        "b1": -0.020546478162683512,
        "a2": 886031422068736.2,
        "b2": -0.005922522088530387,
        "a0": -790503505323.2808,
        "a1_stdev": 384974988322363.44,
        "b1_stdev": 0.001013710953329067,
        "a2_stdev": 30393673843454.34,
        "b2_stdev": 7.095362159119652e-05,
        "a0_stdev": 92993895794.28828,
        "start_index": 25,
        "end_index": 457,
        "t_hot": 168.84698529645158,
        "n_hot": 886031422068736.2,
        "t_hot_stdev": 2.022838399326517,
        "n_hot_stdev": 30393673843454.34,
        "mswe": 7.489580954291564e+17,
        "mse": 1.926377956641069e+19
    },
    "1nlsq": null,
    "true_params": {
        "t_hot": 172.0094,
        "t_hot_stdev": 1.8476
    },
    "histogram": {
        "i": 1e+19,
        "l": 0.01,
        "a": 20.0,
        "filename": "hist_1e19_001_20"
    }
}