{
    "3exp": {
        "a1": 5680885229177800.0,
        "b1": -3.8781220626053456,
        "a2": 368824103268343.3,
        "b2": -1.8173101724349803,
        "a3": 68111835924724.56,
        "b3": -1.0390506526263403,
        "t_hot": 0.9624169885003829,
        "n_hot": 68111835924724.56,
        "start_index": 0,
        "end_index": 391,
        "critical_energy": 1.55815430850085,
        "mse": 2930624343.0266857
    },
    "2exp": {
        "a1": 4796028456944398.0,
        "b1": -3.2486608969068524,
        "a2": 146299557195053.72,
        "b2": -1.1731201295567248,
        "a1_stdev": 156127394229566.66,
        "b1_stdev": 0.20260850142305073,
        "a2_stdev": 1428816712013.5898,
        "b2_stdev": 0.4075804052131531,
        "t_hot": 0.8524276199896595,
        "n_hot": 146299557195053.72,
        "t_hot_stdev": 0.2961613103523763,
        "n_hot_stdev": 1428816712013.5898,
        "start_index": 45,
        "end_index": 391,
        "mse": 2528985188.255158
    },
    "nlsq": {
        "a1": 6049796132654526.0,
        "b1": -3.423397451854101,
        "a2": 163337173110905.53,
        "b2": -1.2049698763993264,
        "a0": 0.0,
        "a1_stdev": Infinity,
        "b1_stdev": Infinity,
        "a2_stdev": Infinity,
        "b2_stdev": Infinity,
        "a0_stdev": Infinity,
        "start_index": 45,
        "end_index": 391,
        "t_hot": 0.8298962651150962,
        "n_hot": 163337173110905.53,
        "t_hot_stdev": Infinity,
        "n_hot_stdev": Infinity,
        "mse": 2465238710.5902
    },
    "true_params": {
        "t_hot": 0.9169,
        "t_hot_stdev": 0.021
    },
    "histogram": {
        "i": 1e+17,
        "l": 2.0,
        "a": 60.0,
        "filename": "hist_1e17_200_60"
    }
}