{
    "3exp": {
        "a1": 1.335119818674984e+16,
        "b1": -0.030097768831065908,
        "a2": 3109856998160286.0,
        "b2": -0.009178275196507176,
        "a3": 717999893909686.4,
        "b3": -0.0034777945950713596,
        "t_hot": 287.53854566833076,
        "n_hot": 717999893909686.4,
        "start_index": 0,
        "end_index": 594,
        "a1_stdev": 3.1575461308918485e+19,
        "b1_stdev": 48.413617567745504,
        "a2_stdev": 6.090442668341295e+18,
        "b2_stdev": 10.492437926143136,
        "a3_stdev": 1.0855979651757935e+18,
        "b3_stdev": 1.3454238136243206,
        "t_hot_stdev": 111237.50874342209,
        "n_hot_stdev": 1.0855979651757935e+18,
        "critical_energy": 69.64936218117882,
        "mswe": 2.1941554465179344e+17,
        "mse": 3.00340315778507e+21
    },
    "2exp": {
        "a0": 1092702607685.586,
        "a1": 4877701861615743.0,
        "b1": -0.012433524386404503,
        "a2": 1079496103236147.5,
        "b2": -0.003969223627516241,
        "a0_stdev": 2693554989635674.5,
        "a1_stdev": 9.925354640182483e+18,
        "b1_stdev": 14.981383783145176,
        "a2_stdev": 1.4449007234696632e+18,
        "b2_stdev": 1.7166078384602261,
        "t_hot": 251.9384378011864,
        "n_hot": 1079496103236147.5,
        "t_hot_stdev": 108958.2088902274,
        "n_hot_stdev": 1.4449007234696632e+18,
        "start_index": 26,
        "end_index": 594,
        "mswe": 3.5381609209282554e+17,
        "mse": 6.000067338570327e+18
    },
    "2nlsq": {
        "a1": 4379805304383664.5,
        "b1": -0.01120784845313703,
        "a2": 904957413656466.8,
        "b2": -0.0037190101840010163,
        "a0": 57727048408.64106,
        "a1_stdev": 141548684018020.44,
        "b1_stdev": 0.0002470962766589632,
        "a2_stdev": 28852023197930.27,
        "b2_stdev": 3.815283531361562e-05,
        "a0_stdev": 62684653883.82057,
        "start_index": 26,
        "end_index": 594,
        "t_hot": 268.8887501039784,
        "n_hot": 904957413656466.8,
        "t_hot_stdev": 2.7584942478872843,
        "n_hot_stdev": 28852023197930.27,
        "mswe": 2.1600919596798563e+17,
        "mse": 6.999926127167353e+18
    },
    "1nlsq": null,
    "true_params": {
        "t_hot": 297.6995,
        "t_hot_stdev": 5.6262
    },
    "histogram": {
        "i": 1e+19,
        "l": 0.1,
        "a": 40.0,
        "filename": "hist_1e19_010_40"
    }
}