{
    "3exp": {
        "a1": 5.8016366610503176e+16,
        "b1": -0.08549539929359082,
        "a2": 5806941947986416.0,
        "b2": -0.027689509477380796,
        "a3": 1541501933146436.2,
        "b3": -0.009713551415988125,
        "t_hot": 102.94895833402798,
        "n_hot": 1541501933146436.2,
        "start_index": 0,
        "end_index": 386,
        "a1_stdev": 6.391026337082326e+20,
        "b1_stdev": 391.64620381485616,
        "a2_stdev": 5.015247768932565e+19,
        "b2_stdev": 106.38946456441148,
        "a3_stdev": 4.50133775280509e+18,
        "b3_stdev": 7.532453525273349,
        "t_hot_stdev": 79832.61846434398,
        "n_hot_stdev": 4.50133775280509e+18
    },
    "2exp": null,
    "2nlsq": null,
    "1nlsq": null,
    "true_params": {
        "t_hot": 122.0482,
        "t_hot_stdev": 3.4044
    },
    "histogram": {
        "i": 1e+19,
        "l": 0.02,
        "a": 50.0,
        "filename": "hist_1e19_002_50"
    }
}