{
    "3exp": {
        "a1": 2585207745446771.0,
        "b1": -0.7540294351786101,
        "a2": 44620711795452.625,
        "b2": -0.2392975348777834,
        "a3": 3357328959613.215,
        "b3": -0.06800666090253432,
        "t_hot": 14.704441987427943,
        "n_hot": 3357328959613.215,
        "start_index": 0,
        "end_index": 357,
        "a1_stdev": 1.0098925028949176e+19,
        "b1_stdev": 1091.075214595079,
        "a2_stdev": 5.5113779039162106e+17,
        "b2_stdev": 1151.6462812361087,
        "a3_stdev": 2.5615298947384856e+16,
        "b3_stdev": 163.52586154154037,
        "t_hot_stdev": 35357.66221382216,
        "n_hot_stdev": 2.5615298947384856e+16,
        "critical_energy": 7.886363766888103,
        "mswe": 1.6482091331282455e+18,
        "mse": 9.684329840630138e+19
    },
    "2exp": {
        "a0": 46914271196.13977,
        "a1": 56410185898554.266,
        "b1": -0.26520399285212104,
        "a2": 4995341555213.574,
        "b2": -0.08460515334720752,
        "a0_stdev": 844805494783252.5,
        "a1_stdev": 1.6709602804826819e+18,
        "b1_stdev": 3175.1061416372936,
        "a2_stdev": 1.2054141952258371e+17,
        "b2_stdev": 734.4263528015432,
        "t_hot": 11.819610986297043,
        "n_hot": 4995341555213.574,
        "t_hot_stdev": 102601.71449102045,
        "n_hot_stdev": 1.2054141952258371e+17,
        "start_index": 49,
        "end_index": 357,
        "mswe": 2.0451915047695967e+18,
        "mse": 3.840258329570821e+18
    },
    "2nlsq": {
        "a1": 85557585455149.84,
        "b1": -0.3123373254853535,
        "a2": 6433020261995.456,
        "b2": -0.08835611755693439,
        "a0": -25121072094.874702,
        "a1_stdev": 65647667482150.195,
        "b1_stdev": 0.07358882748108853,
        "a2_stdev": 1809873841935.101,
        "b2_stdev": 0.009171482525010143,
        "a0_stdev": 12559177565.720915,
        "start_index": 49,
        "end_index": 357,
        "t_hot": 11.31783545554303,
        "n_hot": 6433020261995.456,
        "t_hot_stdev": 1.174806374154752,
        "n_hot_stdev": 1809873841935.101,
        "mswe": 8.312449127137669e+17,
        "mse": 4.4526702067943506e+18
    },
    "1nlsq": null,
    "true_params": {
        "t_hot": 12.0248,
        "t_hot_stdev": 0.5904
    },
    "histogram": {
        "i": 1e+17,
        "l": 2.0,
        "a": 2.0,
        "filename": "hist_1e17_200_2"
    }
}