{
    "3exp": {
        "a1": 6468950663249156.0,
        "b1": -1.7009324691439933,
        "a2": 158036570859946.8,
        "b2": -0.5261642949342472,
        "a3": 4836612357555.173,
        "b3": -0.1830909822457878,
        "t_hot": 5.461765444338295,
        "n_hot": 4836612357555.173,
        "start_index": 0,
        "end_index": 378,
        "a1_stdev": 3.755466705058238e+19,
        "b1_stdev": 2827.021287590423,
        "a2_stdev": 9.452700862735304e+17,
        "b2_stdev": 1216.106524941882,
        "a3_stdev": 5.808806053459503e+16,
        "b3_stdev": 570.7790154785789,
        "t_hot_stdev": 17026.84132694938,
        "n_hot_stdev": 5.808806053459503e+16,
        "critical_energy": 3.1597235977953124,
        "mswe": 3.8395320438021985e+18,
        "mse": 6.952969350469123e+20
    },
    "2exp": {
        "a0": 75120842105.71689,
        "a1": 1523499418614329.8,
        "b1": -1.1308440763409284,
        "a2": 56807370999969.6,
        "b2": -0.35918878000609605,
        "a0_stdev": 249290168476309.03,
        "a1_stdev": 8.483766052718438e+19,
        "b1_stdev": 12429.568038198478,
        "a2_stdev": 5.308919092773683e+17,
        "b2_stdev": 810.975697389836,
        "t_hot": 2.7840513280593795,
        "n_hot": 56807370999969.6,
        "t_hot_stdev": 6285.825429468413,
        "n_hot_stdev": 5.308919092773683e+17,
        "start_index": 38,
        "end_index": 378,
        "mswe": 6.934051334904205e+18,
        "mse": 5.9090119794367545e+19
    },
    "2nlsq": {
        "a1": 242612011060678.75,
        "b1": -0.6250466839479308,
        "a2": 12254055716058.158,
        "b2": -0.24107828939661796,
        "a0": -5881309065.931346,
        "a1_stdev": 35633937430091.46,
        "b1_stdev": 0.04042975029695171,
        "a2_stdev": 3967020466283.9443,
        "b2_stdev": 0.021035966742005207,
        "a0_stdev": 7168797805.003374,
        "start_index": 38,
        "end_index": 378,
        "t_hot": 4.1480300963759404,
        "n_hot": 12254055716058.158,
        "t_hot_stdev": 0.3619480765795788,
        "n_hot_stdev": 3967020466283.9443,
        "mswe": 2.9711954637292124e+18,
        "mse": 7.641655538191683e+19
    },
    "1nlsq": null,
    "true_params": {
        "t_hot": 4.6485,
        "t_hot_stdev": 0.2327
    },
    "histogram": {
        "i": 1e+17,
        "l": 0.5,
        "a": 0.0,
        "filename": "hist_1e17_050_0"
    }
}