{
    "3exp": {
        "a1": 2157087712338251.0,
        "b1": -0.023241412047296576,
        "a2": 323855636001231.44,
        "b2": -0.007444960817811584,
        "a3": 61639128787083.375,
        "b3": -0.002962427790688943,
        "t_hot": 337.56097047936476,
        "n_hot": 61639128787083.375,
        "start_index": 0,
        "end_index": 617,
        "critical_energy": 175.31536038264667,
        "mse": 81502922.65857525
    },
    "2exp": {
        "a1": 350365775595680.1,
        "b1": -0.008179320618081206,
        "a2": 75666075677951.88,
        "b2": -0.003143761495160305,
        "a1_stdev": 5643498038793.756,
        "b1_stdev": 0.0003790564619068132,
        "a2_stdev": 906803193804.8512,
        "b2_stdev": 0.0006897752884118355,
        "t_hot": 318.0902881912194,
        "n_hot": 75666075677951.88,
        "t_hot_stdev": 69.79245105453337,
        "n_hot_stdev": 906803193804.8512,
        "start_index": 52,
        "end_index": 617,
        "mse": 70249745.81957322
    },
    "nlsq": {
        "a1": 525423021586249.9,
        "b1": -0.010880559553588878,
        "a2": 116452625755365.75,
        "b2": -0.0036109746305013285,
        "a0": 5908415194.321298,
        "a1_stdev": 146501689492101.7,
        "b1_stdev": 0.0011958082379892802,
        "a2_stdev": 9060540465338.348,
        "b2_stdev": 7.972390270322667e-05,
        "a0_stdev": 3794205.2262641,
        "start_index": 52,
        "end_index": 617,
        "t_hot": 276.93354352400013,
        "n_hot": 116452625755365.75,
        "t_hot_stdev": 6.114200496640419,
        "n_hot_stdev": 9060540465338.348,
        "mse": 62811143.02635668
    },
    "true_params": {
        "t_hot": 350.1637,
        "t_hot_stdev": 16.7033
    },
    "histogram": {
        "i": 1e+19,
        "l": 0.2,
        "a": 2.0,
        "filename": "hist_1e19_020_2"
    }
}