{
    "3exp": {
        "a1": 724690160418470.4,
        "b1": -0.09763025664414086,
        "a2": 68344870675270.46,
        "b2": -0.012533644009093379,
        "a3": 2070379990110.4746,
        "b3": -0.002664540468728241,
        "t_hot": 375.2992351725437,
        "n_hot": 2070379990110.4746,
        "start_index": 0,
        "end_index": 665,
        "a1_stdev": 1.4888230377369213e+18,
        "b1_stdev": 75.55078790045802,
        "a2_stdev": 2.3072540228667588e+16,
        "b2_stdev": 3.894627777374056,
        "a3_stdev": 5415718026787175.0,
        "b3_stdev": 3.8668036930673675,
        "t_hot_stdev": 544637.428330446,
        "n_hot_stdev": 5415718026787175.0
    },
    "2exp": null,
    "2nlsq": null,
    "1nlsq": null,
    "true_params": {
        "t_hot": 225.0821,
        "t_hot_stdev": 13.2496
    },
    "histogram": {
        "i": 1e+18,
        "l": 1.0,
        "a": 1.0,
        "filename": "hist_1e18_100_1"
    }
}