{
    "3exp": {
        "a1": 839881322466826.8,
        "b1": -0.10156063896445884,
        "a2": 76701235161816.36,
        "b2": -0.013738967335078841,
        "a3": 4980693775960.25,
        "b3": -0.004445069052351361,
        "t_hot": 224.9683836679698,
        "n_hot": 4980693775960.25,
        "start_index": 0,
        "end_index": 913,
        "critical_energy": 52.79988996557229,
        "mse": 26277566.9992148
    },
    "2exp": {
        "a1": 79188815476814.64,
        "b1": -0.014060110738071951,
        "a2": 5468654928960.69,
        "b2": -0.0046163159646857585,
        "a1_stdev": 302783488118.3346,
        "b1_stdev": 0.00021964652273723153,
        "a2_stdev": 78194930895.6467,
        "b2_stdev": 0.0003679945640354936,
        "t_hot": 216.6229538120604,
        "n_hot": 5468654928960.69,
        "t_hot_stdev": 17.2683304301456,
        "n_hot_stdev": 78194930895.6467,
        "start_index": 48,
        "end_index": 913,
        "mse": 24297568.441260207
    },
    "nlsq": {
        "a1": 78867631708357.6,
        "b1": -0.01378217552308876,
        "a2": 4556476266698.017,
        "b2": -0.004290175305211563,
        "a0": -28056494415.218464,
        "a1_stdev": 1209667654931.926,
        "b1_stdev": 0.000208100852639601,
        "a2_stdev": 463281989421.9457,
        "b2_stdev": 0.00018176262503143308,
        "a0_stdev": 4301969.940093287,
        "start_index": 48,
        "end_index": 913,
        "t_hot": 233.09070815480038,
        "n_hot": 4556476266698.017,
        "t_hot_stdev": 9.875395752053754,
        "n_hot_stdev": 463281989421.9457,
        "mse": 18805361.564104695
    },
    "true_params": {
        "t_hot": 195.0797,
        "t_hot_stdev": 8.7166
    },
    "histogram": {
        "i": 1e+18,
        "l": 1.0,
        "a": 3.0,
        "filename": "hist_1e18_100_3"
    }
}