{
    "3exp": {
        "a1": 3364626124444416.5,
        "b1": -0.03462298865990794,
        "a2": 612634653779652.2,
        "b2": -0.010284656307701711,
        "a3": 91571996564413.97,
        "b3": -0.003161643570222122,
        "t_hot": 316.2911877285853,
        "n_hot": 91571996564413.97,
        "start_index": 0,
        "end_index": 581,
        "critical_energy": 114.55157457209565,
        "mse": 106543655.44294581
    },
    "2exp": {
        "a1": 831504250423890.2,
        "b1": -0.011667950477402749,
        "a2": 100286785503006.84,
        "b2": -0.0032562728211872516,
        "a1_stdev": 7422191839334.453,
        "b1_stdev": 0.00013634885161288696,
        "a2_stdev": 722793386240.0093,
        "b2_stdev": 0.0003250502399953132,
        "t_hot": 307.09957516256134,
        "n_hot": 100286785503006.84,
        "t_hot_stdev": 30.655536587580354,
        "n_hot_stdev": 722793386240.0093,
        "start_index": 39,
        "end_index": 581,
        "mse": 102444995.36066592
    },
    "nlsq": {
        "a1": 930593749293943.5,
        "b1": -0.01248042605025234,
        "a2": 113430748464774.84,
        "b2": -0.0034395896771146806,
        "a0": -34883449885.832596,
        "a1_stdev": 117286053722445.14,
        "b1_stdev": 0.0006644855570093434,
        "a2_stdev": 6525016148826.207,
        "b2_stdev": 7.006318662139004e-05,
        "a0_stdev": 10773992.124376144,
        "start_index": 39,
        "end_index": 581,
        "t_hot": 290.7323529470689,
        "n_hot": 113430748464774.84,
        "t_hot_stdev": 5.922111941705066,
        "n_hot_stdev": 6525016148826.207,
        "mse": 91835557.5639159
    },
    "true_params": {
        "t_hot": 332.9794,
        "t_hot_stdev": 8.9144
    },
    "histogram": {
        "i": 1e+19,
        "l": 0.2,
        "a": 5.0,
        "filename": "hist_1e19_020_5"
    }
}