{
    "3exp": {
        "a1": 3698260051569081.5,
        "b1": -2.507153607279701,
        "a2": 802583613980582.9,
        "b2": -1.5594013574350243,
        "a3": 42358405022713.38,
        "b3": -0.4017506658364578,
        "t_hot": 2.489106017828167,
        "n_hot": 42358405022713.38,
        "start_index": 0,
        "end_index": 528,
        "critical_energy": 2.1228482095293337,
        "mse": 1167980803.6750586
    },
    "2exp": {
        "a1": 1977239979026029.2,
        "b1": -1.764084777807402,
        "a2": 42184763367129.695,
        "b2": -0.4022037702908348,
        "a1_stdev": 23719408126356.9,
        "b1_stdev": 0.015144600737151135,
        "a2_stdev": 181735330112.12167,
        "b2_stdev": 0.04643186538231454,
        "t_hot": 2.4863019043230175,
        "n_hot": 42184763367129.695,
        "t_hot_stdev": 0.2870277303413664,
        "n_hot_stdev": 181735330112.12167,
        "start_index": 36,
        "end_index": 528,
        "mse": 1103272390.6772366
    },
    "nlsq": {
        "a1": 5339321564900925.0,
        "b1": -2.1253626509720274,
        "a2": 49808632209889.91,
        "b2": -0.4270481099916295,
        "a0": 0.0,
        "a1_stdev": Infinity,
        "b1_stdev": Infinity,
        "a2_stdev": Infinity,
        "b2_stdev": Infinity,
        "a0_stdev": Infinity,
        "start_index": 36,
        "end_index": 528,
        "t_hot": 2.341656540804269,
        "n_hot": 49808632209889.91,
        "t_hot_stdev": Infinity,
        "n_hot_stdev": Infinity,
        "mse": 936240538.9097915
    },
    "true_params": {
        "t_hot": 2.3267,
        "t_hot_stdev": 0.0309
    },
    "histogram": {
        "i": 1e+17,
        "l": 0.2,
        "a": 0.0,
        "filename": "hist_1e17_020_0"
    }
}