{
    "3exp": {
        "a1": 1925101919940202.5,
        "b1": -0.17055380202292775,
        "a2": 187459712353436.2,
        "b2": -0.027447494676049164,
        "a3": -28005761425.91379,
        "b3": 0.011179424974671727,
        "t_hot": 36.43319770356329,
        "n_hot": 187459712353436.2,
        "start_index": 0,
        "end_index": 455,
        "a1_stdev": 5.127942984861002e+18,
        "b1_stdev": 226.35498488529922,
        "a2_stdev": 2.3892460808871443e+17,
        "b2_stdev": 21.30513911558653,
        "a3_stdev": 3700359289821196.5,
        "b3_stdev": 600.9258352483889,
        "t_hot_stdev": 28279.970709946527,
        "n_hot_stdev": 2.3892460808871443e+17,
        "critical_energy": 16.27580418397123,
        "mswe": 2.672368889799141e+18,
        "mse": 4.452023520224014e+19
    },
    "2exp": {
        "a0": -600939382162.8221,
        "a1": 986955803253482.6,
        "b1": -0.12983293787439476,
        "a2": 165530942404887.4,
        "b2": -0.025599540674860206,
        "a0_stdev": 2058237310749843.5,
        "a1_stdev": 2.7430621026475155e+19,
        "b1_stdev": 1000.3898719069301,
        "a2_stdev": 2.6904595756584755e+17,
        "b2_stdev": 18.017487977797394,
        "t_hot": 39.06320088711751,
        "n_hot": 165530942404887.4,
        "t_hot_stdev": 27493.49143787978,
        "n_hot_stdev": 2.6904595756584755e+17,
        "start_index": 38,
        "end_index": 455,
        "mswe": 2.020394597465149e+18,
        "mse": 3.838033071550487e+19
    },
    "2nlsq": {
        "a1": 2518685117077701.0,
        "b1": -0.16805531222993997,
        "a2": 179528292909823.2,
        "b2": -0.026729139091309088,
        "a0": -558421114862.3462,
        "a1_stdev": 2130794427473592.5,
        "b1_stdev": 0.029671709425552983,
        "a2_stdev": 4543978240156.952,
        "b2_stdev": 0.0003048627394133517,
        "a0_stdev": 33577737229.39729,
        "start_index": 38,
        "end_index": 455,
        "t_hot": 37.41235348373594,
        "n_hot": 179528292909823.2,
        "t_hot_stdev": 0.42671155745008277,
        "n_hot_stdev": 4543978240156.952,
        "mswe": 1.8074264702418143e+18,
        "mse": 3.94077500554449e+19
    },
    "1nlsq": null,
    "true_params": {
        "t_hot": 36.6248,
        "t_hot_stdev": 0.345
    },
    "histogram": {
        "i": 1e+18,
        "l": 0.05,
        "a": 20.0,
        "filename": "hist_1e18_005_20"
    }
}