{
    "3exp": {
        "a1": 4674665361079667.0,
        "b1": -0.8199464417800169,
        "a2": 269563423884461.7,
        "b2": -0.22315804325471314,
        "a3": 28112308890072.938,
        "b3": -0.0716652534171819,
        "t_hot": 13.953763536964594,
        "n_hot": 28112308890072.938,
        "start_index": 0,
        "end_index": 249,
        "critical_energy": 6.833935449600162,
        "mse": 8454767860.9563465
    },
    "2exp": {
        "a1": 511011779579672.6,
        "b1": -0.2788720835917133,
        "a2": 36251978864956.16,
        "b2": -0.07759505575760668,
        "a1_stdev": 15062996179106.19,
        "b1_stdev": 0.013545014728731038,
        "a2_stdev": 658107451770.8075,
        "b2_stdev": 0.032076348355348304,
        "t_hot": 12.887419053139471,
        "n_hot": 36251978864956.16,
        "t_hot_stdev": 5.32741859534434,
        "n_hot_stdev": 658107451770.8075,
        "start_index": 32,
        "end_index": 249,
        "mse": 8197530396.377591
    },
    "nlsq": {
        "a1": 2.0843010450093236e+16,
        "b1": -0.6255255719930568,
        "a2": 83778597002095.9,
        "b2": -0.10706951404403653,
        "a0": 0.0,
        "a1_stdev": Infinity,
        "b1_stdev": Infinity,
        "a2_stdev": Infinity,
        "b2_stdev": Infinity,
        "a0_stdev": Infinity,
        "start_index": 32,
        "end_index": 249,
        "t_hot": 9.339726708656872,
        "n_hot": 83778597002095.9,
        "t_hot_stdev": Infinity,
        "n_hot_stdev": Infinity,
        "mse": 4043567389.8570333
    },
    "true_params": {
        "t_hot": 11.9644,
        "t_hot_stdev": 0.4702
    },
    "histogram": {
        "i": 1e+18,
        "l": 0.02,
        "a": 10.0,
        "filename": "hist_1e18_002_10"
    }
}