{
    "3exp": {
        "a1": 8016160167798186.0,
        "b1": -2.7304767714930653,
        "a2": 550378621545978.25,
        "b2": -1.2712825761185478,
        "a3": 37626657430917.414,
        "b3": -0.3466547234272493,
        "t_hot": 2.884714767805162,
        "n_hot": 37626657430917.414,
        "start_index": 0,
        "end_index": 482,
        "a1_stdev": 2.0776433346237845e+20,
        "b1_stdev": 21757.52020786219,
        "a2_stdev": 1.5807869322857325e+19,
        "b2_stdev": 7560.65377056481,
        "a3_stdev": 8.809841518530574e+16,
        "b3_stdev": 215.8880805278574,
        "t_hot_stdev": 1796.5297802224209,
        "n_hot_stdev": 8.809841518530574e+16,
        "critical_energy": 1.8356764085491881,
        "mswe": 3.6712099010447754e+18,
        "mse": 2.728669150005982e+22
    },
    "2exp": {
        "a0": 12923362308.238739,
        "a1": 1338196040947133.5,
        "b1": -1.521284611075079,
        "a2": 40924678383272.52,
        "b2": -0.3567038771703129,
        "a0_stdev": 165566498221414.47,
        "a1_stdev": 1.8127845573574554e+19,
        "b1_stdev": 4607.605548718575,
        "a2_stdev": 9.45837892292874e+16,
        "b2_stdev": 268.8327752047623,
        "t_hot": 2.803445838416096,
        "n_hot": 40924678383272.52,
        "t_hot_stdev": 2112.8397337767005,
        "n_hot_stdev": 9.45837892292874e+16,
        "start_index": 26,
        "end_index": 482,
        "mswe": 4.272140404698559e+18,
        "mse": 1.2200733591527588e+20
    },
    "2nlsq": {
        "a1": 1580232927144303.0,
        "b1": -1.5858061624118482,
        "a2": 42992505296208.31,
        "b2": -0.3629386368931914,
        "a0": -9146916060.274782,
        "a1_stdev": 383413029053920.94,
        "b1_stdev": 0.08228381090890227,
        "a2_stdev": 1582647098484.2976,
        "b2_stdev": 0.004368949808639363,
        "a0_stdev": 2646498896.6961603,
        "start_index": 26,
        "end_index": 482,
        "t_hot": 2.7552867023476706,
        "n_hot": 42992505296208.31,
        "t_hot_stdev": 0.03316734039123809,
        "n_hot_stdev": 1582647098484.2976,
        "mswe": 3.046368627844159e+18,
        "mse": 1.2253122699847002e+20
    },
    "1nlsq": null,
    "true_params": {
        "t_hot": 2.7802,
        "t_hot_stdev": 0.0384
    },
    "histogram": {
        "i": 1e+17,
        "l": 0.2,
        "a": 1.0,
        "filename": "hist_1e17_020_1"
    }
}