{
    "3exp": {
        "a1": 751856094060756.5,
        "b1": -0.22521220177961665,
        "a2": 52001438336074.41,
        "b2": -0.04236893130503891,
        "a3": 13592989612040.531,
        "b3": -0.012938275965160614,
        "t_hot": 77.2900502889827,
        "n_hot": 13592989612040.531,
        "start_index": 0,
        "end_index": 625,
        "a1_stdev": 5.554699713660372e+18,
        "b1_stdev": 774.8519225423197,
        "a2_stdev": 2.476946544292718e+17,
        "b2_stdev": 187.18571175913996,
        "a3_stdev": 7.928378209358678e+16,
        "b3_stdev": 26.802469964189054,
        "t_hot_stdev": 160111.3051676514,
        "n_hot_stdev": 7.928378209358678e+16,
        "critical_energy": 14.609635650877562,
        "mswe": 1.7096425655769876e+18,
        "mse": 1.6840262513386855e+20
    },
    "2exp": {
        "a0": 152632011627.5531,
        "a1": 65082902526143.61,
        "b1": -0.05542429110308511,
        "a2": 19954780256202.67,
        "b2": -0.015793683857776145,
        "a0_stdev": 3253469680320430.5,
        "a1_stdev": 4.556027437863786e+17,
        "b1_stdev": 379.06469558550566,
        "a2_stdev": 1.6674351748290198e+17,
        "b2_stdev": 65.65025532959748,
        "t_hot": 63.31645036111332,
        "n_hot": 19954780256202.67,
        "t_hot_stdev": 263190.09359708504,
        "n_hot_stdev": 1.6674351748290198e+17,
        "start_index": 36,
        "end_index": 625,
        "mswe": 1.756655461441089e+18,
        "mse": 5.518429764242951e+18
    },
    "2nlsq": {
        "a1": 63695669132991.734,
        "b1": -0.05007897337080355,
        "a2": 16177421995615.691,
        "b2": -0.013419131009934625,
        "a0": -255420977469.97946,
        "a1_stdev": 5689416651828.231,
        "b1_stdev": 0.004904556034366052,
        "a2_stdev": 2432812231300.1416,
        "b2_stdev": 0.001183926443165999,
        "a0_stdev": 83783852486.43372,
        "start_index": 36,
        "end_index": 625,
        "t_hot": 74.52047373705994,
        "n_hot": 16177421995615.691,
        "t_hot_stdev": 6.574699907858821,
        "n_hot_stdev": 2432812231300.1416,
        "mswe": 1.1637133643767654e+18,
        "mse": 5.849718479876313e+18
    },
    "1nlsq": null,
    "true_params": {
        "t_hot": 65.2683,
        "t_hot_stdev": 1.4144
    },
    "histogram": {
        "i": 1e+17,
        "l": 0.2,
        "a": 30.0,
        "filename": "hist_1e17_020_30"
    }
}