{
    "3exp": {
        "a1": 1051954400023013.9,
        "b1": -0.2777596474345003,
        "a2": 85046578392803.34,
        "b2": -0.04484236774949697,
        "a3": -3680819381.5383277,
        "b3": 0.038075708726148245,
        "t_hot": 22.30033894700437,
        "n_hot": 85046578392803.34,
        "start_index": 0,
        "end_index": 484,
        "critical_energy": NaN,
        "mse": 1718751262.5042624
    },
    "2exp": {
        "a1": 688029918206173.2,
        "b1": -0.2394624431141351,
        "a2": 83119283796129.38,
        "b2": -0.044912516028191046,
        "a1_stdev": 9146778503391.607,
        "b1_stdev": 0.002167793981228813,
        "a2_stdev": 390773945940.54266,
        "b2_stdev": 0.007999873980709069,
        "t_hot": 22.26550833563437,
        "n_hot": 83119283796129.38,
        "t_hot_stdev": 3.9659604171295526,
        "n_hot_stdev": 390773945940.54266,
        "start_index": 25,
        "end_index": 484,
        "mse": 10057715350.41274
    },
    "nlsq": {
        "a1": 1.7048162384632362e+16,
        "b1": -0.5390013168494404,
        "a2": 127200964233050.19,
        "b2": -0.05661098448724407,
        "a0": 0.0,
        "a1_stdev": Infinity,
        "b1_stdev": Infinity,
        "a2_stdev": Infinity,
        "b2_stdev": Infinity,
        "a0_stdev": Infinity,
        "start_index": 25,
        "end_index": 484,
        "t_hot": 17.664416350599346,
        "n_hot": 127200964233050.19,
        "t_hot_stdev": Infinity,
        "n_hot_stdev": Infinity,
        "mse": 3144962221.012118
    },
    "true_params": {
        "t_hot": 22.4994,
        "t_hot_stdev": 0.2693
    },
    "histogram": {
        "i": 1e+17,
        "l": 0.1,
        "a": 50.0,
        "filename": "hist_1e17_010_50"
    }
}