{
    "3exp": {
        "a1": 467283034391697.94,
        "b1": -0.10033197057328813,
        "a2": 68177334029482.336,
        "b2": -0.017882330918238026,
        "a3": 10322790473121.55,
        "b3": -0.0069956216444004874,
        "t_hot": 142.946552977237,
        "n_hot": 10322790473121.55,
        "start_index": 0,
        "end_index": 615,
        "a1_stdev": 1.5161541628183304e+18,
        "b1_stdev": 163.5217103068622,
        "a2_stdev": 6.541124665689314e+16,
        "b2_stdev": 22.017590660048782,
        "a3_stdev": 4.57507705377897e+16,
        "b3_stdev": 8.50220444923935,
        "t_hot_stdev": 173731.63966054472,
        "n_hot_stdev": 4.57507705377897e+16,
        "critical_energy": 23.345438348738305,
        "mswe": 1.2282320354115437e+17,
        "mse": 2.1720796093570683e+19
    },
    "2exp": {
        "a0": 39424627823.8197,
        "a1": 71829244295158.52,
        "b1": -0.022288050374872644,
        "a2": 21437275147856.04,
        "b2": -0.008935128987091612,
        "a0_stdev": 619509273937024.0,
        "a1_stdev": 7.505312152684341e+16,
        "b1_stdev": 42.88576501558958,
        "a2_stdev": 1.1147920430208189e+17,
        "b2_stdev": 15.882647419781442,
        "t_hot": 111.91780235569944,
        "n_hot": 21437275147856.04,
        "t_hot_stdev": 198939.60091458654,
        "n_hot_stdev": 1.1147920430208189e+17,
        "start_index": 29,
        "end_index": 615,
        "mswe": 1.0167162721201547e+17,
        "mse": 9.044017239497317e+17
    },
    "2nlsq": {
        "a1": 75336133300030.45,
        "b1": -0.02039013292499503,
        "a2": 14623073589709.467,
        "b2": -0.007451582364953094,
        "a0": -189455854853.84348,
        "a1_stdev": 2162643156468.0837,
        "b1_stdev": 0.0011093892434754405,
        "a2_stdev": 3035577093604.8267,
        "b2_stdev": 0.0006333516275400731,
        "a0_stdev": 36584309023.25639,
        "start_index": 29,
        "end_index": 615,
        "t_hot": 134.1996841775894,
        "n_hot": 14623073589709.467,
        "t_hot_stdev": 11.406381118324399,
        "n_hot_stdev": 3035577093604.8267,
        "mswe": 4.645656535644768e+16,
        "mse": 9.378058587055117e+17
    },
    "1nlsq": null,
    "true_params": {
        "t_hot": 115.7238,
        "t_hot_stdev": 3.9688
    },
    "histogram": {
        "i": 1e+18,
        "l": 0.5,
        "a": 5.0,
        "filename": "hist_1e18_050_5"
    }
}