{
    "3exp": {
        "a1": 6003576004333080.0,
        "b1": -0.01564502443373722,
        "a2": 711172307941613.5,
        "b2": -0.0027104567037428743,
        "a3": 149043182702539.84,
        "b3": -0.001389522857088485,
        "t_hot": 719.6715008311086,
        "n_hot": 149043182702539.84,
        "start_index": 0,
        "end_index": 716,
        "critical_energy": 259.25951961565937,
        "mse": 70135868.03987467
    },
    "2exp": {
        "a1": 685317147218424.4,
        "b1": -0.002908277097695982,
        "a2": 211742232431073.12,
        "b2": -0.0015081293721635424,
        "a1_stdev": 5115313530190.504,
        "b1_stdev": 0.0002349723228978201,
        "a2_stdev": 2125324355850.7039,
        "b2_stdev": 0.0003307231835699557,
        "t_hot": 663.0730880636675,
        "n_hot": 211742232431073.12,
        "t_hot_stdev": 145.40771280741114,
        "n_hot_stdev": 2125324355850.7039,
        "start_index": 54,
        "end_index": 716,
        "mse": 61982202.353842765
    },
    "nlsq": {
        "a1": 783138323817293.9,
        "b1": -0.002619223091204452,
        "a2": 85868467110597.95,
        "b2": -0.0011197123878490276,
        "a0": -1002947807387.9846,
        "a1_stdev": 14224229694519.166,
        "b1_stdev": 7.593868428834127e-05,
        "a2_stdev": 23514621505687.473,
        "b2_stdev": 0.00010741709938717457,
        "a0_stdev": 49935180.55579693,
        "start_index": 54,
        "end_index": 716,
        "t_hot": 893.0864843971267,
        "n_hot": 85868467110597.95,
        "t_hot_stdev": 85.67625105953837,
        "n_hot_stdev": 23514621505687.473,
        "mse": 44543212.03913077
    },
    "true_params": {
        "t_hot": 618.4466,
        "t_hot_stdev": 9.6195
    },
    "histogram": {
        "i": 1e+19,
        "l": 0.4,
        "a": 25.0,
        "filename": "hist_1e19_040_25"
    }
}