{
    "3exp": {
        "a1": 2186829112534896.5,
        "b1": -0.017923216852212796,
        "a2": 579062212865628.2,
        "b2": -0.003003812456581317,
        "a3": 37908924842930.29,
        "b3": -0.0009265109902541797,
        "t_hot": 1079.3180118949904,
        "n_hot": 37908924842930.29,
        "start_index": 0,
        "end_index": 767,
        "a1_stdev": 4.293846770103256e+18,
        "b1_stdev": 14.933841740891964,
        "a2_stdev": 1.2985099534204733e+17,
        "b2_stdev": 0.529328751018784,
        "a3_stdev": 2.839229591810904e+16,
        "b3_stdev": 0.216025550515512,
        "t_hot_stdev": 251654.07658786417,
        "n_hot_stdev": 2.839229591810904e+16,
        "critical_energy": 89.06508087883246,
        "mswe": 7127364390529933.0,
        "mse": 4.3187576958922793e+18
    },
    "2exp": {
        "a0": 78574719197.81741,
        "a1": 617799119288922.0,
        "b1": -0.0032275939045386293,
        "a2": 54315891351237.414,
        "b2": -0.001078877226643429,
        "a0_stdev": 470468914577543.5,
        "a1_stdev": 9.56823483198078e+16,
        "b1_stdev": 0.666177930175588,
        "a2_stdev": 6.445040671544728e+16,
        "b2_stdev": 0.4968031518797727,
        "t_hot": 926.8895248731595,
        "n_hot": 54315891351237.414,
        "t_hot_stdev": 426815.6061037339,
        "n_hot_stdev": 6.445040671544728e+16,
        "start_index": 25,
        "end_index": 767,
        "mswe": 5696483788313415.0,
        "mse": 1.577150720659585e+17
    },
    "2nlsq": {
        "a1": 615478108247008.9,
        "b1": -0.0030300997561282083,
        "a2": 30424178858051.527,
        "b2": -0.0007877670726157434,
        "a0": -601724684213.2855,
        "a1_stdev": 5457155288095.109,
        "b1_stdev": 2.9597344362841717e-05,
        "a2_stdev": 2145001520881.3447,
        "b2_stdev": 3.089899542540809e-05,
        "a0_stdev": 60466624339.43517,
        "start_index": 25,
        "end_index": 767,
        "t_hot": 1269.410762091829,
        "n_hot": 30424178858051.527,
        "t_hot_stdev": 49.79075502686268,
        "n_hot_stdev": 2145001520881.3447,
        "mswe": 2896977412877803.0,
        "mse": 1.713102778288456e+17
    },
    "1nlsq": null,
    "true_params": {
        "t_hot": 906.1507,
        "t_hot_stdev": 18.6984
    },
    "histogram": {
        "i": 1e+19,
        "l": 0.5,
        "a": 1.0,
        "filename": "hist_1e19_050_1"
    }
}