{
    "3exp": {
        "a1": 828145060436370.1,
        "b1": -0.09497538863527008,
        "a2": 77319825392047.06,
        "b2": -0.014991741819823129,
        "a3": 9258306303836.76,
        "b3": -0.005319278149567291,
        "t_hot": 187.99543319263108,
        "n_hot": 9258306303836.76,
        "start_index": 0,
        "end_index": 916,
        "a1_stdev": 4.6581010668397325e+17,
        "b1_stdev": 21.006905709244254,
        "a2_stdev": 1.0071986180821332e+16,
        "b2_stdev": 1.8344576057373858,
        "a3_stdev": 3718185905642646.0,
        "b3_stdev": 0.610586165119925,
        "t_hot_stdev": 21579.508983279116,
        "n_hot_stdev": 3718185905642646.0,
        "critical_energy": 29.646534399574808,
        "mswe": 1328664219048825.0,
        "mse": 2.8440296072710185e+18
    },
    "2exp": {
        "a0": 19721380018.445942,
        "a1": 83683331069230.81,
        "b1": -0.01704037785284938,
        "a2": 14438436712882.826,
        "b2": -0.006207772229236533,
        "a0_stdev": 18462503646209.695,
        "a1_stdev": 1.1587153918617818e+16,
        "b1_stdev": 2.88273329095879,
        "a2_stdev": 7300241773318597.0,
        "b2_stdev": 1.0069282301767284,
        "t_hot": 161.08838454000198,
        "n_hot": 14438436712882.826,
        "t_hot_stdev": 26129.251518437442,
        "n_hot_stdev": 7300241773318597.0,
        "start_index": 29,
        "end_index": 916,
        "mswe": 1443137195002997.0,
        "mse": 6.632242792750002e+16
    },
    "2nlsq": {
        "a1": 82184975279773.56,
        "b1": -0.01605993944730787,
        "a2": 11717575824707.732,
        "b2": -0.005834708791157706,
        "a0": -3093867341.6278424,
        "a1_stdev": 1188536119352.6113,
        "b1_stdev": 0.00029565802825747635,
        "a2_stdev": 801896839078.31,
        "b2_stdev": 0.00013071608777385122,
        "a0_stdev": 2480415303.1406317,
        "start_index": 29,
        "end_index": 916,
        "t_hot": 171.38815933975394,
        "n_hot": 11717575824707.732,
        "t_hot_stdev": 3.8396414425352834,
        "n_hot_stdev": 801896839078.31,
        "mswe": 1179701000209142.0,
        "mse": 6.9694898551296856e+16
    },
    "1nlsq": null,
    "true_params": {
        "t_hot": 187.6469,
        "t_hot_stdev": 11.1004
    },
    "histogram": {
        "i": 1e+18,
        "l": 1.0,
        "a": 4.0,
        "filename": "hist_1e18_100_4"
    }
}