{
    "3exp": {
        "a1": 421821082841769.4,
        "b1": -0.09992242258956383,
        "a2": 61630062438838.19,
        "b2": -0.018176851381279335,
        "a3": 4107089741387.278,
        "b3": -0.005784015079155985,
        "t_hot": 172.89028232373178,
        "n_hot": 4107089741387.278,
        "start_index": 0,
        "end_index": 613,
        "a1_stdev": 9.569452885352161e+17,
        "b1_stdev": 123.01263152459265,
        "a2_stdev": 5.505086768315789e+16,
        "b2_stdev": 17.455454552974114,
        "a3_stdev": 2.419159090194968e+16,
        "b3_stdev": 12.58267676901805,
        "t_hot_stdev": 376109.4169383171,
        "n_hot_stdev": 2.419159090194968e+16
    },
    "2exp": null,
    "2nlsq": null,
    "1nlsq": null,
    "true_params": {
        "t_hot": 123.3058,
        "t_hot_stdev": 6.5299
    },
    "histogram": {
        "i": 1e+18,
        "l": 0.5,
        "a": 1.0,
        "filename": "hist_1e18_050_1"
    }
}