{
    "3exp": {
        "a1": 1.2008290616465732e+16,
        "b1": -4.443527322381531,
        "a2": 256474285418964.0,
        "b2": -1.9754309632714757,
        "a3": 15664543850649.566,
        "b3": -0.49418152118907654,
        "t_hot": 2.023547941642671,
        "n_hot": 15664543850649.566,
        "start_index": 0,
        "end_index": 413,
        "critical_energy": 1.6817855676129339,
        "mse": 1748125087.0477223
    },
    "2exp": {
        "a1": 657827186526096.5,
        "b1": -2.285348891439581,
        "a2": 15630783671209.06,
        "b2": -0.49593292343632944,
        "a1_stdev": 21612167447634.14,
        "b1_stdev": 0.05370924309306137,
        "a2_stdev": 150426524308.1076,
        "b2_stdev": 0.1726021166707304,
        "t_hot": 2.016401720359639,
        "n_hot": 15630783671209.06,
        "t_hot_stdev": 0.7017787860927499,
        "n_hot_stdev": 150426524308.1076,
        "start_index": 35,
        "end_index": 413,
        "mse": 1541064469.3364913
    },
    "nlsq": {
        "a1": 1327219715878538.5,
        "b1": -2.6181404077557255,
        "a2": 17344933331575.469,
        "b2": -0.518752534551051,
        "a0": 0.0,
        "a1_stdev": Infinity,
        "b1_stdev": Infinity,
        "a2_stdev": Infinity,
        "b2_stdev": Infinity,
        "a0_stdev": Infinity,
        "start_index": 35,
        "end_index": 413,
        "t_hot": 1.9277014248526798,
        "n_hot": 17344933331575.469,
        "t_hot_stdev": Infinity,
        "n_hot_stdev": Infinity,
        "mse": 1445025864.7697787
    },
    "true_params": {
        "t_hot": 1.9419,
        "t_hot_stdev": 0.0201
    },
    "histogram": {
        "i": 1e+17,
        "l": 0.02,
        "a": 2.0,
        "filename": "hist_1e17_002_2"
    }
}