{
    "3exp": {
        "a1": 4758006796663550.0,
        "b1": -0.26112470487225825,
        "a2": 957484795297068.1,
        "b2": -0.10823863575248568,
        "a3": 254012911129858.4,
        "b3": -0.03273895085104142,
        "t_hot": 30.54465625822552,
        "n_hot": 254012911129858.4,
        "start_index": 0,
        "end_index": 430,
        "critical_energy": 12.83004290238599,
        "mse": 1778011209.4093256
    },
    "2exp": {
        "a1": 1269250650306899.0,
        "b1": -0.11547124261617259,
        "a2": 254278877714911.22,
        "b2": -0.03286954490561666,
        "a1_stdev": 15202317644230.648,
        "b1_stdev": 0.0017632517639970806,
        "a2_stdev": 1172925282239.512,
        "b2_stdev": 0.004327663891905886,
        "t_hot": 30.423299223383,
        "n_hot": 254278877714911.22,
        "t_hot_stdev": 4.005586749063416,
        "n_hot_stdev": 1172925282239.512,
        "start_index": 34,
        "end_index": 430,
        "mse": 1766213060.282422
    },
    "nlsq": {
        "a1": 2857813332129439.0,
        "b1": -0.16058404076947108,
        "a2": 326173371734794.8,
        "b2": -0.0362406034874254,
        "a0": 0.0,
        "a1_stdev": Infinity,
        "b1_stdev": Infinity,
        "a2_stdev": Infinity,
        "b2_stdev": Infinity,
        "a0_stdev": Infinity,
        "start_index": 34,
        "end_index": 430,
        "t_hot": 27.593359485500162,
        "n_hot": 326173371734794.8,
        "t_hot_stdev": Infinity,
        "n_hot_stdev": Infinity,
        "mse": 1263358928.3414247
    },
    "true_params": {
        "t_hot": 29.424,
        "t_hot_stdev": 0.2945
    },
    "histogram": {
        "i": 1e+18,
        "l": 0.01,
        "a": 40.0,
        "filename": "hist_1e18_001_40"
    }
}