{
    "3exp": {
        "a1": 1270701560422864.0,
        "b1": -1.0467917942789489,
        "a2": 140675103665688.0,
        "b2": -0.2758737953300364,
        "a3": 15034079161008.416,
        "b3": -0.09731199075028774,
        "t_hot": 10.276225902788276,
        "n_hot": 15034079161008.416,
        "start_index": 0,
        "end_index": 246,
        "a1_stdev": 1.6738292910757727e+20,
        "b1_stdev": 51830.28819589841,
        "a2_stdev": 6.84642056819608e+18,
        "b2_stdev": 11709.764689910178,
        "a3_stdev": 2.5881174545923707e+18,
        "b3_stdev": 5862.768886081851,
        "t_hot_stdev": 619113.1948355228,
        "n_hot_stdev": 2.5881174545923707e+18
    },
    "2exp": null,
    "2nlsq": null,
    "1nlsq": null,
    "true_params": {
        "t_hot": 8.6685,
        "t_hot_stdev": 0.6326
    },
    "histogram": {
        "i": 1e+18,
        "l": 0.02,
        "a": 4.0,
        "filename": "hist_1e18_002_4"
    }
}