{
    "3exp": {
        "a1": 9995478182680054.0,
        "b1": -0.051582612255820906,
        "a2": 2363934105872038.0,
        "b2": -0.017362470412265525,
        "a3": 614946602630806.5,
        "b3": -0.006619312817087019,
        "t_hot": 151.07308381296187,
        "n_hot": 614946602630806.5,
        "start_index": 0,
        "end_index": 352,
        "a1_stdev": 1.6128482863395268e+20,
        "b1_stdev": 412.23417886451637,
        "a2_stdev": 1.9665549100104303e+19,
        "b2_stdev": 67.6513000647826,
        "a3_stdev": 2.2790997381893473e+18,
        "b3_stdev": 6.017954892885507,
        "t_hot_stdev": 137348.24581316722,
        "n_hot_stdev": 2.2790997381893473e+18,
        "critical_energy": 42.13324393656277,
        "mswe": 1.0406245285119514e+18,
        "mse": 5.482267197339185e+21
    },
    "2exp": {
        "a0": -45635697468.68906,
        "a1": 2529824322186939.0,
        "b1": -0.017530875416768777,
        "a2": 602319190671419.0,
        "b2": -0.006569141771821847,
        "a0_stdev": 7194867842870555.0,
        "a1_stdev": 1.3550000107776063e+19,
        "b1_stdev": 60.82100154705635,
        "a2_stdev": 3.0794875994456735e+18,
        "b2_stdev": 9.898801103534677,
        "t_hot": 152.22688666721618,
        "n_hot": 602319190671419.0,
        "t_hot_stdev": 229385.1656837029,
        "n_hot_stdev": 3.0794875994456735e+18,
        "start_index": 25,
        "end_index": 352,
        "mswe": 1.0379335488316308e+18,
        "mse": 1.8747255448567435e+19
    },
    "2nlsq": {
        "a1": 2686567969526593.0,
        "b1": -0.018582747477873,
        "a2": 669087010691865.1,
        "b2": -0.006796486653437552,
        "a0": -168463212091.8547,
        "a1_stdev": 304102468487079.56,
        "b1_stdev": 0.0012203254689443848,
        "a2_stdev": 53749673274589.266,
        "b2_stdev": 0.00016085862988001295,
        "a0_stdev": 115586096869.33432,
        "start_index": 25,
        "end_index": 352,
        "t_hot": 147.13484348479022,
        "n_hot": 669087010691865.1,
        "t_hot_stdev": 3.4823741349661392,
        "n_hot_stdev": 53749673274589.266,
        "mswe": 9.58228565481979e+17,
        "mse": 1.8920319748221743e+19
    },
    "1nlsq": null,
    "true_params": {
        "t_hot": 147.8055,
        "t_hot_stdev": 2.736
    },
    "histogram": {
        "i": 1e+19,
        "l": 0.01,
        "a": 30.0,
        "filename": "hist_1e19_001_30"
    }
}