{
    "3exp": {
        "a1": 2.2980040878622332e+16,
        "b1": -0.05952680676290996,
        "a2": 2835066497972064.5,
        "b2": -0.015463570681444848,
        "a3": 796655547618999.8,
        "b3": -0.004471447414228655,
        "t_hot": 223.64123008981076,
        "n_hot": 796655547618999.8,
        "start_index": 0,
        "end_index": 490,
        "a1_stdev": 4.937106223568511e+20,
        "b1_stdev": 383.6390631009563,
        "a2_stdev": 1.116972101905639e+19,
        "b2_stdev": 28.995158983466045,
        "a3_stdev": 8.397964745438213e+17,
        "b3_stdev": 1.4819001958975107,
        "t_hot_stdev": 74117.83075570872,
        "n_hot_stdev": 8.397964745438213e+17,
        "critical_energy": 47.48994500651477,
        "mswe": 4.434907468948273e+17,
        "mse": 5.062644343615288e+21
    },
    "2exp": {
        "a0": 81052550965.94617,
        "a1": 2933242819409705.5,
        "b1": -0.015650499582599363,
        "a2": 800094601662177.0,
        "b2": -0.004483193866413749,
        "a0_stdev": 3851695626539196.0,
        "a1_stdev": 1.342115596814879e+19,
        "b1_stdev": 35.091978755135685,
        "a2_stdev": 1.1323950206454509e+18,
        "b2_stdev": 2.2394128010894994,
        "t_hot": 223.0552659102231,
        "n_hot": 800094601662177.0,
        "t_hot_stdev": 111418.9644065855,
        "n_hot_stdev": 1.1323950206454509e+18,
        "start_index": 25,
        "end_index": 490,
        "mswe": 4.4909361321569837e+17,
        "mse": 9.98348730553383e+18
    },
    "2nlsq": {
        "a1": 3145680297126770.0,
        "b1": -0.016414654485509085,
        "a2": 836458021823264.8,
        "b2": -0.004567811563699958,
        "a0": 8003639861.232515,
        "a1_stdev": 338259135701147.2,
        "b1_stdev": 0.0008104346433496249,
        "a2_stdev": 23432667936168.047,
        "b2_stdev": 4.551714912300982e-05,
        "a0_stdev": 77734296034.45496,
        "start_index": 25,
        "end_index": 490,
        "t_hot": 218.92321652384305,
        "n_hot": 836458021823264.8,
        "t_hot_stdev": 2.181517462802955,
        "n_hot_stdev": 23432667936168.047,
        "mswe": 4.299067481883022e+17,
        "mse": 1.0012342386180172e+19
    },
    "1nlsq": null,
    "true_params": {
        "t_hot": 218.4978,
        "t_hot_stdev": 2.5447
    },
    "histogram": {
        "i": 1e+19,
        "l": 0.01,
        "a": 3.0,
        "filename": "hist_1e19_001_3"
    }
}