{
    "3exp": {
        "a1": 1.0392934325327602e+16,
        "b1": -0.02466180829825263,
        "a2": 3739839735748908.5,
        "b2": -0.012177715410230557,
        "a3": 988931111641001.9,
        "b3": -0.0033149229897554483,
        "t_hot": 301.66613314711515,
        "n_hot": 988931111641001.9,
        "start_index": 0,
        "end_index": 487,
        "a1_stdev": 4.496624280020781e+19,
        "b1_stdev": 173.89722720554943,
        "a2_stdev": 8.238731798327565e+19,
        "b2_stdev": 74.92587479630544,
        "a3_stdev": 1.5558090698156913e+18,
        "b3_stdev": 1.6007248831347813,
        "t_hot_stdev": 145669.89556618963,
        "n_hot_stdev": 1.5558090698156913e+18
    },
    "2exp": null,
    "2nlsq": null,
    "1nlsq": null,
    "true_params": {
        "t_hot": 289.2912,
        "t_hot_stdev": 1.981
    },
    "histogram": {
        "i": 1e+19,
        "l": 0.2,
        "a": 45.0,
        "filename": "hist_1e19_020_45"
    }
}