{
    "3exp": {
        "a1": 3158472788144660.0,
        "b1": -1.3452064612241568,
        "a2": 178445270012992.66,
        "b2": -0.30436557952190885,
        "a3": 11819366788535.48,
        "b3": -0.08384558028480037,
        "t_hot": 11.926687090759884,
        "n_hot": 11819366788535.48,
        "start_index": 0,
        "end_index": 370,
        "critical_energy": 4.430218615429696,
        "mse": 4197129340.827031
    },
    "2exp": {
        "a1": 151965460126373.28,
        "b1": -0.2726038884317957,
        "a2": 7599574074834.463,
        "b2": -0.06936062504156136,
        "a1_stdev": 2181112524856.1157,
        "b1_stdev": 0.019789002342741162,
        "a2_stdev": 282246218577.1536,
        "b2_stdev": 0.03618065129388292,
        "t_hot": 14.417401795338394,
        "n_hot": 7599574074834.463,
        "t_hot_stdev": 7.5205635273380995,
        "n_hot_stdev": 282246218577.1536,
        "start_index": 44,
        "end_index": 370,
        "mse": 4452091874.760113
    },
    "nlsq": {
        "a1": 165147693634846.38,
        "b1": -0.29573660529179624,
        "a2": 12034127632232.041,
        "b2": -0.08976469831076499,
        "a0": 0.0,
        "a1_stdev": Infinity,
        "b1_stdev": Infinity,
        "a2_stdev": Infinity,
        "b2_stdev": Infinity,
        "a0_stdev": Infinity,
        "start_index": 44,
        "end_index": 370,
        "t_hot": 11.140236850549027,
        "n_hot": 12034127632232.041,
        "t_hot_stdev": Infinity,
        "n_hot_stdev": Infinity,
        "mse": 4036113810.6161036
    },
    "true_params": {
        "t_hot": 9.6058,
        "t_hot_stdev": 0.4225
    },
    "histogram": {
        "i": 1e+18,
        "l": 0.01,
        "a": 10.0,
        "filename": "hist_1e18_001_10"
    }
}