{
    "3exp": {
        "a1": 1.0273224323752962e+16,
        "b1": -0.03568604743730951,
        "a2": 2354258241245085.0,
        "b2": -0.010754279310054066,
        "a3": 363917604615754.44,
        "b3": -0.004010088931830261,
        "t_hot": 249.37102817407742,
        "n_hot": 363917604615754.44,
        "start_index": 0,
        "end_index": 411,
        "a1_stdev": 8.315878681116764e+19,
        "b1_stdev": 150.20104048589462,
        "a2_stdev": 9.279485417643422e+18,
        "b2_stdev": 23.689526193643516,
        "a3_stdev": 1.500160132968592e+18,
        "b3_stdev": 4.350110742302379,
        "t_hot_stdev": 270515.5937736097,
        "n_hot_stdev": 1.500160132968592e+18,
        "critical_energy": 59.093892448285864,
        "mswe": 6.961246530107455e+17,
        "mse": 1.4716161492871912e+21
    },
    "2exp": {
        "a0": 369643802151.0434,
        "a1": 2672576520887657.5,
        "b1": -0.011510565041759672,
        "a2": 414907039949246.75,
        "b2": -0.004194112667111605,
        "a0_stdev": 8503708169995763.0,
        "a1_stdev": 6.850768239766995e+18,
        "b1_stdev": 23.567530548655615,
        "a2_stdev": 2.2045199425954496e+18,
        "b2_stdev": 7.191893630108772,
        "t_hot": 238.42945561323663,
        "n_hot": 414907039949246.75,
        "t_hot_stdev": 408849.12236658065,
        "n_hot_stdev": 2.2045199425954496e+18,
        "start_index": 25,
        "end_index": 411,
        "mswe": 6.967770664072448e+17,
        "mse": 1.0360132770942441e+19
    },
    "2nlsq": {
        "a1": 2784480337853555.0,
        "b1": -0.012168894662731548,
        "a2": 491129407830216.3,
        "b2": -0.004448452095732145,
        "a0": 405350087754.1139,
        "a1_stdev": 151335897660773.25,
        "b1_stdev": 0.0004884822807697437,
        "a2_stdev": 42336068855528.63,
        "b2_stdev": 0.00012006288114848803,
        "a0_stdev": 133480563502.02386,
        "start_index": 25,
        "end_index": 411,
        "t_hot": 224.79729543663117,
        "n_hot": 491129407830216.3,
        "t_hot_stdev": 6.067236509167736,
        "n_hot_stdev": 42336068855528.63,
        "mswe": 6.607317197469436e+17,
        "mse": 1.0539685505902068e+19
    },
    "1nlsq": null,
    "true_params": {
        "t_hot": 275.9745,
        "t_hot_stdev": 11.1979
    },
    "histogram": {
        "i": 1e+19,
        "l": 0.05,
        "a": 20.0,
        "filename": "hist_1e19_005_20"
    }
}