{
    "3exp": {
        "a1": 1187002600803723.8,
        "b1": -0.013924674432851655,
        "a2": 495342198107819.7,
        "b2": -0.0029432480102057584,
        "a3": 36675238294415.97,
        "b3": -0.0009461853791608488,
        "t_hot": 1056.8753460203309,
        "n_hot": 36675238294415.97,
        "start_index": 0,
        "end_index": 828,
        "a1_stdev": 1.4646575528020022e+18,
        "b1_stdev": 10.723601797062864,
        "a2_stdev": 1.4780452051976278e+17,
        "b2_stdev": 0.6551836268379353,
        "a3_stdev": 3.156682487917895e+16,
        "b3_stdev": 0.24565784246366826,
        "t_hot_stdev": 274396.2472625156,
        "n_hot_stdev": 3.156682487917895e+16,
        "critical_energy": 79.58326350435563,
        "mswe": 7031948429463223.0,
        "mse": 3.989411198085742e+18
    },
    "2exp": {
        "a0": -97207542522.30083,
        "a1": 566849406093487.6,
        "b1": -0.0032377776335780007,
        "a2": 48518213903715.09,
        "b2": -0.0010439845285709305,
        "a0_stdev": 426036369407585.44,
        "a1_stdev": 7.0794063784241864e+16,
        "b1_stdev": 0.5334159908292404,
        "a2_stdev": 4.515564425369106e+16,
        "b2_stdev": 0.39667591280441244,
        "t_hot": 957.8686011457094,
        "n_hot": 48518213903715.09,
        "t_hot_stdev": 363955.01207884465,
        "n_hot_stdev": 4.515564425369106e+16,
        "start_index": 25,
        "end_index": 828,
        "mswe": 4104535508737284.0,
        "mse": 1.8475977385347635e+17
    },
    "2nlsq": {
        "a1": 566632912552684.0,
        "b1": -0.0031676680192606835,
        "a2": 40552589343996.9,
        "b2": -0.0009606124341517003,
        "a0": -319169182789.34705,
        "a1_stdev": 5471291669845.072,
        "b1_stdev": 3.8539748493563995e-05,
        "a2_stdev": 3057883044781.0083,
        "b2_stdev": 3.2256766927472766e-05,
        "a0_stdev": 41037715059.481415,
        "start_index": 25,
        "end_index": 828,
        "t_hot": 1041.0025567523307,
        "n_hot": 40552589343996.9,
        "t_hot_stdev": 34.956217148819775,
        "n_hot_stdev": 3057883044781.0083,
        "mswe": 3447857974911198.5,
        "mse": 1.893097064439098e+17
    },
    "1nlsq": null,
    "true_params": {
        "t_hot": 784.0724,
        "t_hot_stdev": 11.3106
    },
    "histogram": {
        "i": 1e+19,
        "l": 0.5,
        "a": 2.0,
        "filename": "hist_1e19_050_2"
    }
}