{
    "3exp": {
        "a1": 1.2344219217816624e+16,
        "b1": -4.207041305158019,
        "a2": 1408413497065128.0,
        "b2": -1.8914423142396335,
        "a3": 92038214345727.5,
        "b3": -0.9311319648975905,
        "t_hot": 1.0739616270288646,
        "n_hot": 92038214345727.5,
        "start_index": 0,
        "end_index": 339,
        "a1_stdev": 6.751966866941676e+20,
        "b1_stdev": 58229.03943718293,
        "a2_stdev": 2.9815545535073223e+19,
        "b2_stdev": 10142.14758458306,
        "a3_stdev": 1.4220637059274947e+18,
        "b3_stdev": 2210.995430827738,
        "t_hot_stdev": 2550.1479272127685,
        "n_hot_stdev": 1.4220637059274947e+18,
        "critical_energy": 0.9374351910503042,
        "mswe": 1.2076152742063333e+19,
        "mse": 1.7877375725720433e+23
    },
    "2exp": {
        "a0": 29076868597.207703,
        "a1": 2804833693469488.5,
        "b1": -2.35743450098653,
        "a2": 209567323552707.12,
        "b2": -1.0856360111234937,
        "a0_stdev": 249865956879218.2,
        "a1_stdev": 5.211167331140528e+19,
        "b1_stdev": 12444.348252325432,
        "a2_stdev": 2.75223737983298e+18,
        "b2_stdev": 2533.0856218084373,
        "t_hot": 0.9211190396725405,
        "n_hot": 209567323552707.12,
        "t_hot_stdev": 2149.2225492353277,
        "n_hot_stdev": 2.75223737983298e+18,
        "start_index": 25,
        "end_index": 339,
        "mswe": 1.9943211206574068e+19,
        "mse": 1.1936407262546168e+21
    },
    "2nlsq": {
        "a1": 2246233651100954.0,
        "b1": -2.1725843548430106,
        "a2": 151101195019276.97,
        "b2": -1.017471571943515,
        "a0": -6360538495.794449,
        "a1_stdev": 306570070119099.75,
        "b1_stdev": 0.09510810317709578,
        "a2_stdev": 23037840332156.215,
        "b2_stdev": 0.027964595891908844,
        "a0_stdev": 2846765038.3680434,
        "start_index": 25,
        "end_index": 339,
        "t_hot": 0.9828284421645886,
        "n_hot": 151101195019276.97,
        "t_hot_stdev": 0.02701245024832283,
        "n_hot_stdev": 23037840332156.215,
        "mswe": 1.0080451414570678e+19,
        "mse": 1.218650121972862e+21
    },
    "1nlsq": null,
    "true_params": {
        "t_hot": 1.0224,
        "t_hot_stdev": 0.025
    },
    "histogram": {
        "i": 1e+17,
        "l": 1.0,
        "a": 60.0,
        "filename": "hist_1e17_100_60"
    }
}