{
    "3exp": {
        "a1": 619678204007292.2,
        "b1": -0.009440964916601067,
        "a2": 948296793262426.2,
        "b2": -0.003554349875725906,
        "a3": 10687717799540.041,
        "b3": -0.0007998566348494854,
        "t_hot": 1250.2240481985586,
        "n_hot": 10687717799540.041,
        "start_index": 0,
        "end_index": 794,
        "a1_stdev": 9.045261714943628e+17,
        "b1_stdev": 22.89184829383598,
        "a2_stdev": 1.1778352981120906e+18,
        "b2_stdev": 1.7486515850067712,
        "a3_stdev": 4.347519841454547e+16,
        "b3_stdev": 1.3753434776844606,
        "t_hot_stdev": 2149744.6109923413,
        "n_hot_stdev": 4.347519841454547e+16,
        "critical_energy": -72.27705665501084,
        "mswe": 1.0315829245360235e+17,
        "mse": 4.428519505564575e+18
    },
    "2exp": {
        "a0": 9368260745326.668,
        "a1": 1187105375750189.8,
        "b1": -0.003847320205584223,
        "a2": -3462361365827.175,
        "b2": 0.0003532556384354368,
        "a0_stdev": 4.172081396805437e+16,
        "a1_stdev": 1.6881608815018992e+17,
        "b1_stdev": 0.3841379539569702,
        "a2_stdev": 3.13590285931362e+16,
        "b2_stdev": 1.6292590635235409,
        "t_hot": 259.9211780055484,
        "n_hot": 1187105375750189.8,
        "t_hot_stdev": 25951.98324387327,
        "n_hot_stdev": 1.6881608815018992e+17,
        "start_index": 25,
        "end_index": 794,
        "mswe": 4.6460564485874296e+16,
        "mse": 4.717537599138359e+17
    },
    "2nlsq": null,
    "1nlsq": null,
    "true_params": {
        "t_hot": 427.2837,
        "t_hot_stdev": 3.0487
    },
    "histogram": {
        "i": 1e+19,
        "l": 2.0,
        "a": 40.0,
        "filename": "hist_1e19_200_40"
    }
}