{
    "3exp": {
        "a1": 2290640782636632.0,
        "b1": -0.027737262577406316,
        "a2": 492678748579236.2,
        "b2": -0.010178445608349735,
        "a3": 107180477487991.86,
        "b3": -0.0033653139008517287,
        "t_hot": 297.14910093436146,
        "n_hot": 107180477487991.86,
        "start_index": 0,
        "end_index": 544,
        "a1_stdev": 3.9628815287678346e+18,
        "b1_stdev": 44.51881900238557,
        "a2_stdev": 1.7306318739106732e+18,
        "b2_stdev": 15.296127341516723,
        "a3_stdev": 1.3074452167390045e+17,
        "b3_stdev": 1.1395251342183337,
        "t_hot_stdev": 100617.32102891999,
        "n_hot_stdev": 1.3074452167390045e+17
    },
    "2exp": null,
    "2nlsq": null,
    "1nlsq": null,
    "true_params": {
        "t_hot": 335.1351,
        "t_hot_stdev": 12.4912
    },
    "histogram": {
        "i": 1e+19,
        "l": 0.2,
        "a": 4.0,
        "filename": "hist_1e19_020_4"
    }
}