{
    "3exp": {
        "a1": 565293723459197.5,
        "b1": -0.32246162315096055,
        "a2": 44348834816142.83,
        "b2": -0.08257225584113005,
        "a3": 7713949936750.017,
        "b3": -0.015193556252237462,
        "t_hot": 65.81737569522186,
        "n_hot": 7713949936750.017,
        "start_index": 0,
        "end_index": 525,
        "a1_stdev": 5.981869968077698e+18,
        "b1_stdev": 2186.9439859899157,
        "a2_stdev": 8.734734258923937e+17,
        "b2_stdev": 1029.5925545248388,
        "a3_stdev": 9.892016042408723e+16,
        "b3_stdev": 124.83487204981711,
        "t_hot_stdev": 540775.5457092408,
        "n_hot_stdev": 9.892016042408723e+16
    },
    "2exp": null,
    "2nlsq": null,
    "1nlsq": null,
    "true_params": {
        "t_hot": 54.0131,
        "t_hot_stdev": 2.2531
    },
    "histogram": {
        "i": 1e+17,
        "l": 0.1,
        "a": 20.0,
        "filename": "hist_1e17_010_20"
    }
}