{
    "3exp": {
        "a1": 5898340239376519.0,
        "b1": -0.3739820268333057,
        "a2": 726258049416719.6,
        "b2": -0.11311603720125893,
        "a3": 118305431645969.42,
        "b3": -0.029853575596978443,
        "t_hot": 33.49682508721711,
        "n_hot": 118305431645969.42,
        "start_index": 0,
        "end_index": 336,
        "a1_stdev": 2.407908913557505e+20,
        "b1_stdev": 6862.881891033947,
        "a2_stdev": 2.0628106460645458e+19,
        "b2_stdev": 1516.3121395611788,
        "a3_stdev": 1.5339897466310052e+18,
        "b3_stdev": 149.17772369084423,
        "t_hot_stdev": 167382.96895622683,
        "n_hot_stdev": 1.5339897466310052e+18
    },
    "2exp": null,
    "2nlsq": null,
    "1nlsq": null,
    "true_params": {
        "t_hot": 32.4863,
        "t_hot_stdev": 0.3952
    },
    "histogram": {
        "i": 1e+18,
        "l": 0.02,
        "a": 30.0,
        "filename": "hist_1e18_002_30"
    }
}