{
    "3exp": {
        "a1": 1605077129127148.2,
        "b1": -0.10747124879656131,
        "a2": 182850467309624.53,
        "b2": -0.014399665360877627,
        "a3": -41922248741.30703,
        "b3": 0.003435743126613948,
        "t_hot": 69.44605828944432,
        "n_hot": 182850467309624.53,
        "start_index": 0,
        "end_index": 624,
        "a1_stdev": 3.2539722458926116e+18,
        "b1_stdev": 117.08608166787614,
        "a2_stdev": 1.526404206345115e+17,
        "b2_stdev": 8.902712303333923,
        "a3_stdev": 7022451072177922.0,
        "b3_stdev": 401.0361311928589,
        "t_hot_stdev": 42935.600380771575,
        "n_hot_stdev": 1.526404206345115e+17,
        "critical_energy": 23.3396522274715,
        "mswe": 1.3033455320998797e+18,
        "mse": 1.4990138970860245e+19
    },
    "2exp": {
        "a0": -423919474689.07904,
        "a1": 487668373394125.0,
        "b1": -0.0691141800336101,
        "a2": 165343805593588.22,
        "b2": -0.013618760372956078,
        "a0_stdev": 1874892781447607.2,
        "a1_stdev": 8.608646250090213e+18,
        "b1_stdev": 440.4323673511815,
        "a2_stdev": 2.0136262302651258e+17,
        "b2_stdev": 7.6673939845257335,
        "t_hot": 73.42812213553478,
        "n_hot": 165343805593588.22,
        "t_hot_stdev": 41340.20472781219,
        "n_hot_stdev": 2.0136262302651258e+17,
        "start_index": 39,
        "end_index": 624,
        "mswe": 1.0640398035109582e+18,
        "mse": 1.2924201504855341e+19
    },
    "2nlsq": {
        "a1": 897705212175498.5,
        "b1": -0.08711836238609044,
        "a2": 175878865256007.28,
        "b2": -0.014068420034566794,
        "a0": -506172642450.95404,
        "a1_stdev": 490943069780429.94,
        "b1_stdev": 0.013233706239831196,
        "a2_stdev": 3580529950650.036,
        "b2_stdev": 0.0001389081233204056,
        "a0_stdev": 34019047909.10887,
        "start_index": 39,
        "end_index": 624,
        "t_hot": 71.08118733610108,
        "n_hot": 175878865256007.28,
        "t_hot_stdev": 0.701838181685199,
        "n_hot_stdev": 3580529950650.036,
        "mswe": 8.67086843677669e+17,
        "mse": 1.3480823021273494e+19
    },
    "1nlsq": null,
    "true_params": {
        "t_hot": 70.1453,
        "t_hot_stdev": 0.6603
    },
    "histogram": {
        "i": 1e+18,
        "l": 0.1,
        "a": 20.0,
        "filename": "hist_1e18_010_20"
    }
}