{
    "3exp": {
        "a1": 8407794265697824.0,
        "b1": -0.04181636293120726,
        "a2": 1938096246996905.0,
        "b2": -0.014514359878912537,
        "a3": 674602607541991.1,
        "b3": -0.004879049222350039,
        "t_hot": 204.9579650517116,
        "n_hot": 674602607541991.1,
        "start_index": 0,
        "end_index": 506,
        "critical_energy": 68.29924545491592,
        "mse": 394573307.826502
    },
    "2exp": {
        "a1": 2649655853660026.5,
        "b1": -0.01657364054169446,
        "a2": 717043037199264.0,
        "b2": -0.004965336915915115,
        "a1_stdev": 25192540478263.973,
        "b1_stdev": 0.0002124939683481717,
        "a2_stdev": 2986065105687.3213,
        "b2_stdev": 0.0004954523140228981,
        "t_hot": 201.3962027017253,
        "n_hot": 717043037199264.0,
        "t_hot_stdev": 20.09575913049689,
        "n_hot_stdev": 2986065105687.3213,
        "start_index": 31,
        "end_index": 506,
        "mse": 385854814.61233884
    },
    "nlsq": {
        "a1": 3521594952212364.5,
        "b1": -0.019682425449586764,
        "a2": 828531407759835.0,
        "b2": -0.005245213750795229,
        "a0": 0.0,
        "a1_stdev": Infinity,
        "b1_stdev": Infinity,
        "a2_stdev": Infinity,
        "b2_stdev": Infinity,
        "a0_stdev": Infinity,
        "start_index": 31,
        "end_index": 506,
        "t_hot": 190.6499996970361,
        "n_hot": 828531407759835.0,
        "t_hot_stdev": Infinity,
        "n_hot_stdev": Infinity,
        "mse": 342869759.6813281
    },
    "true_params": {
        "t_hot": 204.6993,
        "t_hot_stdev": 2.99
    },
    "histogram": {
        "i": 1e+19,
        "l": 0.02,
        "a": 1.0,
        "filename": "hist_1e19_002_1"
    }
}