{
    "3exp": {
        "a1": 166452527598477.2,
        "b1": -0.03543136419353699,
        "a2": 24625303785967.953,
        "b2": -0.0077264423849245645,
        "a3": 11650397652424.38,
        "b3": -0.004048152644374672,
        "t_hot": 247.0262581104998,
        "n_hot": 11650397652424.38,
        "start_index": 0,
        "end_index": 664,
        "critical_energy": 84.73861358602801,
        "mse": 101976565.51868115
    },
    "2exp": {
        "a1": 89551716300307.58,
        "b1": -0.019669182260928002,
        "a2": 22950594500377.727,
        "b2": -0.00485395986648613,
        "a1_stdev": 1143225301133.6643,
        "b1_stdev": 0.0003407720059982523,
        "a2_stdev": 95137078983.76201,
        "b2_stdev": 0.000960722363783509,
        "t_hot": 206.0173605687264,
        "n_hot": 22950594500377.727,
        "t_hot_stdev": 40.77608613795733,
        "n_hot_stdev": 95137078983.76201,
        "start_index": 63,
        "end_index": 664,
        "mse": 69625092.99098448
    },
    "nlsq": {
        "a1": 112152047206385.95,
        "b1": -0.02065724158582408,
        "a2": 21119071517805.47,
        "b2": -0.004406466105852749,
        "a0": -247906200821.48206,
        "a1_stdev": 15577993517238.523,
        "b1_stdev": 0.0012138604639488127,
        "a2_stdev": 706546134353.6125,
        "b2_stdev": 8.029943430335585e-05,
        "a0_stdev": 17083395.43404262,
        "start_index": 63,
        "end_index": 664,
        "t_hot": 226.93922430761052,
        "n_hot": 21119071517805.47,
        "t_hot_stdev": 4.135534211630327,
        "n_hot_stdev": 706546134353.6125,
        "mse": 24982662.298112262
    },
    "true_params": {
        "t_hot": 248.2638,
        "t_hot_stdev": 11.7026
    },
    "histogram": {
        "i": 1e+18,
        "l": 1.0,
        "a": 50.0,
        "filename": "hist_1e18_100_50"
    }
}