{
    "3exp": {
        "a1": 2111588446633438.8,
        "b1": -0.016389482035260614,
        "a2": 700777828216853.0,
        "b2": -0.003076062578648216,
        "a3": 168533518459527.97,
        "b3": -0.001336257042523576,
        "t_hot": 748.3590119094596,
        "n_hot": 168533518459527.97,
        "start_index": 0,
        "end_index": 721,
        "a1_stdev": 4.4272735343302876e+18,
        "b1_stdev": 19.416469547636545,
        "a2_stdev": 2.60798852561051e+17,
        "b2_stdev": 1.6195509295435977,
        "a3_stdev": 2.4740894842746406e+17,
        "b3_stdev": 0.4801326454306813,
        "t_hot_stdev": 268894.0680465226,
        "n_hot_stdev": 2.4740894842746406e+17
    },
    "2exp": null,
    "2nlsq": null,
    "1nlsq": null,
    "true_params": {
        "t_hot": 724.5653,
        "t_hot_stdev": 8.8966
    },
    "histogram": {
        "i": 1e+19,
        "l": 2.0,
        "a": 2.0,
        "filename": "hist_1e19_200_2"
    }
}