{
    "3exp": {
        "a1": 4506938906477920.0,
        "b1": -0.026460243012457797,
        "a2": 394668865498552.6,
        "b2": -0.004042881903103179,
        "a3": 384410981262559.44,
        "b3": -0.0021616108488950914,
        "t_hot": 462.61795943111156,
        "n_hot": 384410981262559.44,
        "start_index": 0,
        "end_index": 825,
        "a1_stdev": 3.750683962530862e+18,
        "b1_stdev": 9.664115451091408,
        "a2_stdev": 1.6338576616825488e+17,
        "b2_stdev": 2.005169172156622,
        "a3_stdev": 2.379438863187761e+17,
        "b3_stdev": 0.2583495024345947,
        "t_hot_stdev": 55290.766003245415,
        "n_hot_stdev": 2.379438863187761e+17,
        "critical_energy": 108.63572912716027,
        "mswe": 4788882738504771.0,
        "mse": 3.211777185160319e+20
    },
    "2exp": {
        "a0": 88717636328.19753,
        "a1": 380388016036390.7,
        "b1": -0.005470073005305411,
        "a2": 496193287660008.25,
        "b2": -0.00230187538364269,
        "a0_stdev": 166672752031277.4,
        "a1_stdev": 1.8633130708313597e+17,
        "b1_stdev": 4.10213550218664,
        "a2_stdev": 2.0091546032164582e+17,
        "b2_stdev": 0.25384966170552425,
        "t_hot": 434.4283826596694,
        "n_hot": 496193287660008.25,
        "t_hot_stdev": 47908.54394511971,
        "n_hot_stdev": 2.0091546032164582e+17,
        "start_index": 31,
        "end_index": 825,
        "mswe": 5761807883890591.0,
        "mse": 2.3662114578276592e+17
    },
    "2nlsq": {
        "a1": 426996786043755.4,
        "b1": -0.00445293328019465,
        "a2": 403315982080321.0,
        "b2": -0.002167762040063594,
        "a0": -179808455184.11798,
        "a1_stdev": 11154156470726.979,
        "b1_stdev": 0.00015502049583599844,
        "a2_stdev": 16606066461114.127,
        "b2_stdev": 2.158911883605933e-05,
        "a0_stdev": 12280863898.133379,
        "start_index": 31,
        "end_index": 825,
        "t_hot": 461.30524546442547,
        "n_hot": 403315982080321.0,
        "t_hot_stdev": 4.5942190978382635,
        "n_hot_stdev": 16606066461114.127,
        "mswe": 2549836447679970.5,
        "mse": 2.566825441736242e+17
    },
    "1nlsq": null,
    "true_params": {
        "t_hot": 452.7509,
        "t_hot_stdev": 3.2424
    },
    "histogram": {
        "i": 1e+19,
        "l": 1.0,
        "a": 25.0,
        "filename": "hist_1e19_100_25"
    }
}