{
    "3exp": {
        "a1": 9053899943773528.0,
        "b1": -0.053811534248128914,
        "a2": 1737991690454383.5,
        "b2": -0.016590980343306003,
        "a3": 533872985341022.44,
        "b3": -0.006287449921118513,
        "t_hot": 159.04699242870532,
        "n_hot": 533872985341022.44,
        "start_index": 0,
        "end_index": 535,
        "critical_energy": 59.56543848173055,
        "mse": 256054448.4798531
    },
    "2exp": {
        "a1": 1806935887216410.2,
        "b1": -0.01631182364661729,
        "a2": 506164031819526.5,
        "b2": -0.006211956550812552,
        "a1_stdev": 15843032706540.773,
        "b1_stdev": 0.0003331694615599618,
        "a2_stdev": 2817192173271.303,
        "b2_stdev": 0.0006201618132533381,
        "t_hot": 160.9798767618868,
        "n_hot": 506164031819526.5,
        "t_hot_stdev": 16.07119616071557,
        "n_hot_stdev": 2817192173271.303,
        "start_index": 29,
        "end_index": 535,
        "mse": 269856769.0438355
    },
    "nlsq": {
        "a1": 2102319676472530.0,
        "b1": -0.01879607057987436,
        "a2": 620725215261194.4,
        "b2": -0.006625079039221326,
        "a0": -59057977541.62388,
        "a1_stdev": 235449969826113.34,
        "b1_stdev": 0.001080439756814836,
        "a2_stdev": 28486213712213.465,
        "b2_stdev": 8.322171300240084e-05,
        "a0_stdev": 11284463.62571854,
        "start_index": 29,
        "end_index": 535,
        "t_hot": 150.94159542548405,
        "n_hot": 620725215261194.4,
        "t_hot_stdev": 1.8960706823658595,
        "n_hot_stdev": 28486213712213.465,
        "mse": 215533079.07992446
    },
    "true_params": {
        "t_hot": 180.0035,
        "t_hot_stdev": 7.5767
    },
    "histogram": {
        "i": 1e+19,
        "l": 0.1,
        "a": 0.0,
        "filename": "hist_1e19_010_0"
    }
}