{
    "3exp": {
        "a1": 870996350713219.5,
        "b1": -0.724083507085851,
        "a2": 18437585525317.24,
        "b2": -0.259586770052801,
        "a3": 725378835797.7626,
        "b3": -0.02959941150098757,
        "t_hot": 33.78445547698256,
        "n_hot": 725378835797.7626,
        "start_index": 0,
        "end_index": 292,
        "a1_stdev": 7.509340080694307e+18,
        "b1_stdev": 2613.064783940469,
        "a2_stdev": 6.859223178107442e+17,
        "b2_stdev": 3083.539441646767,
        "a3_stdev": 8776812600301601.0,
        "b3_stdev": 303.9776807788853,
        "t_hot_stdev": 346956.9123672619,
        "n_hot_stdev": 8776812600301601.0
    },
    "2exp": null,
    "2nlsq": null,
    "1nlsq": null,
    "true_params": {
        "t_hot": 26.9896,
        "t_hot_stdev": 2.0229
    },
    "histogram": {
        "i": 1e+17,
        "l": 5.0,
        "a": 2.0,
        "filename": "hist_1e17_500_2"
    }
}