{
    "3exp": {
        "a1": 157739373585830.16,
        "b1": -0.2083714878388946,
        "a2": 10250369342852.41,
        "b2": -0.05560962694765735,
        "a3": 2212959531629.0835,
        "b3": -0.010864180054832362,
        "t_hot": 92.04560260902547,
        "n_hot": 2212959531629.0835,
        "start_index": 0,
        "end_index": 574,
        "a1_stdev": 9.107626023951662e+17,
        "b1_stdev": 625.0248676749106,
        "a2_stdev": 8.900317508015851e+16,
        "b2_stdev": 237.11972059739338,
        "a3_stdev": 4655973375810719.0,
        "b3_stdev": 10.008921230081851,
        "t_hot_stdev": 84799.51376352331,
        "n_hot_stdev": 4655973375810719.0,
        "critical_energy": 17.89471784676998,
        "mswe": 1.6761015298298714e+17,
        "mse": 5.021723746849863e+18
    },
    "2exp": {
        "a0": -88960541085.18196,
        "a1": 9978397952206.684,
        "b1": -0.04852992244335774,
        "a2": 1747525591322.9133,
        "b2": -0.008114364129781605,
        "a0_stdev": 1369138637826565.2,
        "a1_stdev": 5.361764421315761e+16,
        "b1_stdev": 189.4638597723337,
        "a2_stdev": 7036766536279740.0,
        "b2_stdev": 40.10015487295686,
        "t_hot": 123.23824565991157,
        "n_hot": 1747525591322.9133,
        "t_hot_stdev": 609027.7264112581,
        "n_hot_stdev": 7036766536279740.0,
        "start_index": 40,
        "end_index": 574,
        "mswe": 1.5378519121135594e+17,
        "mse": 3.2855771659680525e+17
    },
    "2nlsq": {
        "a1": 21419878050244.18,
        "b1": -0.08689949988048624,
        "a2": 3479642200431.0903,
        "b2": -0.015254616962836767,
        "a0": -24102243622.825886,
        "a1_stdev": 16265680519438.844,
        "b1_stdev": 0.024200536088855612,
        "a2_stdev": 379624634704.6534,
        "b2_stdev": 0.0009983196480247715,
        "a0_stdev": 11277999486.893867,
        "start_index": 40,
        "end_index": 574,
        "t_hot": 65.55392393241965,
        "n_hot": 3479642200431.0903,
        "t_hot_stdev": 4.290095937924215,
        "n_hot_stdev": 379624634704.6534,
        "mswe": 7.893749329503698e+16,
        "mse": 4.018664044839539e+17
    },
    "1nlsq": null,
    "true_params": {
        "t_hot": 96.2317,
        "t_hot_stdev": 7.1096
    },
    "histogram": {
        "i": 1e+17,
        "l": 2.0,
        "a": 20.0,
        "filename": "hist_1e17_200_20"
    }
}