{
    "3exp": {
        "a1": 731982923094113.2,
        "b1": -0.0754618577607844,
        "a2": 115535593139964.3,
        "b2": -0.014381117174480134,
        "a3": 9469848976886.424,
        "b3": -0.0032782847775521427,
        "t_hot": 305.03756319385053,
        "n_hot": 9469848976886.424,
        "start_index": 0,
        "end_index": 665,
        "a1_stdev": 2.3579270361539814e+18,
        "b1_stdev": 107.47143347966416,
        "a2_stdev": 9.73494131990937e+16,
        "b2_stdev": 8.19788485669395,
        "a3_stdev": 1.2406282054125408e+16,
        "b3_stdev": 1.8873875735075418,
        "t_hot_stdev": 175617.47843486056,
        "n_hot_stdev": 1.2406282054125408e+16
    },
    "2exp": null,
    "2nlsq": null,
    "1nlsq": null,
    "true_params": {
        "t_hot": 308.3994,
        "t_hot_stdev": 11.9289
    },
    "histogram": {
        "i": 1e+18,
        "l": 2.0,
        "a": 3.0,
        "filename": "hist_1e18_200_3"
    }
}