{
    "3exp": {
        "a1": 2814822507779056.0,
        "b1": -2.0548397271529604,
        "a2": 60195873917320.07,
        "b2": -0.3583263901961194,
        "a3": 61901687240.371925,
        "b3": 0.014693121730832495,
        "t_hot": 2.7907517485739173,
        "n_hot": 60195873917320.07,
        "start_index": 0,
        "end_index": 464,
        "critical_energy": 5.1822624290388015,
        "mse": 5422475120.576398
    },
    "2exp": {
        "a1": 72780942425094.08,
        "b1": -0.3915516386884916,
        "a2": 690567366501.9258,
        "b2": -0.09587772685109158,
        "a1_stdev": 634230376901.2246,
        "b1_stdev": 0.055607713024948976,
        "a2_stdev": 48327379064.447655,
        "b2_stdev": 0.08497926305015055,
        "t_hot": 10.429951072506208,
        "n_hot": 690567366501.9258,
        "t_hot_stdev": 9.244373901013214,
        "n_hot_stdev": 48327379064.447655,
        "start_index": 93,
        "end_index": 464,
        "mse": 5457023120.773985
    },
    "nlsq": {
        "a1": 56488127690189.24,
        "b1": -0.34967335954066503,
        "a2": 2446423459293002.5,
        "b2": -1.401964610280838,
        "a0": 0.0,
        "a1_stdev": Infinity,
        "b1_stdev": Infinity,
        "a2_stdev": Infinity,
        "b2_stdev": Infinity,
        "a0_stdev": Infinity,
        "start_index": 93,
        "end_index": 464,
        "t_hot": 2.8598118006862507,
        "n_hot": 56488127690189.24,
        "t_hot_stdev": Infinity,
        "n_hot_stdev": Infinity,
        "mse": 2130161765.9528768
    },
    "true_params": {
        "t_hot": 2.9642,
        "t_hot_stdev": 0.0392
    },
    "histogram": {
        "i": 1e+17,
        "l": 0.1,
        "a": 4.0,
        "filename": "hist_1e17_010_4"
    }
}