{
    "3exp": {
        "a1": 2379081205230804.0,
        "b1": -0.02644726721566917,
        "a2": 360416059023136.5,
        "b2": -0.005929317342933676,
        "a3": 11213867965.475088,
        "b3": -0.00027083350240056906,
        "t_hot": 3692.3053873924973,
        "n_hot": 11213867965.475088,
        "start_index": 0,
        "end_index": 591,
        "a1_stdev": 5.792853816724864e+17,
        "b1_stdev": 4.820120189183656,
        "a2_stdev": 9.173177709002453e+16,
        "b2_stdev": 0.8207918753303454,
        "a3_stdev": 3842395650494008.5,
        "b3_stdev": 256.59292572294413,
        "t_hot_stdev": 3498161909.8673177,
        "n_hot_stdev": 3842395650494008.5
    },
    "2exp": null,
    "2nlsq": null,
    "1nlsq": null,
    "true_params": {
        "t_hot": 183.2596,
        "t_hot_stdev": 1.2414
    },
    "histogram": {
        "i": 1e+19,
        "l": 1.0,
        "a": 60.0,
        "filename": "hist_1e19_100_60"
    }
}