{
    "3exp": {
        "a1": 1448704396086908.8,
        "b1": -0.008317192139941877,
        "a2": 468493913983754.44,
        "b2": -0.0016505198200257002,
        "a3": 97633747740.29912,
        "b3": 0.00030300409188264353,
        "t_hot": 605.8697313822194,
        "n_hot": 468493913983754.44,
        "start_index": 0,
        "end_index": 695,
        "a1_stdev": 4.9130730868015405e+17,
        "b1_stdev": 2.138502233472407,
        "a2_stdev": 7.005574071061723e+16,
        "b2_stdev": 0.13035341845789172,
        "a3_stdev": 1085804056280004.5,
        "b3_stdev": 2.413078594030243,
        "t_hot_stdev": 47849.889269798136,
        "n_hot_stdev": 7.005574071061723e+16
    },
    "2exp": null,
    "2nlsq": null,
    "1nlsq": null,
    "true_params": {
        "t_hot": 697.0808,
        "t_hot_stdev": 3.3528
    },
    "histogram": {
        "i": 1e+19,
        "l": 5.0,
        "a": 4.0,
        "filename": "hist_1e19_500_4"
    }
}