{
    "3exp": {
        "a1": 2312387843126671.5,
        "b1": -0.024106647103505914,
        "a2": 339629668544993.1,
        "b2": -0.0076096310578555254,
        "a3": 68814343856394.695,
        "b3": -0.002993521935885126,
        "t_hot": 334.0546758693851,
        "n_hot": 68814343856394.695,
        "start_index": 0,
        "end_index": 570,
        "critical_energy": 166.4662967014019,
        "mse": 87773388.77454352
    },
    "2exp": {
        "a1": 629720796930847.1,
        "b1": -0.010447296896830965,
        "a2": 98728596502917.53,
        "b2": -0.003303521118433378,
        "a1_stdev": 10719377062376.707,
        "b1_stdev": 0.0003041825772246326,
        "a2_stdev": 931992524560.7809,
        "b2_stdev": 0.0006679462332605624,
        "t_hot": 302.7073126368352,
        "n_hot": 98728596502917.53,
        "t_hot_stdev": 61.205060300049404,
        "n_hot_stdev": 931992524560.7809,
        "start_index": 49,
        "end_index": 570,
        "mse": 79854496.44766109
    },
    "nlsq": {
        "a1": 2149550753759533.8,
        "b1": -0.01595364045074575,
        "a2": 139752108837577.44,
        "b2": -0.003732370692166032,
        "a0": 37775924695.038506,
        "a1_stdev": 940224777752493.2,
        "b1_stdev": 0.0016855266207416344,
        "a2_stdev": 6754738132924.401,
        "b2_stdev": 6.0467363812256026e-05,
        "a0_stdev": 5992473.568600982,
        "start_index": 49,
        "end_index": 570,
        "t_hot": 267.9262277187326,
        "n_hot": 139752108837577.44,
        "t_hot_stdev": 4.340617270497332,
        "n_hot_stdev": 6754738132924.401,
        "mse": 74176344.0341038
    },
    "true_params": {
        "t_hot": 344.3475,
        "t_hot_stdev": 15.6443
    },
    "histogram": {
        "i": 1e+19,
        "l": 0.2,
        "a": 1.0,
        "filename": "hist_1e19_020_1"
    }
}