{
    "3exp": {
        "a1": 583630525583318.2,
        "b1": -0.36315592061347235,
        "a2": 128829464541830.27,
        "b2": -0.1431949731449958,
        "a3": 23054021536081.2,
        "b3": -0.0338357779681191,
        "t_hot": 29.554514778475742,
        "n_hot": 23054021536081.2,
        "start_index": 0,
        "end_index": 538,
        "critical_energy": 9.812421040046809,
        "mse": 678156678.5124811
    },
    "2exp": {
        "a1": 180407470943906.7,
        "b1": -0.1534369182838966,
        "a2": 22670650624589.34,
        "b2": -0.03382382170524555,
        "a1_stdev": 3356598944291.4785,
        "b1_stdev": 0.0020794571897814534,
        "a2_stdev": 189442990838.47287,
        "b2_stdev": 0.006470801797124413,
        "t_hot": 29.564961899172836,
        "n_hot": 22670650624589.34,
        "t_hot_stdev": 5.6560435499047506,
        "n_hot_stdev": 189442990838.47287,
        "start_index": 32,
        "end_index": 538,
        "mse": 680522779.5332941
    },
    "nlsq": {
        "a1": 203483352550542.75,
        "b1": -0.16223530467550426,
        "a2": 24300822638555.332,
        "b2": -0.03529196141450647,
        "a0": -44794072875.81534,
        "a1_stdev": 58940535196399.97,
        "b1_stdev": 0.016169823361402973,
        "a2_stdev": 1319307455249.4675,
        "b2_stdev": 0.0007887710280661738,
        "a0_stdev": 40571076.26127846,
        "start_index": 32,
        "end_index": 538,
        "t_hot": 28.33506441466748,
        "n_hot": 24300822638555.332,
        "t_hot_stdev": 0.6332852296356585,
        "n_hot_stdev": 1319307455249.4675,
        "mse": 440813811.61833555
    },
    "true_params": {
        "t_hot": 28.5437,
        "t_hot_stdev": 0.6863
    },
    "histogram": {
        "i": 1e+18,
        "l": 0.1,
        "a": 0.0,
        "filename": "hist_1e18_010_0"
    }
}