{
    "3exp": {
        "a1": 1272145374011199.5,
        "b1": -0.41326967161334,
        "a2": 98048764072428.48,
        "b2": -0.11197010019847302,
        "a3": 14002603088186.682,
        "b3": -0.044579771276601024,
        "t_hot": 22.431698758510205,
        "n_hot": 14002603088186.682,
        "start_index": 0,
        "end_index": 413,
        "critical_energy": 12.230377815594998,
        "mse": 1002203813.3235077
    },
    "2exp": {
        "a1": 124692853717340.8,
        "b1": -0.1232085222633392,
        "a2": 15702359159504.818,
        "b2": -0.04576987014259352,
        "a1_stdev": 2845782241557.7886,
        "b1_stdev": 0.008211919649169739,
        "a2_stdev": 358727261769.2246,
        "b2_stdev": 0.014893744689575699,
        "t_hot": 21.848434284050946,
        "n_hot": 15702359159504.818,
        "t_hot_stdev": 7.10958980394408,
        "n_hot_stdev": 358727261769.2246,
        "start_index": 40,
        "end_index": 413,
        "mse": 1034208922.0414617
    },
    "nlsq": {
        "a1": 246608888090862.16,
        "b1": -0.18670369585332014,
        "a2": 39504026966393.59,
        "b2": -0.06256453647713818,
        "a0": 578558529.7646431,
        "a1_stdev": 222345567596472.8,
        "b1_stdev": 0.04999292261810774,
        "a2_stdev": 6418070715714.132,
        "b2_stdev": 0.0026625357514419947,
        "a0_stdev": 37293641.0760508,
        "start_index": 40,
        "end_index": 413,
        "t_hot": 15.983495703918654,
        "n_hot": 39504026966393.59,
        "t_hot_stdev": 0.6802036927142207,
        "n_hot_stdev": 6418070715714.132,
        "mse": 643739852.145881
    },
    "true_params": {
        "t_hot": 17.2386,
        "t_hot_stdev": 0.7019
    },
    "histogram": {
        "i": 1e+18,
        "l": 0.05,
        "a": 1.0,
        "filename": "hist_1e18_005_1"
    }
}