{
    "3exp": {
        "a1": 9567553867257910.0,
        "b1": -0.04978897206454311,
        "a2": 2250059020405903.8,
        "b2": -0.016716066688213602,
        "a3": 579186462018969.0,
        "b3": -0.0065060421812239075,
        "t_hot": 153.70327645368593,
        "n_hot": 579186462018969.0,
        "start_index": 0,
        "end_index": 253,
        "a1_stdev": 3.054464761896901e+20,
        "b1_stdev": 860.2086921104196,
        "a2_stdev": 4.409345469335079e+19,
        "b2_stdev": 178.35312241755724,
        "a3_stdev": 7.630499112419802e+18,
        "b3_stdev": 22.435065156528033,
        "t_hot_stdev": 530021.6208191855,
        "n_hot_stdev": 7.630499112419802e+18
    },
    "2exp": null,
    "2nlsq": null,
    "1nlsq": null,
    "true_params": {
        "t_hot": 147.8055,
        "t_hot_stdev": 2.736
    },
    "histogram": {
        "i": 1e+19,
        "l": 0.01,
        "a": 30.0,
        "filename": "hist_1e19_001_30"
    }
}