{
    "3exp": {
        "a1": 3568127725437771.0,
        "b1": -0.05010544131552045,
        "a2": 613068865606435.8,
        "b2": -0.008326676309364702,
        "a3": 58461264827986.25,
        "b3": -0.003045094473482193,
        "t_hot": 328.39703618668295,
        "n_hot": 58461264827986.25,
        "start_index": 0,
        "end_index": 680,
        "a1_stdev": 5.287430524580418e+18,
        "b1_stdev": 30.083819648397025,
        "a2_stdev": 1.3009682702979469e+17,
        "b2_stdev": 1.766262898301118,
        "a3_stdev": 5.62727027414919e+16,
        "b3_stdev": 0.8413986269084551,
        "t_hot_stdev": 90740.30961420582,
        "n_hot_stdev": 5.62727027414919e+16
    },
    "2exp": null,
    "2nlsq": null,
    "1nlsq": null,
    "true_params": {
        "t_hot": 286.3392,
        "t_hot_stdev": 1.986
    },
    "histogram": {
        "i": 1e+19,
        "l": 5.0,
        "a": 60.0,
        "filename": "hist_1e19_500_60"
    }
}