{
    "3exp": {
        "a1": 2.411274012178191e+16,
        "b1": -0.04807331111487764,
        "a2": 2898928703003797.0,
        "b2": -0.014149653392186596,
        "a3": 1286355525741487.0,
        "b3": -0.006780251326340636,
        "t_hot": 147.48715819944528,
        "n_hot": 1286355525741487.0,
        "start_index": 0,
        "end_index": 438,
        "a1_stdev": 9.9994414219272e+19,
        "b1_stdev": 118.72605172705292,
        "a2_stdev": 1.198122598480281e+19,
        "b2_stdev": 53.99132120017151,
        "a3_stdev": 6.989639911862504e+18,
        "b3_stdev": 7.692375821021526,
        "t_hot_stdev": 167328.1114576182,
        "n_hot_stdev": 6.989639911862504e+18
    },
    "2exp": null,
    "2nlsq": null,
    "1nlsq": null,
    "true_params": {
        "t_hot": 197.9116,
        "t_hot_stdev": 6.8016
    },
    "histogram": {
        "i": 1e+19,
        "l": 0.05,
        "a": 45.0,
        "filename": "hist_1e19_005_45"
    }
}