{
    "3exp": {
        "a1": 4.572537006738882e+16,
        "b1": -0.07537400942061198,
        "a2": 4357751256885013.0,
        "b2": -0.023822817392100775,
        "a3": 1351488015827808.0,
        "b3": -0.009381026821574464,
        "t_hot": 106.59813888392284,
        "n_hot": 1351488015827808.0,
        "start_index": 0,
        "end_index": 485,
        "critical_energy": 53.360932170381425,
        "mse": 390488252.75220895
    },
    "2exp": {
        "a1": 5228565989006328.0,
        "b1": -0.025822058795144473,
        "a2": 1426895948502234.5,
        "b2": -0.009505904499326048,
        "a1_stdev": 45948857313238.984,
        "b1_stdev": 0.00046713627073801127,
        "a2_stdev": 5456685762122.815,
        "b2_stdev": 0.0009121305367972475,
        "t_hot": 105.1977747168508,
        "n_hot": 1426895948502234.5,
        "t_hot_stdev": 10.094158081344075,
        "n_hot_stdev": 5456685762122.815,
        "start_index": 34,
        "end_index": 485,
        "mse": 385932886.5276604
    },
    "nlsq": {
        "a1": 5616056844650186.0,
        "b1": -0.027214176447488893,
        "a2": 1530246286971837.8,
        "b2": -0.009722038307224283,
        "a0": 4948676007.4299345,
        "a1_stdev": 696261787299258.2,
        "b1_stdev": 0.0014946278378089007,
        "a2_stdev": 63506391296845.61,
        "b2_stdev": 0.00010769855423725379,
        "a0_stdev": 46693084.55065352,
        "start_index": 34,
        "end_index": 485,
        "t_hot": 102.85908863956202,
        "n_hot": 1530246286971837.8,
        "t_hot_stdev": 1.1394498547090333,
        "n_hot_stdev": 63506391296845.61,
        "mse": 377636210.21450025
    },
    "true_params": {
        "t_hot": 122.0482,
        "t_hot_stdev": 3.4044
    },
    "histogram": {
        "i": 1e+19,
        "l": 0.02,
        "a": 50.0,
        "filename": "hist_1e19_002_50"
    }
}