{
    "3exp": {
        "a1": 6608396700088835.0,
        "b1": -0.02106647975304406,
        "a2": 843280189755151.4,
        "b2": -0.0060228593881908946,
        "a3": 483328172515029.25,
        "b3": -0.0021877556126875366,
        "t_hot": 457.0894455489731,
        "n_hot": 483328172515029.25,
        "start_index": 0,
        "end_index": 684,
        "a1_stdev": 7.559428851594973e+18,
        "b1_stdev": 17.826207661898227,
        "a2_stdev": 1.5746083157912205e+18,
        "b2_stdev": 7.526175953477851,
        "a3_stdev": 3.460019397357279e+17,
        "b3_stdev": 0.432980074386567,
        "t_hot_stdev": 90462.85653998931,
        "n_hot_stdev": 3.460019397357279e+17
    },
    "2exp": null,
    "2nlsq": null,
    "1nlsq": null,
    "true_params": {
        "t_hot": 478.5817,
        "t_hot_stdev": 6.8191
    },
    "histogram": {
        "i": 1e+19,
        "l": 0.5,
        "a": 40.0,
        "filename": "hist_1e19_050_40"
    }
}