{
    "3exp": {
        "a1": 2.1257690572215012e+16,
        "b1": -1.6158833750056705,
        "a2": 882959354624035.6,
        "b2": -0.5557829066195457,
        "a3": 8608080999390.848,
        "b3": -0.1278230359994331,
        "t_hot": 7.82331597885404,
        "n_hot": 8608080999390.848,
        "start_index": 0,
        "end_index": 215,
        "a1_stdev": 1.1164563612125198e+21,
        "b1_stdev": 16794.594763794703,
        "a2_stdev": 9.906498871915293e+18,
        "b2_stdev": 1614.7470437964073,
        "a3_stdev": 9.523411099986573e+16,
        "b3_stdev": 506.28908550272956,
        "t_hot_stdev": 30987.055357928362,
        "n_hot_stdev": 9.523411099986573e+16
    },
    "2exp": null,
    "2nlsq": null,
    "1nlsq": null,
    "true_params": {
        "t_hot": 9.1261,
        "t_hot_stdev": 0.5051
    },
    "histogram": {
        "i": 1e+17,
        "l": 1.0,
        "a": 2.0,
        "filename": "hist_1e17_100_2"
    }
}