{
    "3exp": {
        "a1": 1569827982867290.5,
        "b1": -0.2594821513704499,
        "a2": 39881202435873.484,
        "b2": -0.08266972966335706,
        "a3": 85626881377795.44,
        "b3": -0.03680943488685525,
        "t_hot": 27.166947905443198,
        "n_hot": 85626881377795.44,
        "start_index": 0,
        "end_index": 458,
        "a1_stdev": 6.84528161941628e+18,
        "b1_stdev": 698.5386044920282,
        "a2_stdev": 1.1283361829493637e+18,
        "b2_stdev": 1476.7693535173194,
        "a3_stdev": 2.932277886069919e+17,
        "b3_stdev": 25.26450398663959,
        "t_hot_stdev": 18646.291793710763,
        "n_hot_stdev": 2.932277886069919e+17,
        "critical_energy": 13.062768104618062,
        "mswe": 7.32969478101992e+17,
        "mse": 2.65436976434996e+21
    },
    "2exp": {
        "a0": -34706177077.300354,
        "a1": 350101301366283.25,
        "b1": -0.15210840431145867,
        "a2": 85334764934356.25,
        "b2": -0.036463120598959675,
        "a0_stdev": 292497679644450.6,
        "a1_stdev": 9.077746860128884e+18,
        "b1_stdev": 1122.4895417694918,
        "a2_stdev": 1.2004254240807598e+17,
        "b2_stdev": 17.295050138087824,
        "t_hot": 27.424970314486217,
        "n_hot": 85334764934356.25,
        "t_hot_stdev": 13008.108709108732,
        "n_hot_stdev": 1.2004254240807598e+17,
        "start_index": 35,
        "end_index": 458,
        "mswe": 6.240858344355759e+17,
        "mse": 1.7516946694635917e+19
    },
    "2nlsq": {
        "a1": 2.842008478315835e+17,
        "b1": -0.459021839454018,
        "a2": 107458688548629.0,
        "b2": -0.040640725028385345,
        "a0": -53016928939.97552,
        "a1_stdev": 1.903879108156021e+18,
        "b1_stdev": 0.27742138591430804,
        "a2_stdev": 2979649838844.1133,
        "b2_stdev": 0.00047450564913547255,
        "a0_stdev": 8136430888.4054575,
        "start_index": 35,
        "end_index": 458,
        "t_hot": 24.605860237521703,
        "n_hot": 107458688548629.0,
        "t_hot_stdev": 0.2872886661442964,
        "n_hot_stdev": 2979649838844.1133,
        "mswe": 3.8920610697059437e+17,
        "mse": 1.9501979501467832e+19
    },
    "1nlsq": null,
    "true_params": {
        "t_hot": 26.0165,
        "t_hot_stdev": 0.3792
    },
    "histogram": {
        "i": 1e+18,
        "l": 0.05,
        "a": 10.0,
        "filename": "hist_1e18_005_10"
    }
}