{
    "3exp": {
        "a1": 8330042444900986.0,
        "b1": -0.039686867031599744,
        "a2": 1639406303814155.0,
        "b2": -0.012429001752576798,
        "a3": 620949332783048.2,
        "b3": -0.004487114545434842,
        "t_hot": 222.86036825545114,
        "n_hot": 620949332783048.2,
        "start_index": 0,
        "end_index": 523,
        "a1_stdev": 4.785469091782812e+19,
        "b1_stdev": 147.66224804060235,
        "a2_stdev": 8.926646021665574e+18,
        "b2_stdev": 37.16220970874738,
        "a3_stdev": 1.3217324581665551e+18,
        "b3_stdev": 2.5652448057635393,
        "t_hot_stdev": 127407.35639554383,
        "n_hot_stdev": 1.3217324581665551e+18,
        "critical_energy": 59.63542517094086,
        "mswe": 5.73236131365912e+17,
        "mse": 4.180426140303926e+21
    },
    "2exp": {
        "a0": 675989875589.136,
        "a1": 2650257290085954.0,
        "b1": -0.016356690162541744,
        "a2": 760894457835410.8,
        "b2": -0.004820918105072311,
        "a0_stdev": 4425135977560248.5,
        "a1_stdev": 1.2224644459132797e+19,
        "b1_stdev": 40.20197922509048,
        "a2_stdev": 1.3061572396680445e+18,
        "b2_stdev": 2.913286873609154,
        "t_hot": 207.42936888885413,
        "n_hot": 760894457835410.8,
        "t_hot_stdev": 125349.82847958288,
        "n_hot_stdev": 1.3061572396680445e+18,
        "start_index": 26,
        "end_index": 523,
        "mswe": 6.352957860120408e+17,
        "mse": 1.1175697457394799e+19
    },
    "2nlsq": {
        "a1": 2553372575382938.0,
        "b1": -0.01585720953920726,
        "a2": 734508548481542.6,
        "b2": -0.004747394122593659,
        "a0": 145589039721.61,
        "a1_stdev": 200243473723996.94,
        "b1_stdev": 0.0006921289030479892,
        "a2_stdev": 24060424286138.36,
        "b2_stdev": 5.460084427117371e-05,
        "a0_stdev": 83866003192.00539,
        "start_index": 26,
        "end_index": 523,
        "t_hot": 210.64187513752637,
        "n_hot": 734508548481542.6,
        "t_hot_stdev": 2.422639436366955,
        "n_hot_stdev": 24060424286138.36,
        "mswe": 5.5416905647736614e+17,
        "mse": 1.1291709577504604e+19
    },
    "1nlsq": null,
    "true_params": {
        "t_hot": 206.206,
        "t_hot_stdev": 1.3069
    },
    "histogram": {
        "i": 1e+19,
        "l": 0.01,
        "a": 0.0,
        "filename": "hist_1e19_001_0"
    }
}