{
    "3exp": {
        "a1": 8044922657197946.0,
        "b1": -0.03838612852468955,
        "a2": 2089449830656005.5,
        "b2": -0.012118176205050398,
        "a3": 647001018609135.1,
        "b3": -0.004133743131520533,
        "t_hot": 241.91149962241744,
        "n_hot": 647001018609135.1,
        "start_index": 0,
        "end_index": 369,
        "a1_stdev": 1.4850711261954264e+20,
        "b1_stdev": 409.41624521243085,
        "a2_stdev": 2.275860662587984e+19,
        "b2_stdev": 69.80221722335207,
        "a3_stdev": 2.953195566156799e+18,
        "b3_stdev": 5.519926780881441,
        "t_hot_stdev": 323032.5936768575,
        "n_hot_stdev": 2.953195566156799e+18
    },
    "2exp": null,
    "2nlsq": null,
    "1nlsq": null,
    "true_params": {
        "t_hot": 237.7093,
        "t_hot_stdev": 3.1374
    },
    "histogram": {
        "i": 1e+19,
        "l": 0.01,
        "a": 4.0,
        "filename": "hist_1e19_001_4"
    }
}