{
    "3exp": {
        "a1": 1005724725916338.9,
        "b1": -0.2898098844252215,
        "a2": 136235313871134.75,
        "b2": -0.11384999656093292,
        "a3": 38430385980435.195,
        "b3": -0.021972036664735003,
        "t_hot": 45.51239447024019,
        "n_hot": 38430385980435.195,
        "start_index": 0,
        "end_index": 541,
        "a1_stdev": 1.7068968467532839e+19,
        "b1_stdev": 3411.581533630342,
        "a2_stdev": 5.019978789643621e+18,
        "b2_stdev": 1311.4111355060215,
        "a3_stdev": 6.375127623323424e+16,
        "b3_stdev": 11.733789913300448,
        "t_hot_stdev": 24305.114874588533,
        "n_hot_stdev": 6.375127623323424e+16,
        "critical_energy": 11.360998609156873,
        "mswe": 2.660131154975136e+18,
        "mse": 1.3439221576969885e+21
    },
    "2exp": {
        "a0": -127883251671.39116,
        "a1": 157112983938089.0,
        "b1": -0.1095492003355691,
        "a2": 35752574086699.65,
        "b2": -0.020959080734847715,
        "a0_stdev": 1668143219483318.2,
        "a1_stdev": 2.394823173678449e+18,
        "b1_stdev": 707.4538481096673,
        "a2_stdev": 9.038400586153555e+16,
        "b2_stdev": 28.667596919743712,
        "t_hot": 47.71201622108098,
        "n_hot": 35752574086699.65,
        "t_hot_stdev": 65259.963762631174,
        "n_hot_stdev": 9.038400586153555e+16,
        "start_index": 32,
        "end_index": 541,
        "mswe": 1.8409756180861425e+18,
        "mse": 9.987760073953376e+18
    },
    "2nlsq": {
        "a1": 168549949361746.2,
        "b1": -0.11266495940168553,
        "a2": 35920107762263.45,
        "b2": -0.020576181217615796,
        "a0": -424298483719.68854,
        "a1_stdev": 50674091052195.195,
        "b1_stdev": 0.013780840446013892,
        "a2_stdev": 1616913160645.0967,
        "b2_stdev": 0.0005162357434877753,
        "a0_stdev": 32928133212.89013,
        "start_index": 32,
        "end_index": 541,
        "t_hot": 48.599883011521804,
        "n_hot": 35920107762263.45,
        "t_hot_stdev": 1.2193223064342245,
        "n_hot_stdev": 1616913160645.0967,
        "mswe": 5.231373665284285e+17,
        "mse": 1.055207517625624e+19
    },
    "1nlsq": null,
    "true_params": {
        "t_hot": 43.6352,
        "t_hot_stdev": 0.6473
    },
    "histogram": {
        "i": 1e+17,
        "l": 0.2,
        "a": 40.0,
        "filename": "hist_1e17_020_40"
    }
}