{
    "3exp": {
        "a1": 432051467482470.56,
        "b1": -0.36233074249294484,
        "a2": 16209002694887.361,
        "b2": -0.06360745809939594,
        "a3": 9854041915828.094,
        "b3": -0.03822530913315406,
        "t_hot": 26.160677903652772,
        "n_hot": 9854041915828.094,
        "start_index": 0,
        "end_index": 557,
        "a1_stdev": 2.421000950716103e+18,
        "b1_stdev": 1516.0800556766387,
        "a2_stdev": 2.7790867678515267e+18,
        "b2_stdev": 5205.867803260293,
        "a3_stdev": 3.1779568965886874e+18,
        "b3_stdev": 2452.5760613062425,
        "t_hot_stdev": 1678496.6251167078,
        "n_hot_stdev": 3.1779568965886874e+18,
        "critical_energy": 10.990030173626636,
        "mswe": 2.206103609011376e+19,
        "mse": 7.831401453917338e+20
    },
    "2exp": {
        "a0": -657295732526.8102,
        "a1": 149554625630399.5,
        "b1": -0.22363141111430562,
        "a2": 16453576050197.164,
        "b2": -0.03458891392842971,
        "a0_stdev": 9536120628154016.0,
        "a1_stdev": 7.820491220038436e+18,
        "b1_stdev": 3650.4936139276947,
        "a2_stdev": 1.0935077006041224e+17,
        "b2_stdev": 197.06815375641466,
        "t_hot": 28.91099738110218,
        "n_hot": 16453576050197.164,
        "t_hot_stdev": 164718.58263428864,
        "n_hot_stdev": 1.0935077006041224e+17,
        "start_index": 73,
        "end_index": 557,
        "mswe": 9.751929511880882e+18,
        "mse": 3.787401886326931e+19
    },
    "2nlsq": {
        "a1": 166269527454714.0,
        "b1": -0.22990896551576276,
        "a2": 16524333795146.016,
        "b2": -0.03419014080581839,
        "a0": -830734411627.712,
        "a1_stdev": 99975498578603.28,
        "b1_stdev": 0.04159833814758,
        "a2_stdev": 1170852885234.5076,
        "b2_stdev": 0.002137772218128795,
        "a0_stdev": 108715373093.82217,
        "start_index": 73,
        "end_index": 557,
        "t_hot": 29.24819776787297,
        "n_hot": 16524333795146.016,
        "t_hot_stdev": 1.8287723637527387,
        "n_hot_stdev": 1170852885234.5076,
        "mswe": 7.39970588129081e+18,
        "mse": 3.947457212432596e+19
    },
    "1nlsq": null,
    "true_params": {
        "t_hot": 21.7997,
        "t_hot_stdev": 0.4939
    },
    "histogram": {
        "i": 1e+17,
        "l": 0.05,
        "a": 20.0,
        "filename": "hist_1e17_005_20"
    }
}