{
    "3exp": {
        "a1": 428930397466905.2,
        "b1": -0.1508524078115182,
        "a2": 51439740569513.266,
        "b2": -0.05950088006544239,
        "a3": 20600927135399.438,
        "b3": -0.016779091689722556,
        "t_hot": 59.597981731783186,
        "n_hot": 20600927135399.438,
        "start_index": 0,
        "end_index": 617,
        "a1_stdev": 3.982071219207264e+17,
        "b1_stdev": 176.29152733290428,
        "a2_stdev": 3.101294921660198e+17,
        "b2_stdev": 136.88999548989915,
        "a3_stdev": 1.3986497122106e+16,
        "b3_stdev": 3.5813257068096527,
        "t_hot_stdev": 12720.580350648077,
        "n_hot_stdev": 1.3986497122106e+16,
        "critical_energy": 23.216728585402358,
        "mswe": 2.6791305607811376e+16,
        "mse": 9.006625231155842e+19
    },
    "2exp": {
        "a0": -43285486130.15432,
        "a1": 87108253319569.86,
        "b1": -0.06353348932992701,
        "a2": 18543097442445.836,
        "b2": -0.0158662480584221,
        "a0_stdev": 125834108530678.94,
        "a1_stdev": 2.2984648210219427e+17,
        "b1_stdev": 75.33727330961521,
        "a2_stdev": 1.3815934666568072e+16,
        "b2_stdev": 5.017772527135552,
        "t_hot": 63.02687291398935,
        "n_hot": 18543097442445.836,
        "t_hot_stdev": 19932.532897165052,
        "n_hot_stdev": 1.3815934666568072e+16,
        "start_index": 46,
        "end_index": 617,
        "mswe": 2.1954843673918936e+16,
        "mse": 2.709662681114491e+17
    },
    "2nlsq": {
        "a1": 99895647656049.84,
        "b1": -0.06866575598455157,
        "a2": 19928399746653.566,
        "b2": -0.016486383596171234,
        "a0": -30590104584.350086,
        "a1_stdev": 12930162589922.88,
        "b1_stdev": 0.003617232087738334,
        "a2_stdev": 565514352626.8175,
        "b2_stdev": 0.0001977298619166341,
        "a0_stdev": 4730585805.181241,
        "start_index": 46,
        "end_index": 617,
        "t_hot": 60.65611625294452,
        "n_hot": 19928399746653.566,
        "t_hot_stdev": 0.7274806764704528,
        "n_hot_stdev": 565514352626.8175,
        "mswe": 2.1286928563123224e+16,
        "mse": 2.7627827258068614e+17
    },
    "1nlsq": null,
    "true_params": {
        "t_hot": 56.8816,
        "t_hot_stdev": 0.5808
    },
    "histogram": {
        "i": 1e+18,
        "l": 5.0,
        "a": 50.0,
        "filename": "hist_1e18_500_50"
    }
}