{
    "3exp": {
        "a1": 331389616793891.7,
        "b1": -0.16697293485735581,
        "a2": 52193701403893.76,
        "b2": -0.04607422387486229,
        "a3": 10428007159858.625,
        "b3": -0.017084873137042055,
        "t_hot": 58.53130965496489,
        "n_hot": 10428007159858.625,
        "start_index": 0,
        "end_index": 614,
        "a1_stdev": 7.891768124914452e+17,
        "b1_stdev": 268.39802395690856,
        "a2_stdev": 1.2966365146542496e+17,
        "b2_stdev": 72.78751328803251,
        "a3_stdev": 2.486369279471319e+16,
        "b3_stdev": 10.017271805127752,
        "t_hot_stdev": 34318.31382187209,
        "n_hot_stdev": 2.486369279471319e+16,
        "critical_energy": 15.288276717702734,
        "mswe": 1.2713170252376531e+17,
        "mse": 4.5740044971286495e+19
    },
    "2exp": {
        "a0": -20330041743.536102,
        "a1": 71695771397916.64,
        "b1": -0.054515582436516524,
        "a2": 12350931773910.412,
        "b2": -0.017724826317832613,
        "a0_stdev": 169328283541845.1,
        "a1_stdev": 1.0558350150855938e+17,
        "b1_stdev": 64.24673187862165,
        "a2_stdev": 2.8485188520506064e+16,
        "b2_stdev": 14.552295447948449,
        "t_hot": 56.41804224585935,
        "n_hot": 12350931773910.412,
        "t_hot_stdev": 46319.89079241795,
        "n_hot_stdev": 2.8485188520506064e+16,
        "start_index": 34,
        "end_index": 614,
        "mswe": 1.0121754614601648e+17,
        "mse": 2.5005000533171405e+18
    },
    "2nlsq": {
        "a1": 92667030767107.61,
        "b1": -0.08034073544161731,
        "a2": 27514160384886.53,
        "b2": -0.024910027914342967,
        "a0": -12374428667.37877,
        "a1_stdev": 26448223601985.883,
        "b1_stdev": 0.011572747700939105,
        "a2_stdev": 2626374298348.409,
        "b2_stdev": 0.0007670657111195089,
        "a0_stdev": 4812484229.763175,
        "start_index": 34,
        "end_index": 614,
        "t_hot": 40.1444752867663,
        "n_hot": 27514160384886.53,
        "t_hot_stdev": 1.2361869119236255,
        "n_hot_stdev": 2626374298348.409,
        "mswe": 5.299635224052623e+16,
        "mse": 2.572044390645564e+18
    },
    "1nlsq": null,
    "true_params": {
        "t_hot": 46.2732,
        "t_hot_stdev": 1.5918
    },
    "histogram": {
        "i": 1e+18,
        "l": 0.2,
        "a": 1.0,
        "filename": "hist_1e18_020_1"
    }
}