{
    "3exp": {
        "a1": 4145015287984692.5,
        "b1": -0.06893520495641002,
        "a2": 675972147174543.4,
        "b2": -0.012587791576832022,
        "a3": -541610897453.4578,
        "b3": 0.0013081657837996522,
        "t_hot": 79.44205255515286,
        "n_hot": 675972147174543.4,
        "start_index": 0,
        "end_index": 438,
        "critical_energy": NaN,
        "mse": 792599430.220254
    },
    "2exp": {
        "a1": 1088433922150234.9,
        "b1": -0.043649693450861386,
        "a2": 655858231888817.1,
        "b2": -0.012741858536243161,
        "a1_stdev": 20393224918196.168,
        "b1_stdev": 0.0016911718542392288,
        "a2_stdev": 2049917020446.122,
        "b2_stdev": 0.004196618603460346,
        "t_hot": 78.4814866022553,
        "n_hot": 655858231888817.1,
        "t_hot_stdev": 25.848416521453302,
        "n_hot_stdev": 2049917020446.122,
        "start_index": 25,
        "end_index": 438,
        "mse": 1805593794.251205
    },
    "nlsq": {
        "a1": 1.5023610620619674e+17,
        "b1": -0.1424320284226002,
        "a2": 824270784737359.8,
        "b2": -0.014032086559593827,
        "a0": 0.0,
        "a1_stdev": Infinity,
        "b1_stdev": Infinity,
        "a2_stdev": Infinity,
        "b2_stdev": Infinity,
        "a0_stdev": Infinity,
        "start_index": 25,
        "end_index": 438,
        "t_hot": 71.26523883337177,
        "n_hot": 824270784737359.8,
        "t_hot_stdev": Infinity,
        "n_hot_stdev": Infinity,
        "mse": 981090083.0877709
    },
    "true_params": {
        "t_hot": 78.9469,
        "t_hot_stdev": 0.5668
    },
    "histogram": {
        "i": 1e+18,
        "l": 0.1,
        "a": 40.0,
        "filename": "hist_1e18_010_40"
    }
}