{
    "3exp": {
        "a1": 1566888439263342.2,
        "b1": -1.3406162657593217,
        "a2": 127173091223097.88,
        "b2": -0.34535925706821213,
        "a3": 17855262310844.957,
        "b3": -0.09406272960123205,
        "t_hot": 10.63120328571564,
        "n_hot": 17855262310844.957,
        "start_index": 0,
        "end_index": 453,
        "critical_energy": 3.589535983885873,
        "mse": 11717613304.462862
    },
    "2exp": {
        "a1": 126617932668324.83,
        "b1": -0.33935528395995906,
        "a2": 17194244257787.178,
        "b2": -0.09300453912114101,
        "a1_stdev": 1991626317606.3286,
        "b1_stdev": 0.010069748989173727,
        "a2_stdev": 252295931444.32108,
        "b2_stdev": 0.022803580479898476,
        "t_hot": 10.752163383095443,
        "n_hot": 17194244257787.178,
        "t_hot_stdev": 2.6362995328654915,
        "n_hot_stdev": 252295931444.32108,
        "start_index": 36,
        "end_index": 453,
        "mse": 12542790559.454876
    },
    "nlsq": {
        "a1": 379798910310520.2,
        "b1": -0.6290106809869933,
        "a2": 41686544713224.586,
        "b2": -0.13945760550434255,
        "a0": 0.0,
        "a1_stdev": Infinity,
        "b1_stdev": Infinity,
        "a2_stdev": Infinity,
        "b2_stdev": Infinity,
        "a0_stdev": Infinity,
        "start_index": 36,
        "end_index": 453,
        "t_hot": 7.170637961146272,
        "n_hot": 41686544713224.586,
        "t_hot_stdev": Infinity,
        "n_hot_stdev": Infinity,
        "mse": 5333535681.389669
    },
    "true_params": {
        "t_hot": 9.5788,
        "t_hot_stdev": 0.4069
    },
    "histogram": {
        "i": 1e+17,
        "l": 0.02,
        "a": 20.0,
        "filename": "hist_1e17_002_20"
    }
}