{
    "3exp": {
        "a1": 4108796736482090.0,
        "b1": -0.16614247828329912,
        "a2": 217479122781735.72,
        "b2": -0.03915041079879618,
        "a3": 248013673300648.25,
        "b3": -0.0231209565536188,
        "t_hot": 43.25080572168127,
        "n_hot": 248013673300648.25,
        "start_index": 0,
        "end_index": 382,
        "a1_stdev": 4.433068956161549e+19,
        "b1_stdev": 1342.5420380653004,
        "a2_stdev": 2.200994115011552e+19,
        "b2_stdev": 3035.5659293458516,
        "a3_stdev": 3.0903362225615053e+19,
        "b3_stdev": 533.9123189123736,
        "t_hot_stdev": 998753.5733713885,
        "n_hot_stdev": 3.0903362225615053e+19
    },
    "2exp": null,
    "2nlsq": null,
    "1nlsq": null,
    "true_params": {
        "t_hot": 40.169,
        "t_hot_stdev": 0.3862
    },
    "histogram": {
        "i": 1e+18,
        "l": 0.05,
        "a": 30.0,
        "filename": "hist_1e18_005_30"
    }
}