{
    "3exp": {
        "a1": 398800236753987.44,
        "b1": -0.14285719865106652,
        "a2": 59886872843910.41,
        "b2": -0.03513135305774992,
        "a3": 13263626247693.668,
        "b3": -0.013858426680618744,
        "t_hot": 72.1582632030314,
        "n_hot": 13263626247693.668,
        "start_index": 0,
        "end_index": 544,
        "a1_stdev": 1.2710913725823483e+18,
        "b1_stdev": 276.2211362597887,
        "a2_stdev": 1.3861384265530875e+17,
        "b2_stdev": 66.08792867513195,
        "a3_stdev": 4.549475048484299e+16,
        "b3_stdev": 11.475881751336592,
        "t_hot_stdev": 59752.79264982473,
        "n_hot_stdev": 4.549475048484299e+16,
        "critical_energy": 17.60026381221216,
        "mswe": 1.8030840176925235e+17,
        "mse": 6.282797899794587e+19
    },
    "2exp": {
        "a0": 63149329442.22749,
        "a1": 75670470918843.4,
        "b1": -0.04835033498043695,
        "a2": 24908000565111.82,
        "b2": -0.01725470956462631,
        "a0_stdev": 294949198536157.06,
        "a1_stdev": 2.320863072622697e+17,
        "b1_stdev": 132.60828086203537,
        "a2_stdev": 8.717461166883202e+16,
        "b2_stdev": 19.828151887201283,
        "t_hot": 57.955191668371455,
        "n_hot": 24908000565111.82,
        "t_hot_stdev": 66598.88065622267,
        "n_hot_stdev": 8.717461166883202e+16,
        "start_index": 32,
        "end_index": 544,
        "mswe": 1.9499119344118205e+17,
        "mse": 2.536661067558699e+18
    },
    "2nlsq": {
        "a1": 76921252100284.9,
        "b1": -0.05103544499594519,
        "a2": 27495178955265.848,
        "b2": -0.017843502039182887,
        "a0": -55532380578.89652,
        "a1_stdev": 11594453440859.215,
        "b1_stdev": 0.006221735323373146,
        "a2_stdev": 3555612182111.362,
        "b2_stdev": 0.000756264773164664,
        "a0_stdev": 10881161878.196718,
        "start_index": 32,
        "end_index": 544,
        "t_hot": 56.042810307308564,
        "n_hot": 27495178955265.848,
        "t_hot_stdev": 2.375273818530517,
        "n_hot_stdev": 3555612182111.362,
        "mswe": 6.8060516065342296e+16,
        "mse": 2.636470930657275e+18
    },
    "1nlsq": null,
    "true_params": {
        "t_hot": 61.5832,
        "t_hot_stdev": 2.2502
    },
    "histogram": {
        "i": 1e+18,
        "l": 0.2,
        "a": 4.0,
        "filename": "hist_1e18_020_4"
    }
}