{
    "3exp": {
        "a1": 877570750739035.4,
        "b1": -0.6892683542932114,
        "a2": 8229490217367.567,
        "b2": -0.21132111648911012,
        "a3": 1167807085351.6543,
        "b3": -0.03917139406560472,
        "t_hot": 25.528833574960032,
        "n_hot": 1167807085351.6543,
        "start_index": 0,
        "end_index": 452,
        "a1_stdev": 3.820415866576297e+18,
        "b1_stdev": 1131.5521752199381,
        "a2_stdev": 2.0398827833733754e+17,
        "b2_stdev": 1954.9048003307978,
        "a3_stdev": 5144077116469349.0,
        "b3_stdev": 80.4119793521754,
        "t_hot_stdev": 52406.203232816115,
        "n_hot_stdev": 5144077116469349.0,
        "critical_energy": 9.769767747570208,
        "mswe": 8.595363463612498e+17,
        "mse": 1.4051454077579088e+19
    },
    "2exp": {
        "a0": -14858195485.844055,
        "a1": 3280257307687.6333,
        "b1": -0.13259400986043107,
        "a2": 852716479577.4198,
        "b2": -0.03184720203956998,
        "a0_stdev": 2669725961047372.0,
        "a1_stdev": 7.695939485773093e+16,
        "b1_stdev": 2936.3984420508245,
        "a2_stdev": 2.528787574213739e+16,
        "b2_stdev": 832.4424216485982,
        "t_hot": 31.39993267720993,
        "n_hot": 852716479577.4198,
        "t_hot_stdev": 820751.4105930709,
        "n_hot_stdev": 2.528787574213739e+16,
        "start_index": 57,
        "end_index": 452,
        "mswe": 8.60277356518137e+17,
        "mse": 1.2272839303141235e+18
    },
    "2nlsq": {
        "a1": 1990121689171.7954,
        "b1": -0.06880157314638939,
        "a2": 556381807212.5929,
        "b2": -0.06872251095990296,
        "a0": 12241740081.701456,
        "a1_stdev": 2.6380371400040786e+18,
        "b1_stdev": 53.071745819260144,
        "a2_stdev": 2.638037201094876e+18,
        "b2_stdev": 186.72676276326055,
        "a0_stdev": 13414076768.193916,
        "start_index": 57,
        "end_index": 452,
        "t_hot": 14.551272734831574,
        "n_hot": 556381807212.5929,
        "t_hot_stdev": 39537.43851771847,
        "n_hot_stdev": 2.638037201094876e+18,
        "mswe": 5.0024082529128134e+17,
        "mse": 1.622051351509853e+18
    },
    "1nlsq": null,
    "true_params": {
        "t_hot": 19.2499,
        "t_hot_stdev": 1.115
    },
    "histogram": {
        "i": 1e+17,
        "l": 5.0,
        "a": 20.0,
        "filename": "hist_1e17_500_20"
    }
}