{
    "3exp": {
        "a1": 1830636018905399.5,
        "b1": -1.063223326425989,
        "a2": 120238763213889.77,
        "b2": -0.24484068824239863,
        "a3": 3770648645511.7007,
        "b3": -0.04785582612544355,
        "t_hot": 20.896097319033203,
        "n_hot": 3770648645511.7007,
        "start_index": 0,
        "end_index": 202,
        "a1_stdev": 2.331327434122997e+20,
        "b1_stdev": 47121.186030363744,
        "a2_stdev": 7.015060222780137e+18,
        "b2_stdev": 13106.739881920708,
        "a3_stdev": 2.015738349275178e+18,
        "b3_stdev": 19861.894535990265,
        "t_hot_stdev": 8672634.342922017,
        "n_hot_stdev": 2.015738349275178e+18
    },
    "2exp": null,
    "2nlsq": null,
    "1nlsq": null,
    "true_params": {
        "t_hot": 8.5642,
        "t_hot_stdev": 0.3479
    },
    "histogram": {
        "i": 1e+18,
        "l": 0.01,
        "a": 4.0,
        "filename": "hist_1e18_001_4"
    }
}