{
    "3exp": {
        "a1": 3.6788317531072024e+16,
        "b1": -5.101591496775864,
        "a2": 636449152167912.2,
        "b2": -1.970570071296329,
        "a3": 37581793380132.19,
        "b3": -1.0103437339658552,
        "t_hot": 0.9897621634913759,
        "n_hot": 37581793380132.19,
        "start_index": 0,
        "end_index": 187,
        "critical_energy": 1.6832067623597498,
        "mse": 8768546282.170412
    },
    "2exp": {
        "a1": 935726870365277.1,
        "b1": -2.1097350670621604,
        "a2": 36828709304723.3,
        "b2": -0.995702824724845,
        "a1_stdev": 37514538371439.055,
        "b1_stdev": 1.0978002633840593,
        "a2_stdev": 2093349996309.026,
        "b2_stdev": 1.6044193589270663,
        "t_hot": 1.0043157206833702,
        "n_hot": 36828709304723.3,
        "t_hot_stdev": 1.618297693575862,
        "n_hot_stdev": 2093349996309.026,
        "start_index": 42,
        "end_index": 187,
        "mse": 8980654076.899605
    },
    "nlsq": {
        "a1": 3271469596563076.5,
        "b1": -2.977749957682664,
        "a2": 149505766078527.22,
        "b2": -1.2977315749056273,
        "a0": 0.0,
        "a1_stdev": Infinity,
        "b1_stdev": Infinity,
        "a2_stdev": Infinity,
        "b2_stdev": Infinity,
        "a0_stdev": Infinity,
        "start_index": 42,
        "end_index": 187,
        "t_hot": 0.7705753788665589,
        "n_hot": 149505766078527.22,
        "t_hot_stdev": Infinity,
        "n_hot_stdev": Infinity,
        "mse": 8171695675.937025
    },
    "true_params": {
        "t_hot": 0.7731,
        "t_hot_stdev": 0.0202
    },
    "histogram": {
        "i": 1e+17,
        "l": 5.0,
        "a": 50.0,
        "filename": "hist_1e17_500_50"
    }
}