{
    "3exp": {
        "a1": 2732834192464895.5,
        "b1": -0.017486924903397347,
        "a2": 669733051657473.4,
        "b2": -0.002979306934842637,
        "a3": 190675860374709.9,
        "b3": -0.0013793679999257208,
        "t_hot": 724.9696963057357,
        "n_hot": 190675860374709.9,
        "start_index": 0,
        "end_index": 924,
        "a1_stdev": 1.1833996163774057e+18,
        "b1_stdev": 3.56328899840929,
        "a2_stdev": 4.183410888288681e+16,
        "b2_stdev": 0.2418236726388564,
        "a3_stdev": 3.774315679632027e+16,
        "b3_stdev": 0.057453985095795204,
        "t_hot_stdev": 30196.72642014017,
        "n_hot_stdev": 3.774315679632027e+16,
        "critical_energy": 96.92944188460886,
        "mswe": 501873115273546.25,
        "mse": 3.6896344559318745e+19
    },
    "2exp": {
        "a0": -155963410460.80545,
        "a1": 734110650364203.8,
        "b1": -0.0030608829673919365,
        "a2": 178746404855780.78,
        "b2": -0.0013424699359439133,
        "a0_stdev": 25540306068251.023,
        "a1_stdev": 2.2253093085692296e+16,
        "b1_stdev": 0.1462990524222626,
        "a2_stdev": 2.8733179998588076e+16,
        "b2_stdev": 0.05651750499410259,
        "t_hot": 744.8956384240241,
        "n_hot": 178746404855780.78,
        "t_hot_stdev": 31359.840423624864,
        "n_hot_stdev": 2.8733179998588076e+16,
        "start_index": 25,
        "end_index": 924,
        "mswe": 210021619741239.0,
        "mse": 7.163277641251138e+16
    },
    "2nlsq": {
        "a1": 710133240612845.0,
        "b1": -0.003219733246034048,
        "a2": 220300432218472.0,
        "b2": -0.0014319537549958778,
        "a0": -85499320383.41154,
        "a1_stdev": 4896938317172.531,
        "b1_stdev": 3.4851478508626056e-05,
        "a2_stdev": 6438635960514.394,
        "b2_stdev": 1.0747581195156347e-05,
        "a0_stdev": 4235144160.9747634,
        "start_index": 25,
        "end_index": 924,
        "t_hot": 698.3465747487626,
        "n_hot": 220300432218472.0,
        "t_hot_stdev": 5.24146571653304,
        "n_hot_stdev": 6438635960514.394,
        "mswe": 156077688598005.38,
        "mse": 7.023324775110005e+16
    },
    "1nlsq": null,
    "true_params": {
        "t_hot": 659.0293,
        "t_hot_stdev": 3.2061
    },
    "histogram": {
        "i": 1e+19,
        "l": 2.0,
        "a": 4.0,
        "filename": "hist_1e19_200_4"
    }
}