{
    "3exp": {
        "a1": 678351100265114.2,
        "b1": -0.06057010470048378,
        "a2": 105490715510268.62,
        "b2": -0.012148152921212773,
        "a3": 20529809288017.09,
        "b3": -0.004867779759200223,
        "t_hot": 205.4324660251885,
        "n_hot": 20529809288017.09,
        "start_index": 0,
        "end_index": 480,
        "a1_stdev": 2.5243265938870246e+18,
        "b1_stdev": 162.3711760654999,
        "a2_stdev": 2.3578576618184323e+17,
        "b2_stdev": 59.307647372171914,
        "a3_stdev": 4.100845187344652e+17,
        "b3_stdev": 31.884601000361204,
        "t_hot_stdev": 1345609.8130474132,
        "n_hot_stdev": 4.100845187344652e+17
    },
    "2exp": null,
    "2nlsq": null,
    "1nlsq": null,
    "true_params": {
        "t_hot": 168.4757,
        "t_hot_stdev": 5.0488
    },
    "histogram": {
        "i": 1e+18,
        "l": 0.5,
        "a": 40.0,
        "filename": "hist_1e18_050_40"
    }
}