{
    "3exp": {
        "a1": 5460705773890003.0,
        "b1": -0.23135609244133284,
        "a2": 484712031673562.0,
        "b2": -0.041413955446503566,
        "a3": -31863013648.68751,
        "b3": 0.009542976852988579,
        "t_hot": 24.146449891552837,
        "n_hot": 484712031673562.0,
        "start_index": 0,
        "end_index": 627,
        "critical_energy": NaN,
        "mse": 1421089237.7171545
    },
    "2exp": {
        "a1": 3519664318510093.5,
        "b1": -0.1979443658913811,
        "a2": 467983809853260.2,
        "b2": -0.04116521552841567,
        "a1_stdev": 25853177672240.11,
        "b1_stdev": 0.0013070841611454115,
        "a2_stdev": 1021378013022.9855,
        "b2_stdev": 0.004421956816046424,
        "t_hot": 24.292354289016572,
        "n_hot": 467983809853260.2,
        "t_hot_stdev": 2.609478421216606,
        "n_hot_stdev": 1021378013022.9855,
        "start_index": 25,
        "end_index": 627,
        "mse": 1647417467.0291946
    },
    "nlsq": {
        "a1": 5372651544963052.0,
        "b1": -0.22858674236197798,
        "a2": 502879439187594.06,
        "b2": -0.04241426265838661,
        "a0": -101618156402.44315,
        "a1_stdev": 944676268709667.1,
        "b1_stdev": 0.010702416400450715,
        "a2_stdev": 6243640917749.036,
        "b2_stdev": 0.00020024399692838526,
        "a0_stdev": 29606657.972280268,
        "start_index": 25,
        "end_index": 627,
        "t_hot": 23.57697475620902,
        "n_hot": 502879439187594.06,
        "t_hot_stdev": 0.11131037921578531,
        "n_hot_stdev": 6243640917749.036,
        "mse": 746047450.3529761
    },
    "true_params": {
        "t_hot": 25.1092,
        "t_hot_stdev": 0.1891
    },
    "histogram": {
        "i": 1e+18,
        "l": 0.05,
        "a": 60.0,
        "filename": "hist_1e18_005_60"
    }
}