{
    "3exp": {
        "a1": 1538125828007901.8,
        "b1": -1.2286828381535244,
        "a2": 257193693935957.12,
        "b2": -0.35670947943012343,
        "a3": 18294431214875.77,
        "b3": -0.10260436864749688,
        "t_hot": 9.746173707627953,
        "n_hot": 18294431214875.77,
        "start_index": 0,
        "end_index": 564,
        "critical_energy": 3.9355367952936784,
        "mse": 3816147951.258519
    },
    "2exp": {
        "a1": 274648747957030.97,
        "b1": -0.36459324931367126,
        "a2": 18752164520191.332,
        "b2": -0.10382545685713744,
        "a1_stdev": 2221925196822.9946,
        "b1_stdev": 0.004737820540187771,
        "a2_stdev": 223427444084.6492,
        "b2_stdev": 0.010287470882666138,
        "t_hot": 9.631549239181174,
        "n_hot": 18752164520191.332,
        "t_hot_stdev": 0.9543351443122499,
        "n_hot_stdev": 223427444084.6492,
        "start_index": 36,
        "end_index": 564,
        "mse": 3759828429.5788803
    },
    "nlsq": {
        "a1": 355001238557227.44,
        "b1": -0.42531880549058376,
        "a2": 30205318176971.215,
        "b2": -0.1257747786877526,
        "a0": -25863834487.750683,
        "a1_stdev": 53827396890361.445,
        "b1_stdev": 0.024969827811666567,
        "a2_stdev": 2583210112672.7925,
        "b2_stdev": 0.0034192592862974415,
        "a0_stdev": 77965127.97081514,
        "start_index": 36,
        "end_index": 564,
        "t_hot": 7.950719615119271,
        "n_hot": 30205318176971.215,
        "t_hot_stdev": 0.2161448595686617,
        "n_hot_stdev": 2583210112672.7925,
        "mse": 1490822756.487786
    },
    "true_params": {
        "t_hot": 8.7869,
        "t_hot_stdev": 0.234
    },
    "histogram": {
        "i": 1e+17,
        "l": 0.1,
        "a": 60.0,
        "filename": "hist_1e17_010_60"
    }
}