{
    "3exp": {
        "a1": 801301876562531.5,
        "b1": -0.07094136305660341,
        "a2": 114699691625687.22,
        "b2": -0.01332957346971235,
        "a3": 11092225761314.604,
        "b3": -0.003520569885090524,
        "t_hot": 284.0449224527429,
        "n_hot": 11092225761314.604,
        "start_index": 0,
        "end_index": 722,
        "critical_energy": 63.481799431195306,
        "mse": 47634693.11095557
    },
    "2exp": {
        "a1": 114736569566026.52,
        "b1": -0.013128712099976275,
        "a2": 10516017844663.996,
        "b2": -0.0034804796088635133,
        "a1_stdev": 470660144771.3955,
        "b1_stdev": 0.00011444917403781911,
        "a2_stdev": 88476504449.80382,
        "b2_stdev": 0.00023908850945116963,
        "t_hot": 287.31672423920094,
        "n_hot": 10516017844663.996,
        "t_hot_stdev": 19.73697164143826,
        "n_hot_stdev": 88476504449.80382,
        "start_index": 45,
        "end_index": 722,
        "mse": 47753621.27243725
    },
    "nlsq": {
        "a1": 115537381807209.52,
        "b1": -0.012769603532781972,
        "a2": 8396512783881.584,
        "b2": -0.002802846225262993,
        "a0": -265258934101.7122,
        "a1_stdev": 2779942409250.307,
        "b1_stdev": 0.00024656087934169787,
        "a2_stdev": 565868359636.4349,
        "b2_stdev": 0.00013803406735207806,
        "a0_stdev": 29158496.482996006,
        "start_index": 45,
        "end_index": 722,
        "t_hot": 356.7801868638617,
        "n_hot": 8396512783881.584,
        "t_hot_stdev": 17.57064654477515,
        "n_hot_stdev": 565868359636.4349,
        "mse": 27328262.877645742
    },
    "true_params": {
        "t_hot": 310.1353,
        "t_hot_stdev": 14.6462
    },
    "histogram": {
        "i": 1e+18,
        "l": 2.0,
        "a": 1.0,
        "filename": "hist_1e18_200_1"
    }
}