{
    "3exp": {
        "a1": 2.3389107274251268e+16,
        "b1": -4.4103549121908,
        "a2": 392421361434055.25,
        "b2": -1.5037668924262961,
        "a3": 33919345412.165035,
        "b3": 0.3885768436339989,
        "t_hot": 0.6649966860132963,
        "n_hot": 392421361434055.25,
        "start_index": 0,
        "end_index": 131,
        "a1_stdev": 7.015004420015772e+21,
        "b1_stdev": 280455.6106089385,
        "a2_stdev": 9.265343376579889e+19,
        "b2_stdev": 101235.71759542049,
        "a3_stdev": 2.5543431251564714e+17,
        "b3_stdev": 1608802.9146102364,
        "t_hot_stdev": 44768.519007963325,
        "n_hot_stdev": 9.265343376579889e+19
    },
    "2exp": null,
    "2nlsq": null,
    "1nlsq": null,
    "true_params": {
        "t_hot": 0.9338,
        "t_hot_stdev": 0.0244
    },
    "histogram": {
        "i": 1e+17,
        "l": 5.0,
        "a": 45.0,
        "filename": "hist_1e17_500_45"
    }
}