{
    "3exp": {
        "a1": 3438042396490464.5,
        "b1": -0.5252381618527828,
        "a2": 106722210196537.11,
        "b2": -0.18739422007373976,
        "a3": 30968390538569.11,
        "b3": -0.08172845346242016,
        "t_hot": 12.235640803601079,
        "n_hot": 30968390538569.11,
        "start_index": 0,
        "end_index": 283,
        "critical_energy": 10.619137313720778,
        "mse": 612567835.3769262
    },
    "2exp": {
        "a1": 107273953431941.58,
        "b1": -0.1765618779007575,
        "a2": 27163289913834.543,
        "b2": -0.07952023790383078,
        "a1_stdev": 6249832881586.632,
        "b1_stdev": 0.04191570138416465,
        "a2_stdev": 710800691850.331,
        "b2_stdev": 0.06891337198504512,
        "t_hot": 12.575415093820114,
        "n_hot": 27163289913834.543,
        "t_hot_stdev": 10.898034023424728,
        "n_hot_stdev": 710800691850.331,
        "start_index": 36,
        "end_index": 283,
        "mse": 552269013.9397908
    },
    "nlsq": {
        "a1": 316024330979844.6,
        "b1": -0.2813413518906579,
        "a2": 48152167017489.94,
        "b2": -0.09319839728840736,
        "a0": 21618351.121800497,
        "a1_stdev": 847932154887915.9,
        "b1_stdev": 0.16167842748799735,
        "a2_stdev": 8109186553393.378,
        "b2_stdev": 0.003765881511768568,
        "a0_stdev": 48409202.56727829,
        "start_index": 36,
        "end_index": 283,
        "t_hot": 10.729798248627036,
        "n_hot": 48152167017489.94,
        "t_hot_stdev": 0.43356055495749846,
        "n_hot_stdev": 8109186553393.378,
        "mse": 452922232.1523902
    },
    "true_params": {
        "t_hot": 10.5468,
        "t_hot_stdev": 0.2654
    },
    "histogram": {
        "i": 1e+18,
        "l": 0.02,
        "a": 2.0,
        "filename": "hist_1e18_002_2"
    }
}