{
    "3exp": {
        "a1": 214177029763211.97,
        "b1": -0.03005076910475004,
        "a2": 171641719516325.2,
        "b2": -0.007608118114319878,
        "a3": 9806712569142.094,
        "b3": -0.002561489805938365,
        "t_hot": 390.3978058712845,
        "n_hot": 9806712569142.094,
        "start_index": 0,
        "end_index": 646,
        "a1_stdev": 3.340698421635448e+17,
        "b1_stdev": 30.8359680526426,
        "a2_stdev": 4.683280377545546e+16,
        "b2_stdev": 1.3198698809921539,
        "a3_stdev": 8128842368111594.0,
        "b3_stdev": 0.6290539975465148,
        "t_hot_stdev": 95874.40084570416,
        "n_hot_stdev": 8128842368111594.0,
        "critical_energy": 9.864861187527648,
        "mswe": 1976164259838956.5,
        "mse": 1.5043823346611692e+18
    },
    "2exp": {
        "a0": 51202184971.625946,
        "a1": 188723987882594.1,
        "b1": -0.008379763433200703,
        "a2": 17381458891722.441,
        "b2": -0.003188499488845375,
        "a0_stdev": 85753197588698.1,
        "a1_stdev": 2.7409235603948804e+16,
        "b1_stdev": 1.672862963125023,
        "a2_stdev": 2.239775698455507e+16,
        "b2_stdev": 1.3433540068647338,
        "t_hot": 313.6271476593907,
        "n_hot": 17381458891722.441,
        "t_hot_stdev": 132134.9703657523,
        "n_hot_stdev": 2.239775698455507e+16,
        "start_index": 25,
        "end_index": 646,
        "mswe": 2061813949648244.0,
        "mse": 5.230060318684941e+16
    },
    "2nlsq": {
        "a1": 187100994055081.3,
        "b1": -0.007889788024354317,
        "a2": 10004877444488.979,
        "b2": -0.0025655027701106847,
        "a0": -35775786695.09539,
        "a1_stdev": 2083015275558.7195,
        "b1_stdev": 0.00010267374008469234,
        "a2_stdev": 1127228363598.642,
        "b2_stdev": 0.00011826187599750252,
        "a0_stdev": 11493880939.647226,
        "start_index": 25,
        "end_index": 646,
        "t_hot": 389.78714490214975,
        "n_hot": 10004877444488.979,
        "t_hot_stdev": 17.968002035659385,
        "n_hot_stdev": 1127228363598.642,
        "mswe": 1616150715688685.5,
        "mse": 5.410023496054513e+16
    },
    "1nlsq": null,
    "true_params": {
        "t_hot": 393.5502,
        "t_hot_stdev": 9.0602
    },
    "histogram": {
        "i": 1e+18,
        "l": 5.0,
        "a": 2.0,
        "filename": "hist_1e18_500_2"
    }
}