{
    "3exp": {
        "a1": 4494825217036809.5,
        "b1": -1.4768794701498007,
        "a2": 370455757584223.4,
        "b2": -0.42053374565309504,
        "a3": 46525764324576.914,
        "b3": -0.10362596986702804,
        "t_hot": 9.650090621908692,
        "n_hot": 46525764324576.914,
        "start_index": 0,
        "end_index": 426,
        "a1_stdev": 4.4161901834380404e+20,
        "b1_stdev": 45744.93190958607,
        "a2_stdev": 1.3604775698547972e+19,
        "b2_stdev": 6644.269429695527,
        "a3_stdev": 7.139372912146313e+17,
        "b3_stdev": 621.333602716685,
        "t_hot_stdev": 57861.22513832144,
        "n_hot_stdev": 7.139372912146313e+17
    },
    "2exp": null,
    "2nlsq": null,
    "1nlsq": null,
    "true_params": {
        "t_hot": 8.8633,
        "t_hot_stdev": 0.1697
    },
    "histogram": {
        "i": 1e+17,
        "l": 0.01,
        "a": 40.0,
        "filename": "hist_1e17_001_40"
    }
}