{
    "3exp": {
        "a1": 6035986309924738.0,
        "b1": -0.02361234568312249,
        "a2": 1483672509080794.8,
        "b2": -0.00718690795561994,
        "a3": 108636121139619.44,
        "b3": -0.00262151523024339,
        "t_hot": 381.4587794354171,
        "n_hot": 108636121139619.44,
        "start_index": 0,
        "end_index": 524,
        "critical_energy": 191.39264649180174,
        "mse": 416352530.96634996
    },
    "2exp": {
        "a1": 1535173984963825.0,
        "b1": -0.0073443076279368046,
        "a2": 120388661067804.72,
        "b2": -0.0027068754646485432,
        "a1_stdev": 11032380031004.586,
        "b1_stdev": 0.0002325939534691585,
        "a2_stdev": 1780592314252.9363,
        "b2_stdev": 0.0003899481682475239,
        "t_hot": 369.4296294971363,
        "n_hot": 120388661067804.72,
        "t_hot_stdev": 53.21944404172065,
        "n_hot_stdev": 1780592314252.9363,
        "start_index": 55,
        "end_index": 524,
        "mse": 409309587.23427355
    },
    "nlsq": {
        "a1": 1455751230595786.5,
        "b1": -0.006960158984768751,
        "a2": 84867896081498.31,
        "b2": -0.0023578575037347927,
        "a0": -747090628442.9586,
        "a1_stdev": 80282832437665.17,
        "b1_stdev": 0.00026172357964602736,
        "a2_stdev": 18366772916246.973,
        "b2_stdev": 0.00018795693750385363,
        "a0_stdev": 66647947.19744588,
        "start_index": 55,
        "end_index": 524,
        "t_hot": 424.11383996531714,
        "n_hot": 84867896081498.31,
        "t_hot_stdev": 33.808293498064884,
        "n_hot_stdev": 18366772916246.973,
        "mse": 177685306.68243155
    },
    "true_params": {
        "t_hot": 379.1686,
        "t_hot_stdev": 14.4677
    },
    "histogram": {
        "i": 1e+19,
        "l": 0.1,
        "a": 20.0,
        "filename": "hist_1e19_010_20"
    }
}