{
    "3exp": {
        "a1": 7008577199626445.0,
        "b1": -0.020644538766535013,
        "a2": 866898233214246.0,
        "b2": -0.0026995411877549203,
        "a3": 63694570370610.07,
        "b3": -0.0011836045883521537,
        "t_hot": 844.8767517809533,
        "n_hot": 63694570370610.07,
        "start_index": 0,
        "end_index": 751,
        "a1_stdev": 7.710606590372612e+18,
        "b1_stdev": 9.553206082735826,
        "a2_stdev": 1.4374318314368667e+17,
        "b2_stdev": 0.7329219126938001,
        "a3_stdev": 1.7873375539948966e+17,
        "b3_stdev": 0.8295804150749078,
        "t_hot_stdev": 592168.3755935634,
        "n_hot_stdev": 1.7873375539948966e+17,
        "critical_energy": 116.46523724439419,
        "mswe": 2.2102337292525348e+16,
        "mse": 1.6489506881181968e+19
    },
    "2exp": {
        "a0": 687793412758.599,
        "a1": 580993196666028.4,
        "b1": -0.004089481151374193,
        "a2": 507761007743523.06,
        "b2": -0.0020241718864968464,
        "a0_stdev": 848686063580345.5,
        "a1_stdev": 6.895113674555295e+17,
        "b1_stdev": 6.164450932462972,
        "a2_stdev": 1.0347988637288493e+18,
        "b2_stdev": 0.9953191164178433,
        "t_hot": 494.02919123170915,
        "n_hot": 507761007743523.06,
        "t_hot_stdev": 242922.4026781446,
        "n_hot_stdev": 1.0347988637288493e+18,
        "start_index": 28,
        "end_index": 751,
        "mswe": 3.136742616084018e+16,
        "mse": 4.736033169501717e+17
    },
    "2nlsq": {
        "a1": 903662680789997.0,
        "b1": -0.0028961256872028053,
        "a2": 95147483887953.08,
        "b2": -0.0012481223365341148,
        "a0": -576069755112.1821,
        "a1_stdev": 9940857613737.098,
        "b1_stdev": 4.38006095623985e-05,
        "a2_stdev": 14426074230289.854,
        "b2_stdev": 6.279168869388969e-05,
        "a0_stdev": 86989628698.1808,
        "start_index": 28,
        "end_index": 751,
        "t_hot": 801.2035124512549,
        "n_hot": 95147483887953.08,
        "t_hot_stdev": 40.307684640907866,
        "n_hot_stdev": 14426074230289.854,
        "mswe": 1.1996242715570722e+16,
        "mse": 6.182475443967708e+17
    },
    "1nlsq": null,
    "true_params": {
        "t_hot": 620.9316,
        "t_hot_stdev": 11.9641
    },
    "histogram": {
        "i": 1e+19,
        "l": 0.6,
        "a": 30.0,
        "filename": "hist_1e19_060_30"
    }
}