{
    "3exp": {
        "a1": 9852520559122358.0,
        "b1": -0.04523296000935469,
        "a2": 1474138478086012.8,
        "b2": -0.013572482610305874,
        "a3": 602234480593850.2,
        "b3": -0.005245515927708853,
        "t_hot": 190.63901697783652,
        "n_hot": 602234480593850.2,
        "start_index": 0,
        "end_index": 404,
        "a1_stdev": 8.36149919104505e+19,
        "b1_stdev": 248.55099067532342,
        "a2_stdev": 1.415474735101818e+19,
        "b2_stdev": 88.19626993479851,
        "a3_stdev": 3.572444405975686e+18,
        "b3_stdev": 8.34324239591128,
        "t_hot_stdev": 303220.41734016023,
        "n_hot_stdev": 3.572444405975686e+18
    },
    "2exp": null,
    "2nlsq": null,
    "1nlsq": null,
    "true_params": {
        "t_hot": 186.4095,
        "t_hot_stdev": 3.6196
    },
    "histogram": {
        "i": 1e+19,
        "l": 0.05,
        "a": 2.0,
        "filename": "hist_1e19_005_2"
    }
}