{
    "3exp": {
        "a1": 2655763851520448.5,
        "b1": -0.017410865625448534,
        "a2": 694290092218008.8,
        "b2": -0.002868542034931776,
        "a3": 50137277519799.99,
        "b3": -0.0011404212601908532,
        "t_hot": 876.8689561545413,
        "n_hot": 50137277519799.99,
        "start_index": 0,
        "end_index": 632,
        "critical_energy": 243.98367447847497,
        "mse": 61058579.18908658
    },
    "2exp": {
        "a1": 698454436770334.8,
        "b1": -0.002770173870405516,
        "a2": 32390446573834.316,
        "b2": -0.001017414152350734,
        "a1_stdev": 2495690792387.9097,
        "b1_stdev": 0.00011101442270592418,
        "a2_stdev": 743357944892.5015,
        "b2_stdev": 0.0001632711203930247,
        "t_hot": 982.8839098507736,
        "n_hot": 32390446573834.316,
        "t_hot_stdev": 157.729825958123,
        "n_hot_stdev": 743357944892.5015,
        "start_index": 42,
        "end_index": 632,
        "mse": 67904124.91275105
    },
    "nlsq": {
        "a1": 723437998383210.9,
        "b1": -0.0029659265616743063,
        "a2": 55362723493082.24,
        "b2": -0.0011350627382778155,
        "a0": -425055819827.939,
        "a1_stdev": 9225181561997.615,
        "b1_stdev": 6.079904258401738e-05,
        "a2_stdev": 9823354049151.943,
        "b2_stdev": 7.232342100605107e-05,
        "a0_stdev": 17565231.297617197,
        "start_index": 42,
        "end_index": 632,
        "t_hot": 881.0085700789186,
        "n_hot": 55362723493082.24,
        "t_hot_stdev": 56.135710895093546,
        "n_hot_stdev": 9823354049151.943,
        "mse": 29158427.38006017
    },
    "true_params": {
        "t_hot": 626.312,
        "t_hot_stdev": 8.6018
    },
    "histogram": {
        "i": 1e+19,
        "l": 0.5,
        "a": 10.0,
        "filename": "hist_1e19_050_10"
    }
}