{
    "3exp": {
        "a1": 2735623671891227.5,
        "b1": -2.037374945783218,
        "a2": 59064692501912.305,
        "b2": -0.3534035802806983,
        "a3": 1525645337.122552,
        "b3": 0.23659341066417658,
        "t_hot": 2.8296261152921223,
        "n_hot": 59064692501912.305,
        "start_index": 0,
        "end_index": 365,
        "a1_stdev": 5.656929002523033e+19,
        "b1_stdev": 10233.39392842775,
        "a2_stdev": 2.6437066309978486e+17,
        "b2_stdev": 691.2805403694881,
        "a3_stdev": 362761713487282.25,
        "b3_stdev": 12632.454290910206,
        "t_hot_stdev": 5534.933937197544,
        "n_hot_stdev": 2.6437066309978486e+17
    },
    "2exp": null,
    "2nlsq": null,
    "1nlsq": null,
    "true_params": {
        "t_hot": 2.9642,
        "t_hot_stdev": 0.0392
    },
    "histogram": {
        "i": 1e+17,
        "l": 0.1,
        "a": 4.0,
        "filename": "hist_1e17_010_4"
    }
}