{
    "3exp": {
        "a1": 6233056152516342.0,
        "b1": -1.3666274825673712,
        "a2": 312806698455793.94,
        "b2": -0.45020891270850105,
        "a3": 1121690381922.9607,
        "b3": -0.07863278186600453,
        "t_hot": 12.717342261959729,
        "n_hot": 1121690381922.9607,
        "start_index": 0,
        "end_index": 248,
        "a1_stdev": 1.0468468403397498e+20,
        "b1_stdev": 6026.972595758554,
        "a2_stdev": 2.2059049688138803e+18,
        "b2_stdev": 935.6243882501421,
        "a3_stdev": 2.513761156543543e+16,
        "b3_stdev": 917.1255830117132,
        "t_hot_stdev": 148327.44892880073,
        "n_hot_stdev": 2.513761156543543e+16
    },
    "2exp": null,
    "2nlsq": null,
    "1nlsq": null,
    "true_params": {
        "t_hot": 5.2463,
        "t_hot_stdev": 0.2
    },
    "histogram": {
        "i": 1e+17,
        "l": 1.0,
        "a": 40.0,
        "filename": "hist_1e17_100_40"
    }
}