{
    "3exp": {
        "a1": 1849888742290514.5,
        "b1": -0.3292746017666268,
        "a2": 150771543818016.16,
        "b2": -0.11400364505110767,
        "a3": 3712101804442.835,
        "b3": -0.021626149115142008,
        "t_hot": 46.24031743588731,
        "n_hot": 3712101804442.835,
        "start_index": 0,
        "end_index": 297,
        "a1_stdev": 1.9652471727118647e+19,
        "b1_stdev": 1599.0596738280128,
        "a2_stdev": 2.0528652266345316e+18,
        "b2_stdev": 532.978174019153,
        "a3_stdev": 4.409265633831729e+16,
        "b3_stdev": 126.64199469063715,
        "t_hot_stdev": 270781.7283618394,
        "n_hot_stdev": 4.409265633831729e+16
    },
    "2exp": null,
    "2nlsq": null,
    "1nlsq": null,
    "true_params": {
        "t_hot": 48.6756,
        "t_hot_stdev": 6.0016
    },
    "histogram": {
        "i": 1e+18,
        "l": 0.5,
        "a": 60.0,
        "filename": "hist_1e18_050_60"
    }
}