{
    "3exp": {
        "a1": 4696627526897888.0,
        "b1": -0.18021987072670048,
        "a2": 441389641988179.8,
        "b2": -0.06854392213828053,
        "a3": 297854475944648.3,
        "b3": -0.028788559929278548,
        "t_hot": 34.736020226665794,
        "n_hot": 297854475944648.3,
        "start_index": 0,
        "end_index": 473,
        "a1_stdev": 1.8033523230214128e+19,
        "b1_stdev": 724.8094836392166,
        "a2_stdev": 9.784413602176358e+18,
        "b2_stdev": 697.4729490346905,
        "a3_stdev": 1.177355780702325e+18,
        "b3_stdev": 21.19308723186436,
        "t_hot_stdev": 25571.39046065447,
        "n_hot_stdev": 1.177355780702325e+18,
        "critical_energy": 21.174406712294232,
        "mswe": 4.774402249833241e+18,
        "mse": 1.8759425289220681e+22
    },
    "2exp": {
        "a0": -660481418835.0515,
        "a1": 1508699845776349.2,
        "b1": -0.0941913559222712,
        "a2": 271840473917230.5,
        "b2": -0.027169420870425568,
        "a0_stdev": 1024440980727971.4,
        "a1_stdev": 1.3578372188046332e+19,
        "b1_stdev": 286.59652045259367,
        "a2_stdev": 4.2859218379834874e+17,
        "b2_stdev": 13.343261639299234,
        "t_hot": 36.80608448627328,
        "n_hot": 271840473917230.5,
        "t_hot_stdev": 18075.95449165731,
        "n_hot_stdev": 4.2859218379834874e+17,
        "start_index": 47,
        "end_index": 473,
        "mswe": 1.226680142461212e+18,
        "mse": 6.022765129737398e+19
    },
    "2nlsq": {
        "a1": 1.0946019236235772e+16,
        "b1": -0.16843361618238556,
        "a2": 396350099138516.25,
        "b2": -0.03166750308583859,
        "a0": -314646408732.30206,
        "a1_stdev": 1.20876932448439e+16,
        "b1_stdev": 0.03243620707678773,
        "a2_stdev": 12799051823975.457,
        "b2_stdev": 0.0003568862952601776,
        "a0_stdev": 20941139726.58646,
        "start_index": 47,
        "end_index": 473,
        "t_hot": 31.578113288230497,
        "n_hot": 396350099138516.25,
        "t_hot_stdev": 0.35587889048892246,
        "n_hot_stdev": 12799051823975.457,
        "mswe": 7.941384204615087e+17,
        "mse": 7.454083991817501e+19
    },
    "1nlsq": null,
    "true_params": {
        "t_hot": 33.3202,
        "t_hot_stdev": 0.345
    },
    "histogram": {
        "i": 1e+18,
        "l": 0.02,
        "a": 40.0,
        "filename": "hist_1e18_002_40"
    }
}