{
    "3exp": {
        "a1": 9995486977761638.0,
        "b1": -2.9286641339167625,
        "a2": 703771258242050.1,
        "b2": -1.3387183014249737,
        "a3": 38465864795950.836,
        "b3": -0.3489026479061944,
        "t_hot": 2.8661290076218022,
        "n_hot": 38465864795950.836,
        "start_index": 0,
        "end_index": 383,
        "a1_stdev": 6.838997306637694e+20,
        "b1_stdev": 54822.744899840174,
        "a2_stdev": 3.700600358545471e+19,
        "b2_stdev": 14456.401929659803,
        "a3_stdev": 1.871977763465629e+17,
        "b3_stdev": 480.9928630869518,
        "t_hot_stdev": 3951.2099023198584,
        "n_hot_stdev": 1.871977763465629e+17
    },
    "2exp": null,
    "2nlsq": null,
    "1nlsq": null,
    "true_params": {
        "t_hot": 2.7802,
        "t_hot_stdev": 0.0384
    },
    "histogram": {
        "i": 1e+17,
        "l": 0.2,
        "a": 1.0,
        "filename": "hist_1e17_020_1"
    }
}