{
    "3exp": {
        "a1": 1569636886261764.0,
        "b1": -0.4493952043753444,
        "a2": 100877174856794.77,
        "b2": -0.12077141533294315,
        "a3": 17226995576015.85,
        "b3": -0.04822301031558256,
        "t_hot": 20.736988285380118,
        "n_hot": 17226995576015.85,
        "start_index": 0,
        "end_index": 394,
        "a1_stdev": 1.2711962819893463e+19,
        "b1_stdev": 1324.9119412072941,
        "a2_stdev": 4.929068152669689e+17,
        "b2_stdev": 345.5097290023016,
        "a3_stdev": 9.296516849571896e+16,
        "b3_stdev": 60.842106178524794,
        "t_hot_stdev": 26163.485747264265,
        "n_hot_stdev": 9.296516849571896e+16,
        "critical_energy": 8.352091340307933,
        "mswe": 7.631974645331368e+17,
        "mse": 4.001652877916896e+20
    },
    "2exp": {
        "a0": 26673530149.40844,
        "a1": 147000644579523.88,
        "b1": -0.15095795534991213,
        "a2": 26029112012302.918,
        "b2": -0.05457072929103251,
        "a0_stdev": 331386458870233.06,
        "a1_stdev": 1.1174538685358794e+18,
        "b1_stdev": 611.3711661157868,
        "a2_stdev": 1.6122373471091158e+17,
        "b2_stdev": 98.04999487706678,
        "t_hot": 18.324842145078826,
        "n_hot": 26029112012302.918,
        "t_hot_stdev": 32925.17255662354,
        "n_hot_stdev": 1.6122373471091158e+17,
        "start_index": 30,
        "end_index": 394,
        "mswe": 7.915127458742902e+17,
        "mse": 1.6291465486655128e+19
    },
    "2nlsq": {
        "a1": 175394689609655.16,
        "b1": -0.1810474583366706,
        "a2": 40028721924221.734,
        "b2": -0.06407109860206034,
        "a0": -3584139773.942571,
        "a1_stdev": 84003606318202.67,
        "b1_stdev": 0.03633133223859302,
        "a2_stdev": 6788084473015.702,
        "b2_stdev": 0.002980884502578306,
        "a0_stdev": 7659571176.211341,
        "start_index": 30,
        "end_index": 394,
        "t_hot": 15.607661204795432,
        "n_hot": 40028721924221.734,
        "t_hot_stdev": 0.7261407471070155,
        "n_hot_stdev": 6788084473015.702,
        "mswe": 5.1067943034401235e+17,
        "mse": 1.7015903028901116e+19
    },
    "1nlsq": null,
    "true_params": {
        "t_hot": 17.8483,
        "t_hot_stdev": 1.0881
    },
    "histogram": {
        "i": 1e+18,
        "l": 0.05,
        "a": 0.0,
        "filename": "hist_1e18_005_0"
    }
}