{
    "3exp": {
        "a1": 4649673223248841.0,
        "b1": -2.3761117576895856,
        "a2": 521616223896878.7,
        "b2": -1.2736663473773795,
        "a3": 39188094387425.82,
        "b3": -0.3402796514461625,
        "t_hot": 2.938759328540735,
        "n_hot": 39188094387425.82,
        "start_index": 0,
        "end_index": 481,
        "critical_energy": 2.346057526470452,
        "mse": 1387719290.4847856
    },
    "2exp": {
        "a1": 2275703555298760.5,
        "b1": -1.6368226982441803,
        "a2": 40926588257842.39,
        "b2": -0.3444412689535391,
        "a1_stdev": 39754163979856.44,
        "b1_stdev": 0.017672335886829697,
        "a2_stdev": 206984183348.0106,
        "b2_stdev": 0.05892386703181519,
        "t_hot": 2.903252572022337,
        "n_hot": 40926588257842.39,
        "t_hot_stdev": 0.4966619390102613,
        "n_hot_stdev": 206984183348.0106,
        "start_index": 36,
        "end_index": 481,
        "mse": 1366611935.8792877
    },
    "nlsq": {
        "a1": 1.2464463212610714e+16,
        "b1": -2.159685695716298,
        "a2": 48687195929705.79,
        "b2": -0.3676366148524039,
        "a0": 0.0,
        "a1_stdev": Infinity,
        "b1_stdev": Infinity,
        "a2_stdev": Infinity,
        "b2_stdev": Infinity,
        "a0_stdev": Infinity,
        "start_index": 36,
        "end_index": 481,
        "t_hot": 2.720077270871055,
        "n_hot": 48687195929705.79,
        "t_hot_stdev": Infinity,
        "n_hot_stdev": Infinity,
        "mse": 1167022631.1970983
    },
    "true_params": {
        "t_hot": 2.8678,
        "t_hot_stdev": 0.0427
    },
    "histogram": {
        "i": 1e+17,
        "l": 0.2,
        "a": 2.0,
        "filename": "hist_1e17_020_2"
    }
}