{
    "3exp": {
        "a1": 5520233680868790.0,
        "b1": -0.023751991358688627,
        "a2": 767859546386650.8,
        "b2": -0.0028592465495544924,
        "a3": 114881299247242.27,
        "b3": -0.001421888193489263,
        "t_hot": 703.2901775110992,
        "n_hot": 114881299247242.27,
        "start_index": 0,
        "end_index": 640,
        "a1_stdev": 1.1338622965533995e+19,
        "b1_stdev": 15.05836240762328,
        "a2_stdev": 9.783690765972643e+16,
        "b2_stdev": 0.51909953328216,
        "a3_stdev": 1.448256713537821e+17,
        "b3_stdev": 0.38858246246522005,
        "t_hot_stdev": 192199.5205081702,
        "n_hot_stdev": 1.448256713537821e+17
    },
    "2exp": null,
    "2nlsq": null,
    "1nlsq": null,
    "true_params": {
        "t_hot": 576.8624,
        "t_hot_stdev": 4.3229
    },
    "histogram": {
        "i": 1e+19,
        "l": 1.0,
        "a": 3.0,
        "filename": "hist_1e19_100_3"
    }
}