{
    "3exp": {
        "a1": 805369519801266.2,
        "b1": -0.07065008780211497,
        "a2": 113631858622807.39,
        "b2": -0.012949564451315853,
        "a3": 9648705602510.27,
        "b3": -0.0033036247634848004,
        "t_hot": 302.69781576075803,
        "n_hot": 9648705602510.27,
        "start_index": 0,
        "end_index": 623,
        "a1_stdev": 2.0581176425909036e+18,
        "b1_stdev": 77.98112003655834,
        "a2_stdev": 7.500809108093896e+16,
        "b2_stdev": 6.485994221795513,
        "a3_stdev": 1.387146801865228e+16,
        "b3_stdev": 1.9916077493013515,
        "t_hot_stdev": 182482.98724150553,
        "n_hot_stdev": 1.387146801865228e+16
    },
    "2exp": null,
    "2nlsq": null,
    "1nlsq": null,
    "true_params": {
        "t_hot": 310.1353,
        "t_hot_stdev": 14.6462
    },
    "histogram": {
        "i": 1e+18,
        "l": 2.0,
        "a": 1.0,
        "filename": "hist_1e18_200_1"
    }
}