{
    "3exp": {
        "a1": 2454538561304172.5,
        "b1": -0.3067292792061147,
        "a2": 330936009672732.0,
        "b2": -0.10989329162928348,
        "a3": 87836648216151.98,
        "b3": -0.02948524600121796,
        "t_hot": 33.915267315683664,
        "n_hot": 87836648216151.98,
        "start_index": 0,
        "end_index": 602,
        "a1_stdev": 1.3337247456911469e+19,
        "b1_stdev": 1131.239914231383,
        "a2_stdev": 3.3306426664580035e+18,
        "b2_stdev": 418.30564185345,
        "a3_stdev": 1.2458481760712627e+17,
        "b3_stdev": 12.748411129377008,
        "t_hot_stdev": 14663.800711894959,
        "n_hot_stdev": 1.2458481760712627e+17,
        "critical_energy": 10.179891675593638,
        "mswe": 1.381326886019358e+18,
        "mse": 4.810706324155225e+21
    },
    "2exp": {
        "a0": 74248224208.15845,
        "a1": 570090702943059.9,
        "b1": -0.1342090095010654,
        "a2": 95746686116453.97,
        "b2": -0.030595904645534636,
        "a0_stdev": 810637254162954.6,
        "a1_stdev": 4.809074510428535e+18,
        "b1_stdev": 445.2339127211942,
        "a2_stdev": 1.700394258308042e+17,
        "b2_stdev": 22.1349923205007,
        "t_hot": 32.68411284403537,
        "n_hot": 95746686116453.97,
        "t_hot_stdev": 23645.73282557566,
        "n_hot_stdev": 1.700394258308042e+17,
        "start_index": 33,
        "end_index": 602,
        "mswe": 1.716363832792734e+18,
        "mse": 1.7940036263030751e+19
    },
    "2nlsq": {
        "a1": 507337201453856.56,
        "b1": -0.12625540948327033,
        "a2": 90416362459236.31,
        "b2": -0.029577932069971502,
        "a0": -174581506255.03757,
        "a1_stdev": 68571683439546.305,
        "b1_stdev": 0.007181287718823492,
        "a2_stdev": 3036350417025.297,
        "b2_stdev": 0.00040568354124996347,
        "a0_stdev": 16014471930.860344,
        "start_index": 33,
        "end_index": 602,
        "t_hot": 33.80898967630104,
        "n_hot": 90416362459236.31,
        "t_hot_stdev": 0.46371567239786676,
        "n_hot_stdev": 3036350417025.297,
        "mswe": 7.58089431701976e+17,
        "mse": 1.871938933659503e+19
    },
    "1nlsq": null,
    "true_params": {
        "t_hot": 33.0733,
        "t_hot_stdev": 0.3446
    },
    "histogram": {
        "i": 1e+18,
        "l": 0.2,
        "a": 60.0,
        "filename": "hist_1e18_020_60"
    }
}