{
    "3exp": {
        "a1": 5923733559563326.0,
        "b1": -1.0749240864295155,
        "a2": 185185420274714.2,
        "b2": -0.2318171952172764,
        "a3": 9789484415514.86,
        "b3": -0.07171006971833843,
        "t_hot": 13.945042919743107,
        "n_hot": 9789484415514.86,
        "start_index": 0,
        "end_index": 169,
        "a1_stdev": 1.221131436011276e+21,
        "b1_stdev": 47167.736589903056,
        "a2_stdev": 5.727608825879736e+18,
        "b2_stdev": 5243.5981733412655,
        "a3_stdev": 1.3835574485109693e+18,
        "b3_stdev": 4042.5827208881465,
        "t_hot_stdev": 786137.7038234917,
        "n_hot_stdev": 1.3835574485109693e+18
    },
    "2exp": null,
    "2nlsq": null,
    "1nlsq": null,
    "true_params": {
        "t_hot": 9.1726,
        "t_hot_stdev": 0.3264
    },
    "histogram": {
        "i": 1e+18,
        "l": 0.02,
        "a": 0.0,
        "filename": "hist_1e18_002_0"
    }
}