{
    "3exp": {
        "a1": -44566793108107.19,
        "b1": -0.1470088149706804,
        "a2": 47277289200633.055,
        "b2": -0.06109152288453703,
        "a3": 11385277378392.102,
        "b3": -0.016389426765794635,
        "t_hot": 61.01494666592236,
        "n_hot": 11385277378392.102,
        "start_index": 0,
        "end_index": 669,
        "a1_stdev": 1.816654971553711e+17,
        "b1_stdev": 1004.1497245011229,
        "a2_stdev": 2.8853456362627283e+17,
        "b2_stdev": 149.3648843542521,
        "a3_stdev": 1.4841473937259834e+16,
        "b3_stdev": 7.546066792989601,
        "t_hot_stdev": 28092.676424331603,
        "n_hot_stdev": 1.4841473937259834e+16
    },
    "2exp": null,
    "2nlsq": null,
    "1nlsq": null,
    "true_params": {
        "t_hot": 64.7401,
        "t_hot_stdev": 2.1264
    },
    "histogram": {
        "i": 1e+18,
        "l": 5.0,
        "a": 60.0,
        "filename": "hist_1e18_500_60"
    }
}