{
    "3exp": {
        "a1": 427111554029784.8,
        "b1": -0.21825669572332868,
        "a2": 15248209500814.164,
        "b2": -0.07811529453975789,
        "a3": 24003934019163.215,
        "b3": -0.029672845135447403,
        "t_hot": 33.700846529387654,
        "n_hot": 24003934019163.215,
        "start_index": 0,
        "end_index": 420,
        "a1_stdev": 2.0768111502277647e+18,
        "b1_stdev": 1307.5319221857728,
        "a2_stdev": 1.3221860526309427e+18,
        "b2_stdev": 4010.8620064419106,
        "a3_stdev": 2.6288367287842317e+17,
        "b3_stdev": 88.8506416261654,
        "t_hot_stdev": 100911.85472147257,
        "n_hot_stdev": 2.6288367287842317e+17
    },
    "2exp": null,
    "2nlsq": null,
    "1nlsq": null,
    "true_params": {
        "t_hot": 31.7386,
        "t_hot_stdev": 0.6593
    },
    "histogram": {
        "i": 1e+18,
        "l": 0.1,
        "a": 2.0,
        "filename": "hist_1e18_010_2"
    }
}