{
    "3exp": {
        "a1": 1530321225045468.5,
        "b1": -0.01091369419142319,
        "a2": 588149799841872.4,
        "b2": -0.002996973462540112,
        "a3": 219215377475305.47,
        "b3": -0.0013938658227239658,
        "t_hot": 717.4291697932211,
        "n_hot": 219215377475305.47,
        "start_index": 0,
        "end_index": 883,
        "a1_stdev": 4.917368743971684e+17,
        "b1_stdev": 3.594568669101929,
        "a2_stdev": 1.4923791408504234e+17,
        "b2_stdev": 0.711451794106937,
        "a3_stdev": 7.958993591479528e+16,
        "b3_stdev": 0.10017133415369019,
        "t_hot_stdev": 51558.64784640268,
        "n_hot_stdev": 7.958993591479528e+16,
        "critical_energy": 120.78880877823322,
        "mswe": 1434809439591338.2,
        "mse": 5.2699830487772275e+19
    },
    "2exp": {
        "a0": -521286851265.67194,
        "a1": 848255971769058.2,
        "b1": -0.003224414556613357,
        "a2": 164085681613610.1,
        "b2": -0.0012430168013146756,
        "a0_stdev": 123654505241837.75,
        "a1_stdev": 8.396898394308325e+16,
        "b1_stdev": 0.4419583774443029,
        "a2_stdev": 6.7408608817970184e+16,
        "b2_stdev": 0.14885956877937667,
        "t_hot": 804.4943551385234,
        "n_hot": 164085681613610.1,
        "t_hot_stdev": 96343.57529576651,
        "n_hot_stdev": 6.7408608817970184e+16,
        "start_index": 25,
        "end_index": 883,
        "mswe": 2780389917250831.5,
        "mse": 7.507257342794218e+16
    },
    "2nlsq": {
        "a1": 801896290237335.4,
        "b1": -0.003824183210532284,
        "a2": 291678853799592.8,
        "b2": -0.0015208870339932729,
        "a0": -95348579244.20134,
        "a1_stdev": 8635824537726.775,
        "b1_stdev": 5.462884160865591e-05,
        "a2_stdev": 6765567638344.645,
        "b2_stdev": 9.84526979206797e-06,
        "a0_stdev": 5323982079.8862505,
        "start_index": 25,
        "end_index": 883,
        "t_hot": 657.511029845773,
        "n_hot": 291678853799592.8,
        "t_hot_stdev": 4.256314463471666,
        "n_hot_stdev": 6765567638344.645,
        "mswe": 329758769107929.4,
        "mse": 9.309324581848403e+16
    },
    "1nlsq": null,
    "true_params": {
        "t_hot": 699.6279,
        "t_hot_stdev": 5.4528
    },
    "histogram": {
        "i": 1e+19,
        "l": 2.0,
        "a": 1.0,
        "filename": "hist_1e19_200_1"
    }
}