{
    "3exp": {
        "a1": 2220968091973139.5,
        "b1": -1.4076484339712816,
        "a2": 188025909985230.6,
        "b2": -0.4264231730989768,
        "a3": 6673909527468.992,
        "b3": -0.12101659675948727,
        "t_hot": 8.263329384377219,
        "n_hot": 6673909527468.992,
        "start_index": 0,
        "end_index": 458,
        "a1_stdev": 3.584449771107081e+19,
        "b1_stdev": 6901.858670646133,
        "a2_stdev": 1.0345773211333728e+18,
        "b2_stdev": 854.0755251452725,
        "a3_stdev": 3.622407309801565e+16,
        "b3_stdev": 189.18555706908444,
        "t_hot_stdev": 12918.084086728222,
        "n_hot_stdev": 3.622407309801565e+16,
        "critical_energy": 2.516362738845894,
        "mswe": 3.897086551681144e+18,
        "mse": 9.214005739382005e+20
    },
    "2exp": {
        "a0": 77849957459.51567,
        "a1": 280866795916106.16,
        "b1": -0.5167872671008381,
        "a2": 15824719818801.176,
        "b2": -0.17021261287700967,
        "a0_stdev": 361923922874218.3,
        "a1_stdev": 1.8776645253663567e+18,
        "b1_stdev": 1564.6489522931051,
        "a2_stdev": 1.615863148818387e+17,
        "b2_stdev": 532.4316233442839,
        "t_hot": 5.875005283671715,
        "n_hot": 15824719818801.176,
        "t_hot_stdev": 18377.243304535838,
        "n_hot_stdev": 1.615863148818387e+17,
        "start_index": 25,
        "end_index": 458,
        "mswe": 5.953193621173035e+18,
        "mse": 4.537451917533448e+19
    },
    "2nlsq": {
        "a1": 297795109488746.44,
        "b1": -0.5326997493455743,
        "a2": 17438375211515.27,
        "b2": -0.1726614413343937,
        "a0": -5821757830.7361,
        "a1_stdev": 33150327336385.94,
        "b1_stdev": 0.025701264658721638,
        "a2_stdev": 2499361556546.287,
        "b2_stdev": 0.007598092961979309,
        "a0_stdev": 5430823363.179395,
        "start_index": 25,
        "end_index": 458,
        "t_hot": 5.791681062497899,
        "n_hot": 17438375211515.27,
        "t_hot_stdev": 0.2548671595632528,
        "n_hot_stdev": 2499361556546.287,
        "mswe": 2.1161922846725665e+18,
        "mse": 4.806779526881074e+19
    },
    "1nlsq": null,
    "true_params": {
        "t_hot": 6.4115,
        "t_hot_stdev": 0.3142
    },
    "histogram": {
        "i": 1e+17,
        "l": 0.2,
        "a": 60.0,
        "filename": "hist_1e17_020_60"
    }
}