{
    "3exp": {
        "a1": 1591099453187595.5,
        "b1": -0.039885499288542924,
        "a2": 262890826992649.06,
        "b2": -0.007764806467051004,
        "a3": -260715259013.77557,
        "b3": 0.0025841039777938397,
        "t_hot": 128.7862104797301,
        "n_hot": 262890826992649.06,
        "start_index": 0,
        "end_index": 506,
        "a1_stdev": 1.5265331193858752e+18,
        "b1_stdev": 30.578270464831775,
        "a2_stdev": 2.5624200030771715e+17,
        "b2_stdev": 4.831342606289514,
        "a3_stdev": 6905302530896009.0,
        "b3_stdev": 36.05247798356351,
        "t_hot_stdev": 80132.10740455176,
        "n_hot_stdev": 2.5624200030771715e+17,
        "critical_energy": 56.052392977472714,
        "mswe": 5.2880039469624666e+17,
        "mse": 9.776748146217867e+18
    },
    "2exp": {
        "a0": -2463776397930.9307,
        "a1": 1388884173719997.2,
        "b1": -0.03369442368512774,
        "a2": 218430965310722.53,
        "b2": -0.00688020249266131,
        "a0_stdev": 4277068908759477.5,
        "a1_stdev": 1.7363464002677234e+19,
        "b1_stdev": 140.10906297079953,
        "a2_stdev": 3.398017521629294e+17,
        "b2_stdev": 4.98995045998051,
        "t_hot": 145.34455941763903,
        "n_hot": 218430965310722.53,
        "t_hot_stdev": 105412.90781707443,
        "n_hot_stdev": 3.398017521629294e+17,
        "start_index": 46,
        "end_index": 506,
        "mswe": 8.987273496287817e+17,
        "mse": 5.367325445269759e+18
    },
    "2nlsq": {
        "a1": 4950742854600184.0,
        "b1": -0.05091276924180973,
        "a2": 277000096255302.7,
        "b2": -0.007955446907947951,
        "a0": -1124255046645.2195,
        "a1_stdev": 2416021771133954.5,
        "b1_stdev": 0.005269293938867364,
        "a2_stdev": 5400769869693.172,
        "b2_stdev": 7.187406389181488e-05,
        "a0_stdev": 46038508971.878075,
        "start_index": 46,
        "end_index": 506,
        "t_hot": 125.70004068545065,
        "n_hot": 277000096255302.7,
        "t_hot_stdev": 1.135646162933191,
        "n_hot_stdev": 5400769869693.172,
        "mswe": 2.7596780305503354e+17,
        "mse": 6.874579221388544e+18
    },
    "1nlsq": null,
    "true_params": {
        "t_hot": 128.8196,
        "t_hot_stdev": 1.2556
    },
    "histogram": {
        "i": 1e+18,
        "l": 0.2,
        "a": 45.0,
        "filename": "hist_1e18_020_45"
    }
}