{
    "3exp": {
        "a1": 1035826330817840.2,
        "b1": -0.009405013959780628,
        "a2": 452457419728232.0,
        "b2": -0.004103809575939732,
        "a3": 45794874169447.09,
        "b3": -0.0021218749227171945,
        "t_hot": 471.2813131885441,
        "n_hot": 45794874169447.09,
        "start_index": 0,
        "end_index": 673,
        "a1_stdev": 1.417026221833618e+18,
        "b1_stdev": 9.792027201550082,
        "a2_stdev": 1.0279202219584294e+18,
        "b2_stdev": 9.073834994958547,
        "a3_stdev": 7.679514541923246e+17,
        "b3_stdev": 7.029871186659242,
        "t_hot_stdev": 1561377.105184179,
        "n_hot_stdev": 7.679514541923246e+17
    },
    "2exp": null,
    "2nlsq": null,
    "1nlsq": null,
    "true_params": {
        "t_hot": 322.2229,
        "t_hot_stdev": 1.8563
    },
    "histogram": {
        "i": 1e+19,
        "l": 5.0,
        "a": 50.0,
        "filename": "hist_1e19_500_50"
    }
}