{
    "3exp": {
        "a1": 233014294098306.38,
        "b1": -0.0817660346314054,
        "a2": 64772689637296.93,
        "b2": -0.01904470727683004,
        "a3": 8402552131551.736,
        "b3": -0.005825728112865668,
        "t_hot": 171.65236355462207,
        "n_hot": 8402552131551.736,
        "start_index": 0,
        "end_index": 642,
        "a1_stdev": 5.85582205558305e+17,
        "b1_stdev": 137.2346809155987,
        "a2_stdev": 7.765917101463062e+16,
        "b2_stdev": 17.289103526060387,
        "a3_stdev": 1.7451444650965224e+16,
        "b3_stdev": 4.239886108447474,
        "t_hot_stdev": 124926.26803337384,
        "n_hot_stdev": 1.7451444650965224e+16,
        "critical_energy": 20.41117105513479,
        "mswe": 4.485634130733292e+16,
        "mse": 1.2918347703810933e+19
    },
    "2exp": {
        "a0": 185795612683.4827,
        "a1": 92892327938461.17,
        "b1": -0.029707195362702447,
        "a2": 23024659359266.332,
        "b2": -0.00914322517417871,
        "a0_stdev": 336297180449911.94,
        "a1_stdev": 1.3376597600323499e+17,
        "b1_stdev": 39.77181190855613,
        "a2_stdev": 4.605636902926055e+16,
        "b2_stdev": 7.295744897844747,
        "t_hot": 109.37059745877089,
        "n_hot": 23024659359266.332,
        "t_hot_stdev": 87271.17217210331,
        "n_hot_stdev": 4.605636902926055e+16,
        "start_index": 25,
        "end_index": 642,
        "mswe": 5.735096836496126e+16,
        "mse": 1.9575663073596454e+17
    },
    "2nlsq": {
        "a1": 84505098087145.22,
        "b1": -0.023303481856264307,
        "a2": 12098646036381.229,
        "b2": -0.0066234753674368485,
        "a0": -44008338693.90415,
        "a1_stdev": 2032747738007.0894,
        "b1_stdev": 0.0006555849886304557,
        "a2_stdev": 993055884634.5107,
        "b2_stdev": 0.00027556656937246116,
        "a0_stdev": 20897329818.226856,
        "start_index": 25,
        "end_index": 642,
        "t_hot": 150.97814131178384,
        "n_hot": 12098646036381.229,
        "t_hot_stdev": 6.281374375763557,
        "n_hot_stdev": 993055884634.5107,
        "mswe": 3.7455124024630424e+16,
        "mse": 2.5708778988299114e+17
    },
    "1nlsq": null,
    "true_params": {
        "t_hot": 170.0001,
        "t_hot_stdev": 7.5737
    },
    "histogram": {
        "i": 1e+18,
        "l": 5.0,
        "a": 30.0,
        "filename": "hist_1e18_500_30"
    }
}