{
    "3exp": {
        "a1": 8220265545520167.0,
        "b1": -0.22317088189512896,
        "a2": 1082012344434930.0,
        "b2": -0.10003650708885763,
        "a3": 461051955356086.6,
        "b3": -0.035249324481058934,
        "t_hot": 28.36933798652923,
        "n_hot": 461051955356086.6,
        "start_index": 0,
        "end_index": 335,
        "critical_energy": 15.33005097397648,
        "mse": 1671308960.5091193
    },
    "2exp": {
        "a1": 3182876637030154.0,
        "b1": -0.13219827298370768,
        "a2": 485337463516695.4,
        "b2": -0.03587738675424367,
        "a1_stdev": 59706095206832.09,
        "b1_stdev": 0.00293438752848666,
        "a2_stdev": 2073491163165.9531,
        "b2_stdev": 0.00769116152840117,
        "t_hot": 27.872710095913476,
        "n_hot": 485337463516695.4,
        "t_hot_stdev": 5.975170852058001,
        "n_hot_stdev": 2073491163165.9531,
        "start_index": 35,
        "end_index": 335,
        "mse": 1433193908.6366007
    },
    "nlsq": {
        "a1": 1.293150960221712e+16,
        "b1": -0.19017203295824034,
        "a2": 575249401163677.9,
        "b2": -0.038180209640761645,
        "a0": 0.0,
        "a1_stdev": Infinity,
        "b1_stdev": Infinity,
        "a2_stdev": Infinity,
        "b2_stdev": Infinity,
        "a0_stdev": Infinity,
        "start_index": 35,
        "end_index": 335,
        "t_hot": 26.191579601291348,
        "n_hot": 575249401163677.9,
        "t_hot_stdev": Infinity,
        "n_hot_stdev": Infinity,
        "mse": 1128536470.4443603
    },
    "true_params": {
        "t_hot": 26.8161,
        "t_hot_stdev": 0.2326
    },
    "histogram": {
        "i": 1e+18,
        "l": 0.01,
        "a": 50.0,
        "filename": "hist_1e18_001_50"
    }
}