{
    "3exp": {
        "a1": 2934353410861969.0,
        "b1": -0.018259766758805317,
        "a2": 660317273257605.4,
        "b2": -0.0029625330075532825,
        "a3": 167140794942276.03,
        "b3": -0.0013727700597586602,
        "t_hot": 728.4541157430291,
        "n_hot": 167140794942276.03,
        "start_index": 0,
        "end_index": 853,
        "a1_stdev": 2.571641753430939e+18,
        "b1_stdev": 7.5506195463488,
        "a2_stdev": 8.503400779820294e+16,
        "b2_stdev": 0.5335054372821941,
        "a3_stdev": 8.595446642089461e+16,
        "b3_stdev": 0.1488172336415645,
        "t_hot_stdev": 78969.18028555199,
        "n_hot_stdev": 8.595446642089461e+16,
        "critical_energy": 97.50272452734994,
        "mswe": 3290454789582266.0,
        "mse": 4.679657138175798e+19
    },
    "2exp": {
        "a0": -1147857141811.3843,
        "a1": 790645375649508.4,
        "b1": -0.002741075808027255,
        "a2": 63099086648527.57,
        "b2": -0.0009290321584263312,
        "a0_stdev": 666834276626130.0,
        "a1_stdev": 7.002773532225132e+16,
        "b1_stdev": 0.3812216173694229,
        "a2_stdev": 6.3462268880553544e+16,
        "b2_stdev": 0.374267238275749,
        "t_hot": 1076.3890043310016,
        "n_hot": 63099086648527.57,
        "t_hot_stdev": 433630.9957706295,
        "n_hot_stdev": 6.3462268880553544e+16,
        "start_index": 25,
        "end_index": 853,
        "mswe": 6061047480595039.0,
        "mse": 1.282404150607665e+17
    },
    "2nlsq": {
        "a1": 714042984866982.2,
        "b1": -0.0031813843667810467,
        "a2": 187558134180175.4,
        "b2": -0.001419140963440092,
        "a0": -210442024516.02603,
        "a1_stdev": 5480755232183.874,
        "b1_stdev": 3.793208890569401e-05,
        "a2_stdev": 7813964335698.727,
        "b2_stdev": 1.592470634651676e-05,
        "a0_stdev": 10550192444.347502,
        "start_index": 25,
        "end_index": 853,
        "t_hot": 704.651634870671,
        "n_hot": 187558134180175.4,
        "t_hot_stdev": 7.907156971008038,
        "n_hot_stdev": 7813964335698.727,
        "mswe": 639844450536196.5,
        "mse": 1.617539531391394e+17
    },
    "1nlsq": null,
    "true_params": {
        "t_hot": 644.2915,
        "t_hot_stdev": 5.0989
    },
    "histogram": {
        "i": 1e+19,
        "l": 2.0,
        "a": 0.0,
        "filename": "hist_1e19_200_0"
    }
}