{
    "3exp": {
        "a1": 5272941124220293.0,
        "b1": -2.6635069986178985,
        "a2": 369801126564855.4,
        "b2": -1.1721658103340922,
        "a3": 1869159534229.2053,
        "b3": -0.417265074652326,
        "t_hot": 2.3965581131687594,
        "n_hot": 1869159534229.2053,
        "start_index": 0,
        "end_index": 290,
        "a1_stdev": 9.054533667262865e+19,
        "b1_stdev": 20456.328664468696,
        "a2_stdev": 1.481677509905374e+19,
        "b2_stdev": 14489.974145249214,
        "a3_stdev": 6.83098675090628e+17,
        "b3_stdev": 42914.97227229623,
        "t_hot_stdev": 246481.74799024145,
        "n_hot_stdev": 6.83098675090628e+17
    },
    "2exp": null,
    "2nlsq": null,
    "1nlsq": null,
    "true_params": {
        "t_hot": 1.0636,
        "t_hot_stdev": 0.0147
    },
    "histogram": {
        "i": 1e+17,
        "l": 1.0,
        "a": 50.0,
        "filename": "hist_1e17_100_50"
    }
}