{
    "3exp": {
        "a1": 3402043659247816.5,
        "b1": -0.024793474341886165,
        "a2": 581207849076551.2,
        "b2": -0.006348492740805867,
        "a3": 61974246509119.695,
        "b3": -0.0023539314950733296,
        "t_hot": 424.8211989571294,
        "n_hot": 61974246509119.695,
        "start_index": 0,
        "end_index": 512,
        "a1_stdev": 7.010481272786654e+18,
        "b1_stdev": 28.22059392112693,
        "a2_stdev": 6.816582675212465e+17,
        "b2_stdev": 5.054531030962952,
        "a3_stdev": 1.537308311478684e+17,
        "b3_stdev": 1.5556835779071583,
        "t_hot_stdev": 280758.9618252029,
        "n_hot_stdev": 1.537308311478684e+17,
        "critical_energy": 95.79967104016399,
        "mswe": 5.5898870999261384e+16,
        "mse": 3.2850197108046397e+19
    },
    "2exp": {
        "a0": 465028712762.41364,
        "a1": 773559864598146.1,
        "b1": -0.008539998504311006,
        "a2": 157467373951833.03,
        "b2": -0.003218008599759078,
        "a0_stdev": 1012764961417128.0,
        "a1_stdev": 1.2323426265083034e+18,
        "b1_stdev": 11.827258013498259,
        "a2_stdev": 4.6945965647995866e+17,
        "b2_stdev": 2.8952615340530086,
        "t_hot": 310.75118943898,
        "n_hot": 157467373951833.03,
        "t_hot_stdev": 279584.69890703727,
        "n_hot_stdev": 4.6945965647995866e+17,
        "start_index": 28,
        "end_index": 512,
        "mswe": 7.604418845437355e+16,
        "mse": 8.412053271320879e+17
    },
    "2nlsq": {
        "a1": 744026807361531.4,
        "b1": -0.007681124701683052,
        "a2": 106468957869193.58,
        "b2": -0.0027743761335455126,
        "a0": -130027444177.91734,
        "a1_stdev": 32097089944498.812,
        "b1_stdev": 0.00031346146896012145,
        "a2_stdev": 13555510915170.312,
        "b2_stdev": 0.00011725710065601258,
        "a0_stdev": 53479663997.07184,
        "start_index": 28,
        "end_index": 512,
        "t_hot": 360.4413936195632,
        "n_hot": 106468957869193.58,
        "t_hot_stdev": 15.23380779600022,
        "n_hot_stdev": 13555510915170.312,
        "mswe": 4.127410096932963e+16,
        "mse": 8.64325722376785e+17
    },
    "1nlsq": null,
    "true_params": {
        "t_hot": 383.6997,
        "t_hot_stdev": 27.0015
    },
    "histogram": {
        "i": 1e+19,
        "l": 0.2,
        "a": 10.0,
        "filename": "hist_1e19_020_10"
    }
}