{
    "3exp": {
        "a1": 2202749182896509.2,
        "b1": -0.0235543040782177,
        "a2": 375504738663058.9,
        "b2": -0.008697010898704043,
        "a3": 94203111628845.22,
        "b3": -0.0031841196365253745,
        "t_hot": 314.05855123309243,
        "n_hot": 94203111628845.22,
        "start_index": 0,
        "end_index": 464,
        "a1_stdev": 3.815881694623838e+18,
        "b1_stdev": 43.561614196724825,
        "a2_stdev": 2.0741569234768996e+18,
        "b2_stdev": 22.83934346841375,
        "a3_stdev": 2.4248100924750205e+17,
        "b3_stdev": 2.1735210263201656,
        "t_hot_stdev": 214380.40730959064,
        "n_hot_stdev": 2.4248100924750205e+17
    },
    "2exp": null,
    "2nlsq": null,
    "1nlsq": null,
    "true_params": {
        "t_hot": 339.6019,
        "t_hot_stdev": 10.4521
    },
    "histogram": {
        "i": 1e+19,
        "l": 0.2,
        "a": 3.0,
        "filename": "hist_1e19_020_3"
    }
}