{
    "3exp": {
        "a1": 393724500113935.3,
        "b1": -0.14081765880518704,
        "a2": 59396990948155.82,
        "b2": -0.0337617981692793,
        "a3": 11560209932295.293,
        "b3": -0.013252635302851933,
        "t_hot": 75.45669047308671,
        "n_hot": 11560209932295.293,
        "start_index": 0,
        "end_index": 445,
        "a1_stdev": 2.5053393769204383e+18,
        "b1_stdev": 570.9017292093741,
        "a2_stdev": 2.639026324349915e+17,
        "b2_stdev": 173.47148438663456,
        "a3_stdev": 1.6566489523786966e+17,
        "b3_stdev": 55.58944017626607,
        "t_hot_stdev": 316510.27022904746,
        "n_hot_stdev": 1.6566489523786966e+17
    },
    "2exp": null,
    "2nlsq": null,
    "1nlsq": null,
    "true_params": {
        "t_hot": 61.5832,
        "t_hot_stdev": 2.2502
    },
    "histogram": {
        "i": 1e+18,
        "l": 0.2,
        "a": 4.0,
        "filename": "hist_1e18_020_4"
    }
}