{
    "3exp": {
        "a1": 1538858653521407.0,
        "b1": -0.008864591334127576,
        "a2": 548408520440140.1,
        "b2": -0.0016609106218937683,
        "a3": 1148461040472.3955,
        "b3": -0.0004270640625614044,
        "t_hot": 2341.569070462859,
        "n_hot": 1148461040472.3955,
        "start_index": 0,
        "end_index": 795,
        "critical_energy": 853.3748377139357,
        "mse": 14427470.624124995
    },
    "2exp": {
        "a1": 5181597106123512.0,
        "b1": -0.0057175289759459815,
        "a2": 451953975813878.6,
        "b2": -0.0015593056926558686,
        "a1_stdev": 103156093169783.06,
        "b1_stdev": 0.00011784144781037958,
        "a2_stdev": 719380142577.6825,
        "b2_stdev": 0.0003140572611274627,
        "t_hot": 641.3110685799923,
        "n_hot": 451953975813878.6,
        "t_hot_stdev": 129.1654347685426,
        "n_hot_stdev": 719380142577.6825,
        "start_index": 121,
        "end_index": 795,
        "mse": 3829331.063614408
    },
    "nlsq": {
        "a1": 1.222145295668547e+16,
        "b1": -0.00659964612266451,
        "a2": 461431942571809.44,
        "b2": -0.0015667226048371528,
        "a0": -24465406082.60479,
        "a1_stdev": 8113808825443416.0,
        "b1_stdev": 0.0006473794015623844,
        "a2_stdev": 5637889864216.687,
        "b2_stdev": 5.162490600773722e-06,
        "a0_stdev": 491391.70525944635,
        "start_index": 121,
        "end_index": 795,
        "t_hot": 638.2750825912423,
        "n_hot": 461431942571809.44,
        "t_hot_stdev": 2.103173276757474,
        "n_hot_stdev": 5637889864216.687,
        "mse": 3204149.417892329
    },
    "true_params": {
        "t_hot": 642.3659,
        "t_hot_stdev": 2.0588
    },
    "histogram": {
        "i": 1e+19,
        "l": 5.0,
        "a": 0.0,
        "filename": "hist_1e19_500_0"
    }
}