{
    "3exp": {
        "a1": 6989463853458584.0,
        "b1": -0.48798244828241694,
        "a2": 843049214848137.9,
        "b2": -0.14776949647138354,
        "a3": 106750867472675.11,
        "b3": -0.03631902775122502,
        "t_hot": 27.533776698256204,
        "n_hot": 106750867472675.11,
        "start_index": 0,
        "end_index": 418,
        "a1_stdev": 3.4200874995363945e+20,
        "b1_stdev": 7854.412293273987,
        "a2_stdev": 1.3051139827510774e+19,
        "b2_stdev": 882.064735532068,
        "a3_stdev": 4.711699891209665e+17,
        "b3_stdev": 56.57363325611949,
        "t_hot_stdev": 42888.972572524195,
        "n_hot_stdev": 4.711699891209665e+17,
        "critical_energy": 6.217087803944426,
        "mswe": 1.6031208571094276e+19,
        "mse": 1.937380013186807e+22
    },
    "2exp": {
        "a0": 75611057852.16518,
        "a1": 1033541462347367.4,
        "b1": -0.159873147556011,
        "a2": 113759869723898.55,
        "b2": -0.037392382574705764,
        "a0_stdev": 9213782238856274.0,
        "a1_stdev": 1.5320454513534712e+19,
        "b1_stdev": 989.8903734541188,
        "a2_stdev": 7.197511826431735e+17,
        "b2_stdev": 109.14420584230182,
        "t_hot": 26.743414865370312,
        "n_hot": 113759869723898.55,
        "t_hot_stdev": 78061.0535089718,
        "n_hot_stdev": 7.197511826431735e+17,
        "start_index": 25,
        "end_index": 418,
        "mswe": 1.614991094418606e+19,
        "mse": 1.1741979738179061e+20
    },
    "2nlsq": {
        "a1": 914769379580251.1,
        "b1": -0.14998240807878696,
        "a2": 103851960312595.7,
        "b2": -0.035623195484599586,
        "a0": -255095152665.9132,
        "a1_stdev": 91241369832353.9,
        "b1_stdev": 0.0067447388778669095,
        "a2_stdev": 5384896639770.395,
        "b2_stdev": 0.0008744923983556183,
        "a0_stdev": 79178449122.89305,
        "start_index": 25,
        "end_index": 418,
        "t_hot": 28.07159735101008,
        "n_hot": 103851960312595.7,
        "t_hot_stdev": 0.6891127581120747,
        "n_hot_stdev": 5384896639770.395,
        "mswe": 1.4489294665849594e+19,
        "mse": 1.2076876260935287e+20
    },
    "1nlsq": null,
    "true_params": {
        "t_hot": 26.6523,
        "t_hot_stdev": 0.2943
    },
    "histogram": {
        "i": 1e+18,
        "l": 0.01,
        "a": 30.0,
        "filename": "hist_1e18_001_30"
    }
}