{
    "3exp": {
        "a1": 1059894237023863.0,
        "b1": -0.6122160220039302,
        "a2": 135010703419440.6,
        "b2": -0.22735489070006168,
        "a3": 2757036376929.9736,
        "b3": -0.03445733379381012,
        "t_hot": 29.021398056620356,
        "n_hot": 2757036376929.9736,
        "start_index": 0,
        "end_index": 323,
        "critical_energy": 10.301477417553874,
        "mse": 2277115676.1288776
    },
    "2exp": {
        "a1": 125092590255699.6,
        "b1": -0.22229122543524016,
        "a2": 2637118529219.8413,
        "b2": -0.03356518929189388,
        "a1_stdev": 3399304974878.4614,
        "b1_stdev": 0.006433933625149751,
        "a2_stdev": 77819187142.11261,
        "b2_stdev": 0.02119770106989324,
        "t_hot": 29.792771055264204,
        "n_hot": 2637118529219.8413,
        "t_hot_stdev": 18.81527464008008,
        "n_hot_stdev": 77819187142.11261,
        "start_index": 54,
        "end_index": 323,
        "mse": 2618478915.290737
    },
    "nlsq": {
        "a1": 89948188774403.14,
        "b1": -0.2062364712795291,
        "a2": 3516848325456.017,
        "b2": -0.04762426827021925,
        "a0": 0.0,
        "a1_stdev": Infinity,
        "b1_stdev": Infinity,
        "a2_stdev": Infinity,
        "b2_stdev": Infinity,
        "a0_stdev": Infinity,
        "start_index": 54,
        "end_index": 323,
        "t_hot": 20.997697945216036,
        "n_hot": 3516848325456.017,
        "t_hot_stdev": Infinity,
        "n_hot_stdev": Infinity,
        "mse": 1860538101.3854995
    },
    "true_params": {
        "t_hot": 26.8458,
        "t_hot_stdev": 2.912
    },
    "histogram": {
        "i": 1e+17,
        "l": 0.5,
        "a": 45.0,
        "filename": "hist_1e17_050_45"
    }
}