{
    "3exp": {
        "a1": 4843422706709252.0,
        "b1": -2.487364922784667,
        "a2": 51843153611350.96,
        "b2": -0.3666389793458891,
        "a3": 2168199745737.772,
        "b3": -0.10191780559443973,
        "t_hot": 9.81182820967798,
        "n_hot": 2168199745737.772,
        "start_index": 0,
        "end_index": 406,
        "critical_energy": 3.2327187855239004,
        "mse": 18934397540.17139
    },
    "2exp": {
        "a1": 42146069827920.66,
        "b1": -0.3127334349562092,
        "a2": 431042643232.6657,
        "b2": -0.03426507729859042,
        "a1_stdev": 452981825380.9529,
        "b1_stdev": 0.04543389144648176,
        "a2_stdev": 46926357521.233246,
        "b2_stdev": 0.07200654633256476,
        "t_hot": 29.18423301035826,
        "n_hot": 431042643232.6657,
        "t_hot_stdev": 61.329376499821194,
        "n_hot_stdev": 46926357521.233246,
        "start_index": 45,
        "end_index": 406,
        "mse": 23139893979.360374
    },
    "nlsq": {
        "a1": 35979285624880.08,
        "b1": -0.29269925575401357,
        "a2": 3025931409596.259,
        "b2": -0.29265261351029737,
        "a0": 0.0,
        "a1_stdev": Infinity,
        "b1_stdev": Infinity,
        "a2_stdev": Infinity,
        "b2_stdev": Infinity,
        "a0_stdev": Infinity,
        "start_index": 45,
        "end_index": 406,
        "t_hot": 3.4170205692176867,
        "n_hot": 3025931409596.259,
        "t_hot_stdev": Infinity,
        "n_hot_stdev": Infinity,
        "mse": 5302459214.663196
    },
    "true_params": {
        "t_hot": 4.3538,
        "t_hot_stdev": 0.2068
    },
    "histogram": {
        "i": 1e+17,
        "l": 0.02,
        "a": 10.0,
        "filename": "hist_1e17_002_10"
    }
}