{
    "3exp": {
        "a1": 1443738202114887.2,
        "b1": -0.39072259008670435,
        "a2": 121055073580603.47,
        "b2": -0.07042593681614126,
        "a3": 15741118226.53504,
        "b3": -0.008435229686754394,
        "t_hot": 118.55041737278027,
        "n_hot": 15741118226.53504,
        "start_index": 0,
        "end_index": 442,
        "a1_stdev": 7.80920214842702e+18,
        "b1_stdev": 1296.0434719676095,
        "a2_stdev": 6.253716477455378e+17,
        "b2_stdev": 453.6922152041006,
        "a3_stdev": 2.454606071040143e+17,
        "b3_stdev": 182387.83371003857,
        "t_hot_stdev": 2563315358.678968,
        "n_hot_stdev": 2.454606071040143e+17
    },
    "2exp": null,
    "2nlsq": null,
    "1nlsq": null,
    "true_params": {
        "t_hot": 15.0071,
        "t_hot_stdev": 0.187
    },
    "histogram": {
        "i": 1e+17,
        "l": 0.05,
        "a": 50.0,
        "filename": "hist_1e17_005_50"
    }
}