{
    "3exp": {
        "a1": 7738779564048778.0,
        "b1": -0.03380565325105137,
        "a2": 1221128349103084.0,
        "b2": -0.011097838872347261,
        "a3": 727189206797545.8,
        "b3": -0.005346457695940093,
        "t_hot": 187.03972926959918,
        "n_hot": 727189206797545.8,
        "start_index": 0,
        "end_index": 348,
        "a1_stdev": 5.187795393363156e+19,
        "b1_stdev": 183.56319061452695,
        "a2_stdev": 1.2619793400568005e+19,
        "b2_stdev": 102.80434516428376,
        "a3_stdev": 7.150119493407354e+18,
        "b3_stdev": 11.006307419033002,
        "t_hot_stdev": 385043.1214441579,
        "n_hot_stdev": 7.150119493407354e+18
    },
    "2exp": null,
    "2nlsq": null,
    "1nlsq": null,
    "true_params": {
        "t_hot": 196.8326,
        "t_hot_stdev": 8.6433
    },
    "histogram": {
        "i": 1e+19,
        "l": 0.05,
        "a": 5.0,
        "filename": "hist_1e19_005_5"
    }
}