{
    "3exp": {
        "a1": 6687504214954931.0,
        "b1": -3.4518746197186885,
        "a2": 19323174718291.723,
        "b2": -0.5297660256264732,
        "a3": -86001832104.21417,
        "b3": 0.04967056443869894,
        "t_hot": 1.8876257661435594,
        "n_hot": 19323174718291.723,
        "start_index": 0,
        "end_index": 217,
        "critical_energy": NaN,
        "mse": 9929816944.143984
    },
    "2exp": {
        "a1": 29030578808987.13,
        "b1": -0.6496971673385761,
        "a2": 119772703798.13588,
        "b2": -0.16137049753534113,
        "a1_stdev": 712130567770.7885,
        "b1_stdev": 0.6834467158309184,
        "a2_stdev": 112677427116.30733,
        "b2_stdev": 0.9701226288427994,
        "t_hot": 6.196919605958294,
        "n_hot": 119772703798.13588,
        "t_hot_stdev": 37.254467394469856,
        "n_hot_stdev": 112677427116.30733,
        "start_index": 25,
        "end_index": 217,
        "mse": 11167668656.175714
    },
    "nlsq": {
        "a1": 26130426931896.246,
        "b1": -0.5920572358527807,
        "a2": -619366552896.0582,
        "b2": -0.2067679538238809,
        "a0": 0.0,
        "a1_stdev": Infinity,
        "b1_stdev": Infinity,
        "a2_stdev": Infinity,
        "b2_stdev": Infinity,
        "a0_stdev": Infinity,
        "start_index": 25,
        "end_index": 217,
        "t_hot": 4.836339391605005,
        "n_hot": -619366552896.0582,
        "t_hot_stdev": Infinity,
        "n_hot_stdev": Infinity,
        "mse": 8169411914.952901
    },
    "true_params": {
        "t_hot": 1.78,
        "t_hot_stdev": 0.1008
    },
    "histogram": {
        "i": 1e+17,
        "l": 0.01,
        "a": 4.0,
        "filename": "hist_1e17_001_4"
    }
}