{
    "3exp": {
        "a1": 2200977861294479.8,
        "b1": -0.7433917558015781,
        "a2": 105611220123714.69,
        "b2": -0.16807208785673797,
        "a3": 71924986280725.61,
        "b3": -0.11292830268100872,
        "t_hot": 8.855176038771466,
        "n_hot": 71924986280725.61,
        "start_index": 0,
        "end_index": 477,
        "critical_energy": 5.42621985045069,
        "mse": 6866401104.417806
    },
    "2exp": {
        "a1": 931260897941674.5,
        "b1": -0.5371992233421335,
        "a2": 141429605026748.34,
        "b2": -0.12741934541562636,
        "a1_stdev": 39096960095040.26,
        "b1_stdev": 0.021311186568277674,
        "a2_stdev": 760911673900.7329,
        "b2_stdev": 0.06438323790718196,
        "t_hot": 7.8481018462159104,
        "n_hot": 141429605026748.34,
        "t_hot_stdev": 3.965537624106693,
        "n_hot_stdev": 760911673900.7329,
        "start_index": 53,
        "end_index": 477,
        "mse": 6091634213.870158
    },
    "nlsq": {
        "a1": 9.145727802873986e+18,
        "b1": -1.7658989693402816,
        "a2": 181046586471661.44,
        "b2": -0.1417594336737047,
        "a0": 0.0,
        "a1_stdev": Infinity,
        "b1_stdev": Infinity,
        "a2_stdev": Infinity,
        "b2_stdev": Infinity,
        "a0_stdev": Infinity,
        "start_index": 53,
        "end_index": 477,
        "t_hot": 7.054204253536691,
        "n_hot": 181046586471661.44,
        "t_hot_stdev": Infinity,
        "n_hot_stdev": Infinity,
        "mse": 4016955659.531916
    },
    "true_params": {
        "t_hot": 7.8105,
        "t_hot_stdev": 0.0815
    },
    "histogram": {
        "i": 1e+17,
        "l": 0.02,
        "a": 50.0,
        "filename": "hist_1e17_002_50"
    }
}