{
    "3exp": {
        "a1": 7036844775606721.0,
        "b1": -0.014894470791970621,
        "a2": 772484849955959.6,
        "b2": -0.002801879912517182,
        "a3": 202389261453672.25,
        "b3": -0.00147505342135437,
        "t_hot": 677.941548097842,
        "n_hot": 202389261453672.25,
        "start_index": 0,
        "end_index": 578,
        "a1_stdev": 8.373482294170148e+18,
        "b1_stdev": 11.42244244933687,
        "a2_stdev": 1.3070168092550008e+18,
        "b2_stdev": 5.614415316800432,
        "a3_stdev": 2.0550241153792415e+18,
        "b3_stdev": 3.2645020618882303,
        "t_hot_stdev": 1500380.6299930706,
        "n_hot_stdev": 2.0550241153792415e+18
    },
    "2exp": null,
    "2nlsq": null,
    "1nlsq": null,
    "true_params": {
        "t_hot": 613.0531,
        "t_hot_stdev": 11.0264
    },
    "histogram": {
        "i": 1e+19,
        "l": 0.4,
        "a": 30.0,
        "filename": "hist_1e19_040_30"
    }
}