{
    "3exp": {
        "a1": 549562702906327.6,
        "b1": -0.065736312199739,
        "a2": 108403831764458.42,
        "b2": -0.01449659866449561,
        "a3": 11112623222877.78,
        "b3": -0.003521840975400276,
        "t_hot": 283.9424059703163,
        "n_hot": 11112623222877.78,
        "start_index": 0,
        "end_index": 764,
        "critical_energy": 62.70311569209107,
        "mse": 145259653.53642404
    },
    "2exp": {
        "a1": 130299649503306.14,
        "b1": -0.015396164260783538,
        "a2": 11057392005512.672,
        "b2": -0.003614817741159306,
        "a1_stdev": 550724219211.6864,
        "b1_stdev": 9.946995348969518e-05,
        "a2_stdev": 82722119050.6379,
        "b2_stdev": 0.00023885302693256729,
        "t_hot": 276.6391203113025,
        "n_hot": 11057392005512.672,
        "t_hot_stdev": 18.279231758203675,
        "n_hot_stdev": 82722119050.6379,
        "start_index": 47,
        "end_index": 764,
        "mse": 117349881.69923604
    },
    "nlsq": {
        "a1": 131258944862410.92,
        "b1": -0.01499905854171817,
        "a2": 9056929257046.863,
        "b2": -0.002890980297621003,
        "a0": -327503493790.75824,
        "a1_stdev": 4062564337021.736,
        "b1_stdev": 0.00029656010564490994,
        "a2_stdev": 443087442456.29816,
        "b2_stdev": 0.000106333688493616,
        "a0_stdev": 23777942.164384034,
        "start_index": 47,
        "end_index": 764,
        "t_hot": 345.90342965080157,
        "n_hot": 9056929257046.863,
        "t_hot_stdev": 12.72273891580275,
        "n_hot_stdev": 443087442456.29816,
        "mse": 34679397.942576475
    },
    "true_params": {
        "t_hot": 308.3994,
        "t_hot_stdev": 11.9289
    },
    "histogram": {
        "i": 1e+18,
        "l": 2.0,
        "a": 3.0,
        "filename": "hist_1e18_200_3"
    }
}