{
    "3exp": {
        "a1": 5571082709763825.0,
        "b1": -3.8322979978333436,
        "a2": 341872939218901.7,
        "b2": -1.7319785000079564,
        "a3": 55092083254501.44,
        "b3": -1.0055311079766136,
        "t_hot": 0.994499316895582,
        "n_hot": 55092083254501.44,
        "start_index": 0,
        "end_index": 292,
        "a1_stdev": 4.7347762665114e+20,
        "b1_stdev": 129160.7085267443,
        "a2_stdev": 5.741504908344741e+19,
        "b2_stdev": 135419.91276826966,
        "a3_stdev": 1.7055077664055042e+19,
        "b3_stdev": 44598.06871491687,
        "t_hot_stdev": 44108.7784554932,
        "n_hot_stdev": 1.7055077664055042e+19
    },
    "2exp": null,
    "2nlsq": null,
    "1nlsq": null,
    "true_params": {
        "t_hot": 0.9169,
        "t_hot_stdev": 0.021
    },
    "histogram": {
        "i": 1e+17,
        "l": 2.0,
        "a": 60.0,
        "filename": "hist_1e17_200_60"
    }
}