{
    "3exp": {
        "a1": 152066635179845.78,
        "b1": -0.16098077542569356,
        "a2": 4200640507149.1416,
        "b2": -0.015468647321630816,
        "a3": 498281449944.3132,
        "b3": -0.006776387185696039,
        "t_hot": 147.5712607022889,
        "n_hot": 498281449944.3132,
        "start_index": 0,
        "end_index": 409,
        "a1_stdev": 8.68027776670695e+17,
        "b1_stdev": 434.9514178498006,
        "a2_stdev": 2.8054766627644237e+17,
        "b2_stdev": 645.3552320872163,
        "a3_stdev": 3.123934637740382e+17,
        "b3_stdev": 1676.503071504849,
        "t_hot_stdev": 36509671.75480513,
        "n_hot_stdev": 3.123934637740382e+17,
        "critical_energy": 24.665172900170987,
        "mswe": 9.58461498901914e+17,
        "mse": 2.0341692267580175e+18
    },
    "2exp": {
        "a0": -1311368977641.737,
        "a1": 11145354962919.324,
        "b1": -0.051779851215175796,
        "a2": 3485251813095.518,
        "b2": -0.0038669256767408285,
        "a0_stdev": 5.48250620711602e+16,
        "a1_stdev": 2.4978164817116774e+17,
        "b1_stdev": 692.8628106690611,
        "a2_stdev": 3.2290544336448676e+16,
        "b2_stdev": 125.7844614259865,
        "t_hot": 258.60336701449944,
        "n_hot": 3485251813095.518,
        "t_hot_stdev": 8411924.08701308,
        "n_hot_stdev": 3.2290544336448676e+16,
        "start_index": 49,
        "end_index": 409,
        "mswe": 5.805251525216449e+17,
        "mse": 1.0055674065815168e+18
    },
    "2nlsq": {
        "a1": 20163744037466.668,
        "b1": -0.07247415429347734,
        "a2": 3717278426563.9336,
        "b2": -0.005746638887015775,
        "a0": -1014726657059.2255,
        "a1_stdev": 19709578953065.855,
        "b1_stdev": 0.026308301794521628,
        "a2_stdev": 119087839606.98128,
        "b2_stdev": 0.0018232216617063864,
        "a0_stdev": 426080798889.9579,
        "start_index": 49,
        "end_index": 409,
        "t_hot": 174.0147623090511,
        "n_hot": 3717278426563.9336,
        "t_hot_stdev": 55.20922583379982,
        "n_hot_stdev": 119087839606.98128,
        "mswe": 2.5232681402676806e+17,
        "mse": 1.1615909910721329e+18
    },
    "1nlsq": null,
    "true_params": {
        "t_hot": 82.2759,
        "t_hot_stdev": 3.7037
    },
    "histogram": {
        "i": 1e+17,
        "l": 1.0,
        "a": 30.0,
        "filename": "hist_1e17_100_30"
    }
}