{
    "3exp": {
        "a1": 1586139381809696.0,
        "b1": -0.024619384481821546,
        "a2": 1160699964678319.0,
        "b2": -0.0062581640575063045,
        "a3": 178174399776490.3,
        "b3": -0.002797804218866956,
        "t_hot": 357.4231510755875,
        "n_hot": 178174399776490.3,
        "start_index": 0,
        "end_index": 710,
        "a1_stdev": 1.5394392581454592e+18,
        "b1_stdev": 15.850648225300985,
        "a2_stdev": 1.970825245266793e+17,
        "b2_stdev": 0.953118967577055,
        "a3_stdev": 9.468303580012126e+16,
        "b3_stdev": 0.32507493578360186,
        "t_hot_stdev": 41528.748545001166,
        "n_hot_stdev": 9.468303580012126e+16,
        "critical_energy": 17.00757105341586,
        "mswe": 3107346421838543.0,
        "mse": 1.1929212030694248e+20
    },
    "2exp": {
        "a0": -122837136137.94835,
        "a1": 1255947981334037.8,
        "b1": -0.006438886584843317,
        "a2": 172526899669432.72,
        "b2": -0.0027429560682568676,
        "a0_stdev": 109604344217332.64,
        "a1_stdev": 8.628950728854418e+16,
        "b1_stdev": 0.642494056795039,
        "a2_stdev": 8.63050663959635e+16,
        "b2_stdev": 0.3666004952862429,
        "t_hot": 364.57018454382103,
        "n_hot": 172526899669432.72,
        "t_hot_stdev": 48725.39220261612,
        "n_hot_stdev": 8.63050663959635e+16,
        "start_index": 25,
        "end_index": 710,
        "mswe": 2399721015384730.0,
        "mse": 3.3069213084859206e+17
    },
    "2nlsq": {
        "a1": 1241944134451891.8,
        "b1": -0.006664928580506942,
        "a2": 214374921154400.72,
        "b2": -0.0029320913044367657,
        "a0": -50475298960.12259,
        "a1_stdev": 7815913820167.503,
        "b1_stdev": 6.268698726727792e-05,
        "a2_stdev": 8593967318546.435,
        "b2_stdev": 3.0133065780899185e-05,
        "a0_stdev": 7982088702.475544,
        "start_index": 25,
        "end_index": 710,
        "t_hot": 341.05349942098513,
        "n_hot": 214374921154400.72,
        "t_hot_stdev": 3.505002561587196,
        "n_hot_stdev": 8593967318546.435,
        "mswe": 2141174012067456.2,
        "mse": 3.273919969453558e+17
    },
    "1nlsq": null,
    "true_params": {
        "t_hot": 306.2733,
        "t_hot_stdev": 2.514
    },
    "histogram": {
        "i": 1e+19,
        "l": 1.0,
        "a": 50.0,
        "filename": "hist_1e19_100_50"
    }
}