{
    "3exp": {
        "a1": 2655763851520448.5,
        "b1": -0.017410865625448534,
        "a2": 694290092218008.8,
        "b2": -0.002868542034931776,
        "a3": 50137277519799.99,
        "b3": -0.0011404212601908532,
        "t_hot": 876.8689561545413,
        "n_hot": 50137277519799.99,
        "start_index": 0,
        "end_index": 632,
        "a1_stdev": 6.00745081861235e+18,
        "b1_stdev": 16.706991074951958,
        "a2_stdev": 1.569775041015638e+17,
        "b2_stdev": 0.7359961216291421,
        "a3_stdev": 9.157237438701309e+16,
        "b3_stdev": 0.5421313937127893,
        "t_hot_stdev": 416844.37663323124,
        "n_hot_stdev": 9.157237438701309e+16,
        "critical_energy": 92.25470149145048,
        "mswe": 1.2160167053095978e+16,
        "mse": 8.384262522326716e+18
    },
    "2exp": {
        "a0": -403712512591.5887,
        "a1": 741466881449275.2,
        "b1": -0.002985704361464561,
        "a2": 52800669660571.68,
        "b2": -0.0010994936186490172,
        "a0_stdev": 1074179503286210.0,
        "a1_stdev": 9.193061201059578e+16,
        "b1_stdev": 0.6470543803354927,
        "a2_stdev": 1.1065555530629408e+17,
        "b2_stdev": 0.8890991448085481,
        "t_hot": 909.5095988176191,
        "n_hot": 52800669660571.68,
        "t_hot_stdev": 735469.667843564,
        "n_hot_stdev": 1.1065555530629408e+17,
        "start_index": 25,
        "end_index": 632,
        "mswe": 6171944379914059.0,
        "mse": 3.004586161067731e+17
    },
    "2nlsq": {
        "a1": 738476032140383.8,
        "b1": -0.003044947237161887,
        "a2": 64722632571746.22,
        "b2": -0.0011923768684051815,
        "a0": -381783312762.80585,
        "a1_stdev": 6893312768600.241,
        "b1_stdev": 5.0498727571406256e-05,
        "a2_stdev": 9288184695186.895,
        "b2_stdev": 6.004729141846025e-05,
        "a0_stdev": 61771433569.55972,
        "start_index": 25,
        "end_index": 632,
        "t_hot": 838.661019428792,
        "n_hot": 64722632571746.22,
        "t_hot_stdev": 42.234400858765255,
        "n_hot_stdev": 9288184695186.895,
        "mswe": 5700778541624621.0,
        "mse": 2.997409045056574e+17
    },
    "1nlsq": null,
    "true_params": {
        "t_hot": 626.312,
        "t_hot_stdev": 8.6018
    },
    "histogram": {
        "i": 1e+19,
        "l": 0.5,
        "a": 10.0,
        "filename": "hist_1e19_050_10"
    }
}