{
    "3exp": {
        "a1": 1171402864738291.5,
        "b1": -0.341194520213996,
        "a2": 91127535208254.5,
        "b2": -0.057195143622412584,
        "a3": -11511927326.941135,
        "b3": 0.04250496525005764,
        "t_hot": 17.484001904108137,
        "n_hot": 91127535208254.5,
        "start_index": 0,
        "end_index": 515,
        "a1_stdev": 2.9031297401201213e+18,
        "b1_stdev": 482.4250472488223,
        "a2_stdev": 1.9155186166583296e+17,
        "b2_stdev": 69.08733022501139,
        "a3_stdev": 869705036021586.0,
        "b3_stdev": 798.0202728771928,
        "t_hot_stdev": 21119.328262872095,
        "n_hot_stdev": 1.9155186166583296e+17,
        "critical_energy": 8.99191173836924,
        "mswe": 1.083321742941925e+19,
        "mse": 1.2758117886686424e+20
    },
    "2exp": {
        "a0": -999057844149.2571,
        "a1": 449465054265636.56,
        "b1": -0.23519645818097512,
        "a2": 70431133149354.28,
        "b2": -0.04817228495916138,
        "a0_stdev": 4312913195909780.0,
        "a1_stdev": 1.3245396161604944e+19,
        "b1_stdev": 2248.596111553935,
        "a2_stdev": 2.499915993896549e+17,
        "b2_stdev": 83.85653221827081,
        "t_hot": 20.758824308370713,
        "n_hot": 70431133149354.28,
        "t_hot_stdev": 36136.19368282124,
        "n_hot_stdev": 2.499915993896549e+17,
        "start_index": 53,
        "end_index": 515,
        "mswe": 1.014749977496653e+19,
        "mse": 1.118532173951266e+20
    },
    "2nlsq": {
        "a1": 3394456346322152.0,
        "b1": -0.4154002309729719,
        "a2": 94510428148836.78,
        "b2": -0.05774372587957009,
        "a0": -508600111977.62274,
        "a1_stdev": 4252972038304306.5,
        "b1_stdev": 0.09072653408005224,
        "a2_stdev": 3002033138241.7017,
        "b2_stdev": 0.0008889261330133521,
        "a0_stdev": 33506008262.881542,
        "start_index": 53,
        "end_index": 515,
        "t_hot": 17.31789878065009,
        "n_hot": 94510428148836.78,
        "t_hot_stdev": 0.266597497139451,
        "n_hot_stdev": 3002033138241.7017,
        "mswe": 7.514379429001059e+18,
        "mse": 1.2732756317409011e+20
    },
    "1nlsq": null,
    "true_params": {
        "t_hot": 18.1035,
        "t_hot_stdev": 0.2125
    },
    "histogram": {
        "i": 1e+17,
        "l": 0.05,
        "a": 45.0,
        "filename": "hist_1e17_005_45"
    }
}