{
    "3exp": {
        "a1": 2.1817328928849988e+16,
        "b1": -0.061237675076840414,
        "a2": 2760164972603618.0,
        "b2": -0.018190719203758716,
        "a3": 800991195728607.0,
        "b3": -0.008291228363871828,
        "t_hot": 120.6093905647801,
        "n_hot": 800991195728607.0,
        "start_index": 0,
        "end_index": 481,
        "critical_energy": 62.4141956212336,
        "mse": 337779913.98552126
    },
    "2exp": {
        "a1": 3347931556792518.0,
        "b1": -0.020562256230916245,
        "a2": 939224611055351.2,
        "b2": -0.00858598330858594,
        "a1_stdev": 30429678281642.02,
        "b1_stdev": 0.0006100660411365239,
        "a2_stdev": 5165593720540.002,
        "b2_stdev": 0.0010538784482249496,
        "t_hot": 116.46889634644468,
        "n_hot": 939224611055351.2,
        "t_hot_stdev": 14.295865171939035,
        "n_hot_stdev": 5165593720540.002,
        "start_index": 37,
        "end_index": 481,
        "mse": 327771949.4945549
    },
    "nlsq": {
        "a1": 4156150282822834.5,
        "b1": -0.024959448285026598,
        "a2": 1270899128135832.8,
        "b2": -0.00938352585211431,
        "a0": 501450283111.6109,
        "a1_stdev": 590386664757994.2,
        "b1_stdev": 0.0016188661178267814,
        "a2_stdev": 63890349773760.11,
        "b2_stdev": 0.00012195164661913977,
        "a0_stdev": 53186086.134934284,
        "start_index": 37,
        "end_index": 481,
        "t_hot": 106.56974955471333,
        "n_hot": 1270899128135832.8,
        "t_hot_stdev": 1.3850184507200212,
        "n_hot_stdev": 63890349773760.11,
        "mse": 277111519.58757544
    },
    "true_params": {
        "t_hot": 161.2715,
        "t_hot_stdev": 8.0282
    },
    "histogram": {
        "i": 1e+19,
        "l": 0.02,
        "a": 45.0,
        "filename": "hist_1e19_002_45"
    }
}