{
    "3exp": {
        "a1": 364543365499053.2,
        "b1": -0.2859187372326947,
        "a2": 98502693832519.27,
        "b2": -0.14697182138668768,
        "a3": 19582952579686.68,
        "b3": -0.03212131284503014,
        "t_hot": 31.131977849863055,
        "n_hot": 19582952579686.68,
        "start_index": 0,
        "end_index": 494,
        "a1_stdev": 3.124227836909613e+18,
        "b1_stdev": 4147.361498514937,
        "a2_stdev": 6.047955275646651e+18,
        "b2_stdev": 2215.7983097283463,
        "a3_stdev": 5.301200107351923e+16,
        "b3_stdev": 30.611426087812937,
        "t_hot_stdev": 29668.59553705823,
        "n_hot_stdev": 5.301200107351923e+16
    },
    "2exp": null,
    "2nlsq": null,
    "1nlsq": null,
    "true_params": {
        "t_hot": 30.0439,
        "t_hot_stdev": 0.7214
    },
    "histogram": {
        "i": 1e+18,
        "l": 0.1,
        "a": 1.0,
        "filename": "hist_1e18_010_1"
    }
}