{
    "3exp": {
        "a1": 1383991379831199.8,
        "b1": -2.005911392098668,
        "a2": -123259831918328.88,
        "b2": -0.48732100310832066,
        "a3": 152938135582019.47,
        "b3": -0.4393338298706196,
        "t_hot": 2.276173451733713,
        "n_hot": 152938135582019.47,
        "start_index": 10,
        "end_index": 468,
        "critical_energy": NaN,
        "mse": 1305704153.3114696
    },
    "2exp": {
        "a1": 44267495250873.625,
        "b1": -0.3875491923958986,
        "a2": 4408721847.4885235,
        "b2": 0.05311391956864887,
        "a1_stdev": 172946613300.00452,
        "b1_stdev": 0.16522086710589923,
        "a2_stdev": 6221262270.770471,
        "b2_stdev": 0.2316730524877932,
        "t_hot": 2.5803175948266612,
        "n_hot": 44267495250873.625,
        "t_hot_stdev": 1.1000469586590242,
        "n_hot_stdev": 172946613300.00452,
        "start_index": 35,
        "end_index": 468,
        "mse": 1449815344.807337
    },
    "nlsq": null,
    "true_params": {
        "t_hot": 5.1832,
        "t_hot_stdev": 0.3075
    },
    "histogram": {
        "i": 1e+17,
        "l": 0.05,
        "a": 4.0,
        "filename": "hist_1e17_005_4"
    }
}