{
    "nn": {
        "r2": [
            0.9702922484798641,
            0.9514609231348509,
            0.9782164634385958,
            0.9694915140847115,
            0.982116648014915,
            0.9634583171856967,
            0.9605948261449325,
            0.9719810453843598
        ],
        "rmse": [
            30.96525499871224,
            40.81988920846407,
            31.514186836432415,
            43.353312235379796,
            30.090646742993975,
            43.03666827522559,
            37.7084833612688,
            41.18195416547981
        ],
        "mean_residuals": [
            -1.749072328197957,
            1.5867437586994255,
            -6.45163681989511,
            -0.9700400273879369,
            -2.357244216550138,
            11.59913295732219,
            -4.823122423721879,
            -1.045398373283224
        ],
        "params": [
            null,
            null,
            null,
            null,
            null,
            null,
            null,
            null
        ]
    },
    "gp": {
        "r2": [
            0.9764821808367447,
            0.9595173012125299,
            0.9874243248405705,
            0.9729781241492849,
            0.9809551926212341,
            0.9729889625961048,
            0.96837771397241,
            0.9749165916573115
        ],
        "rmse": [
            27.55105873957659,
            37.278702998015746,
            23.94459888978729,
            40.80089627212846,
            31.052412892967357,
            37.0011313253929,
            33.77995546897352,
            38.964962369314115
        ],
        "mean_residuals": [
            -0.8631461466176814,
            1.1808281715893185,
            0.02524007267585393,
            -1.8805992681354369,
            -0.029595943167024668,
            -1.9782763944278503,
            -3.1549412539540227,
            3.978207595778812
        ],
        "params": [
            [
                29962.1888957802,
                0.3639251180032311,
                725.5609355863587
            ],
            [
                29776.38568158005,
                0.3676347460761416,
                617.998294975211
            ],
            [
                30092.74361086808,
                0.36530327142840324,
                741.5841324677898
            ],
            [
                30429.282151456075,
                0.35996203430836965,
                521.8129900692468
            ],
            [
                28443.0210120849,
                0.35366116200045616,
                724.8555781720047
            ],
            [
                30492.984534687515,
                0.38059288669581043,
                702.0648872377899
            ],
            [
                29976.61087577768,
                0.3746077311343895,
                737.6352873715966
            ],
            [
                30934.646664248925,
                0.3843285618558882,
                703.3903080388683
            ]
        ]
    },
    "svr": {
        "r2": [
            0.9617602321334264,
            0.9339624672031319,
            0.9758520591440202,
            0.8963571627490872,
            0.9730343517719237,
            0.9042014388058787,
            0.9533892848602349,
            0.9399722931013905
        ],
        "rmse": [
            35.131556615140354,
            47.612554751690986,
            33.18042639396621,
            79.90640697418493,
            36.949834058013536,
            69.68252255901393,
            41.01146889548384,
            60.27772650660151
        ],
        "mean_residuals": [
            -2.0921671643880324,
            5.9195303006226005,
            -1.8695015800884718,
            12.239083608813667,
            5.045759052853929,
            7.353680651708513,
            -1.5293308156736618,
            13.36946857091329
        ],
        "params": [
            {
                "C": 1000,
                "epsilon": 0.05,
                "gamma": 10
            },
            {
                "C": 1000,
                "epsilon": 0.05,
                "gamma": 10
            },
            {
                "C": 1000,
                "epsilon": 0.05,
                "gamma": 10
            },
            {
                "C": 1000,
                "epsilon": 0.05,
                "gamma": 1.0
            },
            {
                "C": 1000,
                "epsilon": 0.01,
                "gamma": 10
            },
            {
                "C": 1000,
                "epsilon": 0.05,
                "gamma": 10
            },
            {
                "C": 1000,
                "epsilon": 0.0002,
                "gamma": 10
            },
            {
                "C": 1000,
                "epsilon": 0.001,
                "gamma": 10
            }
        ]
    }
}