{
    "nn": {
        "r2": [
            0.9675696261587065,
            0.9487831787152553,
            0.9722488673669816,
            0.9675071077700051,
            0.9665553791650191,
            0.9541236664779331,
            0.985588120954815,
            0.9732582545562785
        ],
        "rmse": [
            45.12716417449893,
            42.411037099468004,
            31.77286902739171,
            38.20778812159118,
            38.15301399915233,
            46.28305625045848,
            27.128408714311952,
            36.85847854390849
        ],
        "mean_residuals": [
            7.209924593607385,
            -1.9491019158810992,
            -2.710541332011322,
            -5.958471348623103,
            -10.525441554991403,
            5.621606661235082,
            4.238197291556002,
            2.8568546138048165
        ],
        "params": [
            null,
            null,
            null,
            null,
            null,
            null,
            null,
            null
        ]
    },
    "gp": {
        "r2": [
            0.9773015370274789,
            0.9706006016275236,
            0.9588555817243134,
            0.974081919854148,
            0.9681310160331017,
            0.9570521901143546,
            0.981309335470614,
            0.9683952548066357
        ],
        "rmse": [
            37.75376693106357,
            32.13229930794927,
            38.68757775188578,
            34.123936565607686,
            37.24344296099919,
            44.781453914924334,
            30.89415967752858,
            40.06993848735874
        ],
        "mean_residuals": [
            6.903795850986772,
            -0.6934426956913232,
            0.7326881512144879,
            -9.275497068905498,
            -4.726584565903416,
            1.274178099587336,
            1.9137987576834956,
            7.1400351854743285
        ],
        "params": [
            [
                30916.72339048716,
                0.3749785962089131,
                605.368763515659
            ],
            [
                29549.43870864128,
                0.36029773763984646,
                742.198584291717
            ],
            [
                27933.90949789711,
                0.35225113183455103,
                725.9835386918159
            ],
            [
                30745.621049941197,
                0.37415763329812163,
                718.5932936560072
            ],
            [
                29707.87923909677,
                0.3787704086966515,
                735.529271325003
            ],
            [
                29269.78709914025,
                0.3640067691669793,
                640.917980106968
            ],
            [
                29651.45420954479,
                0.3589587370290162,
                695.4511714287547
            ],
            [
                27494.49617359338,
                0.3395384045061381,
                543.5552925039891
            ]
        ]
    },
    "svr": {
        "r2": [
            0.9374544516394606,
            0.9670828998796668,
            0.9641974691894639,
            0.9424328879808873,
            0.9155017420082034,
            0.9406661371981025,
            0.9667977042501154,
            0.9521523907532209
        ],
        "rmse": [
            62.6700826874166,
            34.00034832885303,
            36.088841393142744,
            50.85632022590225,
            60.644244690991336,
            52.63552877525391,
            41.17637139733091,
            49.302921023460044
        ],
        "mean_residuals": [
            11.5034210819275,
            3.199814437255951,
            2.9902299971477717,
            -4.284644149968636,
            -0.1914186461713112,
            3.266279555329915,
            10.074832133056365,
            11.622321294809794
        ],
        "params": [
            {
                "C": 1000,
                "epsilon": 0.05,
                "gamma": 10
            },
            {
                "C": 1000,
                "epsilon": 0.01,
                "gamma": 10
            },
            {
                "C": 1000,
                "epsilon": 0.05,
                "gamma": 10
            },
            {
                "C": 1000,
                "epsilon": 0.05,
                "gamma": 10
            },
            {
                "C": 1000,
                "epsilon": 0.05,
                "gamma": 10
            },
            {
                "C": 1000,
                "epsilon": 0.0002,
                "gamma": 10
            },
            {
                "C": 1000,
                "epsilon": 0.05,
                "gamma": 10
            },
            {
                "C": 1000,
                "epsilon": 0.05,
                "gamma": 10
            }
        ]
    }
}