{
    "best_linear_fit": {
        "t_hot": 247.40593646812007,
        "n_hot": 285939209413930.8,
        "sse": 36.18821094442706,
        "R2": 0.4696606531493883,
        "mse": 0.24125473962951374,
        "start": 1098.8505,
        "end": 1559.4095,
        "t_hot_stdev": 18.4644897998286,
        "n_hot_stdev": 115225624945322.1
    },
    "true_params": {
        "t_hot": 215.2295,
        "t_hot_stdev": 7.3178
    },
    "histogram": {
        "i": 1e+19,
        "l": 0.02,
        "a": 4.0,
        "filename": "hist_1e19_002_4"
    }
}