{
    "best_linear_fit": {
        "t_hot": 341.5650856846537,
        "n_hot": 268185874857446.9,
        "sse": 0.44643847083971755,
        "R2": 0.9999573607692028,
        "mse": 0.0029762564722647837,
        "start": 1042.3305,
        "end": 1515.1075,
        "t_hot_stdev": 3.807940943529949,
        "n_hot_stdev": 11257624489274.693
    },
    "true_params": {
        "t_hot": 332.7145,
        "t_hot_stdev": 1.7598
    },
    "histogram": {
        "i": 1e+19,
        "l": 2.0,
        "a": 45.0,
        "filename": "hist_1e19_200_45"
    }
}