{
    "best_linear_fit": {
        "t_hot": 662.3290095914626,
        "n_hot": 261825090970580.3,
        "sse": 4.332541349126957,
        "R2": 0.9939151619767292,
        "mse": 0.028883608994179712,
        "start": 2044.8400000000001,
        "end": 2843.48,
        "t_hot_stdev": 26.40502913076379,
        "n_hot_stdev": 38692713690547.336
    },
    "true_params": {
        "t_hot": 613.0531,
        "t_hot_stdev": 11.0264
    },
    "histogram": {
        "i": 1e+19,
        "l": 0.4,
        "a": 30.0,
        "filename": "hist_1e19_040_30"
    }
}