{
    "best_linear_fit": {
        "t_hot": 98.13374588449726,
        "n_hot": 246395552385507.66,
        "sse": 0.5823689677120673,
        "R2": 0.9998774179437492,
        "mse": 0.003882459784747115,
        "start": 145.485,
        "end": 309.087,
        "t_hot_stdev": 1.0374473214561764,
        "n_hot_stdev": 6163599616460.472
    },
    "true_params": {
        "t_hot": 97.9041,
        "t_hot_stdev": 1.0184
    },
    "histogram": {
        "i": 1e+18,
        "l": 0.2,
        "a": 50.0,
        "filename": "hist_1e18_020_50"
    }
}