{
    "best_linear_fit": {
        "t_hot": 1.5182728365090392,
        "n_hot": 14675473747908.043,
        "sse": 29.058437136718215,
        "R2": 0.47297827242042156,
        "mse": 0.1937229142447881,
        "start": 5.148,
        "end": 8.724,
        "t_hot_stdev": 0.08025222033089512,
        "n_hot_stdev": 3583268374538.1294
    },
    "true_params": {
        "t_hot": 1.3439,
        "t_hot_stdev": 0.046
    },
    "histogram": {
        "i": 1e+17,
        "l": 5.0,
        "a": 30.0,
        "filename": "hist_1e17_500_30"
    }
}