{
    "best_linear_fit": {
        "t_hot": 45.15040963243231,
        "n_hot": 776664096567.4338,
        "sse": 111.79312487194358,
        "R2": -11.122558067376126,
        "mse": 0.7452874991462906,
        "start": 47.47,
        "end": 75.482,
        "t_hot_stdev": 17.7707442336165,
        "n_hot_stdev": 419851365118.3679
    },
    "true_params": {
        "t_hot": 22.9522,
        "t_hot_stdev": 3.1594
    },
    "histogram": {
        "i": 1e+17,
        "l": 0.5,
        "a": 5.0,
        "filename": "hist_1e17_050_5"
    }
}