{
    "best_linear_fit": {
        "t_hot": 641.1046220559334,
        "n_hot": 137576567640419.2,
        "sse": 8.238405778405332,
        "R2": 0.9777128350494231,
        "mse": 0.05492270518936888,
        "start": 2024.535,
        "end": 2892.609,
        "t_hot_stdev": 31.386396230678574,
        "n_hot_stdev": 25964817398371.992
    },
    "true_params": {
        "t_hot": 589.497,
        "t_hot_stdev": 12.1684
    },
    "histogram": {
        "i": 1e+19,
        "l": 0.4,
        "a": 15.0,
        "filename": "hist_1e19_040_15"
    }
}