{
    "best_linear_fit": {
        "t_hot": 396.8365121854908,
        "n_hot": 153840811063124.2,
        "sse": 5.885772487121241,
        "R2": 0.9837713393052963,
        "mse": 0.03923848324747494,
        "start": 954.6975,
        "end": 1582.7325,
        "t_hot_stdev": 14.049469704248928,
        "n_hot_stdev": 17592199710076.727
    },
    "true_params": {
        "t_hot": 363.2563,
        "t_hot_stdev": 8.233
    },
    "histogram": {
        "i": 1e+19,
        "l": 0.1,
        "a": 30.0,
        "filename": "hist_1e19_010_30"
    }
}