{
    "best_linear_fit": {
        "t_hot": 37.63425365168852,
        "n_hot": 34439366768201.35,
        "sse": 2.6034017852659685,
        "R2": 0.9973377257316697,
        "mse": 0.017356011901773123,
        "start": 37.541,
        "end": 89.095,
        "t_hot_stdev": 1.0237493610176116,
        "n_hot_stdev": 1619714476908.0742
    },
    "true_params": {
        "t_hot": 36.2435,
        "t_hot_stdev": 0.7237
    },
    "histogram": {
        "i": 1e+18,
        "l": 0.1,
        "a": 5.0,
        "filename": "hist_1e18_010_5"
    }
}