{
    "best_linear_fit": {
        "t_hot": 276.992530545827,
        "n_hot": 13423280472178.379,
        "sse": 3.478991451575515,
        "R2": 0.9969176666197073,
        "mse": 0.023193276343836767,
        "start": 406.182,
        "end": 643.986,
        "t_hot_stdev": 13.898324184954179,
        "n_hot_stdev": 1287783696628.4377
    },
    "true_params": {
        "t_hot": 245.3881,
        "t_hot_stdev": 8.2872
    },
    "histogram": {
        "i": 1e+18,
        "l": 2.0,
        "a": 5.0,
        "filename": "hist_1e18_200_5"
    }
}