{
    "best_linear_fit": {
        "t_hot": 52.08715850954526,
        "n_hot": 65136024709122.11,
        "sse": 2.471525132521006,
        "R2": 0.9979556999021554,
        "mse": 0.016476834216806707,
        "start": 73.5325,
        "end": 138.9435,
        "t_hot_stdev": 1.5059545175384734,
        "n_hot_stdev": 3902066162367.9517
    },
    "true_params": {
        "t_hot": 47.8406,
        "t_hot_stdev": 0.5413
    },
    "histogram": {
        "i": 1e+18,
        "l": 0.1,
        "a": 10.0,
        "filename": "hist_1e18_010_10"
    }
}