{
    "best_linear_fit": {
        "t_hot": 12.217980504015227,
        "n_hot": 41523764943449.09,
        "sse": 28.617301031879485,
        "R2": -0.13660273725949867,
        "mse": 0.19078200687919658,
        "start": 23.536499999999997,
        "end": 56.4655,
        "t_hot_stdev": 0.5600843605287418,
        "n_hot_stdev": 6407770237235.556
    },
    "true_params": {
        "t_hot": 11.9644,
        "t_hot_stdev": 0.4702
    },
    "histogram": {
        "i": 1e+18,
        "l": 0.02,
        "a": 10.0,
        "filename": "hist_1e18_002_10"
    }
}