{
    "best_linear_fit": {
        "t_hot": 147.1541690145962,
        "n_hot": 32503500736206.05,
        "sse": 0.7057877612655353,
        "R2": 0.9998185588274765,
        "mse": 0.004705251741770235,
        "start": 259.576,
        "end": 428.84000000000003,
        "t_hot_stdev": 2.482197874081204,
        "n_hot_stdev": 1295484578711.4736
    },
    "true_params": {
        "t_hot": 138.7158,
        "t_hot_stdev": 0.9305
    },
    "histogram": {
        "i": 1e+18,
        "l": 2.0,
        "a": 50.0,
        "filename": "hist_1e18_200_50"
    }
}