{
    "best_linear_fit": {
        "t_hot": 228.44267118812039,
        "n_hot": 376419137441602.25,
        "sse": 19.556290565238633,
        "R2": 0.8224576051101369,
        "mse": 0.13037527043492422,
        "start": 959.956,
        "end": 1344.972,
        "t_hot_stdev": 13.843239058443924,
        "n_hot_stdev": 115616413996773.94
    },
    "true_params": {
        "t_hot": 204.6993,
        "t_hot_stdev": 2.99
    },
    "histogram": {
        "i": 1e+19,
        "l": 0.02,
        "a": 1.0,
        "filename": "hist_1e19_002_1"
    }
}