{
    "best_linear_fit": {
        "t_hot": 215.5610161738874,
        "n_hot": 62482501346560.87,
        "sse": 21.850925154168554,
        "R2": 0.8238617498587728,
        "mse": 0.1456728343611237,
        "start": 658.867,
        "end": 950.6089999999999,
        "t_hot_stdev": 17.194723623910193,
        "n_hot_stdev": 18709603834083.9
    },
    "true_params": {
        "t_hot": 161.2715,
        "t_hot_stdev": 8.0282
    },
    "histogram": {
        "i": 1e+19,
        "l": 0.02,
        "a": 45.0,
        "filename": "hist_1e19_002_45"
    }
}