{
    "best_linear_fit": {
        "t_hot": 235.6938912332363,
        "n_hot": 1215376753564302.2,
        "sse": 0.6870330314739251,
        "R2": 0.9999001717552036,
        "mse": 0.004580220209826167,
        "start": 509.8005,
        "end": 1021.3175,
        "t_hot_stdev": 2.0789506799667983,
        "n_hot_stdev": 35471013273601.35
    },
    "true_params": {
        "t_hot": 232.7056,
        "t_hot_stdev": 1.436
    },
    "histogram": {
        "i": 1e+19,
        "l": 0.2,
        "a": 50.0,
        "filename": "hist_1e19_020_50"
    }
}