{
    "best_linear_fit": {
        "t_hot": 19.13366044128523,
        "n_hot": 19818134638063.184,
        "sse": 203.09524280444677,
        "R2": -18.68173233099283,
        "mse": 1.3539682853629784,
        "start": 78.4485,
        "end": 130.7475,
        "t_hot_stdev": 2.3039413096938888,
        "n_hot_stdev": 13182516980183.494
    },
    "true_params": {
        "t_hot": 16.6598,
        "t_hot_stdev": 0.5216
    },
    "histogram": {
        "i": 1e+18,
        "l": 0.05,
        "a": 2.0,
        "filename": "hist_1e18_005_2"
    }
}