{
    "best_linear_fit": {
        "t_hot": 222.56625601038022,
        "n_hot": 5776525305840.905,
        "sse": 41.39670886252185,
        "R2": 0.25781436172071437,
        "mse": 0.275978059083479,
        "start": 554.829,
        "end": 722.0070000000001,
        "t_hot_stdev": 44.029243030203446,
        "n_hot_stdev": 3287367564859.845
    },
    "true_params": {
        "t_hot": 199.4857,
        "t_hot_stdev": 17.8227
    },
    "histogram": {
        "i": 1e+18,
        "l": 1.0,
        "a": 20.0,
        "filename": "hist_1e18_100_20"
    }
}