{
    "best_linear_fit": {
        "t_hot": 62.6463022707099,
        "n_hot": 1947893473544.2976,
        "sse": 63.411690992708245,
        "R2": -1.871529154030756,
        "mse": 0.42274460661805496,
        "start": 71.7885,
        "end": 129.4515,
        "t_hot_stdev": 12.516909537947695,
        "n_hot_stdev": 633718542948.6553
    },
    "true_params": {
        "t_hot": 48.6756,
        "t_hot_stdev": 6.0016
    },
    "histogram": {
        "i": 1e+18,
        "l": 0.5,
        "a": 60.0,
        "filename": "hist_1e18_050_60"
    }
}