{
    "best_linear_fit": {
        "t_hot": 8.883740109394115,
        "n_hot": 4803670855385.347,
        "sse": 87.43283197414202,
        "R2": -3.2826160614511988,
        "mse": 0.5828855464942801,
        "start": 25.0805,
        "end": 40.427499999999995,
        "t_hot_stdev": 1.1105145827674017,
        "n_hot_stdev": 2234392018256.47
    },
    "true_params": {
        "t_hot": 7.9947,
        "t_hot_stdev": 0.4991
    },
    "histogram": {
        "i": 1e+17,
        "l": 0.5,
        "a": 3.0,
        "filename": "hist_1e17_050_3"
    }
}