{
    "best_linear_fit": {
        "t_hot": 8.129530144392138,
        "n_hot": 26289529584845.984,
        "sse": 129.70599543585703,
        "R2": -11.21224070374746,
        "mse": 0.8647066362390469,
        "start": 25.805999999999997,
        "end": 45.474000000000004,
        "t_hot_stdev": 0.8838315771839388,
        "n_hot_stdev": 12690342323483.334
    },
    "true_params": {
        "t_hot": 7.0572,
        "t_hot_stdev": 0.198
    },
    "histogram": {
        "i": 1e+18,
        "l": 0.02,
        "a": 1.0,
        "filename": "hist_1e18_002_1"
    }
}