{
    "best_linear_fit": {
        "t_hot": 57.68235910583391,
        "n_hot": 1870445991957.8613,
        "sse": 8.539044115163973,
        "R2": 0.9194871937119735,
        "mse": 0.05692696076775982,
        "start": 43.132000000000005,
        "end": 92.004,
        "t_hot_stdev": 4.594617271069927,
        "n_hot_stdev": 178335455964.64386
    },
    "true_params": {
        "t_hot": 43.6223,
        "t_hot_stdev": 1.7326
    },
    "histogram": {
        "i": 1e+17,
        "l": 5.0,
        "a": 10.0,
        "filename": "hist_1e17_500_10"
    }
}