{
    "best_linear_fit": {
        "t_hot": 129.07388389642898,
        "n_hot": 15180851654181.275,
        "sse": 14.089527901873693,
        "R2": 0.9213587738831912,
        "mse": 0.09393018601249128,
        "start": 299.0895,
        "end": 440.7885,
        "t_hot_stdev": 10.192412422479926,
        "n_hot_stdev": 3457008758750.8633
    },
    "true_params": {
        "t_hot": 114.9707,
        "t_hot_stdev": 3.809
    },
    "histogram": {
        "i": 1e+18,
        "l": 0.5,
        "a": 4.0,
        "filename": "hist_1e18_050_4"
    }
}