{
    "best_linear_fit": {
        "t_hot": 35.769373834498154,
        "n_hot": 1107590869774602.0,
        "sse": 0.5217321329165696,
        "R2": 0.9999423071985274,
        "mse": 0.003478214219443797,
        "start": 59.5355,
        "end": 165.77249999999998,
        "t_hot_stdev": 0.20090440816123167,
        "n_hot_stdev": 20315063238638.117
    },
    "true_params": {
        "t_hot": 35.6804,
        "t_hot_stdev": 0.1869
    },
    "histogram": {
        "i": 1e+18,
        "l": 0.05,
        "a": 50.0,
        "filename": "hist_1e18_005_50"
    }
}