{
    "best_linear_fit": {
        "t_hot": 176.00582354266993,
        "n_hot": 300132275666672.9,
        "sse": 40.167214698229664,
        "R2": 0.030301057772597284,
        "mse": 0.2677814313215311,
        "start": 638.4780000000001,
        "end": 1062.234,
        "t_hot_stdev": 10.700224015746604,
        "n_hot_stdev": 89075688838085.64
    },
    "true_params": {
        "t_hot": 171.5095,
        "t_hot_stdev": 10.6995
    },
    "histogram": {
        "i": 1e+19,
        "l": 0.02,
        "a": 30.0,
        "filename": "hist_1e19_002_30"
    }
}