{
    "best_linear_fit": {
        "t_hot": 699.532599390626,
        "n_hot": 220610638958182.06,
        "sse": 1.608612995487198,
        "R2": 0.9996798528679253,
        "mse": 0.01072408663658132,
        "start": 2787.4139999999998,
        "end": 3679.626,
        "t_hot_stdev": 16.065433139064943,
        "n_hot_stdev": 23494719308301.426
    },
    "true_params": {
        "t_hot": 659.0293,
        "t_hot_stdev": 3.2061
    },
    "histogram": {
        "i": 1e+19,
        "l": 2.0,
        "a": 4.0,
        "filename": "hist_1e19_200_4"
    }
}