{
    "best_linear_fit": {
        "t_hot": 219.78354994285974,
        "n_hot": 94681078198850.83,
        "sse": 41.21760547037101,
        "R2": 0.5750424547048794,
        "mse": 0.27478403646914007,
        "start": 798.1949999999999,
        "end": 1172.781,
        "t_hot_stdev": 19.120489272587054,
        "n_hot_stdev": 37158368445101.53
    },
    "true_params": {
        "t_hot": 180.0035,
        "t_hot_stdev": 7.5767
    },
    "histogram": {
        "i": 1e+19,
        "l": 0.1,
        "a": 0.0,
        "filename": "hist_1e19_010_0"
    }
}