{
    "best_linear_fit": {
        "t_hot": 1.4992014573792425,
        "n_hot": 19396125565365.34,
        "sse": 60.26301043953132,
        "R2": -2.9360763668578818,
        "mse": 0.4017534029302088,
        "start": 4.4505,
        "end": 7.8774999999999995,
        "t_hot_stdev": 0.1175845049099021,
        "n_hot_stdev": 6335829452832.175
    },
    "true_params": {
        "t_hot": 1.4806,
        "t_hot_stdev": 0.078
    },
    "histogram": {
        "i": 1e+17,
        "l": 0.01,
        "a": 5.0,
        "filename": "hist_1e17_001_5"
    }
}