{
    "best_linear_fit": {
        "t_hot": 635.1704261396663,
        "n_hot": 287903839458459.7,
        "sse": 4.696645795010307,
        "R2": 0.9934805988440593,
        "mse": 0.03131097196673538,
        "start": 2094.006,
        "end": 2884.898,
        "t_hot_stdev": 25.531483834493656,
        "n_hot_stdev": 45550150901582.52
    },
    "true_params": {
        "t_hot": 618.4466,
        "t_hot_stdev": 9.6195
    },
    "histogram": {
        "i": 1e+19,
        "l": 0.4,
        "a": 25.0,
        "filename": "hist_1e19_040_25"
    }
}