{
    "best_linear_fit": {
        "t_hot": 214.87784676588564,
        "n_hot": 163536669774840.5,
        "sse": 0.8755893559129184,
        "R2": 0.9995056856478625,
        "mse": 0.00583726237275279,
        "start": 252.41250000000002,
        "end": 536.2574999999999,
        "t_hot_stdev": 3.515370237047719,
        "n_hot_stdev": 5016118978590.041
    },
    "true_params": {
        "t_hot": 206.1581,
        "t_hot_stdev": 2.5686
    },
    "histogram": {
        "i": 1e+18,
        "l": 0.2,
        "a": 30.0,
        "filename": "hist_1e18_020_30"
    }
}