{
    "best_linear_fit": {
        "t_hot": 176.4952849851561,
        "n_hot": 4515008834401.718,
        "sse": 19.86167971431578,
        "R2": 0.8874797613512523,
        "mse": 0.13241119809543853,
        "start": 300.173,
        "end": 425.631,
        "t_hot_stdev": 25.556103555331863,
        "n_hot_stdev": 1351005466007.4575
    },
    "true_params": {
        "t_hot": 123.3058,
        "t_hot_stdev": 6.5299
    },
    "histogram": {
        "i": 1e+18,
        "l": 0.5,
        "a": 1.0,
        "filename": "hist_1e18_050_1"
    }
}