{
    "best_linear_fit": {
        "t_hot": 245.1930744685771,
        "n_hot": 4998509905113.182,
        "sse": 13.763190800306191,
        "R2": 0.9381782330488388,
        "mse": 0.0917546053353746,
        "start": 577.7325000000001,
        "end": 758.7674999999999,
        "t_hot_stdev": 28.453271889708127,
        "n_hot_stdev": 1585758617304.4424
    },
    "true_params": {
        "t_hot": 225.0821,
        "t_hot_stdev": 13.2496
    },
    "histogram": {
        "i": 1e+18,
        "l": 1.0,
        "a": 1.0,
        "filename": "hist_1e18_100_1"
    }
}