{
    "best_linear_fit": {
        "t_hot": 130.18525259984085,
        "n_hot": 9112406357541.445,
        "sse": 27.35391062143781,
        "R2": 0.8168387386492009,
        "mse": 0.18235940414291874,
        "start": 335.294,
        "end": 452.706,
        "t_hot_stdev": 17.43570861155209,
        "n_hot_stdev": 3707385764325.2065
    },
    "true_params": {
        "t_hot": 116.9574,
        "t_hot_stdev": 4.9093
    },
    "histogram": {
        "i": 1e+18,
        "l": 0.5,
        "a": 2.0,
        "filename": "hist_1e18_050_2"
    }
}