{
    "best_linear_fit": {
        "t_hot": 129.37080282649973,
        "n_hot": 15080765530289.762,
        "sse": 11.508448794650276,
        "R2": 0.9437588245499678,
        "mse": 0.07672299196433517,
        "start": 288.13750000000005,
        "end": 425.9625,
        "t_hot_stdev": 9.514188168792707,
        "n_hot_stdev": 3080116016703.7104
    },
    "true_params": {
        "t_hot": 115.7238,
        "t_hot_stdev": 3.9688
    },
    "histogram": {
        "i": 1e+18,
        "l": 0.5,
        "a": 5.0,
        "filename": "hist_1e18_050_5"
    }
}