{
    "best_linear_fit": {
        "t_hot": 60.899824985455965,
        "n_hot": 19971540252033.727,
        "sse": 1.0750772318088722,
        "R2": 0.9995079999199387,
        "mse": 0.007167181545392481,
        "start": 89.7195,
        "end": 173.01049999999998,
        "t_hot_stdev": 1.0662833833998173,
        "n_hot_stdev": 766975793344.0808
    },
    "true_params": {
        "t_hot": 56.8816,
        "t_hot_stdev": 0.5808
    },
    "histogram": {
        "i": 1e+18,
        "l": 5.0,
        "a": 50.0,
        "filename": "hist_1e18_500_50"
    }
}