{
    "best_linear_fit": {
        "t_hot": 27.932493783748274,
        "n_hot": 496219952391336.8,
        "sse": 0.9831861097670381,
        "R2": 0.9993459798105508,
        "mse": 0.006554574065113588,
        "start": 44.427,
        "end": 119.225,
        "t_hot_stdev": 0.23887246958192232,
        "n_hot_stdev": 12862320192305.498
    },
    "true_params": {
        "t_hot": 26.8161,
        "t_hot_stdev": 0.2326
    },
    "histogram": {
        "i": 1e+18,
        "l": 0.01,
        "a": 50.0,
        "filename": "hist_1e18_001_50"
    }
}