{
    "best_linear_fit": {
        "t_hot": 238.7072086598268,
        "n_hot": 18241105976366.996,
        "sse": 1.0704221038650334,
        "R2": 0.9994421939220625,
        "mse": 0.007136147359100223,
        "start": 321.8395,
        "end": 538.3365,
        "t_hot_stdev": 6.288911984037726,
        "n_hot_stdev": 875085941908.7073
    },
    "true_params": {
        "t_hot": 248.2638,
        "t_hot_stdev": 11.7026
    },
    "histogram": {
        "i": 1e+18,
        "l": 1.0,
        "a": 50.0,
        "filename": "hist_1e18_100_50"
    }
}