{
    "best_linear_fit": {
        "t_hot": 10.76370378396649,
        "n_hot": 1845883544878.899,
        "sse": 221.61820228786618,
        "R2": -20.09690655867604,
        "mse": 1.477454681919108,
        "start": 28.423000000000002,
        "end": 41.237,
        "t_hot_stdev": 3.1085672381076486,
        "n_hot_stdev": 1734852770658.177
    },
    "true_params": {
        "t_hot": 6.4115,
        "t_hot_stdev": 0.3142
    },
    "histogram": {
        "i": 1e+17,
        "l": 0.2,
        "a": 60.0,
        "filename": "hist_1e17_020_60"
    }
}