{
    "best_linear_fit": {
        "t_hot": 739.1091119581542,
        "n_hot": 288601215286063.7,
        "sse": 0.3189706365841263,
        "R2": 0.9999812464468325,
        "mse": 0.0021264709105608417,
        "start": 2052.3625,
        "end": 3134.8475,
        "t_hot_stdev": 6.582477370226542,
        "n_hot_stdev": 9085429455021.156
    },
    "true_params": {
        "t_hot": 674.6052,
        "t_hot_stdev": 2.4797
    },
    "histogram": {
        "i": 1e+19,
        "l": 5.0,
        "a": 3.0,
        "filename": "hist_1e19_500_3"
    }
}