{
    "best_linear_fit": {
        "t_hot": 753.1323561425985,
        "n_hot": 626524834990.0109,
        "sse": 56.652172231205,
        "R2": 0.22039603219103265,
        "mse": 0.37768114820803333,
        "start": 1701.724,
        "end": 2117.732,
        "t_hot_stdev": 237.01073102224373,
        "n_hot_stdev": 500960720460.51685
    },
    "true_params": {
        "t_hot": 350.4175,
        "t_hot_stdev": 20.3582
    },
    "histogram": {
        "i": 1e+18,
        "l": 5.0,
        "a": 3.0,
        "filename": "hist_1e18_500_3"
    }
}