{
    "best_linear_fit": {
        "t_hot": 239.55298225012532,
        "n_hot": 26322602790396.0,
        "sse": 13.648273708776959,
        "R2": 0.9084614106391286,
        "mse": 0.0909884913918464,
        "start": 843.0464999999999,
        "end": 1161.4595,
        "t_hot_stdev": 15.376943946197747,
        "n_hot_stdev": 7099310174460.05
    },
    "true_params": {
        "t_hot": 202.2083,
        "t_hot_stdev": 3.4866
    },
    "histogram": {
        "i": 1e+18,
        "l": 5.0,
        "a": 10.0,
        "filename": "hist_1e18_500_10"
    }
}