{
    "best_linear_fit": {
        "t_hot": 377.5273301915966,
        "n_hot": 645232213828342.5,
        "sse": 0.7345969257333919,
        "R2": 0.9999023731010233,
        "mse": 0.004897312838222612,
        "start": 1201.2945,
        "end": 1798.9335,
        "t_hot_stdev": 4.720643595923471,
        "n_hot_stdev": 32272756487526.54
    },
    "true_params": {
        "t_hot": 364.9198,
        "t_hot_stdev": 1.1247
    },
    "histogram": {
        "i": 1e+19,
        "l": 1.0,
        "a": 30.0,
        "filename": "hist_1e19_100_30"
    }
}