{
    "best_linear_fit": {
        "t_hot": 411.08216176930176,
        "n_hot": 559219770823839.3,
        "sse": 5.612814700281966,
        "R2": 0.9903113412678858,
        "mse": 0.03741876466854644,
        "start": 1418.0915,
        "end": 2040.4645,
        "t_hot_stdev": 14.856471305515772,
        "n_hot_stdev": 85480732295645.16
    },
    "true_params": {
        "t_hot": 372.6228,
        "t_hot_stdev": 5.2658
    },
    "histogram": {
        "i": 1e+19,
        "l": 0.2,
        "a": 40.0,
        "filename": "hist_1e19_020_40"
    }
}