{
    "best_linear_fit": {
        "t_hot": 7.860126750209523,
        "n_hot": 3473986450079.3066,
        "sse": 88.14008369452979,
        "R2": -3.162175301333929,
        "mse": 0.5876005579635319,
        "start": 19.935000000000002,
        "end": 33.345,
        "t_hot_stdev": 0.9989318182206083,
        "n_hot_stdev": 1512296182061.2686
    },
    "true_params": {
        "t_hot": 6.7654,
        "t_hot_stdev": 0.3756
    },
    "histogram": {
        "i": 1e+17,
        "l": 0.5,
        "a": 2.0,
        "filename": "hist_1e17_050_2"
    }
}