{
    "best_linear_fit": {
        "t_hot": 19.36810098202767,
        "n_hot": 19686279815690.027,
        "sse": 60.183299858329185,
        "R2": -0.6952537558630749,
        "mse": 0.4012219990555279,
        "start": 53.907,
        "end": 98.905,
        "t_hot_stdev": 1.4936115550235016,
        "n_hot_stdev": 6076085613537.81
    },
    "true_params": {
        "t_hot": 17.8483,
        "t_hot_stdev": 1.0881
    },
    "histogram": {
        "i": 1e+18,
        "l": 0.05,
        "a": 0.0,
        "filename": "hist_1e18_005_0"
    }
}