{
    "best_linear_fit": {
        "t_hot": 332.0661240909707,
        "n_hot": 38805196525128.66,
        "sse": 2.981669528414624,
        "R2": 0.9958976699114808,
        "mse": 0.019877796856097495,
        "start": 514.1890000000001,
        "end": 832.751,
        "t_hot_stdev": 13.803961098299848,
        "n_hot_stdev": 3302383969685.5806
    },
    "true_params": {
        "t_hot": 314.8762,
        "t_hot_stdev": 12.5244
    },
    "histogram": {
        "i": 1e+18,
        "l": 0.5,
        "a": 30.0,
        "filename": "hist_1e18_050_30"
    }
}