{
    "best_linear_fit": {
        "t_hot": 3.964835593254921,
        "n_hot": 26086393618727.71,
        "sse": 70.66692450206615,
        "R2": -1.1859045793586835,
        "mse": 0.47111283001377435,
        "start": 18.7265,
        "end": 28.7095,
        "t_hot_stdev": 0.3057146054778394,
        "n_hot_stdev": 12122235450416.223
    },
    "true_params": {
        "t_hot": 3.8047,
        "t_hot_stdev": 0.1138
    },
    "histogram": {
        "i": 1e+17,
        "l": 0.5,
        "a": 50.0,
        "filename": "hist_1e17_050_50"
    }
}