{
    "best_linear_fit": {
        "t_hot": 382.00377992800696,
        "n_hot": 45785648263291.484,
        "sse": 13.708447342733304,
        "R2": 0.9384450482612673,
        "mse": 0.09138964895155537,
        "start": 927.1185,
        "end": 1499.1295,
        "t_hot_stdev": 21.81443004459721,
        "n_hot_stdev": 8380742720964.334
    },
    "true_params": {
        "t_hot": 339.6019,
        "t_hot_stdev": 10.4521
    },
    "histogram": {
        "i": 1e+19,
        "l": 0.2,
        "a": 3.0,
        "filename": "hist_1e19_020_3"
    }
}