{
    "best_linear_fit": {
        "t_hot": 128.13307730140198,
        "n_hot": 576626263815448.6,
        "sse": 0.5379836011702883,
        "R2": 0.9999349386955172,
        "mse": 0.0035865573411352557,
        "start": 220.507,
        "end": 447.881,
        "t_hot_stdev": 1.223164945320051,
        "n_hot_stdev": 14634661840333.531
    },
    "true_params": {
        "t_hot": 123.0988,
        "t_hot_stdev": 0.7497
    },
    "histogram": {
        "i": 1e+19,
        "l": 0.2,
        "a": 60.0,
        "filename": "hist_1e19_020_60"
    }
}