{
    "best_linear_fit": {
        "t_hot": 244.6682471232581,
        "n_hot": 74318311034857.42,
        "sse": 111.42251500699201,
        "R2": -2.3543328742415843,
        "mse": 0.7428167667132801,
        "start": 953.995,
        "end": 1372.685,
        "t_hot_stdev": 34.85522637487314,
        "n_hot_stdev": 50614817379759.72
    },
    "true_params": {
        "t_hot": 177.2035,
        "t_hot_stdev": 5.973
    },
    "histogram": {
        "i": 1e+19,
        "l": 0.1,
        "a": 3.0,
        "filename": "hist_1e19_010_3"
    }
}