{
    "best_linear_fit": {
        "t_hot": 122.29628173683234,
        "n_hot": 13824731891295.662,
        "sse": 12.341993395972292,
        "R2": 0.9413893214522787,
        "mse": 0.08227995597314862,
        "start": 317.25350000000003,
        "end": 455.67449999999997,
        "t_hot_stdev": 8.766696565371584,
        "n_hot_stdev": 3148583290765.402
    },
    "true_params": {
        "t_hot": 108.0168,
        "t_hot_stdev": 5.1884
    },
    "histogram": {
        "i": 1e+18,
        "l": 1.0,
        "a": 10.0,
        "filename": "hist_1e18_100_10"
    }
}