{
    "best_linear_fit": {
        "t_hot": 422.21391087561875,
        "n_hot": 506678846635000.3,
        "sse": 0.2162821587569954,
        "R2": 0.9999917113670712,
        "mse": 0.0014418810583799694,
        "start": 1021.797,
        "end": 1712.263,
        "t_hot_stdev": 2.773013108463746,
        "n_hot_stdev": 10889961039862.156
    },
    "true_params": {
        "t_hot": 414.9086,
        "t_hot_stdev": 2.1804
    },
    "histogram": {
        "i": 1e+19,
        "l": 2.0,
        "a": 30.0,
        "filename": "hist_1e19_200_30"
    }
}