{
    "best_linear_fit": {
        "t_hot": 131.029496774187,
        "n_hot": 335369674003171.25,
        "sse": 14.828613765117192,
        "R2": 0.8563390531894763,
        "mse": 0.09885742510078127,
        "start": 453.49,
        "end": 754.47,
        "t_hot_stdev": 5.07305512400167,
        "n_hot_stdev": 60476227899721.586
    },
    "true_params": {
        "t_hot": 126.5243,
        "t_hot_stdev": 3.8423
    },
    "histogram": {
        "i": 1e+19,
        "l": 0.01,
        "a": 40.0,
        "filename": "hist_1e19_001_40"
    }
}