{
    "best_linear_fit": {
        "t_hot": 47.45069857658196,
        "n_hot": 1006358199939.5314,
        "sse": 49.879802564611666,
        "R2": -1.7155170721794715,
        "mse": 0.3325320170974111,
        "start": 42.532,
        "end": 79.48400000000001,
        "t_hot_stdev": 9.93867367174572,
        "n_hot_stdev": 275174485856.88605
    },
    "true_params": {
        "t_hot": 36.3744,
        "t_hot_stdev": 3.3814
    },
    "histogram": {
        "i": 1e+17,
        "l": 1.0,
        "a": 5.0,
        "filename": "hist_1e17_100_5"
    }
}