{
    "best_linear_fit": {
        "t_hot": 488.2880349425984,
        "n_hot": 83057622965065.27,
        "sse": 9.167180684012743,
        "R2": 0.9567908250553797,
        "mse": 0.06111453789341829,
        "start": 1107.4904999999999,
        "end": 1814.1975,
        "t_hot_stdev": 23.59116911011704,
        "n_hot_stdev": 12123570192134.346
    },
    "true_params": {
        "t_hot": 425.5456,
        "t_hot_stdev": 18.3164
    },
    "histogram": {
        "i": 1e+19,
        "l": 0.2,
        "a": 15.0,
        "filename": "hist_1e19_020_15"
    }
}