{
    "best_linear_fit": {
        "t_hot": 57.88429930824909,
        "n_hot": 11898052355286.725,
        "sse": 48.11123741698401,
        "R2": 0.2827323581276826,
        "mse": 0.3207415827798934,
        "start": 136.465,
        "end": 209.475,
        "t_hot_stdev": 7.351589900475478,
        "n_hot_stdev": 4549349681968.921
    },
    "true_params": {
        "t_hot": 50.1038,
        "t_hot_stdev": 1.6677
    },
    "histogram": {
        "i": 1e+18,
        "l": 0.2,
        "a": 2.0,
        "filename": "hist_1e18_020_2"
    }
}