{
    "best_linear_fit": {
        "t_hot": 3.1640417647233328,
        "n_hot": 18141863563506.883,
        "sse": 95.95821021000076,
        "R2": -2.3033999822396294,
        "mse": 0.639721401400005,
        "start": 14.813500000000001,
        "end": 21.2205,
        "t_hot_stdev": 0.35350011287113825,
        "n_hot_stdev": 11603159472944.953
    },
    "true_params": {
        "t_hot": 2.7802,
        "t_hot_stdev": 0.0384
    },
    "histogram": {
        "i": 1e+17,
        "l": 0.2,
        "a": 1.0,
        "filename": "hist_1e17_020_1"
    }
}