{
    "best_linear_fit": {
        "t_hot": 10.455548263532947,
        "n_hot": 23069488981590.906,
        "sse": 9.261607882512925,
        "R2": 0.9190129233570467,
        "mse": 0.061744052550086165,
        "start": 20.081,
        "end": 32.894999999999996,
        "t_hot_stdev": 0.5996127981293675,
        "n_hot_stdev": 3384654219069.2427
    },
    "true_params": {
        "t_hot": 9.4946,
        "t_hot_stdev": 0.2415
    },
    "histogram": {
        "i": 1e+17,
        "l": 0.01,
        "a": 30.0,
        "filename": "hist_1e17_001_30"
    }
}