{
    "best_linear_fit": {
        "t_hot": 631.6908086965095,
        "n_hot": 191599679535537.22,
        "sse": 3.079170730780446,
        "R2": 0.998589563759363,
        "mse": 0.02052780487186964,
        "start": 2497.608,
        "end": 3386.84,
        "t_hot_stdev": 18.185687085267688,
        "n_hot_stdev": 25790501618717.03
    },
    "true_params": {
        "t_hot": 613.9205,
        "t_hot_stdev": 14.1028
    },
    "histogram": {
        "i": 1e+19,
        "l": 1.0,
        "a": 4.0,
        "filename": "hist_1e19_100_4"
    }
}