{
    "best_linear_fit": {
        "t_hot": 235.81572259506734,
        "n_hot": 141939034223832.22,
        "sse": 47.467628534719054,
        "R2": 0.11670715769220852,
        "mse": 0.316450856898127,
        "start": 917.3444999999999,
        "end": 1239.3335,
        "t_hot_stdev": 27.480336327000888,
        "n_hot_stdev": 75921123724103.44
    },
    "true_params": {
        "t_hot": 200.8055,
        "t_hot_stdev": 8.7157
    },
    "histogram": {
        "i": 1e+19,
        "l": 0.05,
        "a": 0.0,
        "filename": "hist_1e19_005_0"
    }
}