{
    "best_linear_fit": {
        "t_hot": 3.100382612135226,
        "n_hot": 8085584550979.447,
        "sse": 92.78418943175048,
        "R2": -4.862322227778864,
        "mse": 0.6185612628783365,
        "start": 8.3475,
        "end": 17.734499999999997,
        "t_hot_stdev": 0.2278030595612285,
        "n_hot_stdev": 2553000234359.0225
    },
    "true_params": {
        "t_hot": 2.7262,
        "t_hot_stdev": 0.1437
    },
    "histogram": {
        "i": 1e+17,
        "l": 0.5,
        "a": 60.0,
        "filename": "hist_1e17_050_60"
    }
}