{
    "best_linear_fit": {
        "t_hot": 151.31231377649803,
        "n_hot": 515399000686.6397,
        "sse": 142.55819791783742,
        "R2": -14.475249628949772,
        "mse": 0.9503879861189162,
        "start": 216.46800000000002,
        "end": 291.56399999999996,
        "t_hot_stdev": 84.07108154119679,
        "n_hot_stdev": 482502572909.4681
    },
    "true_params": {
        "t_hot": 96.2317,
        "t_hot_stdev": 7.1096
    },
    "histogram": {
        "i": 1e+17,
        "l": 2.0,
        "a": 20.0,
        "filename": "hist_1e17_200_20"
    }
}