{
    "best_linear_fit": {
        "t_hot": 102.41151113500916,
        "n_hot": 2989844860396.2188,
        "sse": 8.160346414567348,
        "R2": 0.8947649241547725,
        "mse": 0.054402309430448985,
        "start": 63.2595,
        "end": 144.16649999999998,
        "t_hot_stdev": 8.552331864746197,
        "n_hot_stdev": 259269638827.38974
    },
    "true_params": {
        "t_hot": 82.2759,
        "t_hot_stdev": 3.7037
    },
    "histogram": {
        "i": 1e+17,
        "l": 1.0,
        "a": 30.0,
        "filename": "hist_1e17_100_30"
    }
}