{
    "best_linear_fit": {
        "t_hot": 126.3428593760603,
        "n_hot": 104788406559350.69,
        "sse": 29.977412852274234,
        "R2": 0.4646921273076835,
        "mse": 0.19984941901516157,
        "start": 387.98400000000004,
        "end": 669.296,
        "t_hot_stdev": 7.175117470086045,
        "n_hot_stdev": 25196067932758.242
    },
    "true_params": {
        "t_hot": 84.4236,
        "t_hot_stdev": 2.371
    },
    "histogram": {
        "i": 1e+19,
        "l": 0.01,
        "a": 60.0,
        "filename": "hist_1e19_001_60"
    }
}