{
    "best_linear_fit": {
        "t_hot": 350.775913954937,
        "n_hot": 12295376150269.186,
        "sse": 40.51273366993904,
        "R2": 0.44588427191335855,
        "mse": 0.27008489113292694,
        "start": 1478.694,
        "end": 1933.442,
        "t_hot_stdev": 39.774369400265385,
        "n_hot_stdev": 6801127889041.471
    },
    "true_params": {
        "t_hot": 313.1803,
        "t_hot_stdev": 6.594
    },
    "histogram": {
        "i": 1e+18,
        "l": 5.0,
        "a": 4.0,
        "filename": "hist_1e18_500_4"
    }
}