{
    "best_linear_fit": {
        "t_hot": 30.15168092855535,
        "n_hot": 814885566105.6924,
        "sse": 79.75272033680766,
        "R2": -4.987490715731829,
        "mse": 0.5316848022453844,
        "start": 44.5155,
        "end": 70.8885,
        "t_hot_stdev": 7.109762144201098,
        "n_hot_stdev": 370951394849.8829
    },
    "true_params": {
        "t_hot": 26.1566,
        "t_hot_stdev": 1.6239
    },
    "histogram": {
        "i": 1e+17,
        "l": 5.0,
        "a": 3.0,
        "filename": "hist_1e17_500_3"
    }
}