{
    "best_linear_fit": {
        "t_hot": 668.5035908555668,
        "n_hot": 267712721412350.84,
        "sse": 0.2823871291838839,
        "R2": 0.9999882482715884,
        "mse": 0.001882580861225893,
        "start": 1366.5300000000002,
        "end": 2172.9179999999997,
        "t_hot_stdev": 6.801499617682691,
        "n_hot_stdev": 7273547017464.001
    },
    "true_params": {
        "t_hot": 636.7122,
        "t_hot_stdev": 4.3957
    },
    "histogram": {
        "i": 1e+19,
        "l": 2.0,
        "a": 10.0,
        "filename": "hist_1e19_200_10"
    }
}