{
    "best_linear_fit": {
        "t_hot": 0.9195979290564182,
        "n_hot": 95238176960594.61,
        "sse": 8.950173005110017,
        "R2": 0.9690857068217175,
        "mse": 0.05966782003406678,
        "start": 4.023,
        "end": 6.705,
        "t_hot_stdev": 0.021785709440542818,
        "n_hot_stdev": 13298800717119.451
    },
    "true_params": {
        "t_hot": 0.9169,
        "t_hot_stdev": 0.021
    },
    "histogram": {
        "i": 1e+17,
        "l": 2.0,
        "a": 60.0,
        "filename": "hist_1e17_200_60"
    }
}