{
    "best_linear_fit": {
        "t_hot": 3.701083959270225,
        "n_hot": 11902612392704.883,
        "sse": 48.33399484530748,
        "R2": -3.050485896542087,
        "mse": 0.32222663230204984,
        "start": 8.0975,
        "end": 14.2065,
        "t_hot_stdev": 0.36002519255478566,
        "n_hot_stdev": 3532681490775.274
    },
    "true_params": {
        "t_hot": 3.7995,
        "t_hot_stdev": 0.3091
    },
    "histogram": {
        "i": 1e+17,
        "l": 0.01,
        "a": 10.0,
        "filename": "hist_1e17_001_10"
    }
}