{
    "best_linear_fit": {
        "t_hot": 64.84369433333903,
        "n_hot": 22504474181535.047,
        "sse": 6.717049300235288,
        "R2": 0.9825022183752843,
        "mse": 0.04478032866823525,
        "start": 108.9945,
        "end": 180.0675,
        "t_hot_stdev": 3.541105913846178,
        "n_hot_stdev": 2767089366880.2114
    },
    "true_params": {
        "t_hot": 57.6938,
        "t_hot_stdev": 1.1217
    },
    "histogram": {
        "i": 1e+18,
        "l": 0.5,
        "a": 50.0,
        "filename": "hist_1e18_050_50"
    }
}