{
    "best_linear_fit": {
        "t_hot": 168.09620207156883,
        "n_hot": 20117176919627.043,
        "sse": 7.46467121709011,
        "R2": 0.9797458751099254,
        "mse": 0.04976447478060073,
        "start": 375.1975,
        "end": 541.3325,
        "t_hot_stdev": 10.731954059327839,
        "n_hot_stdev": 3520818576373.608
    },
    "true_params": {
        "t_hot": 128.0458,
        "t_hot_stdev": 4.99
    },
    "histogram": {
        "i": 1e+18,
        "l": 1.0,
        "a": 30.0,
        "filename": "hist_1e18_100_30"
    }
}