{
    "best_linear_fit": {
        "t_hot": 177.32302154261222,
        "n_hot": 609322609209622.9,
        "sse": 27.45303402164897,
        "R2": 0.6457219510855712,
        "mse": 0.18302022681099314,
        "start": 834.47,
        "end": 1224.85,
        "t_hot_stdev": 9.746678855913089,
        "n_hot_stdev": 195653539534195.94
    },
    "true_params": {
        "t_hot": 158.7006,
        "t_hot_stdev": 3.7218
    },
    "histogram": {
        "i": 1e+19,
        "l": 0.05,
        "a": 4.0,
        "filename": "hist_1e19_005_4"
    }
}