{
    "best_linear_fit": {
        "t_hot": 237.40211340557582,
        "n_hot": 131684172329431.98,
        "sse": 68.46742693683002,
        "R2": -0.5180948634897651,
        "mse": 0.45644951291220015,
        "start": 928.067,
        "end": 1339.009,
        "t_hot_stdev": 26.208938470543213,
        "n_hot_stdev": 69798622481714.72
    },
    "true_params": {
        "t_hot": 212.0327,
        "t_hot_stdev": 11.035
    },
    "histogram": {
        "i": 1e+19,
        "l": 0.05,
        "a": 40.0,
        "filename": "hist_1e19_005_40"
    }
}