{
    "best_linear_fit": {
        "t_hot": 11.025243539480178,
        "n_hot": 64543388549532.02,
        "sse": 3.7219268913126116,
        "R2": 0.9940741196343357,
        "mse": 0.024812845942084077,
        "start": 20.7095,
        "end": 35.162499999999994,
        "t_hot_stdev": 0.37473227159439015,
        "n_hot_stdev": 5621012743716.21
    },
    "true_params": {
        "t_hot": 10.2144,
        "t_hot_stdev": 0.1255
    },
    "histogram": {
        "i": 1e+17,
        "l": 0.02,
        "a": 40.0,
        "filename": "hist_1e17_002_40"
    }
}