{
    "best_linear_fit": {
        "t_hot": 2.726427751777852,
        "n_hot": 56134299762927.91,
        "sse": 0.9333743592199375,
        "R2": 0.9995350169126105,
        "mse": 0.006222495728132917,
        "start": 4.112500000000001,
        "end": 11.1155,
        "t_hot_stdev": 0.023683756674574483,
        "n_hot_stdev": 1409574592033.276
    },
    "true_params": {
        "t_hot": 2.64,
        "t_hot_stdev": 0.0196
    },
    "histogram": {
        "i": 1e+17,
        "l": 0.1,
        "a": 2.0,
        "filename": "hist_1e17_010_2"
    }
}