{
    "best_linear_fit": {
        "t_hot": 498.7069659545325,
        "n_hot": 377147366187194.4,
        "sse": 1.0003288580591059,
        "R2": 0.9998315440057878,
        "mse": 0.0066688590537273724,
        "start": 1402.7815,
        "end": 2167.0025,
        "t_hot_stdev": 7.517303710537696,
        "n_hot_stdev": 20503610234095.484
    },
    "true_params": {
        "t_hot": 469.3716,
        "t_hot_stdev": 4.5486
    },
    "histogram": {
        "i": 1e+19,
        "l": 1.0,
        "a": 20.0,
        "filename": "hist_1e19_100_20"
    }
}