{
    "best_linear_fit": {
        "t_hot": 424.33364912602417,
        "n_hot": 2184287295738.682,
        "sse": 6.488645680668125,
        "R2": 0.9881122656779028,
        "mse": 0.04325763787112084,
        "start": 462.605,
        "end": 655.4110000000001,
        "t_hot_stdev": 54.94019869483285,
        "n_hot_stdev": 374432680467.24146
    },
    "true_params": {
        "t_hot": 286.5417,
        "t_hot_stdev": 22.3398
    },
    "histogram": {
        "i": 1e+18,
        "l": 1.0,
        "a": 0.0,
        "filename": "hist_1e18_100_0"
    }
}