{
    "best_linear_fit": {
        "t_hot": 376.95560772463915,
        "n_hot": 108752069158317.06,
        "sse": 6.931547464766938,
        "R2": 0.9907004243930425,
        "mse": 0.046210316431779586,
        "start": 1698.1799999999998,
        "end": 2252.46,
        "t_hot_stdev": 15.587810075347992,
        "n_hot_stdev": 23643884687653.914
    },
    "true_params": {
        "t_hot": 306.2733,
        "t_hot_stdev": 2.514
    },
    "histogram": {
        "i": 1e+19,
        "l": 1.0,
        "a": 50.0,
        "filename": "hist_1e19_100_50"
    }
}