{
    "best_linear_fit": {
        "t_hot": 246.99803972389756,
        "n_hot": 140558455499021.08,
        "sse": 35.819465079045024,
        "R2": 0.5486039554567327,
        "mse": 0.23879643386030017,
        "start": 890.6624999999999,
        "end": 1344.3675,
        "t_hot_stdev": 18.58625075038843,
        "n_hot_stdev": 48185573711372.54
    },
    "true_params": {
        "t_hot": 225.445,
        "t_hot_stdev": 7.0521
    },
    "histogram": {
        "i": 1e+19,
        "l": 0.1,
        "a": 5.0,
        "filename": "hist_1e19_010_5"
    }
}