{
    "best_linear_fit": {
        "t_hot": 13.92055698892469,
        "n_hot": 2132281246069.9243,
        "sse": 74.2047385649395,
        "R2": -2.9895510048565814,
        "mse": 0.4946982570995967,
        "start": 30.162,
        "end": 49.83,
        "t_hot_stdev": 1.9601424838321817,
        "n_hot_stdev": 871415648151.7764
    },
    "true_params": {
        "t_hot": 9.0555,
        "t_hot_stdev": 0.2383
    },
    "histogram": {
        "i": 1e+17,
        "l": 2.0,
        "a": 1.0,
        "filename": "hist_1e17_200_1"
    }
}