{
    "best_linear_fit": {
        "t_hot": 441.5964287556194,
        "n_hot": 8258765652273.64,
        "sse": 3.365803835698906,
        "R2": 0.9952265536772222,
        "mse": 0.02243869223799271,
        "start": 862.5915,
        "end": 1288.8805,
        "t_hot_stdev": 19.38251709738837,
        "n_hot_stdev": 888875173084.6934
    },
    "true_params": {
        "t_hot": 368.361,
        "t_hot_stdev": 11.9112
    },
    "histogram": {
        "i": 1e+18,
        "l": 5.0,
        "a": 0.0,
        "filename": "hist_1e18_500_0"
    }
}