{
    "best_linear_fit": {
        "t_hot": 834.250307761836,
        "n_hot": 86981307248872.25,
        "sse": 3.1796824093089784,
        "R2": 0.9972318653829401,
        "mse": 0.02119788272872652,
        "start": 2061.1589999999997,
        "end": 3086.577,
        "t_hot_stdev": 27.95133033834764,
        "n_hot_stdev": 9051348122047.768
    },
    "histogram": {
        "i": 1e+19,
        "l": 0.6,
        "a": 10.0,
        "filename": "hist_1e19_060_10"
    }
}