{
    "best_linear_fit": {
        "t_hot": 181.117051978527,
        "n_hot": 33373851373242.383,
        "sse": 4.389477059638035,
        "R2": 0.9888371273334101,
        "mse": 0.0292631803975869,
        "start": 336.91949999999997,
        "end": 526.0005,
        "t_hot_stdev": 8.394522140281525,
        "n_hot_stdev": 3714649315534.5527
    },
    "true_params": {
        "t_hot": 168.4757,
        "t_hot_stdev": 5.0488
    },
    "histogram": {
        "i": 1e+18,
        "l": 0.5,
        "a": 40.0,
        "filename": "hist_1e18_050_40"
    }
}