{
    "best_linear_fit": {
        "t_hot": 997.4668363175191,
        "n_hot": 34266936095937.562,
        "sse": 14.300367416763276,
        "R2": 0.9477061434612974,
        "mse": 0.09533578277842183,
        "start": 3224.0829999999996,
        "end": 4099.905000000001,
        "t_hot_stdev": 99.21411769299027,
        "n_hot_stdev": 12543417703757.795
    },
    "true_params": {
        "t_hot": 784.0724,
        "t_hot_stdev": 11.3106
    },
    "histogram": {
        "i": 1e+19,
        "l": 0.5,
        "a": 2.0,
        "filename": "hist_1e19_050_2"
    }
}