{
    "best_linear_fit": {
        "t_hot": 372.57935299121425,
        "n_hot": 2929871382215.4277,
        "sse": 14.70663754640547,
        "R2": 0.8830166335466829,
        "mse": 0.09804425030936981,
        "start": 464.8275,
        "end": 627.9825,
        "t_hot_stdev": 75.3551036778813,
        "n_hot_stdev": 872302795851.4495
    },
    "true_params": {
        "t_hot": 242.1108,
        "t_hot_stdev": 10.4131
    },
    "histogram": {
        "i": 1e+18,
        "l": 2.0,
        "a": 20.0,
        "filename": "hist_1e18_200_20"
    }
}