{
    "best_linear_fit": {
        "t_hot": 11.713434427537358,
        "n_hot": 362875745069.1492,
        "sse": 150.82480836679008,
        "R2": -5.660626407624538,
        "mse": 1.0054987224452672,
        "start": 17.8875,
        "end": 24.5925,
        "t_hot_stdev": 5.803966627965532,
        "n_hot_stdev": 327407549816.23267
    },
    "true_params": {
        "t_hot": 2.8198,
        "t_hot_stdev": 0.0397
    },
    "histogram": {
        "i": 1e+17,
        "l": 0.2,
        "a": 3.0,
        "filename": "hist_1e17_020_3"
    }
}