{
    "best_linear_fit": {
        "t_hot": 73.44934121222946,
        "n_hot": 2772870576199.7173,
        "sse": 21.36825278638679,
        "R2": 0.37195788371834837,
        "mse": 0.14245501857591195,
        "start": 71.98750000000001,
        "end": 120.4125,
        "t_hot_stdev": 11.893494689956432,
        "n_hot_stdev": 594341576606.5317
    },
    "true_params": {
        "t_hot": 64.2528,
        "t_hot_stdev": 5.3294
    },
    "histogram": {
        "i": 1e+17,
        "l": 0.5,
        "a": 40.0,
        "filename": "hist_1e17_050_40"
    }
}