{
    "best_linear_fit": {
        "t_hot": 249.3407425525336,
        "n_hot": 443972895561997.44,
        "sse": 17.47455411617985,
        "R2": 0.8142629248974048,
        "mse": 0.116497027441199,
        "start": 944.46,
        "end": 1427.2199999999998,
        "t_hot_stdev": 12.433032424211444,
        "n_hot_stdev": 106020867290420.42
    },
    "true_params": {
        "t_hot": 225.2596,
        "t_hot_stdev": 3.5231
    },
    "histogram": {
        "i": 1e+19,
        "l": 0.01,
        "a": 10.0,
        "filename": "hist_1e19_001_10"
    }
}