{
    "best_linear_fit": {
        "t_hot": 0.651828169324191,
        "n_hot": 223730509736932.4,
        "sse": 13.348535088894417,
        "R2": 0.6972233520347799,
        "mse": 0.08899023392596278,
        "start": 1.617,
        "end": 4.895,
        "t_hot_stdev": 0.010936866242658452,
        "n_hot_stdev": 19537571313229.258
    },
    "true_params": {
        "t_hot": 0.6363,
        "t_hot_stdev": 0.0149
    },
    "histogram": {
        "i": 1e+17,
        "l": 5.0,
        "a": 60.0,
        "filename": "hist_1e17_500_60"
    }
}