{
    "best_linear_fit": {
        "t_hot": 2.415713134327216,
        "n_hot": 27572866356287.72,
        "sse": 1.0137550986365211,
        "R2": 0.9995791411621183,
        "mse": 0.0067583673242434745,
        "start": 4.208,
        "end": 8.976,
        "t_hot_stdev": 0.02846032115887746,
        "n_hot_stdev": 905808385309.0292
    },
    "true_params": {
        "t_hot": 2.3174,
        "t_hot_stdev": 0.0177
    },
    "histogram": {
        "i": 1e+17,
        "l": 0.05,
        "a": 1.0,
        "filename": "hist_1e17_005_1"
    }
}