{
    "best_linear_fit": {
        "t_hot": 568.5604334509466,
        "n_hot": 37883121248535.05,
        "sse": 25.05558941754238,
        "R2": 0.9071803344138207,
        "mse": 0.16703726278361586,
        "start": 3240.546,
        "end": 4008.79,
        "t_hot_stdev": 48.64354283114481,
        "n_hot_stdev": 20701802804516.816
    },
    "true_params": {
        "t_hot": 483.801,
        "t_hot_stdev": 9.371
    },
    "histogram": {
        "i": 1e+19,
        "l": 5.0,
        "a": 30.0,
        "filename": "hist_1e19_500_30"
    }
}