{
    "best_linear_fit": {
        "t_hot": 527.7821582280136,
        "n_hot": 1307750128759.209,
        "sse": 13.039173874856372,
        "R2": 0.9513651128077536,
        "mse": 0.08692782583237581,
        "start": 510.3175,
        "end": 689.8625,
        "t_hot_stdev": 129.3838079177796,
        "n_hot_stdev": 365887139583.00385
    },
    "true_params": {
        "t_hot": 347.0981,
        "t_hot_stdev": 44.3999
    },
    "histogram": {
        "i": 1e+18,
        "l": 1.0,
        "a": 2.0,
        "filename": "hist_1e18_100_2"
    }
}