{
    "best_linear_fit": {
        "t_hot": 8.360964812223003,
        "n_hot": 4258366891346.788,
        "sse": 63.882689703239166,
        "R2": -1.2404704046867625,
        "mse": 0.42588459802159445,
        "start": 20.625,
        "end": 37.015,
        "t_hot_stdev": 0.7873072138836658,
        "n_hot_stdev": 1400941553379.2842
    },
    "true_params": {
        "t_hot": 7.403,
        "t_hot_stdev": 0.4465
    },
    "histogram": {
        "i": 1e+17,
        "l": 1.0,
        "a": 1.0,
        "filename": "hist_1e17_100_1"
    }
}