{
    "best_linear_fit": {
        "t_hot": 37.47665290604878,
        "n_hot": 196502799608913.97,
        "sse": 2.136884577456232,
        "R2": 0.9991877557272146,
        "mse": 0.014245897183041546,
        "start": 82.98400000000001,
        "end": 137.816,
        "t_hot_stdev": 0.8647624724559052,
        "n_hot_stdev": 13495540460394.531
    },
    "true_params": {
        "t_hot": 35.4018,
        "t_hot_stdev": 0.3237
    },
    "histogram": {
        "i": 1e+18,
        "l": 0.1,
        "a": 60.0,
        "filename": "hist_1e18_010_60"
    }
}