{
    "best_linear_fit": {
        "t_hot": 651.5188829839908,
        "n_hot": 157049351887520.7,
        "sse": 6.003266834812629,
        "R2": 0.9890821891694371,
        "mse": 0.04002177889875086,
        "start": 2239.2650000000003,
        "end": 3213.4269999999997,
        "t_hot_stdev": 24.656728336024518,
        "n_hot_stdev": 25005028909640.016
    },
    "true_params": {
        "t_hot": 626.312,
        "t_hot_stdev": 8.6018
    },
    "histogram": {
        "i": 1e+19,
        "l": 0.5,
        "a": 10.0,
        "filename": "hist_1e19_050_10"
    }
}