{
    "best_linear_fit": {
        "t_hot": 720.1105636004853,
        "n_hot": 153006984349577.9,
        "sse": 2.6707367987602786,
        "R2": 0.9980669098293289,
        "mse": 0.01780491199173519,
        "start": 1969.702,
        "end": 2799.93,
        "t_hot_stdev": 23.574111266801317,
        "n_hot_stdev": 16673022509925.533
    },
    "true_params": {
        "t_hot": 625.9867,
        "t_hot_stdev": 9.5873
    },
    "histogram": {
        "i": 1e+19,
        "l": 0.6,
        "a": 25.0,
        "filename": "hist_1e19_060_25"
    }
}