{
    "best_linear_fit": {
        "t_hot": 37.592039603363915,
        "n_hot": 174425060040432.1,
        "sse": 1.2209628076055798,
        "R2": 0.9991569930155711,
        "mse": 0.008139752050703865,
        "start": 54.6285,
        "end": 123.3175,
        "t_hot_stdev": 0.5250184906163113,
        "n_hot_stdev": 5908997267148.406
    },
    "true_params": {
        "t_hot": 36.6248,
        "t_hot_stdev": 0.345
    },
    "histogram": {
        "i": 1e+18,
        "l": 0.05,
        "a": 20.0,
        "filename": "hist_1e18_005_20"
    }
}