{
    "best_linear_fit": {
        "t_hot": 130.05825156277248,
        "n_hot": 474773342303541.56,
        "sse": 40.25883692741374,
        "R2": 0.4862690672360852,
        "mse": 0.26839224618275825,
        "start": 598.7985000000001,
        "end": 874.5975000000001,
        "t_hot_stdev": 8.98736839161332,
        "n_hot_stdev": 186933727169507.62
    },
    "true_params": {
        "t_hot": 122.0482,
        "t_hot_stdev": 3.4044
    },
    "histogram": {
        "i": 1e+19,
        "l": 0.02,
        "a": 50.0,
        "filename": "hist_1e19_002_50"
    }
}