{
    "best_linear_fit": {
        "t_hot": 37.188974894715464,
        "n_hot": 398916296155.5578,
        "sse": 314.42575073909507,
        "R2": -55.58544616404811,
        "mse": 2.096171671593967,
        "start": 55.7,
        "end": 85.5,
        "t_hot_stdev": 19.005968281479817,
        "n_hot_stdev": 389933916632.392
    },
    "true_params": {
        "t_hot": 18.4685,
        "t_hot_stdev": 1.3282
    },
    "histogram": {
        "i": 1e+17,
        "l": 1.0,
        "a": 4.0,
        "filename": "hist_1e17_100_4"
    }
}