{
    "best_linear_fit": {
        "t_hot": 180.30336891760953,
        "n_hot": 210950698785028.66,
        "sse": 0.5419819434647497,
        "R2": 0.9998369752525875,
        "mse": 0.0036132129564316645,
        "start": 212.5375,
        "end": 471.0525,
        "t_hot_stdev": 2.1381252421848957,
        "n_hot_stdev": 4855313571837.778
    },
    "true_params": {
        "t_hot": 174.3355,
        "t_hot_stdev": 1.8059
    },
    "histogram": {
        "i": 1e+18,
        "l": 0.2,
        "a": 40.0,
        "filename": "hist_1e18_020_40"
    }
}