{
    "best_linear_fit": {
        "t_hot": 734.4666335230525,
        "n_hot": 28478967702317.11,
        "sse": 8.22222365334017,
        "R2": 0.989697091033526,
        "mse": 0.05481482435560113,
        "start": 3043.0905000000002,
        "end": 3931.2795,
        "t_hot_stdev": 40.220937627059286,
        "n_hot_stdev": 7424952807886.834
    },
    "true_params": {
        "t_hot": 620.4336,
        "t_hot_stdev": 9.9101
    },
    "histogram": {
        "i": 1e+19,
        "l": 5.0,
        "a": 20.0,
        "filename": "hist_1e19_500_20"
    }
}