{
    "best_linear_fit": {
        "t_hot": 23.361300596126927,
        "n_hot": 955419339557.0165,
        "sse": 200.2961385479358,
        "R2": -18.399916564948853,
        "mse": 1.3353075903195721,
        "start": 35.466499999999996,
        "end": 48.7275,
        "t_hot_stdev": 13.451565941305633,
        "n_hot_stdev": 995488303990.6887
    },
    "true_params": {
        "t_hot": 9.9542,
        "t_hot_stdev": 0.6897
    },
    "histogram": {
        "i": 1e+17,
        "l": 0.05,
        "a": 10.0,
        "filename": "hist_1e17_005_10"
    }
}