{
    "best_linear_fit": {
        "t_hot": 4.557801532182835,
        "n_hot": 21506115577080.805,
        "sse": 47.849357476276474,
        "R2": -1.2219773268924667,
        "mse": 0.31899571650850983,
        "start": 12.151,
        "end": 20.793,
        "t_hot_stdev": 0.38401961662224504,
        "n_hot_stdev": 6624313735963.57
    },
    "true_params": {
        "t_hot": 3.1843,
        "t_hot_stdev": 0.0507
    },
    "histogram": {
        "i": 1e+17,
        "l": 0.01,
        "a": 60.0,
        "filename": "hist_1e17_001_60"
    }
}