{
    "best_linear_fit": {
        "t_hot": 0.7370581769629315,
        "n_hot": 213654896064645.28,
        "sse": 11.849858326292571,
        "R2": 0.7870376775882065,
        "mse": 0.07899905550861713,
        "start": 2.1505,
        "end": 5.577500000000001,
        "t_hot_stdev": 0.012602735112643244,
        "n_hot_stdev": 19777773034621.516
    },
    "true_params": {
        "t_hot": 0.7731,
        "t_hot_stdev": 0.0202
    },
    "histogram": {
        "i": 1e+17,
        "l": 5.0,
        "a": 50.0,
        "filename": "hist_1e17_500_50"
    }
}