{
    "best_linear_fit": {
        "t_hot": 7.346497933642277,
        "n_hot": 31971284480874.992,
        "sse": 15.01336497746257,
        "R2": 0.5168539908573884,
        "mse": 0.10008909984975047,
        "start": 12.2485,
        "end": 31.7675,
        "t_hot_stdev": 0.24743491108835394,
        "n_hot_stdev": 3331248772543.154
    },
    "true_params": {
        "t_hot": 7.6036,
        "t_hot_stdev": 0.2888
    },
    "histogram": {
        "i": 1e+18,
        "l": 0.01,
        "a": 2.0,
        "filename": "hist_1e18_001_2"
    }
}