{
    "best_linear_fit": {
        "t_hot": 224.15294977234484,
        "n_hot": 290261558020524.9,
        "sse": 36.973329053173366,
        "R2": 0.44621327827074886,
        "mse": 0.2464888603544891,
        "start": 949.494,
        "end": 1412.586,
        "t_hot_stdev": 15.236482337920913,
        "n_hot_stdev": 104628803199225.78
    },
    "true_params": {
        "t_hot": 196.8326,
        "t_hot_stdev": 8.6433
    },
    "histogram": {
        "i": 1e+19,
        "l": 0.05,
        "a": 5.0,
        "filename": "hist_1e19_005_5"
    }
}