{
    "best_linear_fit": {
        "t_hot": 672.7134550243132,
        "n_hot": 253540728334772.28,
        "sse": 0.5789207065992654,
        "R2": 0.9999476362204429,
        "mse": 0.003859471377328436,
        "start": 2075.2215,
        "end": 2925.8625,
        "t_hot_stdev": 9.348506944570389,
        "n_hot_stdev": 13160603928111.775
    },
    "true_params": {
        "t_hot": 657.6568,
        "t_hot_stdev": 3.5187
    },
    "histogram": {
        "i": 1e+19,
        "l": 2.0,
        "a": 5.0,
        "filename": "hist_1e19_200_5"
    }
}