{
    "best_linear_fit": {
        "t_hot": 25.00844927950315,
        "n_hot": 13715169749057.275,
        "sse": 174.50570496832356,
        "R2": -9.901271302641403,
        "mse": 1.1633713664554903,
        "start": 110.894,
        "end": 163.938,
        "t_hot_stdev": 3.5971692358754557,
        "n_hot_stdev": 10907903680773.549
    },
    "true_params": {
        "t_hot": 19.498,
        "t_hot_stdev": 0.4464
    },
    "histogram": {
        "i": 1e+18,
        "l": 0.05,
        "a": 5.0,
        "filename": "hist_1e18_005_5"
    }
}