{
    "best_linear_fit": {
        "t_hot": 171.11997391712265,
        "n_hot": 863479262442578.4,
        "sse": 0.8141607181984472,
        "R2": 0.9997075044804196,
        "mse": 0.005427738121322981,
        "start": 296.8425,
        "end": 670.0875000000001,
        "t_hot_stdev": 1.634862682794573,
        "n_hot_stdev": 23886948583656.504
    },
    "true_params": {
        "t_hot": 172.0094,
        "t_hot_stdev": 1.8476
    },
    "histogram": {
        "i": 1e+19,
        "l": 0.01,
        "a": 20.0,
        "filename": "hist_1e19_001_20"
    }
}