{
    "best_linear_fit": {
        "t_hot": 505.5046990567923,
        "n_hot": 110496870281598.52,
        "sse": 13.401219601656669,
        "R2": 0.936355870873602,
        "mse": 0.08934146401104445,
        "start": 1449.573,
        "end": 2103.087,
        "t_hot_stdev": 33.0587521632737,
        "n_hot_stdev": 25537463037538.152
    },
    "true_params": {
        "t_hot": 451.0376,
        "t_hot_stdev": 16.0578
    },
    "histogram": {
        "i": 1e+19,
        "l": 0.2,
        "a": 20.0,
        "filename": "hist_1e19_020_20"
    }
}