{
    "best_linear_fit": {
        "t_hot": 759.4217205187496,
        "n_hot": 298367579117558.4,
        "sse": 0.31048189497821765,
        "R2": 0.9999830095718861,
        "mse": 0.0020698792998547844,
        "start": 2098.635,
        "end": 3229.545,
        "t_hot_stdev": 6.562584690778037,
        "n_hot_stdev": 9113582847666.943
    },
    "true_params": {
        "t_hot": 739.8149,
        "t_hot_stdev": 3.4586
    },
    "histogram": {
        "i": 1e+19,
        "l": 5.0,
        "a": 1.0,
        "filename": "hist_1e19_500_1"
    }
}