{
    "best_linear_fit": {
        "t_hot": 12.317386791043804,
        "n_hot": 37806462977985.7,
        "sse": 3.454399994854592,
        "R2": 0.9900728088217662,
        "mse": 0.023029333299030615,
        "start": 16.796,
        "end": 32.292,
        "t_hot_stdev": 0.4202644546390508,
        "n_hot_stdev": 2613283105266.761
    },
    "true_params": {
        "t_hot": 11.5437,
        "t_hot_stdev": 0.2561
    },
    "histogram": {
        "i": 1e+17,
        "l": 0.02,
        "a": 30.0,
        "filename": "hist_1e17_002_30"
    }
}