{
    "best_linear_fit": {
        "t_hot": 621.9618372919482,
        "n_hot": 88421614066096.47,
        "sse": 55.0889457165142,
        "R2": 0.5370147169738723,
        "mse": 0.3672596381100947,
        "start": 4083.75,
        "end": 4968.8099999999995,
        "t_hot_stdev": 74.92138360447474,
        "n_hot_stdev": 77638692583946.08
    },
    "true_params": {
        "t_hot": 579.7274,
        "t_hot_stdev": 5.9363
    },
    "histogram": {
        "i": 1e+19,
        "l": 1.0,
        "a": 1.0,
        "filename": "hist_1e19_100_1"
    }
}