{
    "best_linear_fit": {
        "t_hot": 8.10270053089751,
        "n_hot": 30209872377203.746,
        "sse": 11.987278394109914,
        "R2": 0.8982610163594427,
        "mse": 0.0799151892940661,
        "start": 16.3875,
        "end": 30.5425,
        "t_hot_stdev": 0.3708760548173882,
        "n_hot_stdev": 4065476977780.257
    },
    "true_params": {
        "t_hot": 7.5726,
        "t_hot_stdev": 0.2304
    },
    "histogram": {
        "i": 1e+18,
        "l": 0.02,
        "a": 5.0,
        "filename": "hist_1e18_002_5"
    }
}