{
    "best_linear_fit": {
        "t_hot": 259.7510792364626,
        "n_hot": 285651819297607.6,
        "sse": 27.16755409135077,
        "R2": 0.6516634882668724,
        "mse": 0.1811170272756718,
        "start": 1060.6995000000002,
        "end": 1533.1785,
        "t_hot_stdev": 17.190015864236198,
        "n_hot_stdev": 94915773006527.55
    },
    "true_params": {
        "t_hot": 220.5841,
        "t_hot_stdev": 4.5128
    },
    "histogram": {
        "i": 1e+19,
        "l": 0.01,
        "a": 5.0,
        "filename": "hist_1e19_001_5"
    }
}