{
    "best_linear_fit": {
        "t_hot": 223.28218962265984,
        "n_hot": 133331559886987.55,
        "sse": 26.167910496494365,
        "R2": 0.8313404601451225,
        "mse": 0.17445273664329577,
        "start": 777.461,
        "end": 1197.9389999999999,
        "t_hot_stdev": 14.007744324374197,
        "n_hot_stdev": 37283477433157.375
    },
    "true_params": {
        "t_hot": 206.385,
        "t_hot_stdev": 8.0474
    },
    "histogram": {
        "i": 1e+19,
        "l": 0.1,
        "a": 2.0,
        "filename": "hist_1e19_010_2"
    }
}