{
    "best_linear_fit": {
        "t_hot": 793.5596109855501,
        "n_hot": 40551746234526.64,
        "sse": 44.84936466151383,
        "R2": 0.46251176957742124,
        "mse": 0.29899576441009224,
        "start": 3006.008,
        "end": 3938.152,
        "t_hot_stdev": 104.48959532051188,
        "n_hot_stdev": 23433165821170.824
    },
    "histogram": {
        "i": 1e+19,
        "l": 0.4,
        "a": 10.0,
        "filename": "hist_1e19_040_10"
    }
}