{
    "best_linear_fit": {
        "t_hot": 911.3581799940647,
        "n_hot": 57032629277999.836,
        "sse": 3.9312108581319976,
        "R2": 0.9963266477802484,
        "mse": 0.02620807238754665,
        "start": 2126.254,
        "end": 3045.8819999999996,
        "t_hot_stdev": 41.35689943693683,
        "n_hot_stdev": 7383118825652.552
    },
    "true_params": {
        "t_hot": 764.2148,
        "t_hot_stdev": 9.0551
    },
    "histogram": {
        "i": 1e+19,
        "l": 0.5,
        "a": 3.0,
        "filename": "hist_1e19_050_3"
    }
}