{
    "best_linear_fit": {
        "t_hot": 10.770985239576932,
        "n_hot": 13100429136003.664,
        "sse": 21.629953535468925,
        "R2": 0.8810270261409217,
        "mse": 0.1441996902364595,
        "start": 23.15,
        "end": 38.05,
        "t_hot_stdev": 0.8363174964502852,
        "n_hot_stdev": 2918585026663.919
    },
    "true_params": {
        "t_hot": 8.7869,
        "t_hot_stdev": 0.234
    },
    "histogram": {
        "i": 1e+17,
        "l": 0.1,
        "a": 60.0,
        "filename": "hist_1e17_010_60"
    }
}