{
    "best_linear_fit": {
        "t_hot": 12.408048853995401,
        "n_hot": 24098879789640.332,
        "sse": 68.61540112847092,
        "R2": -1.7484312601199608,
        "mse": 0.45743600752313945,
        "start": 47.894999999999996,
        "end": 94.08500000000001,
        "t_hot_stdev": 0.6376591954990315,
        "n_hot_stdev": 7211136945332.909
    },
    "true_params": {
        "t_hot": 10.5468,
        "t_hot_stdev": 0.2654
    },
    "histogram": {
        "i": 1e+18,
        "l": 0.02,
        "a": 2.0,
        "filename": "hist_1e18_002_2"
    }
}