{
    "best_linear_fit": {
        "t_hot": 346.1377493753457,
        "n_hot": 7218521956406.653,
        "sse": 4.3867696255494515,
        "R2": 0.9941948031794593,
        "mse": 0.029245130836996345,
        "start": 488.0815,
        "end": 723.0545,
        "t_hot_stdev": 24.66443546533096,
        "n_hot_stdev": 905582641243.7423
    },
    "true_params": {
        "t_hot": 315.1676,
        "t_hot_stdev": 11.429
    },
    "histogram": {
        "i": 1e+18,
        "l": 2.0,
        "a": 0.0,
        "filename": "hist_1e18_200_0"
    }
}