{
    "best_linear_fit": {
        "t_hot": 235.82611953267113,
        "n_hot": 389035303330067.8,
        "sse": 22.04932253894481,
        "R2": 0.77094775014706,
        "mse": 0.1469954835929654,
        "start": 977.1524999999999,
        "end": 1402.2495,
        "t_hot_stdev": 14.187706352263746,
        "n_hot_stdev": 118709104141168.61
    },
    "true_params": {
        "t_hot": 216.3205,
        "t_hot_stdev": 3.4366
    },
    "histogram": {
        "i": 1e+19,
        "l": 0.02,
        "a": 0.0,
        "filename": "hist_1e19_002_0"
    }
}