{
    "best_linear_fit": {
        "t_hot": 31.041632409878734,
        "n_hot": 711569831620.2214,
        "sse": 20.456779304180532,
        "R2": 0.510188992086108,
        "mse": 0.13637852869453687,
        "start": 26.158,
        "end": 50.594,
        "t_hot_stdev": 4.119043831071143,
        "n_hot_stdev": 118712234756.8759
    },
    "true_params": {
        "t_hot": 26.6032,
        "t_hot_stdev": 2.1615
    },
    "histogram": {
        "i": 1e+17,
        "l": 5.0,
        "a": 0.0,
        "filename": "hist_1e17_500_0"
    }
}