{
    "best_linear_fit": {
        "t_hot": 1.4222978057147149,
        "n_hot": 16128170239889.965,
        "sse": 30.247784081739457,
        "R2": 0.11491607393781866,
        "mse": 0.20165189387826304,
        "start": 3.419,
        "end": 7.293,
        "t_hot_stdev": 0.0663264941394789,
        "n_hot_stdev": 2894141603077.9688
    },
    "true_params": {
        "t_hot": 1.5132,
        "t_hot_stdev": 0.1257
    },
    "histogram": {
        "i": 1e+17,
        "l": 0.01,
        "a": 2.0,
        "filename": "hist_1e17_001_2"
    }
}