{
    "best_linear_fit": {
        "t_hot": 2.250591211146506,
        "n_hot": 22611970941852.285,
        "sse": 4.454992703444901,
        "R2": 0.9914319396899449,
        "mse": 0.029699951356299343,
        "start": 3.9524999999999997,
        "end": 8.5715,
        "t_hot_stdev": 0.05345490594928499,
        "n_hot_stdev": 1528273697436.4485
    },
    "true_params": {
        "t_hot": 2.186,
        "t_hot_stdev": 0.0315
    },
    "histogram": {
        "i": 1e+17,
        "l": 0.02,
        "a": 5.0,
        "filename": "hist_1e17_002_5"
    }
}