{
    "best_linear_fit": {
        "t_hot": 1354.7121137960241,
        "n_hot": 1936407074432.4392,
        "sse": 47.04509600890697,
        "R2": 0.665474425945263,
        "mse": 0.3136339733927131,
        "start": 4351.039000000001,
        "end": 5325.201,
        "t_hot_stdev": 298.4274856274453,
        "n_hot_stdev": 1526020275986.768
    },
    "true_params": {
        "t_hot": 592.6299,
        "t_hot_stdev": 5.6191
    },
    "histogram": {
        "i": 1e+19,
        "l": 1.0,
        "a": 0.0,
        "filename": "hist_1e19_100_0"
    }
}