{
    "best_linear_fit": {
        "t_hot": 158.47492071311123,
        "n_hot": 521620845027871.2,
        "sse": 8.858970794266043,
        "R2": 0.9840602182525325,
        "mse": 0.05905980529510695,
        "start": 617.701,
        "end": 950.567,
        "t_hot_stdev": 5.186353089856548,
        "n_hot_stdev": 85107130608598.4
    },
    "true_params": {
        "t_hot": 141.4644,
        "t_hot_stdev": 2.9818
    },
    "histogram": {
        "i": 1e+19,
        "l": 0.05,
        "a": 50.0,
        "filename": "hist_1e19_005_50"
    }
}