{
    "best_linear_fit": {
        "t_hot": 93.88667681459683,
        "n_hot": 50925160790352.92,
        "sse": 1.9981443652114008,
        "R2": 0.9986360306313427,
        "mse": 0.013320962434742673,
        "start": 97.929,
        "end": 218.023,
        "t_hot_stdev": 2.396176760450602,
        "n_hot_stdev": 2239659219511.533
    },
    "true_params": {
        "t_hot": 88.1193,
        "t_hot_stdev": 1.1691
    },
    "histogram": {
        "i": 1e+18,
        "l": 0.5,
        "a": 45.0,
        "filename": "hist_1e18_050_45"
    }
}