{
    "best_linear_fit": {
        "t_hot": 445.2087554798343,
        "n_hot": 253142603243469.66,
        "sse": 0.39331848714839446,
        "R2": 0.9999759821710998,
        "mse": 0.002622123247655963,
        "start": 1127.9205000000002,
        "end": 1700.5275000000001,
        "t_hot_stdev": 5.013738936610709,
        "n_hot_stdev": 9118082244026.61
    },
    "true_params": {
        "t_hot": 427.2837,
        "t_hot_stdev": 3.0487
    },
    "histogram": {
        "i": 1e+19,
        "l": 2.0,
        "a": 40.0,
        "filename": "hist_1e19_200_40"
    }
}