{
    "best_linear_fit": {
        "t_hot": 936.4277325028207,
        "n_hot": 52136260480377.1,
        "sse": 4.4548577548086445,
        "R2": 0.9952234784048382,
        "mse": 0.029699051698724298,
        "start": 2133.9175,
        "end": 3023.2985,
        "t_hot_stdev": 48.061398477701104,
        "n_hot_stdev": 7405318732534.348
    },
    "true_params": {
        "t_hot": 881.403,
        "t_hot_stdev": 24.3379
    },
    "histogram": {
        "i": 1e+19,
        "l": 0.5,
        "a": 4.0,
        "filename": "hist_1e19_050_4"
    }
}