{
    "best_linear_fit": {
        "t_hot": 896.1643752159113,
        "n_hot": 127042803829.24507,
        "sse": 21.013745114347927,
        "R2": 0.9142454982897943,
        "mse": 0.14009163409565284,
        "start": 746.03,
        "end": 927.81,
        "t_hot_stdev": 467.7349028548387,
        "n_hot_stdev": 62047154332.0574
    },
    "true_params": {
        "t_hot": 204.8367,
        "t_hot_stdev": 22.0574
    },
    "histogram": {
        "i": 1e+18,
        "l": 1.0,
        "a": 5.0,
        "filename": "hist_1e18_100_5"
    }
}