{
    "best_linear_fit": {
        "t_hot": 2.3233718009815303,
        "n_hot": 20311783561389.176,
        "sse": 12.467202610972768,
        "R2": 0.9327784648908513,
        "mse": 0.08311468407315178,
        "start": 7.157,
        "end": 12.222999999999999,
        "t_hot_stdev": 0.08689115049287513,
        "n_hot_stdev": 3204537742149.4375
    },
    "true_params": {
        "t_hot": 2.1348,
        "t_hot_stdev": 0.0511
    },
    "histogram": {
        "i": 1e+17,
        "l": 1.0,
        "a": 45.0,
        "filename": "hist_1e17_100_45"
    }
}