{
    "best_linear_fit": {
        "t_hot": 407.1384148217201,
        "n_hot": 31306881270350.887,
        "sse": 24.64893369696087,
        "R2": 0.7994247290081107,
        "mse": 0.1643262246464058,
        "start": 1107.6975,
        "end": 1671.9605000000001,
        "t_hot_stdev": 33.68375143910881,
        "n_hot_stdev": 8903061726217.467
    },
    "true_params": {
        "t_hot": 344.3475,
        "t_hot_stdev": 15.6443
    },
    "histogram": {
        "i": 1e+19,
        "l": 0.2,
        "a": 1.0,
        "filename": "hist_1e19_020_1"
    }
}