{
    "best_linear_fit": {
        "t_hot": 144.62069898941164,
        "n_hot": 2066872848536.0952,
        "sse": 39.06094384510657,
        "R2": 0.07222251212641062,
        "mse": 0.2604062923007105,
        "start": 165.80200000000002,
        "end": 220.038,
        "t_hot_stdev": 55.662591669903534,
        "n_hot_stdev": 1064726580558.8086
    },
    "true_params": {
        "t_hot": 63.6784,
        "t_hot_stdev": 1.6201
    },
    "histogram": {
        "i": 1e+17,
        "l": 0.2,
        "a": 20.0,
        "filename": "hist_1e17_020_20"
    }
}