{
    "best_linear_fit": {
        "t_hot": 734.3871133912486,
        "n_hot": 254120387779195.06,
        "sse": 0.4539633049131269,
        "R2": 0.9999592881342122,
        "mse": 0.0030264220327541795,
        "start": 2348.7309999999998,
        "end": 3427.193,
        "t_hot_stdev": 7.781698832614435,
        "n_hot_stdev": 10651179841036.059
    },
    "true_params": {
        "t_hot": 686.3973,
        "t_hot_stdev": 3.4146
    },
    "histogram": {
        "i": 1e+19,
        "l": 5.0,
        "a": 5.0,
        "filename": "hist_1e19_500_5"
    }
}