{
    "best_linear_fit": {
        "t_hot": 815.2579593114269,
        "n_hot": 80004872698387.03,
        "sse": 11.894830747996467,
        "R2": 0.977293816669166,
        "mse": 0.07929887165330979,
        "start": 4449.7245,
        "end": 5546.5135,
        "t_hot_stdev": 48.268626233634464,
        "n_hot_stdev": 29099073177322.957
    },
    "true_params": {
        "t_hot": 642.3659,
        "t_hot_stdev": 2.0588
    },
    "histogram": {
        "i": 1e+19,
        "l": 5.0,
        "a": 0.0,
        "filename": "hist_1e19_500_0"
    }
}