{
    "best_linear_fit": {
        "t_hot": 1.4308601209882457,
        "n_hot": 13012060266747.217,
        "sse": 19.435841846123363,
        "R2": 0.5647177982444169,
        "mse": 0.12957227897415577,
        "start": 2.9375,
        "end": 6.6625,
        "t_hot_stdev": 0.05596139822734095,
        "n_hot_stdev": 1750064309714.921
    },
    "true_params": {
        "t_hot": 1.4265,
        "t_hot_stdev": 0.0646
    },
    "histogram": {
        "i": 1e+17,
        "l": 0.01,
        "a": 1.0,
        "filename": "hist_1e17_001_1"
    }
}