{
    "best_linear_fit": {
        "t_hot": 512.5423011987128,
        "n_hot": 302036715927477.7,
        "sse": 3.132280085509789,
        "R2": 0.9977179108017232,
        "mse": 0.020881867236731928,
        "start": 1708.2345,
        "end": 2363.3875,
        "t_hot_stdev": 16.38950306730723,
        "n_hot_stdev": 38529600990259.35
    },
    "true_params": {
        "t_hot": 478.5817,
        "t_hot_stdev": 6.8191
    },
    "histogram": {
        "i": 1e+19,
        "l": 0.5,
        "a": 40.0,
        "filename": "hist_1e19_050_40"
    }
}