{
    "best_linear_fit": {
        "t_hot": 22.53446861612773,
        "n_hot": 18085851756817.57,
        "sse": 140.87395164713953,
        "R2": -6.91871171437803,
        "mse": 0.9391596776475969,
        "start": 88.88,
        "end": 141.32799999999997,
        "t_hot_stdev": 2.653993506546261,
        "n_hot_stdev": 10975115714485.95
    },
    "true_params": {
        "t_hot": 18.6441,
        "t_hot_stdev": 0.5828
    },
    "histogram": {
        "i": 1e+18,
        "l": 0.05,
        "a": 4.0,
        "filename": "hist_1e18_005_4"
    }
}