{
    "best_linear_fit": {
        "t_hot": 102.79815760485066,
        "n_hot": 7852485826692.709,
        "sse": 3.240615484205866,
        "R2": 0.993553539761034,
        "mse": 0.021604103228039108,
        "start": 174.5905,
        "end": 264.1395,
        "t_hot_stdev": 4.906168610655765,
        "n_hot_stdev": 805343172343.1528
    },
    "true_params": {
        "t_hot": 92.2364,
        "t_hot_stdev": 1.0092
    },
    "histogram": {
        "i": 1e+18,
        "l": 2.0,
        "a": 60.0,
        "filename": "hist_1e18_200_60"
    }
}