{
    "best_linear_fit": {
        "t_hot": 390.123463239862,
        "n_hot": 28815875202752.633,
        "sse": 84.84632755519182,
        "R2": -0.8321389749434751,
        "mse": 0.5656421837012788,
        "start": 1529.9375,
        "end": 2050.9905,
        "t_hot_stdev": 62.13804168710181,
        "n_hot_stdev": 21139679057081.797
    },
    "true_params": {
        "t_hot": 335.1351,
        "t_hot_stdev": 12.4912
    },
    "histogram": {
        "i": 1e+19,
        "l": 0.2,
        "a": 4.0,
        "filename": "hist_1e19_020_4"
    }
}