{
    "best_linear_fit": {
        "t_hot": 5.442849251078952,
        "n_hot": 4711335990020.112,
        "sse": 50.20347065138086,
        "R2": -0.2489438191488551,
        "mse": 0.3346898043425391,
        "start": 15.279,
        "end": 25.113,
        "t_hot_stdev": 0.4929559071448507,
        "n_hot_stdev": 1599079230670.8218
    },
    "true_params": {
        "t_hot": 4.6485,
        "t_hot_stdev": 0.2327
    },
    "histogram": {
        "i": 1e+17,
        "l": 0.5,
        "a": 0.0,
        "filename": "hist_1e17_050_0"
    }
}