{
    "best_linear_fit": {
        "t_hot": 161.99877251903897,
        "n_hot": 147067960591230.5,
        "sse": 28.964372250182908,
        "R2": 0.5926784514935666,
        "mse": 0.1930958150012194,
        "start": 544.6875,
        "end": 824.0625,
        "t_hot_stdev": 11.675803136086786,
        "n_hot_stdev": 45093111020053.625
    },
    "true_params": {
        "t_hot": 128.3402,
        "t_hot_stdev": 4.3584
    },
    "histogram": {
        "i": 1e+19,
        "l": 0.01,
        "a": 45.0,
        "filename": "hist_1e19_001_45"
    }
}