{
    "best_linear_fit": {
        "t_hot": 20.675798175806385,
        "n_hot": 45385614936656.195,
        "sse": 17.855443942432903,
        "R2": 0.5363231245684961,
        "mse": 0.11903629294955269,
        "start": 46.4625,
        "end": 90.41749999999999,
        "t_hot_stdev": 0.9491184301212605,
        "n_hot_stdev": 7015513303865.955
    },
    "true_params": {
        "t_hot": 19.5667,
        "t_hot_stdev": 0.6019
    },
    "histogram": {
        "i": 1e+18,
        "l": 0.01,
        "a": 20.0,
        "filename": "hist_1e18_001_20"
    }
}