{
    "best_linear_fit": {
        "t_hot": 22.501669364488126,
        "n_hot": 104609328546213.22,
        "sse": 20.70238438298243,
        "R2": 0.8647755971541099,
        "mse": 0.13801589588654953,
        "start": 82.467,
        "end": 126.273,
        "t_hot_stdev": 1.214576459126919,
        "n_hot_stdev": 26384462860723.516
    },
    "true_params": {
        "t_hot": 18.4813,
        "t_hot_stdev": 0.2435
    },
    "histogram": {
        "i": 1e+18,
        "l": 0.02,
        "a": 60.0,
        "filename": "hist_1e18_002_60"
    }
}