{
    "best_linear_fit": {
        "t_hot": 31.996235358962227,
        "n_hot": 671191205867.6729,
        "sse": 40.30976460839875,
        "R2": -0.9848432833116278,
        "mse": 0.2687317640559917,
        "start": 36.466499999999996,
        "end": 60.4555,
        "t_hot_stdev": 6.257625212199876,
        "n_hot_stdev": 200862211077.21494
    },
    "true_params": {
        "t_hot": 26.9896,
        "t_hot_stdev": 2.0229
    },
    "histogram": {
        "i": 1e+17,
        "l": 5.0,
        "a": 2.0,
        "filename": "hist_1e17_500_2"
    }
}