{
    "best_linear_fit": {
        "t_hot": 9.78920891499138,
        "n_hot": 96647743946406.33,
        "sse": 2.9601186853146992,
        "R2": 0.9963550161906947,
        "mse": 0.019734124568764663,
        "start": 18.3315,
        "end": 33.3805,
        "t_hot_stdev": 0.25302353000963823,
        "n_hot_stdev": 6691815018000.372
    },
    "true_params": {
        "t_hot": 9.0443,
        "t_hot_stdev": 0.1104
    },
    "histogram": {
        "i": 1e+17,
        "l": 0.02,
        "a": 45.0,
        "filename": "hist_1e17_002_45"
    }
}