{
    "best_linear_fit": {
        "t_hot": 137.29579074155365,
        "n_hot": 3823105979041.2554,
        "sse": 21.815792306097023,
        "R2": 0.49636400091297317,
        "mse": 0.14543861537398015,
        "start": 183.57,
        "end": 269.99,
        "t_hot_stdev": 23.529054460125078,
        "n_hot_stdev": 1088824767625.1936
    },
    "true_params": {
        "t_hot": 95.8447,
        "t_hot_stdev": 2.749
    },
    "histogram": {
        "i": 1e+17,
        "l": 0.5,
        "a": 20.0,
        "filename": "hist_1e17_050_20"
    }
}