{
    "best_linear_fit": {
        "t_hot": 15.409003162818323,
        "n_hot": 101863473785111.05,
        "sse": 1.687448812086212,
        "R2": 0.9992996498993161,
        "mse": 0.011249658747241412,
        "start": 22.326999999999998,
        "end": 47.061,
        "t_hot_stdev": 0.28799757592384384,
        "n_hot_stdev": 4377626545462.064
    },
    "true_params": {
        "t_hot": 15.0071,
        "t_hot_stdev": 0.187
    },
    "histogram": {
        "i": 1e+17,
        "l": 0.05,
        "a": 50.0,
        "filename": "hist_1e17_005_50"
    }
}