{
    "best_linear_fit": {
        "t_hot": 97.98249922715391,
        "n_hot": 1354974130801.595,
        "sse": 37.58636332736707,
        "R2": -0.6387262782082355,
        "mse": 0.25057575551578043,
        "start": 116.1575,
        "end": 187.5285,
        "t_hot_stdev": 19.046237424624323,
        "n_hot_stdev": 411957233271.8542
    },
    "true_params": {
        "t_hot": 77.0037,
        "t_hot_stdev": 4.4358
    },
    "histogram": {
        "i": 1e+17,
        "l": 2.0,
        "a": 10.0,
        "filename": "hist_1e17_200_10"
    }
}