{
    "best_linear_fit": {
        "t_hot": 61.58509297311304,
        "n_hot": 618214084280785.6,
        "sse": 0.37661220115405475,
        "R2": 0.9999700177693956,
        "mse": 0.0025107480076936983,
        "start": 79.3865,
        "end": 211.5495,
        "t_hot_stdev": 0.4067310274723817,
        "n_hot_stdev": 9974599465751.44
    },
    "true_params": {
        "t_hot": 62.0673,
        "t_hot_stdev": 0.4933
    },
    "histogram": {
        "i": 1e+18,
        "l": 0.1,
        "a": 50.0,
        "filename": "hist_1e18_010_50"
    }
}