{
    "best_linear_fit": {
        "t_hot": 40.75935270399555,
        "n_hot": 345026001736883.0,
        "sse": 0.6427842548665456,
        "R2": 0.9998357069943767,
        "mse": 0.004285228365776971,
        "start": 57.34,
        "end": 130.052,
        "t_hot_stdev": 0.4230579667128634,
        "n_hot_stdev": 8438994507238.96
    },
    "true_params": {
        "t_hot": 40.169,
        "t_hot_stdev": 0.3862
    },
    "histogram": {
        "i": 1e+18,
        "l": 0.05,
        "a": 30.0,
        "filename": "hist_1e18_005_30"
    }
}