{
    "best_linear_fit": {
        "t_hot": 115.42876153858838,
        "n_hot": 197343340584313.62,
        "sse": 58.1439913456041,
        "R2": -0.448594569687482,
        "mse": 0.387626608970694,
        "start": 465.2065,
        "end": 772.5935,
        "t_hot_stdev": 7.633325686275359,
        "n_hot_stdev": 70697800589668.83
    },
    "true_params": {
        "t_hot": 106.0277,
        "t_hot_stdev": 4.4844
    },
    "histogram": {
        "i": 1e+19,
        "l": 0.02,
        "a": 60.0,
        "filename": "hist_1e19_002_60"
    }
}