{
    "best_linear_fit": {
        "t_hot": 33.80969520888629,
        "n_hot": 113643733108102.98,
        "sse": 3.769390643410732,
        "R2": 0.9880752465698346,
        "mse": 0.025129270956071547,
        "start": 79.2895,
        "end": 130.9925,
        "t_hot_stdev": 0.9913365954584417,
        "n_hot_stdev": 10467575767070.066
    },
    "true_params": {
        "t_hot": 32.4863,
        "t_hot_stdev": 0.3952
    },
    "histogram": {
        "i": 1e+18,
        "l": 0.02,
        "a": 30.0,
        "filename": "hist_1e18_002_30"
    }
}