{
    "best_linear_fit": {
        "t_hot": 109.47293137123793,
        "n_hot": 6299223189850.459,
        "sse": 12.040278047395589,
        "R2": 0.8968950153201425,
        "mse": 0.08026852031597059,
        "start": 124.982,
        "end": 210.21,
        "t_hot_stdev": 11.268555605125215,
        "n_hot_stdev": 1003452430351.264
    },
    "true_params": {
        "t_hot": 89.4827,
        "t_hot_stdev": 2.5241
    },
    "histogram": {
        "i": 1e+17,
        "l": 0.5,
        "a": 30.0,
        "filename": "hist_1e17_050_30"
    }
}