{
    "best_linear_fit": {
        "t_hot": 2.4495890279761454,
        "n_hot": 28132040857485.414,
        "sse": 1.0726379421905525,
        "R2": 0.9995619110056921,
        "mse": 0.007150919614603683,
        "start": 3.8445,
        "end": 8.7615,
        "t_hot_stdev": 0.02918983377245675,
        "n_hot_stdev": 884456602249.1486
    },
    "true_params": {
        "t_hot": 2.2651,
        "t_hot_stdev": 0.0198
    },
    "histogram": {
        "i": 1e+17,
        "l": 0.05,
        "a": 0.0,
        "filename": "hist_1e17_005_0"
    }
}