{
    "best_linear_fit": {
        "t_hot": 70.31373380981839,
        "n_hot": 7494508899299.435,
        "sse": 4.621587684281611,
        "R2": 0.9919363747245806,
        "mse": 0.030810584561877404,
        "start": 164.57299999999998,
        "end": 223.875,
        "t_hot_stdev": 4.1392854368186836,
        "n_hot_stdev": 1223472020071.917
    },
    "true_params": {
        "t_hot": 64.7401,
        "t_hot_stdev": 2.1264
    },
    "histogram": {
        "i": 1e+18,
        "l": 5.0,
        "a": 60.0,
        "filename": "hist_1e18_500_60"
    }
}