{
    "best_linear_fit": {
        "t_hot": 490.56605420219097,
        "n_hot": 326555945867218.75,
        "sse": 0.7840365655050061,
        "R2": 0.9998855757983006,
        "mse": 0.005226910436700041,
        "start": 1411.784,
        "end": 2038.776,
        "t_hot_stdev": 7.849101433409743,
        "n_hot_stdev": 18477818670659.95
    },
    "true_params": {
        "t_hot": 452.7509,
        "t_hot_stdev": 3.2424
    },
    "histogram": {
        "i": 1e+19,
        "l": 1.0,
        "a": 25.0,
        "filename": "hist_1e19_100_25"
    }
}