{
    "best_linear_fit": {
        "t_hot": 35.28061273671463,
        "n_hot": 12626179143414.8,
        "sse": 21.35644800893198,
        "R2": 0.8409199749059156,
        "mse": 0.14237632005954654,
        "start": 78.9315,
        "end": 124.0785,
        "t_hot_stdev": 2.9425689576914626,
        "n_hot_stdev": 3055003061967.7905
    },
    "true_params": {
        "t_hot": 30.0439,
        "t_hot_stdev": 0.7214
    },
    "histogram": {
        "i": 1e+18,
        "l": 0.1,
        "a": 1.0,
        "filename": "hist_1e18_010_1"
    }
}