{
    "best_linear_fit": {
        "t_hot": 839.9878949996445,
        "n_hot": 75915193295546.75,
        "sse": 4.315097302733054,
        "R2": 0.9950917352011874,
        "mse": 0.028767315351553694,
        "start": 2220.5285000000003,
        "end": 3178.1515,
        "t_hot_stdev": 35.34805969069886,
        "n_hot_stdev": 10320521615691.83
    },
    "true_params": {
        "t_hot": 809.7023,
        "t_hot_stdev": 18.3736
    },
    "histogram": {
        "i": 1e+19,
        "l": 0.5,
        "a": 5.0,
        "filename": "hist_1e19_050_5"
    }
}