{
    "best_linear_fit": {
        "t_hot": 303.66664581195676,
        "n_hot": 157495803992224.1,
        "sse": 21.588519388761927,
        "R2": 0.722942183429738,
        "mse": 0.14392346259174618,
        "start": 992.8505,
        "end": 1518.3735,
        "t_hot_stdev": 18.829235278318254,
        "n_hot_stdev": 40677275941281.15
    },
    "true_params": {
        "t_hot": 275.9745,
        "t_hot_stdev": 11.1979
    },
    "histogram": {
        "i": 1e+19,
        "l": 0.05,
        "a": 20.0,
        "filename": "hist_1e19_005_20"
    }
}