{
    "best_linear_fit": {
        "t_hot": 1.5389407119039626,
        "n_hot": 29558540630180.543,
        "sse": 17.520680538733213,
        "R2": 0.4719618674634396,
        "mse": 0.11680453692488808,
        "start": 2.601,
        "end": 7.667,
        "t_hot_stdev": 0.04519317716409071,
        "n_hot_stdev": 3012504116987.3447
    },
    "true_params": {
        "t_hot": 1.78,
        "t_hot_stdev": 0.1008
    },
    "histogram": {
        "i": 1e+17,
        "l": 0.01,
        "a": 4.0,
        "filename": "hist_1e17_001_4"
    }
}