{
    "best_linear_fit": {
        "t_hot": 378.0536060494156,
        "n_hot": 33266786137433.91,
        "sse": 67.90182154162525,
        "R2": -0.1651362023254439,
        "mse": 0.4526788102775017,
        "start": 1434.1365,
        "end": 1998.6975000000002,
        "t_hot_stdev": 48.17873634659791,
        "n_hot_stdev": 19335583022854.797
    },
    "true_params": {
        "t_hot": 313.7168,
        "t_hot_stdev": 19.0078
    },
    "histogram": {
        "i": 1e+19,
        "l": 0.2,
        "a": 0.0,
        "filename": "hist_1e19_020_0"
    }
}