{
    "best_linear_fit": {
        "t_hot": 559.2986462136245,
        "n_hot": 3229993721099.721,
        "sse": 11.155878771645446,
        "R2": 0.9590341662208957,
        "mse": 0.07437252514430297,
        "start": 1237.9455,
        "end": 1675.5585,
        "t_hot_stdev": 55.140158579885174,
        "n_hot_stdev": 832561656946.9626
    },
    "true_params": {
        "t_hot": 393.5502,
        "t_hot_stdev": 9.0602
    },
    "histogram": {
        "i": 1e+18,
        "l": 5.0,
        "a": 2.0,
        "filename": "hist_1e18_500_2"
    }
}