{
    "best_linear_fit": {
        "t_hot": 0.9503807303190822,
        "n_hot": 116871638741391.73,
        "sse": 11.155211893387957,
        "R2": 0.9494285514702745,
        "mse": 0.07436807928925304,
        "start": 4.401,
        "end": 7.083,
        "t_hot_stdev": 0.02597731012106146,
        "n_hot_stdev": 19477612444156.11
    },
    "true_params": {
        "t_hot": 0.9211,
        "t_hot_stdev": 0.0192
    },
    "histogram": {
        "i": 1e+17,
        "l": 2.0,
        "a": 50.0,
        "filename": "hist_1e17_200_50"
    }
}