{
    "best_linear_fit": {
        "t_hot": 348.4307370823059,
        "n_hot": 648738176328651.9,
        "sse": 0.32490763582552934,
        "R2": 0.9999792855430887,
        "mse": 0.002166050905503529,
        "start": 909.0205000000001,
        "end": 1555.5315,
        "t_hot_stdev": 2.47204149331138,
        "n_hot_stdev": 16466082120357.12
    },
    "true_params": {
        "t_hot": 339.6243,
        "t_hot_stdev": 2.3622
    },
    "histogram": {
        "i": 1e+19,
        "l": 1.0,
        "a": 40.0,
        "filename": "hist_1e19_100_40"
    }
}