{
    "best_linear_fit": {
        "t_hot": 38.825757957437425,
        "n_hot": 943710423077392.9,
        "sse": 0.6698061503990058,
        "R2": 0.9998975501666157,
        "mse": 0.004465374335993372,
        "start": 69.41999999999999,
        "end": 175.50799999999998,
        "t_hot_stdev": 0.26857586641719783,
        "n_hot_stdev": 21233311289168.47
    },
    "true_params": {
        "t_hot": 38.6298,
        "t_hot_stdev": 0.2722
    },
    "histogram": {
        "i": 1e+18,
        "l": 0.05,
        "a": 45.0,
        "filename": "hist_1e18_005_45"
    }
}