{
    "best_linear_fit": {
        "t_hot": 21.331526236839302,
        "n_hot": 11292449813464.004,
        "sse": 170.54099833865826,
        "R2": -10.874932764873204,
        "mse": 1.1369399889243883,
        "start": 90.27850000000001,
        "end": 138.40550000000002,
        "t_hot_stdev": 2.851597763302368,
        "n_hot_stdev": 8151980764135.341
    },
    "true_params": {
        "t_hot": 17.2386,
        "t_hot_stdev": 0.7019
    },
    "histogram": {
        "i": 1e+18,
        "l": 0.05,
        "a": 1.0,
        "filename": "hist_1e18_005_1"
    }
}