{
    "best_linear_fit": {
        "t_hot": 346.6053811719812,
        "n_hot": 7776153483611.714,
        "sse": 4.18848240435234,
        "R2": 0.9927180322916223,
        "mse": 0.027923216029015596,
        "start": 479.6895,
        "end": 719.1324999999999,
        "t_hot_stdev": 23.714588924082186,
        "n_hot_stdev": 926277868728.9397
    },
    "true_params": {
        "t_hot": 310.1353,
        "t_hot_stdev": 14.6462
    },
    "histogram": {
        "i": 1e+18,
        "l": 2.0,
        "a": 1.0,
        "filename": "hist_1e18_200_1"
    }
}