{
    "best_linear_fit": {
        "t_hot": 572.8872634101764,
        "n_hot": 214582571437693.97,
        "sse": 1.5752311640507197,
        "R2": 0.9994485683555963,
        "mse": 0.010501541093671464,
        "start": 1631.352,
        "end": 2353.704,
        "t_hot_stdev": 13.169836956308705,
        "n_hot_stdev": 17251936964072.13
    },
    "true_params": {
        "t_hot": 540.409,
        "t_hot_stdev": 7.5137
    },
    "histogram": {
        "i": 1e+19,
        "l": 0.8,
        "a": 15.0,
        "filename": "hist_1e19_080_15"
    }
}