{
    "best_linear_fit": {
        "t_hot": 173.74166246974622,
        "n_hot": 791101275780896.9,
        "sse": 15.680158748512445,
        "R2": 0.873684545567454,
        "mse": 0.10453439165674963,
        "start": 642.8125,
        "end": 1093.5375,
        "t_hot_stdev": 6.1247775823505535,
        "n_hot_stdev": 140931837820620.66
    },
    "true_params": {
        "t_hot": 181.733,
        "t_hot_stdev": 7.2255
    },
    "histogram": {
        "i": 1e+19,
        "l": 0.05,
        "a": 1.0,
        "filename": "hist_1e19_005_1"
    }
}