{
    "best_linear_fit": {
        "t_hot": 313.3102243117788,
        "n_hot": 434706932656390.94,
        "sse": 46.66808366616688,
        "R2": 0.3108715529621474,
        "mse": 0.31112055777444586,
        "start": 1576.0484999999999,
        "end": 2081.6055,
        "t_hot_stdev": 30.63428773965389,
        "n_hot_stdev": 248899904430153.0
    },
    "true_params": {
        "t_hot": 297.6995,
        "t_hot_stdev": 5.6262
    },
    "histogram": {
        "i": 1e+19,
        "l": 0.1,
        "a": 40.0,
        "filename": "hist_1e19_010_40"
    }
}