{
    "best_linear_fit": {
        "t_hot": 355.6603423190764,
        "n_hot": 266150009629173.22,
        "sse": 4.670575351302147,
        "R2": 0.9960061769989008,
        "mse": 0.03113716900868098,
        "start": 1578.1345000000001,
        "end": 2214.5135,
        "t_hot_stdev": 9.92108184356598,
        "n_hot_stdev": 39772478499955.58
    },
    "true_params": {
        "t_hot": 317.3464,
        "t_hot_stdev": 3.6918
    },
    "histogram": {
        "i": 1e+19,
        "l": 1.0,
        "a": 45.0,
        "filename": "hist_1e19_100_45"
    }
}