{
    "best_linear_fit": {
        "t_hot": 116.685568209464,
        "n_hot": 19320191331876.484,
        "sse": 3.6882990050446667,
        "R2": 0.9951158983090019,
        "mse": 0.02458866003363111,
        "start": 195.46800000000002,
        "end": 303.94,
        "t_hot_stdev": 5.567349684078696,
        "n_hot_stdev": 1988311478502.5447
    },
    "true_params": {
        "t_hot": 104.8979,
        "t_hot_stdev": 2.3675
    },
    "histogram": {
        "i": 1e+18,
        "l": 1.0,
        "a": 40.0,
        "filename": "hist_1e18_100_40"
    }
}