{
    "best_linear_fit": {
        "t_hot": 62.210690859676205,
        "n_hot": 15508525622972.43,
        "sse": 19.038002389637686,
        "R2": 0.8606905685417144,
        "mse": 0.1269200159309179,
        "start": 127.7125,
        "end": 217.2615,
        "t_hot_stdev": 4.355106633034148,
        "n_hot_stdev": 3044268846062.0103
    },
    "true_params": {
        "t_hot": 57.3069,
        "t_hot_stdev": 2.675
    },
    "histogram": {
        "i": 1e+18,
        "l": 0.2,
        "a": 3.0,
        "filename": "hist_1e18_020_3"
    }
}