{
    "best_linear_fit": {
        "t_hot": 222.97001109527042,
        "n_hot": 414550419641076.1,
        "sse": 20.129240905980204,
        "R2": 0.7985423508097851,
        "mse": 0.13419493937320137,
        "start": 878.7375,
        "end": 1277.3125,
        "t_hot_stdev": 12.924547627284744,
        "n_hot_stdev": 116847953356881.0
    },
    "true_params": {
        "t_hot": 200.7782,
        "t_hot_stdev": 6.9247
    },
    "histogram": {
        "i": 1e+19,
        "l": 0.02,
        "a": 3.0,
        "filename": "hist_1e19_002_3"
    }
}