{
    "best_linear_fit": {
        "t_hot": 419.3785987490004,
        "n_hot": 167864867646593.0,
        "sse": 21.7017883380398,
        "R2": 0.9167625678096982,
        "mse": 0.14467858892026533,
        "start": 2775.393,
        "end": 3588.635,
        "t_hot_stdev": 23.268012415519152,
        "n_hot_stdev": 70860335800649.92
    },
    "true_params": {
        "t_hot": 378.1471,
        "t_hot_stdev": 1.6508
    },
    "histogram": {
        "i": 1e+19,
        "l": 5.0,
        "a": 40.0,
        "filename": "hist_1e19_500_40"
    }
}