{
    "best_linear_fit": {
        "t_hot": 2.414218401469839,
        "n_hot": 46510125816044.68,
        "sse": 0.9294439281132014,
        "R2": 0.9996218152325491,
        "mse": 0.0061962928540880095,
        "start": 4.0775,
        "end": 9.2925,
        "t_hot_stdev": 0.02488451567815773,
        "n_hot_stdev": 1361155752082.2437
    },
    "true_params": {
        "t_hot": 2.2641,
        "t_hot_stdev": 0.0193
    },
    "histogram": {
        "i": 1e+17,
        "l": 0.1,
        "a": 1.0,
        "filename": "hist_1e17_010_1"
    }
}