{
    "best_linear_fit": {
        "t_hot": 21.985699147400652,
        "n_hot": 69980747260337.695,
        "sse": 1.6485671112377929,
        "R2": 0.9988823347265342,
        "mse": 0.010990447408251952,
        "start": 30.7125,
        "end": 58.87350000000001,
        "t_hot_stdev": 0.5089845515783537,
        "n_hot_stdev": 3355388210364.174
    },
    "true_params": {
        "t_hot": 19.4591,
        "t_hot_stdev": 0.2407
    },
    "histogram": {
        "i": 1e+17,
        "l": 0.05,
        "a": 40.0,
        "filename": "hist_1e17_005_40"
    }
}