{
    "best_linear_fit": {
        "t_hot": 17.837112613607243,
        "n_hot": 1767691057483.3552,
        "sse": 65.91085404319413,
        "R2": -2.7183987437069934,
        "mse": 0.4394056936212942,
        "start": 29.8395,
        "end": 55.3185,
        "t_hot_stdev": 2.341337362367468,
        "n_hot_stdev": 562193649042.9955
    },
    "true_params": {
        "t_hot": 12.7196,
        "t_hot_stdev": 0.7585
    },
    "histogram": {
        "i": 1e+17,
        "l": 1.0,
        "a": 3.0,
        "filename": "hist_1e17_100_3"
    }
}