{
    "best_linear_fit": {
        "t_hot": 211.90073410368672,
        "n_hot": 485593739931743.7,
        "sse": 22.814673042435846,
        "R2": 0.7871845282654724,
        "mse": 0.15209782028290564,
        "start": 953.2755,
        "end": 1346.1885,
        "t_hot_stdev": 12.606497595910358,
        "n_hot_stdev": 157518095146920.0
    },
    "true_params": {
        "t_hot": 193.0067,
        "t_hot_stdev": 3.3166
    },
    "histogram": {
        "i": 1e+19,
        "l": 0.02,
        "a": 2.0,
        "filename": "hist_1e19_002_2"
    }
}