{
    "best_linear_fit": {
        "t_hot": 7.828562848179371,
        "n_hot": 19599018066645.344,
        "sse": 43.78751886934715,
        "R2": -1.4954539699017673,
        "mse": 0.29191679246231433,
        "start": 18.287999999999997,
        "end": 32.592,
        "t_hot_stdev": 0.654787754067825,
        "n_hot_stdev": 5397708055934.902
    },
    "true_params": {
        "t_hot": 6.7531,
        "t_hot_stdev": 0.2567
    },
    "histogram": {
        "i": 1e+18,
        "l": 0.01,
        "a": 1.0,
        "filename": "hist_1e18_001_1"
    }
}