{
    "best_linear_fit": {
        "t_hot": 38.962533517205976,
        "n_hot": 39306914871975.73,
        "sse": 86.32945863236726,
        "R2": -1.877571075282431,
        "mse": 0.5755297242157817,
        "start": 152.8065,
        "end": 203.9135,
        "t_hot_stdev": 6.374003453021669,
        "n_hot_stdev": 29538253393335.2
    },
    "true_params": {
        "t_hot": 33.0733,
        "t_hot_stdev": 0.3446
    },
    "histogram": {
        "i": 1e+18,
        "l": 0.2,
        "a": 60.0,
        "filename": "hist_1e18_020_60"
    }
}