{
    "best_linear_fit": {
        "t_hot": 318.24804089473986,
        "n_hot": 78156040743169.03,
        "sse": 103.51673532555994,
        "R2": -2.549683367066888,
        "mse": 0.6901115688370663,
        "start": 1222.3935000000001,
        "end": 1655.5365000000002,
        "t_hot_stdev": 54.94450401416433,
        "n_hot_stdev": 61243617257217.06
    },
    "true_params": {
        "t_hot": 217.6156,
        "t_hot_stdev": 3.7184
    },
    "histogram": {
        "i": 1e+19,
        "l": 0.02,
        "a": 5.0,
        "filename": "hist_1e19_002_5"
    }
}