{
    "best_linear_fit": {
        "t_hot": 8.194690616879582,
        "n_hot": 86639382397594.4,
        "sse": 4.023563646318866,
        "R2": 0.9863341097283721,
        "mse": 0.026823757642125776,
        "start": 17.7025,
        "end": 32.1555,
        "t_hot_stdev": 0.21524414913841716,
        "n_hot_stdev": 7020445524413.592
    },
    "true_params": {
        "t_hot": 7.9063,
        "t_hot_stdev": 0.1099
    },
    "histogram": {
        "i": 1e+17,
        "l": 0.01,
        "a": 50.0,
        "filename": "hist_1e17_001_50"
    }
}