{
    "best_linear_fit": {
        "t_hot": 12.635573806232877,
        "n_hot": 2171869731895.5198,
        "sse": 59.58658597322083,
        "R2": -1.6214455056341213,
        "mse": 0.39724390648813884,
        "start": 23.034,
        "end": 42.702,
        "t_hot_stdev": 1.447180780068278,
        "n_hot_stdev": 656763676257.6157
    },
    "true_params": {
        "t_hot": 9.1261,
        "t_hot_stdev": 0.5051
    },
    "histogram": {
        "i": 1e+17,
        "l": 1.0,
        "a": 2.0,
        "filename": "hist_1e17_100_2"
    }
}