{
    "best_linear_fit": {
        "t_hot": 24.73786393435581,
        "n_hot": 45134432471922.75,
        "sse": 1.5621600130045892,
        "R2": 0.998154690222224,
        "mse": 0.010414400086697261,
        "start": 22.792,
        "end": 49.016,
        "t_hot_stdev": 0.6736076511676333,
        "n_hot_stdev": 1823486502718.9805
    },
    "true_params": {
        "t_hot": 21.7929,
        "t_hot_stdev": 0.2267
    },
    "histogram": {
        "i": 1e+17,
        "l": 0.05,
        "a": 30.0,
        "filename": "hist_1e17_005_30"
    }
}