{
    "best_linear_fit": {
        "t_hot": 793.7466043027738,
        "n_hot": 1438979079136.1357,
        "sse": 13.969222029505694,
        "R2": 0.9258480548204391,
        "mse": 0.0931281468633713,
        "start": 1381.138,
        "end": 1820.3899999999999,
        "t_hot_stdev": 123.80977078631499,
        "n_hot_stdev": 454097796392.00275
    },
    "true_params": {
        "t_hot": 365.4781,
        "t_hot_stdev": 13.3679
    },
    "histogram": {
        "i": 1e+18,
        "l": 5.0,
        "a": 1.0,
        "filename": "hist_1e18_500_1"
    }
}