{
    "best_linear_fit": {
        "t_hot": 220.3663798942521,
        "n_hot": 48528165113866.305,
        "sse": 108.23689261406223,
        "R2": -3.701854904299262,
        "mse": 0.7215792840937482,
        "start": 683.098,
        "end": 1047.254,
        "t_hot_stdev": 32.04126535854842,
        "n_hot_stdev": 27908860506553.793
    },
    "true_params": {
        "t_hot": 152.2933,
        "t_hot_stdev": 6.3606
    },
    "histogram": {
        "i": 1e+19,
        "l": 0.02,
        "a": 40.0,
        "filename": "hist_1e19_002_40"
    }
}