{
    "best_linear_fit": {
        "t_hot": 37.88136248723529,
        "n_hot": 27548959398158.76,
        "sse": 4.5883061443745055,
        "R2": 0.9924314145712356,
        "mse": 0.03058870762916337,
        "start": 48.597,
        "end": 98.363,
        "t_hot_stdev": 1.4264726091836244,
        "n_hot_stdev": 2050876932720.1982
    },
    "true_params": {
        "t_hot": 34.6991,
        "t_hot_stdev": 0.5763
    },
    "histogram": {
        "i": 1e+18,
        "l": 0.1,
        "a": 4.0,
        "filename": "hist_1e18_010_4"
    }
}