{
    "best_linear_fit": {
        "t_hot": 27.67996834124904,
        "n_hot": 1603372842417.9482,
        "sse": 37.63688913099936,
        "R2": -0.15105145772811346,
        "mse": 0.2509125942066624,
        "start": 37.710499999999996,
        "end": 67.3615,
        "t_hot_stdev": 3.6611497210931883,
        "n_hot_stdev": 407889194959.67175
    },
    "true_params": {
        "t_hot": 26.6234,
        "t_hot_stdev": 3.2631
    },
    "histogram": {
        "i": 1e+17,
        "l": 2.0,
        "a": 4.0,
        "filename": "hist_1e17_200_4"
    }
}