{
    "best_linear_fit": {
        "t_hot": 254.41504216695827,
        "n_hot": 182826000009618.06,
        "sse": 18.40640647250735,
        "R2": 0.8752861796790482,
        "mse": 0.12270937648338233,
        "start": 873.3299999999999,
        "end": 1257.75,
        "t_hot_stdev": 16.683336001946856,
        "n_hot_stdev": 50486926033255.734
    },
    "true_params": {
        "t_hot": 231.105,
        "t_hot_stdev": 14.216
    },
    "histogram": {
        "i": 1e+19,
        "l": 0.02,
        "a": 20.0,
        "filename": "hist_1e19_002_20"
    }
}