{
    "best_linear_fit": {
        "t_hot": 76.76817884413292,
        "n_hot": 3179943663177.9385,
        "sse": 10.620695259946897,
        "R2": 0.8377999140951878,
        "mse": 0.07080463506631265,
        "start": 52.0605,
        "end": 127.0075,
        "t_hot_stdev": 5.918388810532075,
        "n_hot_stdev": 294260788349.39667
    },
    "true_params": {
        "t_hot": 66.3763,
        "t_hot_stdev": 2.9064
    },
    "histogram": {
        "i": 1e+17,
        "l": 1.0,
        "a": 10.0,
        "filename": "hist_1e17_100_10"
    }
}