{
    "best_linear_fit": {
        "t_hot": 10.559641707703085,
        "n_hot": 6593350459124.585,
        "sse": 35.60170724637519,
        "R2": -0.39492158027509494,
        "mse": 0.23734471497583462,
        "start": 20.889000000000003,
        "end": 30.723,
        "t_hot_stdev": 1.5625084335537764,
        "n_hot_stdev": 2398820391161.941
    },
    "true_params": {
        "t_hot": 8.8364,
        "t_hot_stdev": 0.6769
    },
    "histogram": {
        "i": 1e+17,
        "l": 0.01,
        "a": 20.0,
        "filename": "hist_1e17_001_20"
    }
}