{
    "best_linear_fit": {
        "t_hot": 302.752524431761,
        "n_hot": 989971511853024.5,
        "sse": 0.4527650749211092,
        "R2": 0.999935874445364,
        "mse": 0.0030184338328073947,
        "start": 479.975,
        "end": 1023.825,
        "t_hot_stdev": 2.619097519555378,
        "n_hot_stdev": 21734369792340.02
    },
    "true_params": {
        "t_hot": 289.2912,
        "t_hot_stdev": 1.981
    },
    "histogram": {
        "i": 1e+19,
        "l": 0.2,
        "a": 45.0,
        "filename": "hist_1e19_020_45"
    }
}