{
    "best_linear_fit": {
        "t_hot": 18.559773251476123,
        "n_hot": 79256263329043.84,
        "sse": 2.159380131524507,
        "R2": 0.9979466198208993,
        "mse": 0.014395867543496713,
        "start": 33.9945,
        "end": 59.7715,
        "t_hot_stdev": 0.4535198574473377,
        "n_hot_stdev": 4954205926997.349
    },
    "true_params": {
        "t_hot": 18.1035,
        "t_hot_stdev": 0.2125
    },
    "histogram": {
        "i": 1e+17,
        "l": 0.05,
        "a": 45.0,
        "filename": "hist_1e17_005_45"
    }
}