{
    "best_linear_fit": {
        "t_hot": 413.50237341311066,
        "n_hot": 31083086216733.086,
        "sse": 29.622204273139083,
        "R2": 0.6847666006983124,
        "mse": 0.1974813618209272,
        "start": 1197.5605,
        "end": 1705.2035,
        "t_hot_stdev": 42.33748871795202,
        "n_hot_stdev": 11228115980562.871
    },
    "true_params": {
        "t_hot": 332.9794,
        "t_hot_stdev": 8.9144
    },
    "histogram": {
        "i": 1e+19,
        "l": 0.2,
        "a": 5.0,
        "filename": "hist_1e19_020_5"
    }
}