{
    "best_linear_fit": {
        "t_hot": 7.812408142239023,
        "n_hot": 58513811823295.45,
        "sse": 18.238335574240097,
        "R2": 0.36742548674008824,
        "mse": 0.12158890382826731,
        "start": 9.594999999999999,
        "end": 37.905,
        "t_hot_stdev": 0.2126382434642509,
        "n_hot_stdev": 5123910202667.49
    },
    "true_params": {
        "t_hot": 9.0493,
        "t_hot_stdev": 0.4127
    },
    "histogram": {
        "i": 1e+18,
        "l": 0.01,
        "a": 3.0,
        "filename": "hist_1e18_001_3"
    }
}