{
    "best_linear_fit": {
        "t_hot": 3.246590233598436,
        "n_hot": 15460106144559.166,
        "sse": 127.69584282834452,
        "R2": -4.559615184444796,
        "mse": 0.8513056188556302,
        "start": 16.7175,
        "end": 23.4225,
        "t_hot_stdev": 0.4102639427281006,
        "n_hot_stdev": 12134039655588.455
    },
    "true_params": {
        "t_hot": 2.8678,
        "t_hot_stdev": 0.0427
    },
    "histogram": {
        "i": 1e+17,
        "l": 0.2,
        "a": 2.0,
        "filename": "hist_1e17_020_2"
    }
}