{
    "best_linear_fit": {
        "t_hot": 1.0549768930783898,
        "n_hot": 51761352546210.65,
        "sse": 30.05787269751303,
        "R2": 0.3416265810924002,
        "mse": 0.2003858179834202,
        "start": 4.1625,
        "end": 7.8875,
        "t_hot_stdev": 0.03783184612853233,
        "n_hot_stdev": 10770436091339.434
    },
    "true_params": {
        "t_hot": 1.0249,
        "t_hot_stdev": 0.025
    },
    "histogram": {
        "i": 1e+17,
        "l": 5.0,
        "a": 40.0,
        "filename": "hist_1e17_500_40"
    }
}