{
    "best_linear_fit": {
        "t_hot": 1.2939386798454602,
        "n_hot": 51114443701152.97,
        "sse": 24.98429786816502,
        "R2": 0.6496981440427503,
        "mse": 0.1665619857877668,
        "start": 5.681,
        "end": 9.555,
        "t_hot_stdev": 0.04989076295219733,
        "n_hot_stdev": 11729209618297.059
    },
    "true_params": {
        "t_hot": 1.5108,
        "t_hot_stdev": 0.0742
    },
    "histogram": {
        "i": 1e+17,
        "l": 2.0,
        "a": 40.0,
        "filename": "hist_1e17_200_40"
    }
}