{
    "best_linear_fit": {
        "t_hot": 13.13382496343357,
        "n_hot": 4083238398769.782,
        "sse": 115.5949116993778,
        "R2": -8.450920916452297,
        "mse": 0.7706327446625187,
        "start": 34.207,
        "end": 57.749,
        "t_hot_stdev": 1.8193960518067638,
        "n_hot_stdev": 2001958191945.4988
    },
    "true_params": {
        "t_hot": 12.0248,
        "t_hot_stdev": 0.5904
    },
    "histogram": {
        "i": 1e+17,
        "l": 2.0,
        "a": 2.0,
        "filename": "hist_1e17_200_2"
    }
}