{
    "best_linear_fit": {
        "t_hot": 9.891040708458263,
        "n_hot": 2024243957690.9966,
        "sse": 182.17419400509206,
        "R2": -13.76649108263119,
        "mse": 1.2144946267006138,
        "start": 28.331,
        "end": 40.54900000000001,
        "t_hot_stdev": 2.496008629524257,
        "n_hot_stdev": 1788067580177.5142
    },
    "true_params": {
        "t_hot": 5.5568,
        "t_hot_stdev": 0.1362
    },
    "histogram": {
        "i": 1e+17,
        "l": 0.2,
        "a": 4.0,
        "filename": "hist_1e17_020_4"
    }
}