{
    "best_linear_fit": {
        "t_hot": 683.3940884797744,
        "n_hot": 239714490275168.66,
        "sse": 0.4489091143317754,
        "R2": 0.9999673330162735,
        "mse": 0.0029927274288785027,
        "start": 1483.3159999999998,
        "end": 2318.908,
        "t_hot_stdev": 8.648607142305085,
        "n_hot_stdev": 8507850627040.192
    },
    "true_params": {
        "t_hot": 644.2915,
        "t_hot_stdev": 5.0989
    },
    "histogram": {
        "i": 1e+19,
        "l": 2.0,
        "a": 0.0,
        "filename": "hist_1e19_200_0"
    }
}