{
    "best_linear_fit": {
        "t_hot": 31.23775899346717,
        "n_hot": 2129574677608.1926,
        "sse": 42.014019879785195,
        "R2": -1.195044909237207,
        "mse": 0.28009346586523465,
        "start": 45.1825,
        "end": 84.66749999999999,
        "t_hot_stdev": 3.6995040927080276,
        "n_hot_stdev": 532313588261.7201
    },
    "true_params": {
        "t_hot": 28.4386,
        "t_hot_stdev": 2.9855
    },
    "histogram": {
        "i": 1e+17,
        "l": 2.0,
        "a": 5.0,
        "filename": "hist_1e17_200_5"
    }
}