{
    "best_linear_fit": {
        "t_hot": 197.9247729688497,
        "n_hot": 487672871893059.6,
        "sse": 12.040162181344751,
        "R2": 0.9334712842267683,
        "mse": 0.08026774787563168,
        "start": 792.55,
        "end": 1153.13,
        "t_hot_stdev": 8.70630026890486,
        "n_hot_stdev": 106049388691472.47
    },
    "true_params": {
        "t_hot": 186.4095,
        "t_hot_stdev": 3.6196
    },
    "histogram": {
        "i": 1e+19,
        "l": 0.05,
        "a": 2.0,
        "filename": "hist_1e19_005_2"
    }
}