{
    "best_linear_fit": {
        "t_hot": 72.88210564319556,
        "n_hot": 18819409881107.15,
        "sse": 20.446731242674623,
        "R2": 0.8623721958341448,
        "mse": 0.13631154161783082,
        "start": 161.7885,
        "end": 264.1515,
        "t_hot_stdev": 5.419129856019474,
        "n_hot_stdev": 4128648640330.641
    },
    "true_params": {
        "t_hot": 66.648,
        "t_hot_stdev": 3.7649
    },
    "histogram": {
        "i": 1e+18,
        "l": 0.2,
        "a": 5.0,
        "filename": "hist_1e18_020_5"
    }
}