{
    "best_linear_fit": {
        "t_hot": 864.8358929036834,
        "n_hot": 54258698072861.19,
        "sse": 21.17844857619862,
        "R2": 0.8716511075440032,
        "mse": 0.14118965717465745,
        "start": 3178.226,
        "end": 4060.902,
        "t_hot_stdev": 90.06000376514491,
        "n_hot_stdev": 23707077512680.695
    },
    "true_params": {
        "t_hot": 692.8792032742878,
        "t_hot_stdev": 0.0
    },
    "histogram": {
        "i": 1e+19,
        "l": 0.5,
        "a": 20.0,
        "filename": "hist_1e19_050_20"
    }
}