{
    "best_linear_fit": {
        "t_hot": 186.87527322339503,
        "n_hot": 6685888450800.114,
        "sse": 13.785445604987766,
        "R2": 0.8962091803090598,
        "mse": 0.09190297069991844,
        "start": 421.9875,
        "end": 574.4145000000001,
        "t_hot_stdev": 19.64585706471522,
        "n_hot_stdev": 1881225715988.9822
    },
    "true_params": {
        "t_hot": 170.0001,
        "t_hot_stdev": 7.5737
    },
    "histogram": {
        "i": 1e+18,
        "l": 5.0,
        "a": 30.0,
        "filename": "hist_1e18_500_30"
    }
}