{
    "best_linear_fit": {
        "t_hot": 47.802877848736195,
        "n_hot": 263870286882.4165,
        "sse": 128.34101642481673,
        "R2": -4.056744152884771,
        "mse": 0.8556067761654449,
        "start": 26.389499999999998,
        "end": 37.26649999999999,
        "t_hot_stdev": 54.9668046335921,
        "n_hot_stdev": 203012824591.704
    },
    "true_params": {
        "t_hot": 4.9787,
        "t_hot_stdev": 0.1768
    },
    "histogram": {
        "i": 1e+17,
        "l": 0.2,
        "a": 5.0,
        "filename": "hist_1e17_020_5"
    }
}