{
    "best_linear_fit": {
        "t_hot": 1130.4377882541596,
        "n_hot": 34150574778733.785,
        "sse": 5.827532119113341,
        "R2": 0.9901246330829409,
        "mse": 0.038850214127422275,
        "start": 2449.9970000000003,
        "end": 3384.8230000000003,
        "t_hot_stdev": 76.21205722056887,
        "n_hot_stdev": 5967612751370.15
    },
    "true_params": {
        "t_hot": 906.1507,
        "t_hot_stdev": 18.6984
    },
    "histogram": {
        "i": 1e+19,
        "l": 0.5,
        "a": 1.0,
        "filename": "hist_1e19_050_1"
    }
}