{
    "best_linear_fit": {
        "t_hot": 597.9556841911693,
        "n_hot": 237061257775979.16,
        "sse": 11.479756742306217,
        "R2": 0.9749055115553649,
        "mse": 0.07653171161537478,
        "start": 3309.5074999999997,
        "end": 4269.8125,
        "t_hot_stdev": 29.1349278060461,
        "n_hot_stdev": 73402551403125.14
    },
    "true_params": {
        "t_hot": 576.8624,
        "t_hot_stdev": 4.3229
    },
    "histogram": {
        "i": 1e+19,
        "l": 1.0,
        "a": 3.0,
        "filename": "hist_1e19_100_3"
    }
}