{
    "best_linear_fit": {
        "t_hot": 133.2053275302188,
        "n_hot": 245937694335402.25,
        "sse": 0.42496237151735583,
        "R2": 0.9999217651498515,
        "mse": 0.002833082476782372,
        "start": 147.01749999999998,
        "end": 348.9125,
        "t_hot_stdev": 1.3231578590428212,
        "n_hot_stdev": 4673185740981.997
    },
    "true_params": {
        "t_hot": 128.8196,
        "t_hot_stdev": 1.2556
    },
    "histogram": {
        "i": 1e+18,
        "l": 0.2,
        "a": 45.0,
        "filename": "hist_1e18_020_45"
    }
}