{
    "best_linear_fit": {
        "t_hot": 3.9197852624368887,
        "n_hot": 16505423158888.033,
        "sse": 47.67734164494627,
        "R2": -0.007778760730781986,
        "mse": 0.3178489442996418,
        "start": 12.024000000000001,
        "end": 19.176000000000002,
        "t_hot_stdev": 0.34258777245710803,
        "n_hot_stdev": 5791876208527.751
    },
    "true_params": {
        "t_hot": 2.9642,
        "t_hot_stdev": 0.0392
    },
    "histogram": {
        "i": 1e+17,
        "l": 0.1,
        "a": 4.0,
        "filename": "hist_1e17_010_4"
    }
}