{
    "best_linear_fit": {
        "t_hot": 106.27540434705499,
        "n_hot": 3029362754730.113,
        "sse": 14.79858552232109,
        "R2": 0.8818691011720231,
        "mse": 0.09865723681547393,
        "start": 303.82849999999996,
        "end": 413.04549999999995,
        "t_hot_stdev": 9.18764462852954,
        "n_hot_stdev": 886745013425.36
    },
    "true_params": {
        "t_hot": 89.0722,
        "t_hot_stdev": 2.5137
    },
    "histogram": {
        "i": 1e+18,
        "l": 5.0,
        "a": 45.0,
        "filename": "hist_1e18_500_45"
    }
}