{
    "best_linear_fit": {
        "t_hot": 19.907328530469584,
        "n_hot": 114893281300952.75,
        "sse": 8.177084733763483,
        "R2": 0.9581551287120514,
        "mse": 0.05451389822508988,
        "start": 32.899,
        "end": 91.605,
        "t_hot_stdev": 0.4458220273819388,
        "n_hot_stdev": 8342743682734.969
    },
    "true_params": {
        "t_hot": 19.0541,
        "t_hot_stdev": 0.4995
    },
    "histogram": {
        "i": 1e+18,
        "l": 0.02,
        "a": 20.0,
        "filename": "hist_1e18_002_20"
    }
}