{
    "best_linear_fit": {
        "t_hot": 10.641337775438233,
        "n_hot": 22932063641970.895,
        "sse": 41.58173435336706,
        "R2": -2.2885278530169866,
        "mse": 0.2772115623557804,
        "start": 17.386499999999998,
        "end": 47.335499999999996,
        "t_hot_stdev": 0.5630931286435379,
        "n_hot_stdev": 3821355717293.5366
    },
    "true_params": {
        "t_hot": 11.2066,
        "t_hot_stdev": 0.7525
    },
    "histogram": {
        "i": 1e+18,
        "l": 0.01,
        "a": 0.0,
        "filename": "hist_1e18_001_0"
    }
}