{
    "best_linear_fit": {
        "t_hot": 303.2020404982005,
        "n_hot": 362921395442265.3,
        "sse": 0.15751141570832902,
        "R2": 0.9999957204181513,
        "mse": 0.0010500761047221934,
        "start": 723.441,
        "end": 1199.347,
        "t_hot_stdev": 1.7705894534705318,
        "n_hot_stdev": 6789150560587.557
    },
    "true_params": {
        "t_hot": 297.4668,
        "t_hot_stdev": 1.2793
    },
    "histogram": {
        "i": 1e+19,
        "l": 2.0,
        "a": 50.0,
        "filename": "hist_1e19_200_50"
    }
}