{
    "best_linear_fit": {
        "t_hot": 70.93230821745948,
        "n_hot": 14216557037360.734,
        "sse": 24.90269163063501,
        "R2": 0.7610804085893874,
        "mse": 0.1660179442042334,
        "start": 155.43,
        "end": 249.002,
        "t_hot_stdev": 6.197038790160066,
        "n_hot_stdev": 3572708369353.751
    },
    "true_params": {
        "t_hot": 61.5832,
        "t_hot_stdev": 2.2502
    },
    "histogram": {
        "i": 1e+18,
        "l": 0.2,
        "a": 4.0,
        "filename": "hist_1e18_020_4"
    }
}