{
    "best_linear_fit": {
        "t_hot": 19.76662293639858,
        "n_hot": 1879839332397.0222,
        "sse": 122.1822636460527,
        "R2": -13.154267284579786,
        "mse": 0.814548424307018,
        "start": 39.375,
        "end": 70.66499999999999,
        "t_hot_stdev": 3.1877354517181664,
        "n_hot_stdev": 855283629658.2529
    },
    "true_params": {
        "t_hot": 31.5871,
        "t_hot_stdev": 13.9912
    },
    "histogram": {
        "i": 1e+17,
        "l": 2.0,
        "a": 30.0,
        "filename": "hist_1e17_200_30"
    }
}