{
    "best_linear_fit": {
        "t_hot": 153.7323715068696,
        "n_hot": 533421961655294.2,
        "sse": 29.99609185922611,
        "R2": 0.440688623485065,
        "mse": 0.19997394572817406,
        "start": 618.428,
        "end": 1034.4360000000001,
        "t_hot_stdev": 7.185882390538409,
        "n_hot_stdev": 135464418132464.38
    },
    "true_params": {
        "t_hot": 147.8055,
        "t_hot_stdev": 2.736
    },
    "histogram": {
        "i": 1e+19,
        "l": 0.01,
        "a": 30.0,
        "filename": "hist_1e19_001_30"
    }
}