{
    "best_linear_fit": {
        "t_hot": 234.84625924144788,
        "n_hot": 5467592980610.2705,
        "sse": 73.41361010013276,
        "R2": -0.4769927825185696,
        "mse": 0.4894240673342184,
        "start": 926.2885,
        "end": 1184.5055,
        "t_hot_stdev": 42.265844363988734,
        "n_hot_stdev": 4433321923420.342
    },
    "true_params": {
        "t_hot": 210.4507,
        "t_hot_stdev": 4.2198
    },
    "histogram": {
        "i": 1e+18,
        "l": 2.0,
        "a": 10.0,
        "filename": "hist_1e18_200_10"
    }
}