{
    "best_linear_fit": {
        "t_hot": 243.3659444432389,
        "n_hot": 650699328410092.2,
        "sse": 1.2966143044864,
        "R2": 0.9991550991805155,
        "mse": 0.008644095363242666,
        "start": 470.547,
        "end": 952.413,
        "t_hot_stdev": 3.2323436454139998,
        "n_hot_stdev": 25750992383348.715
    },
    "true_params": {
        "t_hot": 237.7093,
        "t_hot_stdev": 3.1374
    },
    "histogram": {
        "i": 1e+19,
        "l": 0.01,
        "a": 4.0,
        "filename": "hist_1e19_001_4"
    }
}