{
    "best_linear_fit": {
        "t_hot": 267.86664194948503,
        "n_hot": 3828567704950.1597,
        "sse": 8.421867282368629,
        "R2": 0.9852510780132844,
        "mse": 0.05614578188245752,
        "start": 459.7905,
        "end": 644.6995,
        "t_hot_stdev": 26.007715732587428,
        "n_hot_stdev": 769979854740.3625
    },
    "true_params": {
        "t_hot": 195.0797,
        "t_hot_stdev": 8.7166
    },
    "histogram": {
        "i": 1e+18,
        "l": 1.0,
        "a": 3.0,
        "filename": "hist_1e18_100_3"
    }
}