{
    "best_linear_fit": {
        "t_hot": 5.75764206410151,
        "n_hot": 6660140222748.38,
        "sse": 120.61914523548664,
        "R2": -5.79778090712513,
        "mse": 0.8041276349032442,
        "start": 21.2925,
        "end": 33.957499999999996,
        "t_hot_stdev": 0.663912813504957,
        "n_hot_stdev": 3717304076159.621
    },
    "true_params": {
        "t_hot": 5.4926,
        "t_hot_stdev": 0.2706
    },
    "histogram": {
        "i": 1e+17,
        "l": 0.5,
        "a": 1.0,
        "filename": "hist_1e17_050_1"
    }
}