{
    "best_linear_fit": {
        "t_hot": 554.4064737976126,
        "n_hot": 52254092511344.97,
        "sse": 76.93733646849105,
        "R2": 0.2580870133340042,
        "mse": 0.512915576456607,
        "start": 3554.613,
        "end": 4279.647,
        "t_hot_stdev": 85.87872394352223,
        "n_hot_stdev": 57272303650523.88
    },
    "true_params": {
        "t_hot": 479.0443,
        "t_hot_stdev": 5.2686
    },
    "histogram": {
        "i": 1e+19,
        "l": 2.0,
        "a": 20.0,
        "filename": "hist_1e19_200_20"
    }
}