{
    "best_linear_fit": {
        "t_hot": 15.127241313964463,
        "n_hot": 2222356415588.485,
        "sse": 53.508348452217206,
        "R2": -0.6864514028717981,
        "mse": 0.35672232301478135,
        "start": 31.533,
        "end": 52.095,
        "t_hot_stdev": 1.8801118413682143,
        "n_hot_stdev": 771239975152.4138
    },
    "true_params": {
        "t_hot": 12.2693,
        "t_hot_stdev": 0.5717
    },
    "histogram": {
        "i": 1e+17,
        "l": 2.0,
        "a": 0.0,
        "filename": "hist_1e17_200_0"
    }
}