{
    "best_linear_fit": {
        "t_hot": 135.26960139928065,
        "n_hot": 303999105663004.5,
        "sse": 60.714836368854726,
        "R2": -0.21013347097573343,
        "mse": 0.40476557579236483,
        "start": 605.6505,
        "end": 877.8735,
        "t_hot_stdev": 12.096001043296884,
        "n_hot_stdev": 149911264725287.34
    },
    "true_params": {
        "t_hot": 113.9101,
        "t_hot_stdev": 2.4051
    },
    "histogram": {
        "i": 1e+19,
        "l": 0.01,
        "a": 50.0,
        "filename": "hist_1e19_001_50"
    }
}