{
    "best_linear_fit": {
        "t_hot": 0.9432690327794794,
        "n_hot": 79786016901470.95,
        "sse": 28.37972245237809,
        "R2": 0.21160460202706488,
        "mse": 0.1891981496825206,
        "start": 3.252,
        "end": 6.827999999999999,
        "t_hot_stdev": 0.030612338855716792,
        "n_hot_stdev": 14126151507001.006
    },
    "true_params": {
        "t_hot": 0.9338,
        "t_hot_stdev": 0.0244
    },
    "histogram": {
        "i": 1e+17,
        "l": 5.0,
        "a": 45.0,
        "filename": "hist_1e17_500_45"
    }
}