{
    "best_linear_fit": {
        "t_hot": 373.8556428315002,
        "n_hot": 5774930894692.564,
        "sse": 4.89990428174115,
        "R2": 0.9914789469492777,
        "mse": 0.032666028544941,
        "start": 469.7875,
        "end": 689.5625,
        "t_hot_stdev": 32.51188768652589,
        "n_hot_stdev": 783404084563.6017
    },
    "true_params": {
        "t_hot": 286.9864,
        "t_hot_stdev": 12.7614
    },
    "histogram": {
        "i": 1e+18,
        "l": 2.0,
        "a": 2.0,
        "filename": "hist_1e18_200_2"
    }
}