{
    "best_linear_fit": {
        "t_hot": 9.585040247888626,
        "n_hot": 1707273193310.352,
        "sse": 141.1364657205643,
        "R2": -8.877030349719035,
        "mse": 0.9409097714704286,
        "start": 21.9635,
        "end": 38.204499999999996,
        "t_hot_stdev": 1.5520779555149316,
        "n_hot_stdev": 878302607670.6234
    },
    "true_params": {
        "t_hot": 5.2463,
        "t_hot_stdev": 0.2
    },
    "histogram": {
        "i": 1e+17,
        "l": 1.0,
        "a": 40.0,
        "filename": "hist_1e17_100_40"
    }
}