{
    "best_linear_fit": {
        "t_hot": 8.64437583540714,
        "n_hot": 24443086283613.977,
        "sse": 62.39815899359673,
        "R2": -2.74547087193508,
        "mse": 0.4159877266239782,
        "start": 22.41,
        "end": 38.501999999999995,
        "t_hot_stdev": 0.8471531731865646,
        "n_hot_stdev": 8538542991214.288
    },
    "true_params": {
        "t_hot": 8.6685,
        "t_hot_stdev": 0.6326
    },
    "histogram": {
        "i": 1e+18,
        "l": 0.02,
        "a": 4.0,
        "filename": "hist_1e18_002_4"
    }
}