{
    "best_linear_fit": {
        "t_hot": 4.627050007651409,
        "n_hot": 7363955463990.395,
        "sse": 81.22937483619555,
        "R2": -2.8125412228921123,
        "mse": 0.5415291655746369,
        "start": 16.3075,
        "end": 24.5025,
        "t_hot_stdev": 0.5437944618822921,
        "n_hot_stdev": 3842484418554.091
    },
    "true_params": {
        "t_hot": 5.2022,
        "t_hot_stdev": 0.3048
    },
    "histogram": {
        "i": 1e+17,
        "l": 0.05,
        "a": 5.0,
        "filename": "hist_1e17_005_5"
    }
}