{
    "best_linear_fit": {
        "t_hot": 25.573173791382423,
        "n_hot": 419990354194146.7,
        "sse": 0.7769866424877866,
        "R2": 0.9998965291098935,
        "mse": 0.005179910949918577,
        "start": 47.9375,
        "end": 96.36250000000001,
        "t_hot_stdev": 0.2749319443180781,
        "n_hot_stdev": 12978941955108.627
    },
    "true_params": {
        "t_hot": 25.1092,
        "t_hot_stdev": 0.1891
    },
    "histogram": {
        "i": 1e+18,
        "l": 0.05,
        "a": 60.0,
        "filename": "hist_1e18_005_60"
    }
}