{
    "best_linear_fit": {
        "t_hot": 499.9213559561985,
        "n_hot": 272288219096086.88,
        "sse": 7.107783413776069,
        "R2": 0.9756672583472892,
        "mse": 0.04738522275850712,
        "start": 1486.7625,
        "end": 2207.1775,
        "t_hot_stdev": 21.36025935561613,
        "n_hot_stdev": 43257767053254.87
    },
    "true_params": {
        "t_hot": 462.4804,
        "t_hot_stdev": 11.2318
    },
    "histogram": {
        "i": 1e+19,
        "l": 0.2,
        "a": 25.0,
        "filename": "hist_1e19_020_25"
    }
}