{
    "best_linear_fit": {
        "t_hot": 262.5349762811839,
        "n_hot": 324430775871231.2,
        "sse": 27.899848551859733,
        "R2": 0.655086043240313,
        "mse": 0.18599899034573156,
        "start": 1146.7505,
        "end": 1620.7195,
        "t_hot_stdev": 17.73961225183628,
        "n_hot_stdev": 116114309755687.14
    },
    "true_params": {
        "t_hot": 218.4978,
        "t_hot_stdev": 2.5447
    },
    "histogram": {
        "i": 1e+19,
        "l": 0.01,
        "a": 3.0,
        "filename": "hist_1e19_001_3"
    }
}