{
    "best_linear_fit": {
        "t_hot": 94.56339372819603,
        "n_hot": 471430815531958.4,
        "sse": 14.31494188125044,
        "R2": 0.9556115654750267,
        "mse": 0.09543294587500294,
        "start": 393.5525,
        "end": 587.4014999999999,
        "t_hot_stdev": 4.0308452552307825,
        "n_hot_stdev": 104913757561072.14
    },
    "true_params": {
        "t_hot": 90.4765,
        "t_hot_stdev": 2.4304
    },
    "histogram": {
        "i": 1e+19,
        "l": 0.05,
        "a": 60.0,
        "filename": "hist_1e19_005_60"
    }
}