{
    "best_linear_fit": {
        "t_hot": 6.438764393431885,
        "n_hot": 5899711189316.46,
        "sse": 77.62038944945957,
        "R2": -3.1030771365907723,
        "mse": 0.5174692629963971,
        "start": 14.278500000000001,
        "end": 22.7715,
        "t_hot_stdev": 0.993231874687275,
        "n_hot_stdev": 2641528206209.8926
    },
    "true_params": {
        "t_hot": 4.3538,
        "t_hot_stdev": 0.2068
    },
    "histogram": {
        "i": 1e+17,
        "l": 0.02,
        "a": 10.0,
        "filename": "hist_1e17_002_10"
    }
}