{
    "best_linear_fit": {
        "t_hot": 8.067239143101673,
        "n_hot": 133827031074634.23,
        "sse": 2.5830035919973673,
        "R2": 0.9969251402203044,
        "mse": 0.017220023946649114,
        "start": 16.7325,
        "end": 31.1855,
        "t_hot_stdev": 0.16713721498636955,
        "n_hot_stdev": 8360046019222.003
    },
    "true_params": {
        "t_hot": 7.8105,
        "t_hot_stdev": 0.0815
    },
    "histogram": {
        "i": 1e+17,
        "l": 0.02,
        "a": 50.0,
        "filename": "hist_1e17_002_50"
    }
}