{
    "best_linear_fit": {
        "t_hot": 275.90076966118085,
        "n_hot": 66952013635973.4,
        "sse": 95.51406472600425,
        "R2": -1.6405994071892294,
        "mse": 0.636760431506695,
        "start": 1050.1019999999999,
        "end": 1509.618,
        "t_hot_stdev": 37.39018778198665,
        "n_hot_stdev": 42318388045581.68
    },
    "true_params": {
        "t_hot": 185.4967,
        "t_hot_stdev": 5.6875
    },
    "histogram": {
        "i": 1e+19,
        "l": 0.1,
        "a": 4.0,
        "filename": "hist_1e19_010_4"
    }
}