{
    "best_linear_fit": {
        "t_hot": 8.916481583159285,
        "n_hot": 73749272494481.6,
        "sse": 3.4681786014924745,
        "R2": 0.9925206045452003,
        "mse": 0.023121190676616495,
        "start": 14.95,
        "end": 28.658,
        "t_hot_stdev": 0.24944939876984173,
        "n_hot_stdev": 5128842357724.056
    },
    "true_params": {
        "t_hot": 8.4951,
        "t_hot_stdev": 0.231
    },
    "histogram": {
        "i": 1e+17,
        "l": 0.01,
        "a": 45.0,
        "filename": "hist_1e17_001_45"
    }
}