{
    "best_linear_fit": {
        "t_hot": 35.345541811894435,
        "n_hot": 914268359449.2449,
        "sse": 22.144121719133146,
        "R2": 0.5730739324662792,
        "mse": 0.1476274781275543,
        "start": 33.0995,
        "end": 61.8565,
        "t_hot_stdev": 4.721431961268397,
        "n_hot_stdev": 166569749009.2645
    },
    "true_params": {
        "t_hot": 28.0104,
        "t_hot_stdev": 1.3527
    },
    "histogram": {
        "i": 1e+17,
        "l": 5.0,
        "a": 4.0,
        "filename": "hist_1e17_500_4"
    }
}