{
    "best_linear_fit": {
        "t_hot": 1.0559522297874435,
        "n_hot": 96233920766717.64,
        "sse": 36.61040590001358,
        "R2": 0.42698440835754314,
        "mse": 0.2440693726667572,
        "start": 5.995,
        "end": 9.273,
        "t_hot_stdev": 0.04753359508180243,
        "n_hot_stdev": 31560774361062.484
    },
    "true_params": {
        "t_hot": 0.9935,
        "t_hot_stdev": 0.0143
    },
    "histogram": {
        "i": 1e+17,
        "l": 2.0,
        "a": 45.0,
        "filename": "hist_1e17_200_45"
    }
}