{
    "best_linear_fit": {
        "t_hot": 148.28842267456295,
        "n_hot": 64667723472561.35,
        "sse": 15.052219455520685,
        "R2": 0.9265207285609545,
        "mse": 0.10034812970347123,
        "start": 526.851,
        "end": 747.669,
        "t_hot_stdev": 8.922757425771865,
        "n_hot_stdev": 16806591602794.697
    },
    "true_params": {
        "t_hot": 139.41,
        "t_hot_stdev": 4.7401
    },
    "histogram": {
        "i": 1e+19,
        "l": 0.5,
        "a": 60.0,
        "filename": "hist_1e19_050_60"
    }
}