{
    "best_linear_fit": {
        "t_hot": 34.85499212904389,
        "n_hot": 22311747864658.504,
        "sse": 14.161628622853703,
        "R2": 0.9180608313651047,
        "mse": 0.09441085748569135,
        "start": 79.035,
        "end": 128.20499999999998,
        "t_hot_stdev": 2.147361521124994,
        "n_hot_stdev": 4125180008270.7104
    },
    "true_params": {
        "t_hot": 31.6801,
        "t_hot_stdev": 0.5829
    },
    "histogram": {
        "i": 1e+18,
        "l": 0.1,
        "a": 3.0,
        "filename": "hist_1e18_010_3"
    }
}