{
    "best_linear_fit": {
        "t_hot": 64.98093537568269,
        "n_hot": 7993405937159.102,
        "sse": 10.750897834647363,
        "R2": 0.8797753458025155,
        "mse": 0.07167265223098242,
        "start": 68.663,
        "end": 104.125,
        "t_hot_stdev": 9.016746405796438,
        "n_hot_stdev": 1485119366687.61
    },
    "true_params": {
        "t_hot": 54.0131,
        "t_hot_stdev": 2.2531
    },
    "histogram": {
        "i": 1e+17,
        "l": 0.1,
        "a": 20.0,
        "filename": "hist_1e17_010_20"
    }
}