{
    "best_linear_fit": {
        "t_hot": 424.8812805262132,
        "n_hot": 612861434309299.9,
        "sse": 0.9698169573853662,
        "R2": 0.9997708945138808,
        "mse": 0.006465446382569108,
        "start": 1308.732,
        "end": 1989.364,
        "t_hot_stdev": 6.032349757214678,
        "n_hot_stdev": 34013296764603.047
    },
    "true_params": {
        "t_hot": 417.3355,
        "t_hot_stdev": 6.8652
    },
    "histogram": {
        "i": 1e+19,
        "l": 0.8,
        "a": 30.0,
        "filename": "hist_1e19_080_30"
    }
}