{
    "best_linear_fit": {
        "t_hot": 357.79909877892214,
        "n_hot": 385890319240236.6,
        "sse": 0.16250429093506602,
        "R2": 0.9999948062560086,
        "mse": 0.0010833619395671068,
        "start": 906.7529999999999,
        "end": 1567.4189999999999,
        "t_hot_stdev": 1.8040465535778099,
        "n_hot_stdev": 6807714754098.57
    },
    "true_params": {
        "t_hot": 352.021,
        "t_hot_stdev": 1.3828
    },
    "histogram": {
        "i": 1e+19,
        "l": 5.0,
        "a": 45.0,
        "filename": "hist_1e19_500_45"
    }
}