{
    "best_linear_fit": {
        "t_hot": 20.576648564916763,
        "n_hot": 2154589442413.1184,
        "sse": 21.05023476806709,
        "R2": 0.5704385569446517,
        "mse": 0.14033489845378058,
        "start": 30.268,
        "end": 57.684,
        "t_hot_stdev": 1.636411252556224,
        "n_hot_stdev": 372165836585.6527
    },
    "true_params": {
        "t_hot": 20.4529,
        "t_hot_stdev": 1.6617
    },
    "histogram": {
        "i": 1e+17,
        "l": 2.0,
        "a": 3.0,
        "filename": "hist_1e17_200_3"
    }
}