{
    "best_linear_fit": {
        "t_hot": 31.404421523327915,
        "n_hot": 3338751603828.686,
        "sse": 158.86527367162685,
        "R2": -9.342481547700068,
        "mse": 1.0591018244775123,
        "start": 104.63999999999999,
        "end": 161.856,
        "t_hot_stdev": 5.017615603510393,
        "n_hot_stdev": 2280950157977.307
    },
    "true_params": {
        "t_hot": 20.2129,
        "t_hot_stdev": 0.8242
    },
    "histogram": {
        "i": 1e+18,
        "l": 0.05,
        "a": 3.0,
        "filename": "hist_1e18_005_3"
    }
}