{
    "best_linear_fit": {
        "t_hot": 319.2374885144475,
        "n_hot": 881555576542.2114,
        "sse": 15.482254691364734,
        "R2": 0.9520940950437908,
        "mse": 0.1032150312757649,
        "start": 904.761,
        "end": 1091.607,
        "t_hot_stdev": 49.56554276027133,
        "n_hot_stdev": 428601811681.36017
    },
    "true_params": {
        "t_hot": 187.6469,
        "t_hot_stdev": 11.1004
    },
    "histogram": {
        "i": 1e+18,
        "l": 1.0,
        "a": 4.0,
        "filename": "hist_1e18_100_4"
    }
}