{
    "best_linear_fit": {
        "t_hot": 2.4630501725890586,
        "n_hot": 35205634515331.5,
        "sse": 0.8533006212281508,
        "R2": 0.9996981273396351,
        "mse": 0.005688670808187672,
        "start": 3.3115,
        "end": 8.8245,
        "t_hot_stdev": 0.02347622979367833,
        "n_hot_stdev": 855012737151.2942
    },
    "true_params": {
        "t_hot": 2.3279,
        "t_hot_stdev": 0.0161
    },
    "histogram": {
        "i": 1e+17,
        "l": 0.05,
        "a": 2.0,
        "filename": "hist_1e17_005_2"
    }
}