{
    "best_linear_fit": {
        "t_hot": 645.3470240885606,
        "n_hot": 315540698495020.4,
        "sse": 0.32919270206910317,
        "R2": 0.9999866091105442,
        "mse": 0.0021946180137940212,
        "start": 1349.634,
        "end": 2287.142,
        "t_hot_stdev": 5.886478156475864,
        "n_hot_stdev": 8200334390093.501
    },
    "true_params": {
        "t_hot": 617.7807,
        "t_hot_stdev": 5.3199
    },
    "histogram": {
        "i": 1e+19,
        "l": 2.0,
        "a": 3.0,
        "filename": "hist_1e19_200_3"
    }
}