{
    "best_linear_fit": {
        "t_hot": 474.70085469351943,
        "n_hot": 152854172032947.03,
        "sse": 11.827165361179398,
        "R2": 0.9616805393822643,
        "mse": 0.07884776907452933,
        "start": 2011.625,
        "end": 2585.2749999999996,
        "t_hot_stdev": 31.199825155157622,
        "n_hot_stdev": 48771242060364.77
    },
    "true_params": {
        "t_hot": 401.2418,
        "t_hot_stdev": 2.4016
    },
    "histogram": {
        "i": 1e+19,
        "l": 0.5,
        "a": 45.0,
        "filename": "hist_1e19_050_45"
    }
}