{
    "best_linear_fit": {
        "t_hot": 1.2781401668768742,
        "n_hot": 16412832877843.934,
        "sse": 19.29145600069724,
        "R2": 0.6272538837920102,
        "mse": 0.12860970667131494,
        "start": 2.8375000000000004,
        "end": 6.5625,
        "t_hot_stdev": 0.044486884164916904,
        "n_hot_stdev": 2155660891156.41
    },
    "true_params": {
        "t_hot": 1.23,
        "t_hot_stdev": 0.1
    },
    "histogram": {
        "i": 1e+17,
        "l": 0.01,
        "a": 0.0,
        "filename": "hist_1e17_001_0"
    }
}