{
    "best_linear_fit": {
        "t_hot": 848.3540624893723,
        "n_hot": 186657459226592.2,
        "sse": 0.35352177808876356,
        "R2": 0.999979265063689,
        "mse": 0.0023568118539250902,
        "start": 2254.343,
        "end": 3308.965,
        "t_hot_stdev": 9.370965604858567,
        "n_hot_stdev": 6801405655115.241
    },
    "true_params": {
        "t_hot": 785.5166,
        "t_hot_stdev": 3.4249
    },
    "histogram": {
        "i": 1e+19,
        "l": 5.0,
        "a": 2.0,
        "filename": "hist_1e19_500_2"
    }
}