{
    "best_linear_fit": {
        "t_hot": 1.0632198630054939,
        "n_hot": 96473761736191.0,
        "sse": 35.07886037962711,
        "R2": 0.49666206155843096,
        "mse": 0.23385906919751406,
        "start": 5.1,
        "end": 8.676,
        "t_hot_stdev": 0.04324044821987162,
        "n_hot_stdev": 25705955642337.445
    },
    "true_params": {
        "t_hot": 1.0224,
        "t_hot_stdev": 0.025
    },
    "histogram": {
        "i": 1e+17,
        "l": 1.0,
        "a": 60.0,
        "filename": "hist_1e17_100_60"
    }
}