{
    "best_linear_fit": {
        "t_hot": 8.6271529038897,
        "n_hot": 4347339525197.7812,
        "sse": 25.241037970736954,
        "R2": 0.6259304404332414,
        "mse": 0.1682735864715797,
        "start": 15.39,
        "end": 31.482,
        "t_hot_stdev": 0.536657703965829,
        "n_hot_stdev": 749113748559.7949
    },
    "true_params": {
        "t_hot": 8.9147,
        "t_hot_stdev": 0.6735
    },
    "histogram": {
        "i": 1e+17,
        "l": 1.0,
        "a": 0.0,
        "filename": "hist_1e17_100_0"
    }
}