{
    "best_linear_fit": {
        "t_hot": 5.478121596771521,
        "n_hot": 27211849855672.805,
        "sse": 14.509694372091026,
        "R2": 0.9118895598963886,
        "mse": 0.09673129581394017,
        "start": 13.3875,
        "end": 22.7745,
        "t_hot_stdev": 0.2812447646136937,
        "n_hot_stdev": 4663253246430.6455
    },
    "true_params": {
        "t_hot": 5.3648,
        "t_hot_stdev": 0.3162
    },
    "histogram": {
        "i": 1e+17,
        "l": 0.02,
        "a": 60.0,
        "filename": "hist_1e17_002_60"
    }
}