{
    "best_linear_fit": {
        "t_hot": 2.705352965477915,
        "n_hot": 25616700322746.402,
        "sse": 46.20837483124753,
        "R2": 0.10551080331169327,
        "mse": 0.3080558322083169,
        "start": 14.2475,
        "end": 20.356499999999997,
        "t_hot_stdev": 0.1880861812270204,
        "n_hot_stdev": 11449927794309.408
    },
    "true_params": {
        "t_hot": 2.563,
        "t_hot_stdev": 0.0231
    },
    "histogram": {
        "i": 1e+17,
        "l": 0.05,
        "a": 3.0,
        "filename": "hist_1e17_005_3"
    }
}