{
    "best_linear_fit": {
        "t_hot": 124.0257628013039,
        "n_hot": 11903129098346.646,
        "sse": 10.774328354913953,
        "R2": 0.9677704176434172,
        "mse": 0.07182885569942635,
        "start": 269.49,
        "end": 385.71000000000004,
        "t_hot_stdev": 10.03360135831763,
        "n_hot_stdev": 2557018653876.1235
    },
    "true_params": {
        "t_hot": 108.7935,
        "t_hot_stdev": 4.4689
    },
    "histogram": {
        "i": 1e+18,
        "l": 0.5,
        "a": 3.0,
        "filename": "hist_1e18_050_3"
    }
}