{
    "best_linear_fit": {
        "t_hot": 712.2549768112394,
        "n_hot": 85299131268535.12,
        "sse": 13.546928431436447,
        "R2": 0.9512384374574984,
        "mse": 0.09031285620957631,
        "start": 2748.103,
        "end": 3561.3450000000003,
        "t_hot_stdev": 53.02618709748144,
        "n_hot_stdev": 28205944066354.18
    },
    "true_params": {
        "t_hot": 623.9831,
        "t_hot_stdev": 12.125
    },
    "histogram": {
        "i": 1e+19,
        "l": 0.6,
        "a": 15.0,
        "filename": "hist_1e19_060_15"
    }
}