{
    "best_linear_fit": {
        "t_hot": 597.0578951098546,
        "n_hot": 283460555790947.94,
        "sse": 2.9819292969870412,
        "R2": 0.9986026173630239,
        "mse": 0.019879528646580276,
        "start": 3267.411,
        "end": 4166.477,
        "t_hot_stdev": 15.812800223286308,
        "n_hot_stdev": 46851644784821.28
    },
    "true_params": {
        "t_hot": 543.6043,
        "t_hot_stdev": 1.4279
    },
    "histogram": {
        "i": 1e+19,
        "l": 5.0,
        "a": 10.0,
        "filename": "hist_1e19_500_10"
    }
}