{
    "best_linear_fit": {
        "t_hot": 558.649037159287,
        "n_hot": 2573944049505.5146,
        "sse": 22.15131162090188,
        "R2": 0.8462641315676253,
        "mse": 0.1476754108060125,
        "start": 1430.7725,
        "end": 1941.3955,
        "t_hot_stdev": 66.43489547585418,
        "n_hot_stdev": 927410265933.2184
    },
    "true_params": {
        "t_hot": 409.7926,
        "t_hot_stdev": 12.5375
    },
    "histogram": {
        "i": 1e+18,
        "l": 5.0,
        "a": 5.0,
        "filename": "hist_1e18_500_5"
    }
}