{
    "best_linear_fit": {
        "t_hot": 11.258770852820986,
        "n_hot": 36727764895818.305,
        "sse": 63.38863440641539,
        "R2": -1.207180476290615,
        "mse": 0.4225908960427693,
        "start": 31.603,
        "end": 74.217,
        "t_hot_stdev": 0.5469582192681475,
        "n_hot_stdev": 8611639185501.941
    },
    "true_params": {
        "t_hot": 10.2753,
        "t_hot_stdev": 0.2895
    },
    "histogram": {
        "i": 1e+18,
        "l": 0.02,
        "a": 3.0,
        "filename": "hist_1e18_002_3"
    }
}