{
    "best_linear_fit": {
        "t_hot": 749.6801927019113,
        "n_hot": 50928475600879.055,
        "sse": 31.20615903962522,
        "R2": 0.6879454277801278,
        "mse": 0.20804106026416813,
        "start": 2786.085,
        "end": 3699.455,
        "t_hot_stdev": 79.38606678701358,
        "n_hot_stdev": 23405561059044.848
    },
    "true_params": {
        "t_hot": 639.3633,
        "t_hot_stdev": 12.183
    },
    "histogram": {
        "i": 1e+19,
        "l": 0.4,
        "a": 5.0,
        "filename": "hist_1e19_040_5"
    }
}