{
    "best_linear_fit": {
        "t_hot": 261.75565021072623,
        "n_hot": 13259524334548.281,
        "sse": 73.01781147781642,
        "R2": 0.09201638265725443,
        "mse": 0.4867854098521095,
        "start": 1262.8065000000001,
        "end": 1598.5035,
        "t_hot_stdev": 40.27892510267221,
        "n_hot_stdev": 11177790241224.883
    },
    "true_params": {
        "t_hot": 183.2596,
        "t_hot_stdev": 1.2414
    },
    "histogram": {
        "i": 1e+19,
        "l": 1.0,
        "a": 60.0,
        "filename": "hist_1e19_100_60"
    }
}