{
    "best_linear_fit": {
        "t_hot": 221.7227445929419,
        "n_hot": 2177171647737.683,
        "sse": 14.356664292206442,
        "R2": 0.8731820172187765,
        "mse": 0.09571109528137628,
        "start": 258.6555,
        "end": 361.0185,
        "t_hot_stdev": 42.02648375202597,
        "n_hot_stdev": 579323266412.0946
    },
    "true_params": {
        "t_hot": 160.6538,
        "t_hot_stdev": 10.9333
    },
    "histogram": {
        "i": 1e+18,
        "l": 2.0,
        "a": 30.0,
        "filename": "hist_1e18_200_30"
    }
}