{
    "best_linear_fit": {
        "t_hot": 437.5108090488665,
        "n_hot": 57074178621039.53,
        "sse": 14.5436803309961,
        "R2": 0.9048124320641477,
        "mse": 0.09695786887330733,
        "start": 1110.8519999999999,
        "end": 1734.268,
        "t_hot_stdev": 27.043044721326694,
        "n_hot_stdev": 11563303668065.123
    },
    "true_params": {
        "t_hot": 383.6997,
        "t_hot_stdev": 27.0015
    },
    "histogram": {
        "i": 1e+19,
        "l": 0.2,
        "a": 10.0,
        "filename": "hist_1e19_020_10"
    }
}