{
    "best_linear_fit": {
        "t_hot": 8.306004029546317,
        "n_hot": 32792313203374.574,
        "sse": 10.806884307767033,
        "R2": 0.9498071256670033,
        "mse": 0.07204589538511355,
        "start": 20.377,
        "end": 32.595,
        "t_hot_stdev": 0.4286997217092632,
        "n_hot_stdev": 5445341219723.992
    },
    "true_params": {
        "t_hot": 7.758,
        "t_hot_stdev": 0.2104
    },
    "histogram": {
        "i": 1e+17,
        "l": 0.05,
        "a": 60.0,
        "filename": "hist_1e17_005_60"
    }
}