{
    "best_linear_fit": {
        "t_hot": 104.7199022532602,
        "n_hot": 37703748967949.46,
        "sse": 3.040382513434011,
        "R2": 0.9947738267141497,
        "mse": 0.02026921675622674,
        "start": 111.2055,
        "end": 235.3225,
        "t_hot_stdev": 3.5580340170687808,
        "n_hot_stdev": 2164994224311.5625
    },
    "true_params": {
        "t_hot": 112.9096,
        "t_hot_stdev": 6.9148
    },
    "histogram": {
        "i": 1e+18,
        "l": 0.2,
        "a": 10.0,
        "filename": "hist_1e18_020_10"
    }
}