{
    "best_linear_fit": {
        "t_hot": 9.853813311745563,
        "n_hot": 44181605152340.55,
        "sse": 5.221016010023926,
        "R2": 0.9803632749489507,
        "mse": 0.03480677340015951,
        "start": 16.807499999999997,
        "end": 28.8765,
        "t_hot_stdev": 0.4245547277737806,
        "n_hot_stdev": 4464376804085.052
    },
    "true_params": {
        "t_hot": 8.8633,
        "t_hot_stdev": 0.1697
    },
    "histogram": {
        "i": 1e+17,
        "l": 0.01,
        "a": 40.0,
        "filename": "hist_1e17_001_40"
    }
}