{
    "best_linear_fit": {
        "t_hot": 44.71071899601722,
        "n_hot": 43695254386018.59,
        "sse": 5.926770650337201,
        "R2": 0.9723796161538268,
        "mse": 0.039511804335581345,
        "start": 85.095,
        "end": 139.62900000000002,
        "t_hot_stdev": 2.061027616133565,
        "n_hot_stdev": 5112008766746.869
    },
    "true_params": {
        "t_hot": 39.6727,
        "t_hot_stdev": 0.6319
    },
    "histogram": {
        "i": 1e+17,
        "l": 0.1,
        "a": 40.0,
        "filename": "hist_1e17_010_40"
    }
}