{
    "best_linear_fit": {
        "t_hot": 653.5615953459491,
        "n_hot": 211365851014488.0,
        "sse": 2.544837409158825,
        "R2": 0.9983156540062986,
        "mse": 0.016965582727725498,
        "start": 2010.4875000000002,
        "end": 2781.5625,
        "t_hot_stdev": 20.40916526313445,
        "n_hot_stdev": 24303527882252.81
    },
    "true_params": {
        "t_hot": 620.9316,
        "t_hot_stdev": 11.9641
    },
    "histogram": {
        "i": 1e+19,
        "l": 0.6,
        "a": 30.0,
        "filename": "hist_1e19_060_30"
    }
}