{
    "best_linear_fit": {
        "t_hot": 28.954537786069178,
        "n_hot": 667972619498034.4,
        "sse": 0.9189401695018142,
        "R2": 0.9996888725052364,
        "mse": 0.0061262677966787615,
        "start": 44.361000000000004,
        "end": 127.503,
        "t_hot_stdev": 0.2232416481094816,
        "n_hot_stdev": 15877339390017.031
    },
    "true_params": {
        "t_hot": 29.831747237640727,
        "t_hot_stdev": 0.0
    },
    "histogram": {
        "i": 1e+18,
        "l": 0.02,
        "a": 50.0,
        "filename": "hist_1e18_002_50"
    }
}