{
    "best_linear_fit": {
        "t_hot": 11.112045405741833,
        "n_hot": 14467018264059.445,
        "sse": 14.42295510748877,
        "R2": 0.7502338111714546,
        "mse": 0.09615303404992513,
        "start": 17.8815,
        "end": 31.4405,
        "t_hot_stdev": 0.7987415489683173,
        "n_hot_stdev": 2337125676106.842
    },
    "true_params": {
        "t_hot": 9.6058,
        "t_hot_stdev": 0.4225
    },
    "histogram": {
        "i": 1e+18,
        "l": 0.01,
        "a": 10.0,
        "filename": "hist_1e18_001_10"
    }
}