{
    "best_linear_fit": {
        "t_hot": 37.46920343691938,
        "n_hot": 1690327824806.6877,
        "sse": 54.03731411128499,
        "R2": -2.708497478471373,
        "mse": 0.36024876074189993,
        "start": 33.9025,
        "end": 62.3615,
        "t_hot_stdev": 8.375195605313616,
        "n_hot_stdev": 492458009970.00226
    },
    "true_params": {
        "t_hot": 26.8458,
        "t_hot_stdev": 2.912
    },
    "histogram": {
        "i": 1e+17,
        "l": 0.5,
        "a": 45.0,
        "filename": "hist_1e17_050_45"
    }
}