{
    "best_linear_fit": {
        "t_hot": 350.000020075127,
        "n_hot": 8208954223294.64,
        "sse": 2.751786453526828,
        "R2": 0.9973250648271549,
        "mse": 0.01834524302351219,
        "start": 385.09799999999996,
        "end": 606.2139999999999,
        "t_hot_stdev": 21.22472782165541,
        "n_hot_stdev": 710875336550.969
    },
    "true_params": {
        "t_hot": 308.3994,
        "t_hot_stdev": 11.9289
    },
    "histogram": {
        "i": 1e+18,
        "l": 2.0,
        "a": 3.0,
        "filename": "hist_1e18_200_3"
    }
}