{
    "best_linear_fit": {
        "t_hot": 1.2232375480532705,
        "n_hot": 21181869302853.566,
        "sse": 44.991651790700274,
        "R2": -1.190995021876744,
        "mse": 0.2999443452713352,
        "start": 4.0135000000000005,
        "end": 7.4405,
        "t_hot_stdev": 0.06763823525923239,
        "n_hot_stdev": 5565848151890.899
    },
    "true_params": {
        "t_hot": 1.1753,
        "t_hot_stdev": 0.0436
    },
    "histogram": {
        "i": 1e+17,
        "l": 0.01,
        "a": 3.0,
        "filename": "hist_1e17_001_3"
    }
}