{
    "best_linear_fit": {
        "t_hot": 32.443401486060836,
        "n_hot": 8556236290596.795,
        "sse": 13.882234024550067,
        "R2": 0.9408478897009148,
        "mse": 0.09254822683033379,
        "start": 85.55250000000001,
        "end": 123.5475,
        "t_hot_stdev": 2.383827305795654,
        "n_hot_stdev": 2037217493218.898
    },
    "true_params": {
        "t_hot": 30.2637,
        "t_hot_stdev": 0.4363
    },
    "histogram": {
        "i": 1e+18,
        "l": 1.0,
        "a": 60.0,
        "filename": "hist_1e18_100_60"
    }
}