{
    "best_linear_fit": {
        "t_hot": 2.2950040890295376,
        "n_hot": 44735475484326.92,
        "sse": 0.9664025982316063,
        "R2": 0.9996371543625421,
        "mse": 0.006442683988210709,
        "start": 3.9105,
        "end": 8.8275,
        "t_hot_stdev": 0.02432005539642326,
        "n_hot_stdev": 1348294592485.0237
    },
    "true_params": {
        "t_hot": 2.1676,
        "t_hot_stdev": 0.0129
    },
    "histogram": {
        "i": 1e+17,
        "l": 0.1,
        "a": 0.0,
        "filename": "hist_1e17_010_0"
    }
}