{
    "best_linear_fit": {
        "t_hot": 287.8008460601764,
        "n_hot": 153649919171695.5,
        "sse": 26.19103766729464,
        "R2": 0.636436905807754,
        "mse": 0.17460691778196427,
        "start": 987.9649999999999,
        "end": 1474.599,
        "t_hot_stdev": 20.117630756842235,
        "n_hot_stdev": 46251771224726.586
    },
    "true_params": {
        "t_hot": 236.3089,
        "t_hot_stdev": 9.1912
    },
    "histogram": {
        "i": 1e+19,
        "l": 0.05,
        "a": 10.0,
        "filename": "hist_1e19_005_10"
    }
}